ISO-10303-21;
HEADER;
/* Generated by software containing ST-Developer
 * from STEP Tools, Inc. (www.steptools.com) 
 */

FILE_DESCRIPTION(
/* description */ (''),
/* implementation_level */ '2;1');

FILE_NAME(
/* name */ 'Back Plate.step',
/* time_stamp */ '2025-06-25T20:36:25-04:00',
/* author */ (''),
/* organization */ (''),
/* preprocessor_version */ 'ST-DEVELOPER v20.1',
/* originating_system */ 'Autodesk Translation Framework v14.10.0.0',
/* authorisation */ '');

FILE_SCHEMA (('AUTOMOTIVE_DESIGN { 1 0 10303 214 3 1 1 }'));
ENDSEC;

DATA;
#10=MECHANICAL_DESIGN_GEOMETRIC_PRESENTATION_REPRESENTATION('',(#724,#725,
#726,#727,#728),#11845);
#11=SHAPE_REPRESENTATION_RELATIONSHIP('SRR','None',#11852,#12);
#12=ADVANCED_BREP_SHAPE_REPRESENTATION('',(#729,#730,#731,#732,#733),#11844);
#13=ELLIPSE('',#6724,7.49533188057739,5.3);
#14=ELLIPSE('',#6725,7.49533188057739,5.3);
#15=ELLIPSE('',#6745,7.49533188057741,5.3);
#16=ELLIPSE('',#6752,7.49533188057741,5.3);
#17=ELLIPSE('',#6753,7.49533188057741,5.3);
#18=ELLIPSE('',#6754,7.49533188057741,5.3);
#19=ELLIPSE('',#6755,7.49533188057741,5.3);
#20=ELLIPSE('',#6756,7.49533188057741,5.3);
#21=ELLIPSE('',#6757,7.49533188057741,5.3);
#22=ELLIPSE('',#6758,7.49533188057741,5.3);
#23=ELLIPSE('',#6759,7.49533188057741,5.3);
#24=ELLIPSE('',#6760,7.49533188057741,5.3);
#25=ELLIPSE('',#6761,7.49533188057741,5.3);
#26=ELLIPSE('',#6762,7.49533188057741,5.3);
#27=ELLIPSE('',#6763,7.49533188057741,5.3);
#28=ELLIPSE('',#6764,7.49533188057741,5.3);
#29=ELLIPSE('',#6765,7.49533188057741,5.3);
#30=ELLIPSE('',#6766,7.49533188057741,5.3);
#31=ELLIPSE('',#6767,7.49533188057741,5.3);
#32=ELLIPSE('',#6768,7.49533188057741,5.3);
#33=ELLIPSE('',#6769,7.49533188057741,5.3);
#34=ELLIPSE('',#6770,7.49533188057741,5.3);
#35=ELLIPSE('',#6771,7.49533188057741,5.3);
#36=ELLIPSE('',#6772,7.49533188057741,5.3);
#37=ELLIPSE('',#6773,7.49533188057741,5.3);
#38=ELLIPSE('',#6774,7.49533188057741,5.3);
#39=ELLIPSE('',#6775,7.49533188057741,5.3);
#40=ELLIPSE('',#6776,7.49533188057741,5.3);
#41=ELLIPSE('',#6777,7.49533188057741,5.3);
#42=ELLIPSE('',#6778,7.49533188057741,5.3);
#43=ELLIPSE('',#6779,7.49533188057741,5.3);
#44=ELLIPSE('',#6780,7.49533188057741,5.3);
#45=ELLIPSE('',#6781,7.49533188057741,5.3);
#46=ELLIPSE('',#6782,7.49533188057741,5.3);
#47=ELLIPSE('',#6783,7.49533188057741,5.3);
#48=ELLIPSE('',#6784,7.49533188057741,5.3);
#49=ELLIPSE('',#6785,7.49533188057741,5.3);
#50=ELLIPSE('',#6786,7.49533188057741,5.3);
#51=ELLIPSE('',#6787,7.49533188057741,5.3);
#52=ELLIPSE('',#6788,7.49533188057741,5.3);
#53=ELLIPSE('',#6789,7.49533188057741,5.3);
#54=ELLIPSE('',#6790,7.49533188057741,5.3);
#55=ELLIPSE('',#6791,7.49533188057741,5.3);
#56=ELLIPSE('',#6792,7.49533188057741,5.3);
#57=ELLIPSE('',#6793,7.49533188057741,5.3);
#58=ELLIPSE('',#6794,7.49533188057741,5.3);
#59=ELLIPSE('',#6795,7.49533188057741,5.3);
#60=ELLIPSE('',#6796,7.49533188057741,5.3);
#61=ELLIPSE('',#6797,7.49533188057741,5.3);
#62=ELLIPSE('',#6798,7.49533188057741,5.3);
#63=ELLIPSE('',#6799,7.49533188057741,5.3);
#64=ELLIPSE('',#6800,7.49533188057741,5.3);
#65=ELLIPSE('',#6801,7.49533188057741,5.3);
#66=ELLIPSE('',#6802,7.49533188057741,5.3);
#67=ELLIPSE('',#6803,7.49533188057741,5.3);
#68=ELLIPSE('',#6804,7.49533188057741,5.3);
#69=ELLIPSE('',#6805,7.49533188057741,5.3);
#70=ELLIPSE('',#6883,7.49533188057741,5.3);
#71=ELLIPSE('',#6886,7.49533188057741,5.3);
#72=ELLIPSE('',#6897,7.49533188057741,5.3);
#73=ELLIPSE('',#6900,7.49533188057741,5.3);
#74=ELLIPSE('',#6904,7.49533188057741,5.3);
#75=ELLIPSE('',#6907,7.49533188057741,5.3);
#76=ELLIPSE('',#7014,7.49533188057739,5.3);
#77=ELLIPSE('',#7015,7.49533188057739,5.3);
#78=ELLIPSE('',#7036,7.49533188057741,5.3);
#79=ELLIPSE('',#7043,7.49533188057741,5.3);
#80=ELLIPSE('',#7044,7.49533188057741,5.3);
#81=ELLIPSE('',#7045,7.49533188057741,5.3);
#82=ELLIPSE('',#7046,7.49533188057741,5.3);
#83=ELLIPSE('',#7047,7.49533188057741,5.3);
#84=ELLIPSE('',#7048,7.49533188057741,5.3);
#85=ELLIPSE('',#7049,7.49533188057741,5.3);
#86=ELLIPSE('',#7050,7.49533188057741,5.3);
#87=ELLIPSE('',#7051,7.49533188057741,5.3);
#88=ELLIPSE('',#7052,7.49533188057741,5.3);
#89=ELLIPSE('',#7053,7.49533188057741,5.3);
#90=ELLIPSE('',#7054,7.49533188057741,5.3);
#91=ELLIPSE('',#7055,7.49533188057741,5.3);
#92=ELLIPSE('',#7056,7.49533188057741,5.3);
#93=ELLIPSE('',#7057,7.49533188057741,5.3);
#94=ELLIPSE('',#7058,7.49533188057741,5.3);
#95=ELLIPSE('',#7059,7.49533188057741,5.3);
#96=ELLIPSE('',#7060,7.49533188057741,5.3);
#97=ELLIPSE('',#7061,7.49533188057741,5.3);
#98=ELLIPSE('',#7062,7.49533188057741,5.3);
#99=ELLIPSE('',#7063,7.49533188057741,5.3);
#100=ELLIPSE('',#7064,7.49533188057741,5.3);
#101=ELLIPSE('',#7065,7.49533188057741,5.3);
#102=ELLIPSE('',#7066,7.49533188057741,5.3);
#103=ELLIPSE('',#7067,7.49533188057741,5.3);
#104=ELLIPSE('',#7068,7.49533188057741,5.3);
#105=ELLIPSE('',#7069,7.49533188057741,5.3);
#106=ELLIPSE('',#7070,7.49533188057741,5.3);
#107=ELLIPSE('',#7071,7.49533188057741,5.3);
#108=ELLIPSE('',#7072,7.49533188057741,5.3);
#109=ELLIPSE('',#7073,7.49533188057741,5.3);
#110=ELLIPSE('',#7074,7.49533188057741,5.3);
#111=ELLIPSE('',#7075,7.49533188057741,5.3);
#112=ELLIPSE('',#7076,7.49533188057741,5.3);
#113=ELLIPSE('',#7077,7.49533188057741,5.3);
#114=ELLIPSE('',#7078,7.49533188057741,5.3);
#115=ELLIPSE('',#7079,7.49533188057741,5.3);
#116=ELLIPSE('',#7080,7.49533188057741,5.3);
#117=ELLIPSE('',#7081,7.49533188057741,5.3);
#118=ELLIPSE('',#7082,7.49533188057741,5.3);
#119=ELLIPSE('',#7083,7.49533188057741,5.3);
#120=ELLIPSE('',#7084,7.49533188057741,5.3);
#121=ELLIPSE('',#7085,7.49533188057741,5.3);
#122=ELLIPSE('',#7086,7.49533188057741,5.3);
#123=ELLIPSE('',#7087,7.49533188057741,5.3);
#124=ELLIPSE('',#7088,7.49533188057741,5.3);
#125=ELLIPSE('',#7089,7.49533188057741,5.3);
#126=ELLIPSE('',#7090,7.49533188057741,5.3);
#127=ELLIPSE('',#7091,7.49533188057741,5.3);
#128=ELLIPSE('',#7092,7.49533188057741,5.3);
#129=ELLIPSE('',#7093,7.49533188057741,5.3);
#130=ELLIPSE('',#7094,7.49533188057741,5.3);
#131=ELLIPSE('',#7095,7.49533188057741,5.3);
#132=ELLIPSE('',#7096,7.49533188057741,5.3);
#133=ELLIPSE('',#7174,7.49533188057741,5.3);
#134=ELLIPSE('',#7176,7.49533188057741,5.3);
#135=ELLIPSE('',#7188,7.49533188057741,5.3);
#136=ELLIPSE('',#7190,7.49533188057741,5.3);
#137=ELLIPSE('',#7195,7.49533188057741,5.3);
#138=ELLIPSE('',#7197,7.49533188057741,5.3);
#139=CONICAL_SURFACE('',#6717,0.75,0.785398163397449);
#140=CONICAL_SURFACE('',#6720,3.25,0.785398163397447);
#141=CONICAL_SURFACE('',#6722,3.9,0.785398163397447);
#142=CONICAL_SURFACE('',#6726,0.75,0.785398163397448);
#143=CONICAL_SURFACE('',#6730,4.15,1.31561393617408);
#144=CONICAL_SURFACE('',#6734,4.15,1.31561393617408);
#145=CONICAL_SURFACE('',#6738,4.15,1.31561393617408);
#146=CONICAL_SURFACE('',#6809,4.15,1.31561393617408);
#147=CONICAL_SURFACE('',#6847,4.15,1.31561393617408);
#148=CONICAL_SURFACE('',#6850,4.15,1.31561393617408);
#149=CONICAL_SURFACE('',#6853,4.15,1.31561393617408);
#150=CONICAL_SURFACE('',#6856,4.15,1.31561393617408);
#151=CONICAL_SURFACE('',#6859,4.15,1.31561393617408);
#152=CONICAL_SURFACE('',#6862,4.15,1.31561393617408);
#153=CONICAL_SURFACE('',#6865,4.15,1.31561393617408);
#154=CONICAL_SURFACE('',#6868,4.15,1.31561393617408);
#155=CONICAL_SURFACE('',#6871,4.15,1.31561393617408);
#156=CONICAL_SURFACE('',#6874,4.15,1.31561393617408);
#157=CONICAL_SURFACE('',#6877,4.15,1.31561393617408);
#158=CONICAL_SURFACE('',#6880,4.15,1.31561393617408);
#159=CONICAL_SURFACE('',#6887,4.15,1.31561393617408);
#160=CONICAL_SURFACE('',#6891,4.15,1.31561393617408);
#161=CONICAL_SURFACE('',#6892,4.15,1.31561393617408);
#162=CONICAL_SURFACE('',#6894,4.15,1.31561393617408);
#163=CONICAL_SURFACE('',#6901,4.15,1.31561393617408);
#164=CONICAL_SURFACE('',#6908,4.15,1.31561393617408);
#165=CONICAL_SURFACE('',#6911,4.15,1.31561393617408);
#166=CONICAL_SURFACE('',#6914,4.15,1.31561393617408);
#167=CONICAL_SURFACE('',#6917,4.15,1.31561393617408);
#168=CONICAL_SURFACE('',#6920,4.15,1.31561393617408);
#169=CONICAL_SURFACE('',#6923,4.15,1.31561393617408);
#170=CONICAL_SURFACE('',#6926,4.15,1.31561393617408);
#171=CONICAL_SURFACE('',#6930,4.15,1.31561393617408);
#172=CONICAL_SURFACE('',#6933,4.15,1.31561393617408);
#173=CONICAL_SURFACE('',#6936,4.15,1.31561393617408);
#174=CONICAL_SURFACE('',#6939,4.15,1.31561393617408);
#175=CONICAL_SURFACE('',#6942,4.15,1.31561393617408);
#176=CONICAL_SURFACE('',#6945,4.15,1.31561393617408);
#177=CONICAL_SURFACE('',#6948,4.15,1.31561393617408);
#178=CONICAL_SURFACE('',#6951,4.15,1.31561393617408);
#179=CONICAL_SURFACE('',#7006,0.75,0.785398163397449);
#180=CONICAL_SURFACE('',#7009,3.25,0.785398163397447);
#181=CONICAL_SURFACE('',#7011,3.9,0.785398163397447);
#182=CONICAL_SURFACE('',#7016,0.75,0.785398163397448);
#183=CONICAL_SURFACE('',#7021,4.15,1.31561393617408);
#184=CONICAL_SURFACE('',#7025,4.15,1.31561393617408);
#185=CONICAL_SURFACE('',#7029,4.15,1.31561393617408);
#186=CONICAL_SURFACE('',#7100,4.15,1.31561393617408);
#187=CONICAL_SURFACE('',#7138,4.15,1.31561393617408);
#188=CONICAL_SURFACE('',#7141,4.15,1.31561393617408);
#189=CONICAL_SURFACE('',#7144,4.15,1.31561393617408);
#190=CONICAL_SURFACE('',#7147,4.15,1.31561393617408);
#191=CONICAL_SURFACE('',#7150,4.15,1.31561393617408);
#192=CONICAL_SURFACE('',#7153,4.15,1.31561393617408);
#193=CONICAL_SURFACE('',#7156,4.15,1.31561393617408);
#194=CONICAL_SURFACE('',#7159,4.15,1.31561393617408);
#195=CONICAL_SURFACE('',#7162,4.15,1.31561393617408);
#196=CONICAL_SURFACE('',#7165,4.15,1.31561393617408);
#197=CONICAL_SURFACE('',#7168,4.15,1.31561393617408);
#198=CONICAL_SURFACE('',#7171,4.15,1.31561393617408);
#199=CONICAL_SURFACE('',#7178,4.15,1.31561393617408);
#200=CONICAL_SURFACE('',#7182,4.15,1.31561393617408);
#201=CONICAL_SURFACE('',#7183,4.15,1.31561393617408);
#202=CONICAL_SURFACE('',#7185,4.15,1.31561393617408);
#203=CONICAL_SURFACE('',#7192,4.15,1.31561393617408);
#204=CONICAL_SURFACE('',#7199,4.15,1.31561393617408);
#205=CONICAL_SURFACE('',#7202,4.15,1.31561393617408);
#206=CONICAL_SURFACE('',#7205,4.15,1.31561393617408);
#207=CONICAL_SURFACE('',#7208,4.15,1.31561393617408);
#208=CONICAL_SURFACE('',#7211,4.15,1.31561393617408);
#209=CONICAL_SURFACE('',#7214,4.15,1.31561393617408);
#210=CONICAL_SURFACE('',#7217,4.15,1.31561393617408);
#211=CONICAL_SURFACE('',#7221,4.15,1.31561393617408);
#212=CONICAL_SURFACE('',#7224,4.15,1.31561393617408);
#213=CONICAL_SURFACE('',#7227,4.15,1.31561393617408);
#214=CONICAL_SURFACE('',#7230,4.15,1.31561393617408);
#215=CONICAL_SURFACE('',#7233,4.15,1.31561393617408);
#216=CONICAL_SURFACE('',#7236,4.15,1.31561393617408);
#217=CONICAL_SURFACE('',#7239,4.15,1.31561393617408);
#218=CONICAL_SURFACE('',#7242,4.15,1.31561393617408);
#219=TOROIDAL_SURFACE('',#6667,3.2,0.2);
#220=TOROIDAL_SURFACE('',#6672,3.95,0.2);
#221=TOROIDAL_SURFACE('',#6677,3.95,0.2);
#222=TOROIDAL_SURFACE('',#6682,3.2,0.2);
#223=TOROIDAL_SURFACE('',#6747,4.3,1.);
#224=TOROIDAL_SURFACE('',#7038,4.3,1.);
#225=B_SPLINE_SURFACE_WITH_KNOTS('',3,3,((#9624,#9625,#9626,#9627,#9628,
#9629),(#9630,#9631,#9632,#9633,#9634,#9635),(#9636,#9637,#9638,#9639,#9640,
#9641),(#9642,#9643,#9644,#9645,#9646,#9647)),.UNSPECIFIED.,.F.,.F.,.F.,
(4,4),(4,2,4),(0.,1.),(-0.205333182538829,-0.204933183272225,-0.141652269786952),
 .UNSPECIFIED.);
#226=B_SPLINE_SURFACE_WITH_KNOTS('',3,3,((#9656,#9657,#9658,#9659,#9660,
#9661),(#9662,#9663,#9664,#9665,#9666,#9667),(#9668,#9669,#9670,#9671,#9672,
#9673),(#9674,#9675,#9676,#9677,#9678,#9679),(#9680,#9681,#9682,#9683,#9684,
#9685)),.UNSPECIFIED.,.F.,.F.,.F.,(4,1,4),(4,2,4),(0.,0.5,1.),(-0.0632809134852736,
0.,0.000399999266603959),.UNSPECIFIED.);
#227=FACE_BOUND('',#1176,.T.);
#228=FACE_BOUND('',#1206,.T.);
#229=FACE_BOUND('',#1207,.T.);
#230=FACE_BOUND('',#1208,.T.);
#231=FACE_BOUND('',#1209,.T.);
#232=FACE_BOUND('',#1210,.T.);
#233=FACE_BOUND('',#1211,.T.);
#234=FACE_BOUND('',#1259,.T.);
#235=FACE_BOUND('',#1362,.T.);
#236=FACE_BOUND('',#1367,.T.);
#237=FACE_BOUND('',#1369,.T.);
#238=FACE_BOUND('',#1385,.T.);
#239=FACE_BOUND('',#1389,.T.);
#240=FACE_BOUND('',#1427,.T.);
#241=FACE_BOUND('',#1530,.T.);
#242=FACE_BOUND('',#1537,.T.);
#243=FACE_BOUND('',#1539,.T.);
#244=FACE_BOUND('',#1555,.T.);
#245=FACE_BOUND('',#1559,.T.);
#246=CIRCLE('',#6635,0.6);
#247=CIRCLE('',#6636,0.6);
#248=CIRCLE('',#6638,1.);
#249=CIRCLE('',#6639,1.);
#250=CIRCLE('',#6640,3.2);
#251=CIRCLE('',#6641,3.95);
#252=CIRCLE('',#6642,3.95);
#253=CIRCLE('',#6643,3.2);
#254=CIRCLE('',#6644,1.);
#255=CIRCLE('',#6645,1.);
#256=CIRCLE('',#6646,2.);
#257=CIRCLE('',#6647,2.);
#258=CIRCLE('',#6648,2.);
#259=CIRCLE('',#6649,2.);
#260=CIRCLE('',#6651,0.6);
#261=CIRCLE('',#6652,0.6);
#262=CIRCLE('',#6655,0.6);
#263=CIRCLE('',#6656,0.6);
#264=CIRCLE('',#6659,0.6);
#265=CIRCLE('',#6660,0.6);
#266=CIRCLE('',#6662,0.2);
#267=CIRCLE('',#6663,0.2);
#268=CIRCLE('',#6664,1.);
#269=CIRCLE('',#6665,1.);
#270=CIRCLE('',#6668,3.);
#271=CIRCLE('',#6669,0.2);
#272=CIRCLE('',#6671,0.2);
#273=CIRCLE('',#6673,0.199999999999996);
#274=CIRCLE('',#6674,4.15);
#275=CIRCLE('',#6676,0.199999999999991);
#276=CIRCLE('',#6678,0.199999999999996);
#277=CIRCLE('',#6679,4.15);
#278=CIRCLE('',#6681,0.2);
#279=CIRCLE('',#6683,3.);
#280=CIRCLE('',#6685,3.);
#281=CIRCLE('',#6688,4.15);
#282=CIRCLE('',#6691,4.15);
#283=CIRCLE('',#6694,3.);
#284=CIRCLE('',#6697,3.65);
#285=CIRCLE('',#6698,3.5);
#286=CIRCLE('',#6699,0.5);
#287=CIRCLE('',#6700,0.500000000000001);
#288=CIRCLE('',#6701,0.500000000000001);
#289=CIRCLE('',#6702,0.5);
#290=CIRCLE('',#6703,3.5);
#291=CIRCLE('',#6704,3.65);
#292=CIRCLE('',#6705,1.5);
#293=CIRCLE('',#6706,1.5);
#294=CIRCLE('',#6707,1.5);
#295=CIRCLE('',#6708,1.5);
#296=CIRCLE('',#6718,1.);
#297=CIRCLE('',#6727,1.);
#298=CIRCLE('',#6731,3.00000000000001);
#299=CIRCLE('',#6735,3.00000000000001);
#300=CIRCLE('',#6739,3.00000000000001);
#301=CIRCLE('',#6748,4.3);
#302=CIRCLE('',#6749,5.3);
#303=CIRCLE('',#6751,5.3);
#304=CIRCLE('',#6806,5.3);
#305=CIRCLE('',#6810,3.00000000000001);
#306=CIRCLE('',#6813,3.00000000000001);
#307=CIRCLE('',#6814,3.00000000000001);
#308=CIRCLE('',#6815,3.00000000000001);
#309=CIRCLE('',#6816,3.00000000000001);
#310=CIRCLE('',#6817,3.00000000000001);
#311=CIRCLE('',#6818,3.00000000000001);
#312=CIRCLE('',#6819,3.00000000000001);
#313=CIRCLE('',#6820,3.00000000000001);
#314=CIRCLE('',#6821,3.00000000000001);
#315=CIRCLE('',#6822,3.00000000000001);
#316=CIRCLE('',#6823,3.00000000000001);
#317=CIRCLE('',#6824,3.00000000000001);
#318=CIRCLE('',#6825,3.00000000000001);
#319=CIRCLE('',#6826,3.00000000000001);
#320=CIRCLE('',#6827,3.00000000000001);
#321=CIRCLE('',#6828,3.00000000000001);
#322=CIRCLE('',#6829,3.00000000000001);
#323=CIRCLE('',#6830,3.00000000000001);
#324=CIRCLE('',#6831,3.00000000000001);
#325=CIRCLE('',#6832,3.00000000000001);
#326=CIRCLE('',#6833,3.00000000000001);
#327=CIRCLE('',#6834,3.00000000000001);
#328=CIRCLE('',#6835,3.00000000000001);
#329=CIRCLE('',#6836,3.00000000000001);
#330=CIRCLE('',#6837,3.00000000000001);
#331=CIRCLE('',#6838,3.00000000000001);
#332=CIRCLE('',#6839,3.00000000000001);
#333=CIRCLE('',#6840,3.00000000000001);
#334=CIRCLE('',#6841,3.00000000000001);
#335=CIRCLE('',#6842,3.00000000000001);
#336=CIRCLE('',#6843,3.00000000000001);
#337=CIRCLE('',#6844,3.00000000000001);
#338=CIRCLE('',#6845,2.3);
#339=CIRCLE('',#6885,5.3);
#340=CIRCLE('',#6890,5.3);
#341=CIRCLE('',#6899,5.3);
#342=CIRCLE('',#6906,5.3);
#343=CIRCLE('',#6956,1.65);
#344=CIRCLE('',#6957,1.65);
#345=CIRCLE('',#6960,2.3);
#346=CIRCLE('',#6963,1.5);
#347=CIRCLE('',#6965,1.5);
#348=CIRCLE('',#6967,1.35);
#349=CIRCLE('',#6969,1.35);
#350=CIRCLE('',#6972,2.);
#351=CIRCLE('',#6973,1.);
#352=CIRCLE('',#6979,2.);
#353=CIRCLE('',#6980,1.);
#354=CIRCLE('',#6987,2.7);
#355=CIRCLE('',#6988,2.7);
#356=CIRCLE('',#6991,1.);
#357=CIRCLE('',#6992,1.35);
#358=CIRCLE('',#6994,2.7);
#359=CIRCLE('',#6995,2.7);
#360=CIRCLE('',#6998,1.);
#361=CIRCLE('',#6999,1.35);
#362=CIRCLE('',#7007,1.);
#363=CIRCLE('',#7017,1.);
#364=CIRCLE('',#7022,3.00000000000001);
#365=CIRCLE('',#7026,3.00000000000001);
#366=CIRCLE('',#7030,3.00000000000001);
#367=CIRCLE('',#7039,5.3);
#368=CIRCLE('',#7040,4.3);
#369=CIRCLE('',#7042,5.3);
#370=CIRCLE('',#7097,5.3);
#371=CIRCLE('',#7101,3.00000000000001);
#372=CIRCLE('',#7104,3.00000000000001);
#373=CIRCLE('',#7105,3.00000000000001);
#374=CIRCLE('',#7106,3.00000000000001);
#375=CIRCLE('',#7107,3.00000000000001);
#376=CIRCLE('',#7108,3.00000000000001);
#377=CIRCLE('',#7109,3.00000000000001);
#378=CIRCLE('',#7110,3.00000000000001);
#379=CIRCLE('',#7111,3.00000000000001);
#380=CIRCLE('',#7112,3.00000000000001);
#381=CIRCLE('',#7113,3.00000000000001);
#382=CIRCLE('',#7114,3.00000000000001);
#383=CIRCLE('',#7115,3.00000000000001);
#384=CIRCLE('',#7116,3.00000000000001);
#385=CIRCLE('',#7117,3.00000000000001);
#386=CIRCLE('',#7118,3.00000000000001);
#387=CIRCLE('',#7119,3.00000000000001);
#388=CIRCLE('',#7120,3.00000000000001);
#389=CIRCLE('',#7121,3.00000000000001);
#390=CIRCLE('',#7122,3.00000000000001);
#391=CIRCLE('',#7123,3.00000000000001);
#392=CIRCLE('',#7124,3.00000000000001);
#393=CIRCLE('',#7125,3.00000000000001);
#394=CIRCLE('',#7126,3.00000000000001);
#395=CIRCLE('',#7127,3.00000000000001);
#396=CIRCLE('',#7128,3.00000000000001);
#397=CIRCLE('',#7129,3.00000000000001);
#398=CIRCLE('',#7130,3.00000000000001);
#399=CIRCLE('',#7131,3.00000000000001);
#400=CIRCLE('',#7132,3.00000000000001);
#401=CIRCLE('',#7133,3.00000000000001);
#402=CIRCLE('',#7134,3.00000000000001);
#403=CIRCLE('',#7135,3.00000000000001);
#404=CIRCLE('',#7136,2.3);
#405=CIRCLE('',#7177,5.3);
#406=CIRCLE('',#7181,5.3);
#407=CIRCLE('',#7191,5.3);
#408=CIRCLE('',#7198,5.3);
#409=CIRCLE('',#7247,1.65);
#410=CIRCLE('',#7248,1.65);
#411=CIRCLE('',#7251,2.3);
#412=CIRCLE('',#7254,2.7);
#413=CIRCLE('',#7255,2.7);
#414=CIRCLE('',#7258,1.5);
#415=CIRCLE('',#7260,1.5);
#416=CIRCLE('',#7262,1.35);
#417=CIRCLE('',#7264,1.35);
#418=CIRCLE('',#7267,1.);
#419=CIRCLE('',#7268,2.);
#420=CIRCLE('',#7274,1.);
#421=CIRCLE('',#7275,2.);
#422=CIRCLE('',#7282,2.7);
#423=CIRCLE('',#7285,1.);
#424=CIRCLE('',#7286,1.35);
#425=CIRCLE('',#7288,2.7);
#426=CIRCLE('',#7291,1.);
#427=CIRCLE('',#7292,1.35);
#428=CYLINDRICAL_SURFACE('',#6634,0.6);
#429=CYLINDRICAL_SURFACE('',#6650,0.6);
#430=CYLINDRICAL_SURFACE('',#6654,0.6);
#431=CYLINDRICAL_SURFACE('',#6658,0.6);
#432=CYLINDRICAL_SURFACE('',#6661,0.2);
#433=CYLINDRICAL_SURFACE('',#6670,0.2);
#434=CYLINDRICAL_SURFACE('',#6675,0.2);
#435=CYLINDRICAL_SURFACE('',#6680,0.2);
#436=CYLINDRICAL_SURFACE('',#6684,3.);
#437=CYLINDRICAL_SURFACE('',#6687,4.15);
#438=CYLINDRICAL_SURFACE('',#6690,4.15);
#439=CYLINDRICAL_SURFACE('',#6693,3.);
#440=CYLINDRICAL_SURFACE('',#6746,1.);
#441=CYLINDRICAL_SURFACE('',#6750,5.3);
#442=CYLINDRICAL_SURFACE('',#6807,1.);
#443=CYLINDRICAL_SURFACE('',#6884,5.3);
#444=CYLINDRICAL_SURFACE('',#6889,5.3);
#445=CYLINDRICAL_SURFACE('',#6898,5.3);
#446=CYLINDRICAL_SURFACE('',#6905,5.3);
#447=CYLINDRICAL_SURFACE('',#6955,1.65);
#448=CYLINDRICAL_SURFACE('',#6961,2.3);
#449=CYLINDRICAL_SURFACE('',#6962,1.5);
#450=CYLINDRICAL_SURFACE('',#6964,1.5);
#451=CYLINDRICAL_SURFACE('',#6982,2.);
#452=CYLINDRICAL_SURFACE('',#6984,2.);
#453=CYLINDRICAL_SURFACE('',#6986,2.7);
#454=CYLINDRICAL_SURFACE('',#6993,2.7);
#455=CYLINDRICAL_SURFACE('',#7000,1.);
#456=CYLINDRICAL_SURFACE('',#7001,1.);
#457=CYLINDRICAL_SURFACE('',#7002,1.35);
#458=CYLINDRICAL_SURFACE('',#7005,1.35);
#459=CYLINDRICAL_SURFACE('',#7037,1.);
#460=CYLINDRICAL_SURFACE('',#7041,5.3);
#461=CYLINDRICAL_SURFACE('',#7098,1.);
#462=CYLINDRICAL_SURFACE('',#7175,5.3);
#463=CYLINDRICAL_SURFACE('',#7180,5.3);
#464=CYLINDRICAL_SURFACE('',#7189,5.3);
#465=CYLINDRICAL_SURFACE('',#7196,5.3);
#466=CYLINDRICAL_SURFACE('',#7246,1.65);
#467=CYLINDRICAL_SURFACE('',#7252,2.3);
#468=CYLINDRICAL_SURFACE('',#7257,1.5);
#469=CYLINDRICAL_SURFACE('',#7259,1.5);
#470=CYLINDRICAL_SURFACE('',#7277,2.);
#471=CYLINDRICAL_SURFACE('',#7279,2.);
#472=CYLINDRICAL_SURFACE('',#7281,2.7);
#473=CYLINDRICAL_SURFACE('',#7287,2.7);
#474=CYLINDRICAL_SURFACE('',#7293,1.);
#475=CYLINDRICAL_SURFACE('',#7295,1.);
#476=CYLINDRICAL_SURFACE('',#7296,1.35);
#477=CYLINDRICAL_SURFACE('',#7299,1.35);
#478=B_SPLINE_CURVE_WITH_KNOTS('',3,(#9176,#9177,#9178,#9179),
 .UNSPECIFIED.,.F.,.F.,(4,4),(0.,0.160441383803205),.UNSPECIFIED.);
#479=B_SPLINE_CURVE_WITH_KNOTS('',3,(#9195,#9196,#9197,#9198),
 .UNSPECIFIED.,.F.,.F.,(4,4),(0.,0.215238460669563),.UNSPECIFIED.);
#480=B_SPLINE_CURVE_WITH_KNOTS('',3,(#9214,#9215,#9216,#9217),
 .UNSPECIFIED.,.F.,.F.,(4,4),(0.,0.222931344052988),.UNSPECIFIED.);
#481=B_SPLINE_CURVE_WITH_KNOTS('',3,(#9233,#9234,#9235,#9236),
 .UNSPECIFIED.,.F.,.F.,(4,4),(0.,0.17425326534293),.UNSPECIFIED.);
#482=B_SPLINE_CURVE_WITH_KNOTS('',3,(#9252,#9253,#9254,#9255),
 .UNSPECIFIED.,.F.,.F.,(4,4),(0.,0.125735202594671),.UNSPECIFIED.);
#483=B_SPLINE_CURVE_WITH_KNOTS('',3,(#9288,#9289,#9290,#9291),
 .UNSPECIFIED.,.F.,.F.,(4,4),(0.,0.218209646143429),.UNSPECIFIED.);
#484=B_SPLINE_CURVE_WITH_KNOTS('',3,(#9307,#9308,#9309,#9310),
 .UNSPECIFIED.,.F.,.F.,(4,4),(0.,0.230081063431208),.UNSPECIFIED.);
#485=B_SPLINE_CURVE_WITH_KNOTS('',3,(#9326,#9327,#9328,#9329),
 .UNSPECIFIED.,.F.,.F.,(4,4),(0.,0.682540385129069),.UNSPECIFIED.);
#486=B_SPLINE_CURVE_WITH_KNOTS('',3,(#9345,#9346,#9347,#9348),
 .UNSPECIFIED.,.F.,.F.,(4,4),(0.,0.364675302005786),.UNSPECIFIED.);
#487=B_SPLINE_CURVE_WITH_KNOTS('',3,(#9373,#9374,#9375,#9376),
 .UNSPECIFIED.,.F.,.F.,(4,4),(0.,0.0554461827773768),.UNSPECIFIED.);
#488=B_SPLINE_CURVE_WITH_KNOTS('',3,(#9394,#9395,#9396,#9397),
 .UNSPECIFIED.,.F.,.F.,(4,4),(0.,0.13555988566955),.UNSPECIFIED.);
#489=B_SPLINE_CURVE_WITH_KNOTS('',3,(#9413,#9414,#9415,#9416),
 .UNSPECIFIED.,.F.,.F.,(4,4),(0.,0.111846197860552),.UNSPECIFIED.);
#490=B_SPLINE_CURVE_WITH_KNOTS('',3,(#9432,#9433,#9434,#9435),
 .UNSPECIFIED.,.F.,.F.,(4,4),(0.,0.294069225991829),.UNSPECIFIED.);
#491=B_SPLINE_CURVE_WITH_KNOTS('',3,(#9451,#9452,#9453,#9454),
 .UNSPECIFIED.,.F.,.F.,(4,4),(0.,0.0729203177382665),.UNSPECIFIED.);
#492=B_SPLINE_CURVE_WITH_KNOTS('',3,(#9649,#9650,#9651,#9652,#9653,#9654),
 .UNSPECIFIED.,.F.,.F.,(4,2,4),(0.141652269786952,0.204933183272225,0.205333182538829),
 .UNSPECIFIED.);
#493=B_SPLINE_CURVE_WITH_KNOTS('',3,(#9688,#9689,#9690,#9691,#9692,#9693),
 .UNSPECIFIED.,.F.,.F.,(4,2,4),(-0.000399999266603959,0.,0.0632809134852736),
 .UNSPECIFIED.);
#494=B_SPLINE_CURVE_WITH_KNOTS('',3,(#9706,#9707,#9708,#9709),
 .UNSPECIFIED.,.F.,.F.,(4,4),(0.,0.106830197530136),.UNSPECIFIED.);
#495=B_SPLINE_CURVE_WITH_KNOTS('',3,(#9735,#9736,#9737,#9738),
 .UNSPECIFIED.,.F.,.F.,(4,4),(0.213537767391546,0.320367964921682),
 .UNSPECIFIED.);
#496=B_SPLINE_CURVE_WITH_KNOTS('',3,(#9780,#9781,#9782,#9783),
 .UNSPECIFIED.,.F.,.F.,(4,4),(0.,0.218209646143429),.UNSPECIFIED.);
#497=B_SPLINE_CURVE_WITH_KNOTS('',3,(#9801,#9802,#9803,#9804),
 .UNSPECIFIED.,.F.,.F.,(4,4),(0.,0.230081063431208),.UNSPECIFIED.);
#498=B_SPLINE_CURVE_WITH_KNOTS('',3,(#9820,#9821,#9822,#9823),
 .UNSPECIFIED.,.F.,.F.,(4,4),(0.,0.682540385129069),.UNSPECIFIED.);
#499=B_SPLINE_CURVE_WITH_KNOTS('',3,(#9839,#9840,#9841,#9842),
 .UNSPECIFIED.,.F.,.F.,(4,4),(0.,0.364675302005786),.UNSPECIFIED.);
#500=B_SPLINE_CURVE_WITH_KNOTS('',3,(#9982,#9983,#9984,#9985),
 .UNSPECIFIED.,.F.,.F.,(4,4),(0.,0.160441383803205),.UNSPECIFIED.);
#501=B_SPLINE_CURVE_WITH_KNOTS('',3,(#9996,#9997,#9998,#9999),
 .UNSPECIFIED.,.F.,.F.,(4,4),(0.,0.215238460669563),.UNSPECIFIED.);
#502=B_SPLINE_CURVE_WITH_KNOTS('',3,(#10010,#10011,#10012,#10013),
 .UNSPECIFIED.,.F.,.F.,(4,4),(0.,0.222931344052988),.UNSPECIFIED.);
#503=B_SPLINE_CURVE_WITH_KNOTS('',3,(#10024,#10025,#10026,#10027),
 .UNSPECIFIED.,.F.,.F.,(4,4),(0.,0.17425326534293),.UNSPECIFIED.);
#504=B_SPLINE_CURVE_WITH_KNOTS('',3,(#10038,#10039,#10040,#10041),
 .UNSPECIFIED.,.F.,.F.,(4,4),(0.,0.125735202594671),.UNSPECIFIED.);
#505=B_SPLINE_CURVE_WITH_KNOTS('',3,(#10056,#10057,#10058,#10059),
 .UNSPECIFIED.,.F.,.F.,(4,4),(0.,0.0554461827773768),.UNSPECIFIED.);
#506=B_SPLINE_CURVE_WITH_KNOTS('',3,(#10071,#10072,#10073,#10074),
 .UNSPECIFIED.,.F.,.F.,(4,4),(0.,0.13555988566955),.UNSPECIFIED.);
#507=B_SPLINE_CURVE_WITH_KNOTS('',3,(#10085,#10086,#10087,#10088),
 .UNSPECIFIED.,.F.,.F.,(4,4),(0.,0.111846197860552),.UNSPECIFIED.);
#508=B_SPLINE_CURVE_WITH_KNOTS('',3,(#10099,#10100,#10101,#10102),
 .UNSPECIFIED.,.F.,.F.,(4,4),(0.,0.294069225991829),.UNSPECIFIED.);
#509=B_SPLINE_CURVE_WITH_KNOTS('',3,(#10113,#10114,#10115,#10116),
 .UNSPECIFIED.,.F.,.F.,(4,4),(0.,0.0729203177382665),.UNSPECIFIED.);
#510=B_SPLINE_CURVE_WITH_KNOTS('',3,(#10259,#10260,#10261,#10262,#10263,
#10264),.UNSPECIFIED.,.F.,.F.,(4,2,4),(0.,0.167458801106563,0.334917602213125),
 .UNSPECIFIED.);
#511=B_SPLINE_CURVE_WITH_KNOTS('',3,(#10273,#10274,#10275,#10276,#10277,
#10278),.UNSPECIFIED.,.F.,.F.,(4,2,4),(0.705273370993843,0.853852233591517,
1.03335602279737),.UNSPECIFIED.);
#512=B_SPLINE_CURVE_WITH_KNOTS('',3,(#11109,#11110,#11111,#11112,#11113,
#11114),.UNSPECIFIED.,.F.,.F.,(4,2,4),(0.,0.167458801106563,0.334917602213125),
 .UNSPECIFIED.);
#513=B_SPLINE_CURVE_WITH_KNOTS('',3,(#11232,#11233,#11234,#11235,#11236,
#11237),.UNSPECIFIED.,.F.,.F.,(4,2,4),(0.705273370993843,0.853852233591517,
1.03335602279737),.UNSPECIFIED.);
#514=(
BOUNDED_SURFACE()
B_SPLINE_SURFACE(3,1,((#9167,#9168),(#9169,#9170),(#9171,#9172),(#9173,
#9174)),.UNSPECIFIED.,.F.,.F.,.F.)
B_SPLINE_SURFACE_WITH_KNOTS((4,4),(2,2),(-1.,0.),(0.,0.044),
 .UNSPECIFIED.)
GEOMETRIC_REPRESENTATION_ITEM()
RATIONAL_B_SPLINE_SURFACE(((1.,1.),(1.,1.),(1.,1.),(1.,1.)))
REPRESENTATION_ITEM('')
SURFACE()
);
#515=(
BOUNDED_SURFACE()
B_SPLINE_SURFACE(3,1,((#9186,#9187),(#9188,#9189),(#9190,#9191),(#9192,
#9193)),.UNSPECIFIED.,.F.,.F.,.F.)
B_SPLINE_SURFACE_WITH_KNOTS((4,4),(2,2),(-1.,0.),(0.,0.044),
 .UNSPECIFIED.)
GEOMETRIC_REPRESENTATION_ITEM()
RATIONAL_B_SPLINE_SURFACE(((1.,1.),(1.,1.),(1.,1.),(1.,1.)))
REPRESENTATION_ITEM('')
SURFACE()
);
#516=(
BOUNDED_SURFACE()
B_SPLINE_SURFACE(3,1,((#9205,#9206),(#9207,#9208),(#9209,#9210),(#9211,
#9212)),.UNSPECIFIED.,.F.,.F.,.F.)
B_SPLINE_SURFACE_WITH_KNOTS((4,4),(2,2),(-1.,0.),(0.,0.044),
 .UNSPECIFIED.)
GEOMETRIC_REPRESENTATION_ITEM()
RATIONAL_B_SPLINE_SURFACE(((1.,1.),(1.,1.),(1.,1.),(1.,1.)))
REPRESENTATION_ITEM('')
SURFACE()
);
#517=(
BOUNDED_SURFACE()
B_SPLINE_SURFACE(3,1,((#9224,#9225),(#9226,#9227),(#9228,#9229),(#9230,
#9231)),.UNSPECIFIED.,.F.,.F.,.F.)
B_SPLINE_SURFACE_WITH_KNOTS((4,4),(2,2),(-1.,0.),(0.,0.044),
 .UNSPECIFIED.)
GEOMETRIC_REPRESENTATION_ITEM()
RATIONAL_B_SPLINE_SURFACE(((1.,1.),(1.,1.),(1.,1.),(1.,1.)))
REPRESENTATION_ITEM('')
SURFACE()
);
#518=(
BOUNDED_SURFACE()
B_SPLINE_SURFACE(3,1,((#9243,#9244),(#9245,#9246),(#9247,#9248),(#9249,
#9250)),.UNSPECIFIED.,.F.,.F.,.F.)
B_SPLINE_SURFACE_WITH_KNOTS((4,4),(2,2),(-1.,0.),(0.,0.044),
 .UNSPECIFIED.)
GEOMETRIC_REPRESENTATION_ITEM()
RATIONAL_B_SPLINE_SURFACE(((1.,1.),(1.,1.),(1.,1.),(1.,1.)))
REPRESENTATION_ITEM('')
SURFACE()
);
#519=(
BOUNDED_SURFACE()
B_SPLINE_SURFACE(3,1,((#9279,#9280),(#9281,#9282),(#9283,#9284),(#9285,
#9286)),.UNSPECIFIED.,.F.,.F.,.F.)
B_SPLINE_SURFACE_WITH_KNOTS((4,4),(2,2),(0.,1.),(0.,0.044),
 .UNSPECIFIED.)
GEOMETRIC_REPRESENTATION_ITEM()
RATIONAL_B_SPLINE_SURFACE(((1.,1.),(1.,1.),(1.,1.),(1.,1.)))
REPRESENTATION_ITEM('')
SURFACE()
);
#520=(
BOUNDED_SURFACE()
B_SPLINE_SURFACE(3,1,((#9298,#9299),(#9300,#9301),(#9302,#9303),(#9304,
#9305)),.UNSPECIFIED.,.F.,.F.,.F.)
B_SPLINE_SURFACE_WITH_KNOTS((4,4),(2,2),(0.,1.),(0.,0.044),
 .UNSPECIFIED.)
GEOMETRIC_REPRESENTATION_ITEM()
RATIONAL_B_SPLINE_SURFACE(((1.,1.),(1.,1.),(1.,1.),(1.,1.)))
REPRESENTATION_ITEM('')
SURFACE()
);
#521=(
BOUNDED_SURFACE()
B_SPLINE_SURFACE(3,1,((#9317,#9318),(#9319,#9320),(#9321,#9322),(#9323,
#9324)),.UNSPECIFIED.,.F.,.F.,.F.)
B_SPLINE_SURFACE_WITH_KNOTS((4,4),(2,2),(0.,1.),(0.,0.044),
 .UNSPECIFIED.)
GEOMETRIC_REPRESENTATION_ITEM()
RATIONAL_B_SPLINE_SURFACE(((1.,1.),(1.,1.),(1.,1.),(1.,1.)))
REPRESENTATION_ITEM('')
SURFACE()
);
#522=(
BOUNDED_SURFACE()
B_SPLINE_SURFACE(3,1,((#9336,#9337),(#9338,#9339),(#9340,#9341),(#9342,
#9343)),.UNSPECIFIED.,.F.,.F.,.F.)
B_SPLINE_SURFACE_WITH_KNOTS((4,4),(2,2),(0.,1.),(0.,0.044),
 .UNSPECIFIED.)
GEOMETRIC_REPRESENTATION_ITEM()
RATIONAL_B_SPLINE_SURFACE(((1.,1.),(1.,1.),(1.,1.),(1.,1.)))
REPRESENTATION_ITEM('')
SURFACE()
);
#523=(
BOUNDED_SURFACE()
B_SPLINE_SURFACE(3,1,((#9363,#9364),(#9365,#9366),(#9367,#9368),(#9369,
#9370)),.UNSPECIFIED.,.F.,.F.,.F.)
B_SPLINE_SURFACE_WITH_KNOTS((4,4),(2,2),(0.,1.),(0.,0.044),
 .UNSPECIFIED.)
GEOMETRIC_REPRESENTATION_ITEM()
RATIONAL_B_SPLINE_SURFACE(((1.,1.),(1.,1.),(1.,1.),(1.,1.)))
REPRESENTATION_ITEM('')
SURFACE()
);
#524=(
BOUNDED_SURFACE()
B_SPLINE_SURFACE(3,1,((#9385,#9386),(#9387,#9388),(#9389,#9390),(#9391,
#9392)),.UNSPECIFIED.,.F.,.F.,.F.)
B_SPLINE_SURFACE_WITH_KNOTS((4,4),(2,2),(0.,1.),(0.,0.044),
 .UNSPECIFIED.)
GEOMETRIC_REPRESENTATION_ITEM()
RATIONAL_B_SPLINE_SURFACE(((1.,1.),(1.,1.),(1.,1.),(1.,1.)))
REPRESENTATION_ITEM('')
SURFACE()
);
#525=(
BOUNDED_SURFACE()
B_SPLINE_SURFACE(3,1,((#9404,#9405),(#9406,#9407),(#9408,#9409),(#9410,
#9411)),.UNSPECIFIED.,.F.,.F.,.F.)
B_SPLINE_SURFACE_WITH_KNOTS((4,4),(2,2),(0.,1.),(0.,0.044),
 .UNSPECIFIED.)
GEOMETRIC_REPRESENTATION_ITEM()
RATIONAL_B_SPLINE_SURFACE(((1.,1.),(1.,1.),(1.,1.),(1.,1.)))
REPRESENTATION_ITEM('')
SURFACE()
);
#526=(
BOUNDED_SURFACE()
B_SPLINE_SURFACE(3,1,((#9423,#9424),(#9425,#9426),(#9427,#9428),(#9429,
#9430)),.UNSPECIFIED.,.F.,.F.,.F.)
B_SPLINE_SURFACE_WITH_KNOTS((4,4),(2,2),(0.,1.),(0.,0.044),
 .UNSPECIFIED.)
GEOMETRIC_REPRESENTATION_ITEM()
RATIONAL_B_SPLINE_SURFACE(((1.,1.),(1.,1.),(1.,1.),(1.,1.)))
REPRESENTATION_ITEM('')
SURFACE()
);
#527=(
BOUNDED_SURFACE()
B_SPLINE_SURFACE(3,1,((#9442,#9443),(#9444,#9445),(#9446,#9447),(#9448,
#9449)),.UNSPECIFIED.,.F.,.F.,.F.)
B_SPLINE_SURFACE_WITH_KNOTS((4,4),(2,2),(0.,1.),(0.,0.044),
 .UNSPECIFIED.)
GEOMETRIC_REPRESENTATION_ITEM()
RATIONAL_B_SPLINE_SURFACE(((1.,1.),(1.,1.),(1.,1.),(1.,1.)))
REPRESENTATION_ITEM('')
SURFACE()
);
#528=(
BOUNDED_SURFACE()
B_SPLINE_SURFACE(3,1,((#9770,#9771),(#9772,#9773),(#9774,#9775),(#9776,
#9777)),.UNSPECIFIED.,.F.,.F.,.F.)
B_SPLINE_SURFACE_WITH_KNOTS((4,4),(2,2),(0.,1.),(0.,0.044),
 .UNSPECIFIED.)
GEOMETRIC_REPRESENTATION_ITEM()
RATIONAL_B_SPLINE_SURFACE(((1.,1.),(1.,1.),(1.,1.),(1.,1.)))
REPRESENTATION_ITEM('')
SURFACE()
);
#529=(
BOUNDED_SURFACE()
B_SPLINE_SURFACE(3,1,((#9792,#9793),(#9794,#9795),(#9796,#9797),(#9798,
#9799)),.UNSPECIFIED.,.F.,.F.,.F.)
B_SPLINE_SURFACE_WITH_KNOTS((4,4),(2,2),(0.,1.),(0.,0.044),
 .UNSPECIFIED.)
GEOMETRIC_REPRESENTATION_ITEM()
RATIONAL_B_SPLINE_SURFACE(((1.,1.),(1.,1.),(1.,1.),(1.,1.)))
REPRESENTATION_ITEM('')
SURFACE()
);
#530=(
BOUNDED_SURFACE()
B_SPLINE_SURFACE(3,1,((#9811,#9812),(#9813,#9814),(#9815,#9816),(#9817,
#9818)),.UNSPECIFIED.,.F.,.F.,.F.)
B_SPLINE_SURFACE_WITH_KNOTS((4,4),(2,2),(0.,1.),(0.,0.044),
 .UNSPECIFIED.)
GEOMETRIC_REPRESENTATION_ITEM()
RATIONAL_B_SPLINE_SURFACE(((1.,1.),(1.,1.),(1.,1.),(1.,1.)))
REPRESENTATION_ITEM('')
SURFACE()
);
#531=(
BOUNDED_SURFACE()
B_SPLINE_SURFACE(3,1,((#9830,#9831),(#9832,#9833),(#9834,#9835),(#9836,
#9837)),.UNSPECIFIED.,.F.,.F.,.F.)
B_SPLINE_SURFACE_WITH_KNOTS((4,4),(2,2),(0.,1.),(0.,0.044),
 .UNSPECIFIED.)
GEOMETRIC_REPRESENTATION_ITEM()
RATIONAL_B_SPLINE_SURFACE(((1.,1.),(1.,1.),(1.,1.),(1.,1.)))
REPRESENTATION_ITEM('')
SURFACE()
);
#532=(
BOUNDED_SURFACE()
B_SPLINE_SURFACE(3,1,((#9973,#9974),(#9975,#9976),(#9977,#9978),(#9979,
#9980)),.UNSPECIFIED.,.F.,.F.,.F.)
B_SPLINE_SURFACE_WITH_KNOTS((4,4),(2,2),(-1.,0.),(0.,0.044),
 .UNSPECIFIED.)
GEOMETRIC_REPRESENTATION_ITEM()
RATIONAL_B_SPLINE_SURFACE(((1.,1.),(1.,1.),(1.,1.),(1.,1.)))
REPRESENTATION_ITEM('')
SURFACE()
);
#533=(
BOUNDED_SURFACE()
B_SPLINE_SURFACE(3,1,((#9987,#9988),(#9989,#9990),(#9991,#9992),(#9993,
#9994)),.UNSPECIFIED.,.F.,.F.,.F.)
B_SPLINE_SURFACE_WITH_KNOTS((4,4),(2,2),(-1.,0.),(0.,0.044),
 .UNSPECIFIED.)
GEOMETRIC_REPRESENTATION_ITEM()
RATIONAL_B_SPLINE_SURFACE(((1.,1.),(1.,1.),(1.,1.),(1.,1.)))
REPRESENTATION_ITEM('')
SURFACE()
);
#534=(
BOUNDED_SURFACE()
B_SPLINE_SURFACE(3,1,((#10001,#10002),(#10003,#10004),(#10005,#10006),(#10007,
#10008)),.UNSPECIFIED.,.F.,.F.,.F.)
B_SPLINE_SURFACE_WITH_KNOTS((4,4),(2,2),(-1.,0.),(0.,0.044),
 .UNSPECIFIED.)
GEOMETRIC_REPRESENTATION_ITEM()
RATIONAL_B_SPLINE_SURFACE(((1.,1.),(1.,1.),(1.,1.),(1.,1.)))
REPRESENTATION_ITEM('')
SURFACE()
);
#535=(
BOUNDED_SURFACE()
B_SPLINE_SURFACE(3,1,((#10015,#10016),(#10017,#10018),(#10019,#10020),(#10021,
#10022)),.UNSPECIFIED.,.F.,.F.,.F.)
B_SPLINE_SURFACE_WITH_KNOTS((4,4),(2,2),(-1.,0.),(0.,0.044),
 .UNSPECIFIED.)
GEOMETRIC_REPRESENTATION_ITEM()
RATIONAL_B_SPLINE_SURFACE(((1.,1.),(1.,1.),(1.,1.),(1.,1.)))
REPRESENTATION_ITEM('')
SURFACE()
);
#536=(
BOUNDED_SURFACE()
B_SPLINE_SURFACE(3,1,((#10029,#10030),(#10031,#10032),(#10033,#10034),(#10035,
#10036)),.UNSPECIFIED.,.F.,.F.,.F.)
B_SPLINE_SURFACE_WITH_KNOTS((4,4),(2,2),(-1.,0.),(0.,0.044),
 .UNSPECIFIED.)
GEOMETRIC_REPRESENTATION_ITEM()
RATIONAL_B_SPLINE_SURFACE(((1.,1.),(1.,1.),(1.,1.),(1.,1.)))
REPRESENTATION_ITEM('')
SURFACE()
);
#537=(
BOUNDED_SURFACE()
B_SPLINE_SURFACE(3,1,((#10046,#10047),(#10048,#10049),(#10050,#10051),(#10052,
#10053)),.UNSPECIFIED.,.F.,.F.,.F.)
B_SPLINE_SURFACE_WITH_KNOTS((4,4),(2,2),(0.,1.),(0.,0.044),
 .UNSPECIFIED.)
GEOMETRIC_REPRESENTATION_ITEM()
RATIONAL_B_SPLINE_SURFACE(((1.,1.),(1.,1.),(1.,1.),(1.,1.)))
REPRESENTATION_ITEM('')
SURFACE()
);
#538=(
BOUNDED_SURFACE()
B_SPLINE_SURFACE(3,1,((#10062,#10063),(#10064,#10065),(#10066,#10067),(#10068,
#10069)),.UNSPECIFIED.,.F.,.F.,.F.)
B_SPLINE_SURFACE_WITH_KNOTS((4,4),(2,2),(0.,1.),(0.,0.044),
 .UNSPECIFIED.)
GEOMETRIC_REPRESENTATION_ITEM()
RATIONAL_B_SPLINE_SURFACE(((1.,1.),(1.,1.),(1.,1.),(1.,1.)))
REPRESENTATION_ITEM('')
SURFACE()
);
#539=(
BOUNDED_SURFACE()
B_SPLINE_SURFACE(3,1,((#10076,#10077),(#10078,#10079),(#10080,#10081),(#10082,
#10083)),.UNSPECIFIED.,.F.,.F.,.F.)
B_SPLINE_SURFACE_WITH_KNOTS((4,4),(2,2),(0.,1.),(0.,0.044),
 .UNSPECIFIED.)
GEOMETRIC_REPRESENTATION_ITEM()
RATIONAL_B_SPLINE_SURFACE(((1.,1.),(1.,1.),(1.,1.),(1.,1.)))
REPRESENTATION_ITEM('')
SURFACE()
);
#540=(
BOUNDED_SURFACE()
B_SPLINE_SURFACE(3,1,((#10090,#10091),(#10092,#10093),(#10094,#10095),(#10096,
#10097)),.UNSPECIFIED.,.F.,.F.,.F.)
B_SPLINE_SURFACE_WITH_KNOTS((4,4),(2,2),(0.,1.),(0.,0.044),
 .UNSPECIFIED.)
GEOMETRIC_REPRESENTATION_ITEM()
RATIONAL_B_SPLINE_SURFACE(((1.,1.),(1.,1.),(1.,1.),(1.,1.)))
REPRESENTATION_ITEM('')
SURFACE()
);
#541=(
BOUNDED_SURFACE()
B_SPLINE_SURFACE(3,1,((#10104,#10105),(#10106,#10107),(#10108,#10109),(#10110,
#10111)),.UNSPECIFIED.,.F.,.F.,.F.)
B_SPLINE_SURFACE_WITH_KNOTS((4,4),(2,2),(0.,1.),(0.,0.044),
 .UNSPECIFIED.)
GEOMETRIC_REPRESENTATION_ITEM()
RATIONAL_B_SPLINE_SURFACE(((1.,1.),(1.,1.),(1.,1.),(1.,1.)))
REPRESENTATION_ITEM('')
SURFACE()
);
#542=(
BOUNDED_CURVE()
B_SPLINE_CURVE(3,(#9163,#9164,#9165,#9166),.UNSPECIFIED.,.F.,.F.)
B_SPLINE_CURVE_WITH_KNOTS((4,4),(0.,1.),.UNSPECIFIED.)
CURVE()
GEOMETRIC_REPRESENTATION_ITEM()
RATIONAL_B_SPLINE_CURVE((1.,1.,1.,1.))
REPRESENTATION_ITEM('')
);
#543=(
BOUNDED_CURVE()
B_SPLINE_CURVE(3,(#9182,#9183,#9184,#9185),.UNSPECIFIED.,.F.,.F.)
B_SPLINE_CURVE_WITH_KNOTS((4,4),(0.,1.),.UNSPECIFIED.)
CURVE()
GEOMETRIC_REPRESENTATION_ITEM()
RATIONAL_B_SPLINE_CURVE((1.,1.,1.,1.))
REPRESENTATION_ITEM('')
);
#544=(
BOUNDED_CURVE()
B_SPLINE_CURVE(3,(#9201,#9202,#9203,#9204),.UNSPECIFIED.,.F.,.F.)
B_SPLINE_CURVE_WITH_KNOTS((4,4),(0.,1.),.UNSPECIFIED.)
CURVE()
GEOMETRIC_REPRESENTATION_ITEM()
RATIONAL_B_SPLINE_CURVE((1.,1.,1.,1.))
REPRESENTATION_ITEM('')
);
#545=(
BOUNDED_CURVE()
B_SPLINE_CURVE(3,(#9220,#9221,#9222,#9223),.UNSPECIFIED.,.F.,.F.)
B_SPLINE_CURVE_WITH_KNOTS((4,4),(0.,1.),.UNSPECIFIED.)
CURVE()
GEOMETRIC_REPRESENTATION_ITEM()
RATIONAL_B_SPLINE_CURVE((1.,1.,1.,1.))
REPRESENTATION_ITEM('')
);
#546=(
BOUNDED_CURVE()
B_SPLINE_CURVE(3,(#9239,#9240,#9241,#9242),.UNSPECIFIED.,.F.,.F.)
B_SPLINE_CURVE_WITH_KNOTS((4,4),(0.,1.),.UNSPECIFIED.)
CURVE()
GEOMETRIC_REPRESENTATION_ITEM()
RATIONAL_B_SPLINE_CURVE((1.,1.,1.,1.))
REPRESENTATION_ITEM('')
);
#547=(
BOUNDED_CURVE()
B_SPLINE_CURVE(3,(#9258,#9259,#9260,#9261),.UNSPECIFIED.,.F.,.F.)
B_SPLINE_CURVE_WITH_KNOTS((4,4),(0.,1.),.UNSPECIFIED.)
CURVE()
GEOMETRIC_REPRESENTATION_ITEM()
RATIONAL_B_SPLINE_CURVE((1.,1.,1.,1.))
REPRESENTATION_ITEM('')
);
#548=(
BOUNDED_CURVE()
B_SPLINE_CURVE(3,(#9264,#9265,#9266,#9267),.UNSPECIFIED.,.F.,.F.)
B_SPLINE_CURVE_WITH_KNOTS((4,4),(0.,1.),.UNSPECIFIED.)
CURVE()
GEOMETRIC_REPRESENTATION_ITEM()
RATIONAL_B_SPLINE_CURVE((1.,1.,1.,1.))
REPRESENTATION_ITEM('')
);
#549=(
BOUNDED_CURVE()
B_SPLINE_CURVE(3,(#9294,#9295,#9296,#9297),.UNSPECIFIED.,.F.,.F.)
B_SPLINE_CURVE_WITH_KNOTS((4,4),(0.,1.),.UNSPECIFIED.)
CURVE()
GEOMETRIC_REPRESENTATION_ITEM()
RATIONAL_B_SPLINE_CURVE((1.,1.,1.,1.))
REPRESENTATION_ITEM('')
);
#550=(
BOUNDED_CURVE()
B_SPLINE_CURVE(3,(#9313,#9314,#9315,#9316),.UNSPECIFIED.,.F.,.F.)
B_SPLINE_CURVE_WITH_KNOTS((4,4),(0.,1.),.UNSPECIFIED.)
CURVE()
GEOMETRIC_REPRESENTATION_ITEM()
RATIONAL_B_SPLINE_CURVE((1.,1.,1.,1.))
REPRESENTATION_ITEM('')
);
#551=(
BOUNDED_CURVE()
B_SPLINE_CURVE(3,(#9332,#9333,#9334,#9335),.UNSPECIFIED.,.F.,.F.)
B_SPLINE_CURVE_WITH_KNOTS((4,4),(0.,1.),.UNSPECIFIED.)
CURVE()
GEOMETRIC_REPRESENTATION_ITEM()
RATIONAL_B_SPLINE_CURVE((1.,1.,1.,1.))
REPRESENTATION_ITEM('')
);
#552=(
BOUNDED_CURVE()
B_SPLINE_CURVE(3,(#9351,#9352,#9353,#9354),.UNSPECIFIED.,.F.,.F.)
B_SPLINE_CURVE_WITH_KNOTS((4,4),(0.,1.),.UNSPECIFIED.)
CURVE()
GEOMETRIC_REPRESENTATION_ITEM()
RATIONAL_B_SPLINE_CURVE((1.,1.,1.,1.))
REPRESENTATION_ITEM('')
);
#553=(
BOUNDED_CURVE()
B_SPLINE_CURVE(3,(#9357,#9358,#9359,#9360),.UNSPECIFIED.,.F.,.F.)
B_SPLINE_CURVE_WITH_KNOTS((4,4),(0.,1.),.UNSPECIFIED.)
CURVE()
GEOMETRIC_REPRESENTATION_ITEM()
RATIONAL_B_SPLINE_CURVE((1.,1.,1.,1.))
REPRESENTATION_ITEM('')
);
#554=(
BOUNDED_CURVE()
B_SPLINE_CURVE(3,(#9380,#9381,#9382,#9383),.UNSPECIFIED.,.F.,.F.)
B_SPLINE_CURVE_WITH_KNOTS((4,4),(0.,1.),.UNSPECIFIED.)
CURVE()
GEOMETRIC_REPRESENTATION_ITEM()
RATIONAL_B_SPLINE_CURVE((1.,1.,1.,1.))
REPRESENTATION_ITEM('')
);
#555=(
BOUNDED_CURVE()
B_SPLINE_CURVE(3,(#9400,#9401,#9402,#9403),.UNSPECIFIED.,.F.,.F.)
B_SPLINE_CURVE_WITH_KNOTS((4,4),(0.,1.),.UNSPECIFIED.)
CURVE()
GEOMETRIC_REPRESENTATION_ITEM()
RATIONAL_B_SPLINE_CURVE((1.,1.,1.,1.))
REPRESENTATION_ITEM('')
);
#556=(
BOUNDED_CURVE()
B_SPLINE_CURVE(3,(#9419,#9420,#9421,#9422),.UNSPECIFIED.,.F.,.F.)
B_SPLINE_CURVE_WITH_KNOTS((4,4),(0.,1.),.UNSPECIFIED.)
CURVE()
GEOMETRIC_REPRESENTATION_ITEM()
RATIONAL_B_SPLINE_CURVE((1.,1.,1.,1.))
REPRESENTATION_ITEM('')
);
#557=(
BOUNDED_CURVE()
B_SPLINE_CURVE(3,(#9438,#9439,#9440,#9441),.UNSPECIFIED.,.F.,.F.)
B_SPLINE_CURVE_WITH_KNOTS((4,4),(0.,1.),.UNSPECIFIED.)
CURVE()
GEOMETRIC_REPRESENTATION_ITEM()
RATIONAL_B_SPLINE_CURVE((1.,1.,1.,1.))
REPRESENTATION_ITEM('')
);
#558=(
BOUNDED_CURVE()
B_SPLINE_CURVE(3,(#9457,#9458,#9459,#9460),.UNSPECIFIED.,.F.,.F.)
B_SPLINE_CURVE_WITH_KNOTS((4,4),(0.,1.),.UNSPECIFIED.)
CURVE()
GEOMETRIC_REPRESENTATION_ITEM()
RATIONAL_B_SPLINE_CURVE((1.,1.,1.,1.))
REPRESENTATION_ITEM('')
);
#559=(
BOUNDED_CURVE()
B_SPLINE_CURVE(3,(#9463,#9464,#9465,#9466),.UNSPECIFIED.,.F.,.F.)
B_SPLINE_CURVE_WITH_KNOTS((4,4),(0.,1.),.UNSPECIFIED.)
CURVE()
GEOMETRIC_REPRESENTATION_ITEM()
RATIONAL_B_SPLINE_CURVE((1.,1.,1.,1.))
REPRESENTATION_ITEM('')
);
#560=(
BOUNDED_CURVE()
B_SPLINE_CURVE(3,(#9787,#9788,#9789,#9790),.UNSPECIFIED.,.F.,.F.)
B_SPLINE_CURVE_WITH_KNOTS((4,4),(0.,1.),.UNSPECIFIED.)
CURVE()
GEOMETRIC_REPRESENTATION_ITEM()
RATIONAL_B_SPLINE_CURVE((1.,1.,1.,1.))
REPRESENTATION_ITEM('')
);
#561=(
BOUNDED_CURVE()
B_SPLINE_CURVE(3,(#9806,#9807,#9808,#9809),.UNSPECIFIED.,.F.,.F.)
B_SPLINE_CURVE_WITH_KNOTS((4,4),(0.,1.),.UNSPECIFIED.)
CURVE()
GEOMETRIC_REPRESENTATION_ITEM()
RATIONAL_B_SPLINE_CURVE((1.,1.,1.,1.))
REPRESENTATION_ITEM('')
);
#562=(
BOUNDED_CURVE()
B_SPLINE_CURVE(3,(#9825,#9826,#9827,#9828),.UNSPECIFIED.,.F.,.F.)
B_SPLINE_CURVE_WITH_KNOTS((4,4),(0.,1.),.UNSPECIFIED.)
CURVE()
GEOMETRIC_REPRESENTATION_ITEM()
RATIONAL_B_SPLINE_CURVE((1.,1.,1.,1.))
REPRESENTATION_ITEM('')
);
#563=(
BOUNDED_CURVE()
B_SPLINE_CURVE(3,(#9844,#9845,#9846,#9847),.UNSPECIFIED.,.F.,.F.)
B_SPLINE_CURVE_WITH_KNOTS((4,4),(0.,1.),.UNSPECIFIED.)
CURVE()
GEOMETRIC_REPRESENTATION_ITEM()
RATIONAL_B_SPLINE_CURVE((1.,1.,1.,1.))
REPRESENTATION_ITEM('')
);
#564=(
BOUNDED_CURVE()
B_SPLINE_CURVE(3,(#9895,#9896,#9897,#9898),.UNSPECIFIED.,.F.,.F.)
B_SPLINE_CURVE_WITH_KNOTS((4,4),(-1.,0.),.UNSPECIFIED.)
CURVE()
GEOMETRIC_REPRESENTATION_ITEM()
RATIONAL_B_SPLINE_CURVE((1.,1.,1.,1.))
REPRESENTATION_ITEM('')
);
#565=(
BOUNDED_CURVE()
B_SPLINE_CURVE(3,(#9900,#9901,#9902,#9903),.UNSPECIFIED.,.F.,.F.)
B_SPLINE_CURVE_WITH_KNOTS((4,4),(-1.,0.),.UNSPECIFIED.)
CURVE()
GEOMETRIC_REPRESENTATION_ITEM()
RATIONAL_B_SPLINE_CURVE((1.,1.,1.,1.))
REPRESENTATION_ITEM('')
);
#566=(
BOUNDED_CURVE()
B_SPLINE_CURVE(3,(#9905,#9906,#9907,#9908),.UNSPECIFIED.,.F.,.F.)
B_SPLINE_CURVE_WITH_KNOTS((4,4),(-1.,0.),.UNSPECIFIED.)
CURVE()
GEOMETRIC_REPRESENTATION_ITEM()
RATIONAL_B_SPLINE_CURVE((1.,1.,1.,1.))
REPRESENTATION_ITEM('')
);
#567=(
BOUNDED_CURVE()
B_SPLINE_CURVE(3,(#9910,#9911,#9912,#9913),.UNSPECIFIED.,.F.,.F.)
B_SPLINE_CURVE_WITH_KNOTS((4,4),(-1.,0.),.UNSPECIFIED.)
CURVE()
GEOMETRIC_REPRESENTATION_ITEM()
RATIONAL_B_SPLINE_CURVE((1.,1.,1.,1.))
REPRESENTATION_ITEM('')
);
#568=(
BOUNDED_CURVE()
B_SPLINE_CURVE(3,(#9915,#9916,#9917,#9918),.UNSPECIFIED.,.F.,.F.)
B_SPLINE_CURVE_WITH_KNOTS((4,4),(-1.,0.),.UNSPECIFIED.)
CURVE()
GEOMETRIC_REPRESENTATION_ITEM()
RATIONAL_B_SPLINE_CURVE((1.,1.,1.,1.))
REPRESENTATION_ITEM('')
);
#569=(
BOUNDED_CURVE()
B_SPLINE_CURVE(3,(#9924,#9925,#9926,#9927),.UNSPECIFIED.,.F.,.F.)
B_SPLINE_CURVE_WITH_KNOTS((4,4),(0.,1.),.UNSPECIFIED.)
CURVE()
GEOMETRIC_REPRESENTATION_ITEM()
RATIONAL_B_SPLINE_CURVE((1.,1.,1.,1.))
REPRESENTATION_ITEM('')
);
#570=(
BOUNDED_CURVE()
B_SPLINE_CURVE(3,(#9931,#9932,#9933,#9934),.UNSPECIFIED.,.F.,.F.)
B_SPLINE_CURVE_WITH_KNOTS((4,4),(0.,1.),.UNSPECIFIED.)
CURVE()
GEOMETRIC_REPRESENTATION_ITEM()
RATIONAL_B_SPLINE_CURVE((1.,1.,1.,1.))
REPRESENTATION_ITEM('')
);
#571=(
BOUNDED_CURVE()
B_SPLINE_CURVE(3,(#9936,#9937,#9938,#9939),.UNSPECIFIED.,.F.,.F.)
B_SPLINE_CURVE_WITH_KNOTS((4,4),(0.,1.),.UNSPECIFIED.)
CURVE()
GEOMETRIC_REPRESENTATION_ITEM()
RATIONAL_B_SPLINE_CURVE((1.,1.,1.,1.))
REPRESENTATION_ITEM('')
);
#572=(
BOUNDED_CURVE()
B_SPLINE_CURVE(3,(#9941,#9942,#9943,#9944),.UNSPECIFIED.,.F.,.F.)
B_SPLINE_CURVE_WITH_KNOTS((4,4),(0.,1.),.UNSPECIFIED.)
CURVE()
GEOMETRIC_REPRESENTATION_ITEM()
RATIONAL_B_SPLINE_CURVE((1.,1.,1.,1.))
REPRESENTATION_ITEM('')
);
#573=(
BOUNDED_CURVE()
B_SPLINE_CURVE(3,(#9945,#9946,#9947,#9948),.UNSPECIFIED.,.F.,.F.)
B_SPLINE_CURVE_WITH_KNOTS((4,4),(0.,1.),.UNSPECIFIED.)
CURVE()
GEOMETRIC_REPRESENTATION_ITEM()
RATIONAL_B_SPLINE_CURVE((1.,1.,1.,1.))
REPRESENTATION_ITEM('')
);
#574=(
BOUNDED_CURVE()
B_SPLINE_CURVE(2,(#10152,#10153,#10154),.UNSPECIFIED.,.F.,.F.)
B_SPLINE_CURVE_WITH_KNOTS((3,3),(0.66847218464732,0.669467497036737),
 .UNSPECIFIED.)
CURVE()
GEOMETRIC_REPRESENTATION_ITEM()
RATIONAL_B_SPLINE_CURVE((1.19547497073164,1.19541832491681,1.1953610770635))
REPRESENTATION_ITEM('')
);
#575=(
BOUNDED_CURVE()
B_SPLINE_CURVE(2,(#10160,#10161,#10162),.UNSPECIFIED.,.F.,.F.)
B_SPLINE_CURVE_WITH_KNOTS((3,3),(0.573179714269661,0.576466724229402),
 .UNSPECIFIED.)
CURVE()
GEOMETRIC_REPRESENTATION_ITEM()
RATIONAL_B_SPLINE_CURVE((1.20080313521443,1.20080641826429,1.20080313521442))
REPRESENTATION_ITEM('')
);
#576=(
BOUNDED_CURVE()
B_SPLINE_CURVE(2,(#10168,#10169,#10170),.UNSPECIFIED.,.F.,.F.)
B_SPLINE_CURVE_WITH_KNOTS((3,3),(0.48017894143243,0.481174253838468),
 .UNSPECIFIED.)
CURVE()
GEOMETRIC_REPRESENTATION_ITEM()
RATIONAL_B_SPLINE_CURVE((1.1953610770605,1.19541832491479,1.19547497073056))
REPRESENTATION_ITEM('')
);
#577=(
BOUNDED_CURVE()
B_SPLINE_CURVE(2,(#10191,#10192,#10193),.UNSPECIFIED.,.F.,.F.)
B_SPLINE_CURVE_WITH_KNOTS((3,3),(67.0441736983319,95.5825017114658),
 .UNSPECIFIED.)
CURVE()
GEOMETRIC_REPRESENTATION_ITEM()
RATIONAL_B_SPLINE_CURVE((709.93948831435,847.322643284667,973.211110961291))
REPRESENTATION_ITEM('')
);
#578=(
BOUNDED_CURVE()
B_SPLINE_CURVE(2,(#10196,#10197,#10198),.UNSPECIFIED.,.F.,.F.)
B_SPLINE_CURVE_WITH_KNOTS((3,3),(67.35058598334,95.5825016653532),
 .UNSPECIFIED.)
CURVE()
GEOMETRIC_REPRESENTATION_ITEM()
RATIONAL_B_SPLINE_CURVE((712.888293463835,848.674291538802,973.211111138293))
REPRESENTATION_ITEM('')
);
#579=(
BOUNDED_CURVE()
B_SPLINE_CURVE(2,(#10202,#10203,#10204),.UNSPECIFIED.,.F.,.F.)
B_SPLINE_CURVE_WITH_KNOTS((3,3),(67.3659250686101,95.5825016826165),
 .UNSPECIFIED.)
CURVE()
GEOMETRIC_REPRESENTATION_ITEM()
RATIONAL_B_SPLINE_CURVE((713.035841641661,848.741955308305,973.211111071089))
REPRESENTATION_ITEM('')
);
#580=(
BOUNDED_CURVE()
B_SPLINE_CURVE(2,(#10208,#10209,#10210),.UNSPECIFIED.,.F.,.F.)
B_SPLINE_CURVE_WITH_KNOTS((3,3),(68.0881473141005,95.5825016556029),
 .UNSPECIFIED.)
CURVE()
GEOMETRIC_REPRESENTATION_ITEM()
RATIONAL_B_SPLINE_CURVE((719.975458515949,851.927827168082,973.211111152754))
REPRESENTATION_ITEM('')
);
#581=(
BOUNDED_CURVE()
B_SPLINE_CURVE(2,(#10214,#10215,#10216),.UNSPECIFIED.,.F.,.F.)
B_SPLINE_CURVE_WITH_KNOTS((3,3),(68.0881473431356,95.5825016952412),
 .UNSPECIFIED.)
CURVE()
GEOMETRIC_REPRESENTATION_ITEM()
RATIONAL_B_SPLINE_CURVE((719.975458439635,851.927827066235,973.211111022414))
REPRESENTATION_ITEM('')
);
#582=(
BOUNDED_CURVE()
B_SPLINE_CURVE(2,(#10220,#10221,#10222),.UNSPECIFIED.,.F.,.F.)
B_SPLINE_CURVE_WITH_KNOTS((3,3),(67.3659250628521,95.5825016754712),
 .UNSPECIFIED.)
CURVE()
GEOMETRIC_REPRESENTATION_ITEM()
RATIONAL_B_SPLINE_CURVE((713.035841653262,848.741955328294,973.211111099513))
REPRESENTATION_ITEM('')
);
#583=(
BOUNDED_CURVE()
B_SPLINE_CURVE(2,(#10226,#10227,#10228),.UNSPECIFIED.,.F.,.F.)
B_SPLINE_CURVE_WITH_KNOTS((3,3),(67.3505859996492,95.5825016867509),
 .UNSPECIFIED.)
CURVE()
GEOMETRIC_REPRESENTATION_ITEM()
RATIONAL_B_SPLINE_CURVE((712.888293422407,848.674291477524,973.211111056245))
REPRESENTATION_ITEM('')
);
#584=(
BOUNDED_CURVE()
B_SPLINE_CURVE(2,(#10233,#10234,#10235),.UNSPECIFIED.,.F.,.F.)
B_SPLINE_CURVE_WITH_KNOTS((3,3),(67.0441736835622,95.5825016759887),
 .UNSPECIFIED.)
CURVE()
GEOMETRIC_REPRESENTATION_ITEM()
RATIONAL_B_SPLINE_CURVE((709.939488499323,847.322643439303,973.211111096964))
REPRESENTATION_ITEM('')
);
#585=(
BOUNDED_CURVE()
B_SPLINE_CURVE(2,(#10239,#10240,#10241),.UNSPECIFIED.,.F.,.F.)
B_SPLINE_CURVE_WITH_KNOTS((3,3),(67.0441736622791,95.582501646881),
 .UNSPECIFIED.)
CURVE()
GEOMETRIC_REPRESENTATION_ITEM()
RATIONAL_B_SPLINE_CURVE((709.939488546273,847.322643505966,973.211111185558))
REPRESENTATION_ITEM('')
);
#586=(
BOUNDED_CURVE()
B_SPLINE_CURVE(2,(#10245,#10246,#10247),.UNSPECIFIED.,.F.,.F.)
B_SPLINE_CURVE_WITH_KNOTS((3,3),(67.0441736518275,95.5825016267637),
 .UNSPECIFIED.)
CURVE()
GEOMETRIC_REPRESENTATION_ITEM()
RATIONAL_B_SPLINE_CURVE((709.939488632389,847.322643585949,973.211111264165))
REPRESENTATION_ITEM('')
);
#587=(
BOUNDED_CURVE()
B_SPLINE_CURVE(2,(#10251,#10252,#10253),.UNSPECIFIED.,.F.,.F.)
B_SPLINE_CURVE_WITH_KNOTS((3,3),(67.0441736938937,95.5825016825545),
 .UNSPECIFIED.)
CURVE()
GEOMETRIC_REPRESENTATION_ITEM()
RATIONAL_B_SPLINE_CURVE((709.939488538399,847.322643444386,973.211111072067))
REPRESENTATION_ITEM('')
);
#588=(
BOUNDED_CURVE()
B_SPLINE_CURVE(2,(#10397,#10398,#10399),.UNSPECIFIED.,.F.,.F.)
B_SPLINE_CURVE_WITH_KNOTS((3,3),(67.0441736868789,95.5825016753609),
 .UNSPECIFIED.)
CURVE()
GEOMETRIC_REPRESENTATION_ITEM()
RATIONAL_B_SPLINE_CURVE((709.939488537926,847.322643458875,973.211111100572))
REPRESENTATION_ITEM('')
);
#589=(
BOUNDED_CURVE()
B_SPLINE_CURVE(2,(#10403,#10404,#10405),.UNSPECIFIED.,.F.,.F.)
B_SPLINE_CURVE_WITH_KNOTS((3,3),(67.0441736900479,95.5825016794251),
 .UNSPECIFIED.)
CURVE()
GEOMETRIC_REPRESENTATION_ITEM()
RATIONAL_B_SPLINE_CURVE((709.939488530643,847.322643447301,973.2111110846))
REPRESENTATION_ITEM('')
);
#590=(
BOUNDED_CURVE()
B_SPLINE_CURVE(2,(#10475,#10476,#10477),.UNSPECIFIED.,.F.,.F.)
B_SPLINE_CURVE_WITH_KNOTS((3,3),(67.0441736817709,95.582501684173),
 .UNSPECIFIED.)
CURVE()
GEOMETRIC_REPRESENTATION_ITEM()
RATIONAL_B_SPLINE_CURVE((709.939488406859,847.322643381008,973.211111066021))
REPRESENTATION_ITEM('')
);
#591=(
BOUNDED_CURVE()
B_SPLINE_CURVE(2,(#10479,#10480,#10481),.UNSPECIFIED.,.F.,.F.)
B_SPLINE_CURVE_WITH_KNOTS((3,3),(67.0441736640335,95.5825016596463),
 .UNSPECIFIED.)
CURVE()
GEOMETRIC_REPRESENTATION_ITEM()
RATIONAL_B_SPLINE_CURVE((709.939488446078,847.322643435382,973.211111137615))
REPRESENTATION_ITEM('')
);
#592=(
BOUNDED_CURVE()
B_SPLINE_CURVE(2,(#10487,#10488,#10489),.UNSPECIFIED.,.F.,.F.)
B_SPLINE_CURVE_WITH_KNOTS((3,3),(67.0441736569761,95.5825016514245),
 .UNSPECIFIED.)
CURVE()
GEOMETRIC_REPRESENTATION_ITEM()
RATIONAL_B_SPLINE_CURVE((709.939488452975,847.32264345402,973.211111167717))
REPRESENTATION_ITEM('')
);
#593=(
BOUNDED_CURVE()
B_SPLINE_CURVE(2,(#10491,#10492,#10493),.UNSPECIFIED.,.F.,.F.)
B_SPLINE_CURVE_WITH_KNOTS((3,3),(67.0441736889577,95.5825016943196),
 .UNSPECIFIED.)
CURVE()
GEOMETRIC_REPRESENTATION_ITEM()
RATIONAL_B_SPLINE_CURVE((709.939488382681,847.322643350091,973.211111027495))
REPRESENTATION_ITEM('')
);
#594=(
BOUNDED_CURVE()
B_SPLINE_CURVE(2,(#10499,#10500,#10501),.UNSPECIFIED.,.F.,.F.)
B_SPLINE_CURVE_WITH_KNOTS((3,3),(67.0441736835902,95.5825016850218),
 .UNSPECIFIED.)
CURVE()
GEOMETRIC_REPRESENTATION_ITEM()
RATIONAL_B_SPLINE_CURVE((709.939488415855,847.322643382948,973.211111061825))
REPRESENTATION_ITEM('')
);
#595=(
BOUNDED_CURVE()
B_SPLINE_CURVE(2,(#10503,#10504,#10505),.UNSPECIFIED.,.F.,.F.)
B_SPLINE_CURVE_WITH_KNOTS((3,3),(67.0441736624744,95.5825016561672),
 .UNSPECIFIED.)
CURVE()
GEOMETRIC_REPRESENTATION_ITEM()
RATIONAL_B_SPLINE_CURVE((709.939488462933,847.322643449797,973.21111115062))
REPRESENTATION_ITEM('')
);
#596=(
BOUNDED_CURVE()
B_SPLINE_CURVE(2,(#10511,#10512,#10513),.UNSPECIFIED.,.F.,.F.)
B_SPLINE_CURVE_WITH_KNOTS((3,3),(67.0441736747279,95.5825016590528),
 .UNSPECIFIED.)
CURVE()
GEOMETRIC_REPRESENTATION_ITEM()
RATIONAL_B_SPLINE_CURVE((709.93948857174,847.322643506793,973.211111163497))
REPRESENTATION_ITEM('')
);
#597=(
BOUNDED_CURVE()
B_SPLINE_CURVE(2,(#10515,#10516,#10517),.UNSPECIFIED.,.F.,.F.)
B_SPLINE_CURVE_WITH_KNOTS((3,3),(67.0441736709916,95.5825016524824),
 .UNSPECIFIED.)
CURVE()
GEOMETRIC_REPRESENTATION_ITEM()
RATIONAL_B_SPLINE_CURVE((709.939488579024,847.322643510323,973.211111164856))
REPRESENTATION_ITEM('')
);
#598=(
BOUNDED_CURVE()
B_SPLINE_CURVE(2,(#10523,#10524,#10525),.UNSPECIFIED.,.F.,.F.)
B_SPLINE_CURVE_WITH_KNOTS((3,3),(67.0441736857344,95.5825016723523),
 .UNSPECIFIED.)
CURVE()
GEOMETRIC_REPRESENTATION_ITEM()
RATIONAL_B_SPLINE_CURVE((709.939488554326,847.322643472074,973.211111111629))
REPRESENTATION_ITEM('')
);
#599=(
BOUNDED_CURVE()
B_SPLINE_CURVE(2,(#10527,#10528,#10529),.UNSPECIFIED.,.F.,.F.)
B_SPLINE_CURVE_WITH_KNOTS((3,3),(67.0441736911247,95.5825016792878),
 .UNSPECIFIED.)
CURVE()
GEOMETRIC_REPRESENTATION_ITEM()
RATIONAL_B_SPLINE_CURVE((709.939488542492,847.322643453159,973.21111108542))
REPRESENTATION_ITEM('')
);
#600=(
BOUNDED_CURVE()
B_SPLINE_CURVE(2,(#10535,#10536,#10537),.UNSPECIFIED.,.F.,.F.)
B_SPLINE_CURVE_WITH_KNOTS((3,3),(67.0441736877528,95.5825016910437),
 .UNSPECIFIED.)
CURVE()
GEOMETRIC_REPRESENTATION_ITEM()
RATIONAL_B_SPLINE_CURVE((709.939488400722,847.322643364391,973.211111039241))
REPRESENTATION_ITEM('')
);
#601=(
BOUNDED_CURVE()
B_SPLINE_CURVE(2,(#10539,#10540,#10541),.UNSPECIFIED.,.F.,.F.)
B_SPLINE_CURVE_WITH_KNOTS((3,3),(67.0441736892473,95.5825016929699),
 .UNSPECIFIED.)
CURVE()
GEOMETRIC_REPRESENTATION_ITEM()
RATIONAL_B_SPLINE_CURVE((709.939488397327,847.322643359026,973.211111031846))
REPRESENTATION_ITEM('')
);
#602=(
BOUNDED_CURVE()
B_SPLINE_CURVE(2,(#10547,#10548,#10549),.UNSPECIFIED.,.F.,.F.)
B_SPLINE_CURVE_WITH_KNOTS((3,3),(67.0441736964204,95.5825017048944),
 .UNSPECIFIED.)
CURVE()
GEOMETRIC_REPRESENTATION_ITEM()
RATIONAL_B_SPLINE_CURVE((709.939488355972,847.322643316258,973.21111098563))
REPRESENTATION_ITEM('')
);
#603=(
BOUNDED_CURVE()
B_SPLINE_CURVE(2,(#10551,#10552,#10553),.UNSPECIFIED.,.F.,.F.)
B_SPLINE_CURVE_WITH_KNOTS((3,3),(67.0441736803272,95.5825016842244),
 .UNSPECIFIED.)
CURVE()
GEOMETRIC_REPRESENTATION_ITEM()
RATIONAL_B_SPLINE_CURVE((709.939488392218,847.322643374003,973.211111065458))
REPRESENTATION_ITEM('')
);
#604=(
BOUNDED_CURVE()
B_SPLINE_CURVE(2,(#10559,#10560,#10561),.UNSPECIFIED.,.F.,.F.)
B_SPLINE_CURVE_WITH_KNOTS((3,3),(67.0441736859716,95.5825016928359),
 .UNSPECIFIED.)
CURVE()
GEOMETRIC_REPRESENTATION_ITEM()
RATIONAL_B_SPLINE_CURVE((709.93948836653,847.322643344816,973.211111031681))
REPRESENTATION_ITEM('')
);
#605=(
BOUNDED_CURVE()
B_SPLINE_CURVE(2,(#10563,#10564,#10565),.UNSPECIFIED.,.F.,.F.)
B_SPLINE_CURVE_WITH_KNOTS((3,3),(67.0441736598765,95.5825016575634),
 .UNSPECIFIED.)
CURVE()
GEOMETRIC_REPRESENTATION_ITEM()
RATIONAL_B_SPLINE_CURVE((709.93948842495,847.322643429575,973.211111145151))
REPRESENTATION_ITEM('')
);
#606=(
BOUNDED_CURVE()
B_SPLINE_CURVE(2,(#10571,#10572,#10573),.UNSPECIFIED.,.F.,.F.)
B_SPLINE_CURVE_WITH_KNOTS((3,3),(67.0441736878333,95.5825016733542),
 .UNSPECIFIED.)
CURVE()
GEOMETRIC_REPRESENTATION_ITEM()
RATIONAL_B_SPLINE_CURVE((709.939488566012,847.322643475983,973.211111108781))
REPRESENTATION_ITEM('')
);
#607=(
BOUNDED_CURVE()
B_SPLINE_CURVE(2,(#10575,#10576,#10577),.UNSPECIFIED.,.F.,.F.)
B_SPLINE_CURVE_WITH_KNOTS((3,3),(67.044173689036,95.5825016748899),
 .UNSPECIFIED.)
CURVE()
GEOMETRIC_REPRESENTATION_ITEM()
RATIONAL_B_SPLINE_CURVE((709.93948856314,847.32264347143,973.211111102514))
REPRESENTATION_ITEM('')
);
#608=(
BOUNDED_CURVE()
B_SPLINE_CURVE(2,(#10583,#10584,#10585),.UNSPECIFIED.,.F.,.F.)
B_SPLINE_CURVE_WITH_KNOTS((3,3),(67.0441736986627,95.5825017080283),
 .UNSPECIFIED.)
CURVE()
GEOMETRIC_REPRESENTATION_ITEM()
RATIONAL_B_SPLINE_CURVE((709.93948834866,847.322643306735,973.211110973646))
REPRESENTATION_ITEM('')
);
#609=(
BOUNDED_CURVE()
B_SPLINE_CURVE(2,(#10587,#10588,#10589),.UNSPECIFIED.,.F.,.F.)
B_SPLINE_CURVE_WITH_KNOTS((3,3),(67.0441736782111,95.582501681743),
 .UNSPECIFIED.)
CURVE()
GEOMETRIC_REPRESENTATION_ITEM()
RATIONAL_B_SPLINE_CURVE((709.939488394447,847.322643379704,973.211111074561))
REPRESENTATION_ITEM('')
);
#610=(
BOUNDED_CURVE()
B_SPLINE_CURVE(2,(#10595,#10596,#10597),.UNSPECIFIED.,.F.,.F.)
B_SPLINE_CURVE_WITH_KNOTS((3,3),(67.0441736491941,95.5825016356589),
 .UNSPECIFIED.)
CURVE()
GEOMETRIC_REPRESENTATION_ITEM()
RATIONAL_B_SPLINE_CURVE((709.939488524408,847.322643518516,973.211111229333))
REPRESENTATION_ITEM('')
);
#611=(
BOUNDED_CURVE()
B_SPLINE_CURVE(2,(#10599,#10600,#10601),.UNSPECIFIED.,.F.,.F.)
B_SPLINE_CURVE_WITH_KNOTS((3,3),(67.0441736966269,95.5825016983506),
 .UNSPECIFIED.)
CURVE()
GEOMETRIC_REPRESENTATION_ITEM()
RATIONAL_B_SPLINE_CURVE((709.939488418357,847.322643357767,973.211111010722))
REPRESENTATION_ITEM('')
);
#612=(
BOUNDED_CURVE()
B_SPLINE_CURVE(2,(#10607,#10608,#10609),.UNSPECIFIED.,.F.,.F.)
B_SPLINE_CURVE_WITH_KNOTS((3,3),(67.0441736992075,95.582501684913),
 .UNSPECIFIED.)
CURVE()
GEOMETRIC_REPRESENTATION_ITEM()
RATIONAL_B_SPLINE_CURVE((709.939488568811,847.322643454411,973.211111064421))
REPRESENTATION_ITEM('')
);
#613=(
BOUNDED_CURVE()
B_SPLINE_CURVE(2,(#10611,#10612,#10613),.UNSPECIFIED.,.F.,.F.)
B_SPLINE_CURVE_WITH_KNOTS((3,3),(67.0441736778153,95.5825016574073),
 .UNSPECIFIED.)
CURVE()
GEOMETRIC_REPRESENTATION_ITEM()
RATIONAL_B_SPLINE_CURVE((709.939488616657,847.322643530626,973.211111169813))
REPRESENTATION_ITEM('')
);
#614=(
BOUNDED_CURVE()
B_SPLINE_CURVE(2,(#10620,#10621,#10622),.UNSPECIFIED.,.F.,.F.)
B_SPLINE_CURVE_WITH_KNOTS((3,3),(67.044173678612,95.5825016732384),
 .UNSPECIFIED.)
CURVE()
GEOMETRIC_REPRESENTATION_ITEM()
RATIONAL_B_SPLINE_CURVE((709.939488477228,847.322643434747,973.211111107759))
REPRESENTATION_ITEM('')
);
#615=(
BOUNDED_CURVE()
B_SPLINE_CURVE(2,(#10628,#10629,#10630),.UNSPECIFIED.,.F.,.F.)
B_SPLINE_CURVE_WITH_KNOTS((3,3),(67.0441736983413,95.5825016985987),
 .UNSPECIFIED.)
CURVE()
GEOMETRIC_REPRESENTATION_ITEM()
RATIONAL_B_SPLINE_CURVE((709.939488433009,847.322643364312,973.21111101037))
REPRESENTATION_ITEM('')
);
#616=(
BOUNDED_CURVE()
B_SPLINE_CURVE(2,(#10638,#10639,#10640),.UNSPECIFIED.,.F.,.F.)
B_SPLINE_CURVE_WITH_KNOTS((3,3),(67.0441736784084,95.5825016858416),
 .UNSPECIFIED.)
CURVE()
GEOMETRIC_REPRESENTATION_ITEM()
RATIONAL_B_SPLINE_CURVE((709.939488358552,847.322643355188,973.211111058893))
REPRESENTATION_ITEM('')
);
#617=(
BOUNDED_CURVE()
B_SPLINE_CURVE(2,(#10647,#10648,#10649),.UNSPECIFIED.,.F.,.F.)
B_SPLINE_CURVE_WITH_KNOTS((3,3),(67.0441736517378,95.5825016375059),
 .UNSPECIFIED.)
CURVE()
GEOMETRIC_REPRESENTATION_ITEM()
RATIONAL_B_SPLINE_CURVE((709.939488532226,847.322643518724,973.211111222763))
REPRESENTATION_ITEM('')
);
#618=(
BOUNDED_CURVE()
B_SPLINE_CURVE(2,(#10656,#10657,#10658),.UNSPECIFIED.,.F.,.F.)
B_SPLINE_CURVE_WITH_KNOTS((3,3),(67.0441736630399,95.582501652024),
 .UNSPECIFIED.)
CURVE()
GEOMETRIC_REPRESENTATION_ITEM()
RATIONAL_B_SPLINE_CURVE((709.939488506911,847.322643478347,973.211111166909))
REPRESENTATION_ITEM('')
);
#619=(
BOUNDED_CURVE()
B_SPLINE_CURVE(2,(#10665,#10666,#10667),.UNSPECIFIED.,.F.,.F.)
B_SPLINE_CURVE_WITH_KNOTS((3,3),(67.0441736968612,95.5825016805114),
 .UNSPECIFIED.)
CURVE()
GEOMETRIC_REPRESENTATION_ITEM()
RATIONAL_B_SPLINE_CURVE((709.939488585867,847.322643470201,973.211111079957))
REPRESENTATION_ITEM('')
);
#620=(
BOUNDED_CURVE()
B_SPLINE_CURVE(2,(#10673,#10674,#10675),.UNSPECIFIED.,.F.,.F.)
B_SPLINE_CURVE_WITH_KNOTS((3,3),(67.0441736801812,95.5825016591094),
 .UNSPECIFIED.)
CURVE()
GEOMETRIC_REPRESENTATION_ITEM()
RATIONAL_B_SPLINE_CURVE((709.939488623874,847.32264353068,973.21111116349))
REPRESENTATION_ITEM('')
);
#621=(
BOUNDED_CURVE()
B_SPLINE_CURVE(2,(#10681,#10682,#10683),.UNSPECIFIED.,.F.,.F.)
B_SPLINE_CURVE_WITH_KNOTS((3,3),(67.0441736814508,95.5825016718317),
 .UNSPECIFIED.)
CURVE()
GEOMETRIC_REPRESENTATION_ITEM()
RATIONAL_B_SPLINE_CURVE((709.93948851827,847.322643456864,973.211111114149))
REPRESENTATION_ITEM('')
);
#622=(
BOUNDED_CURVE()
B_SPLINE_CURVE(2,(#10685,#10686,#10687),.UNSPECIFIED.,.F.,.F.)
B_SPLINE_CURVE_WITH_KNOTS((3,3),(67.0441736954178,95.582501689737),
 .UNSPECIFIED.)
CURVE()
GEOMETRIC_REPRESENTATION_ITEM()
RATIONAL_B_SPLINE_CURVE((709.939488486008,847.322643405625,973.211111043465))
REPRESENTATION_ITEM('')
);
#623=(
BOUNDED_CURVE()
B_SPLINE_CURVE(2,(#10693,#10694,#10695),.UNSPECIFIED.,.F.,.F.)
B_SPLINE_CURVE_WITH_KNOTS((3,3),(67.0441736546514,95.582501649683),
 .UNSPECIFIED.)
CURVE()
GEOMETRIC_REPRESENTATION_ITEM()
RATIONAL_B_SPLINE_CURVE((709.939488446896,847.322643454844,973.21111117471))
REPRESENTATION_ITEM('')
);
#624=(
BOUNDED_CURVE()
B_SPLINE_CURVE(2,(#10697,#10698,#10699),.UNSPECIFIED.,.F.,.F.)
B_SPLINE_CURVE_WITH_KNOTS((3,3),(67.0441736601189,95.5825016567455),
 .UNSPECIFIED.)
CURVE()
GEOMETRIC_REPRESENTATION_ITEM()
RATIONAL_B_SPLINE_CURVE((709.939488435067,847.322643435998,973.211111148607))
REPRESENTATION_ITEM('')
);
#625=(
BOUNDED_CURVE()
B_SPLINE_CURVE(2,(#10705,#10706,#10707),.UNSPECIFIED.,.F.,.F.)
B_SPLINE_CURVE_WITH_KNOTS((3,3),(67.044173655706,95.5825016484883),
 .UNSPECIFIED.)
CURVE()
GEOMETRIC_REPRESENTATION_ITEM()
RATIONAL_B_SPLINE_CURVE((709.939488468907,847.322643467899,973.211111180429))
REPRESENTATION_ITEM('')
);
#626=(
BOUNDED_CURVE()
B_SPLINE_CURVE(2,(#10709,#10710,#10711),.UNSPECIFIED.,.F.,.F.)
B_SPLINE_CURVE_WITH_KNOTS((3,3),(67.0441736899479,95.5825016942148),
 .UNSPECIFIED.)
CURVE()
GEOMETRIC_REPRESENTATION_ITEM()
RATIONAL_B_SPLINE_CURVE((709.939488392215,847.322643353953,973.211111026569))
REPRESENTATION_ITEM('')
);
#627=(
BOUNDED_CURVE()
B_SPLINE_CURVE(2,(#10717,#10718,#10719),.UNSPECIFIED.,.F.,.F.)
B_SPLINE_CURVE_WITH_KNOTS((3,3),(67.0441736890928,95.5825016747813),
 .UNSPECIFIED.)
CURVE()
GEOMETRIC_REPRESENTATION_ITEM()
RATIONAL_B_SPLINE_CURVE((709.939488563687,847.322643471158,973.211111101555))
REPRESENTATION_ITEM('')
);
#628=(
BOUNDED_CURVE()
B_SPLINE_CURVE(2,(#10721,#10722,#10723),.UNSPECIFIED.,.F.,.F.)
B_SPLINE_CURVE_WITH_KNOTS((3,3),(67.0441736877356,95.5825016730495),
 .UNSPECIFIED.)
CURVE()
GEOMETRIC_REPRESENTATION_ITEM()
RATIONAL_B_SPLINE_CURVE((709.939488566924,847.322643476297,973.211111108634))
REPRESENTATION_ITEM('')
);
#629=(
BOUNDED_CURVE()
B_SPLINE_CURVE(2,(#10729,#10730,#10731),.UNSPECIFIED.,.F.,.F.)
B_SPLINE_CURVE_WITH_KNOTS((3,3),(67.0441736970546,95.582501703962),
 .UNSPECIFIED.)
CURVE()
GEOMETRIC_REPRESENTATION_ITEM()
RATIONAL_B_SPLINE_CURVE((709.939488370971,847.322643325184,973.2111109896))
REPRESENTATION_ITEM('')
);
#630=(
BOUNDED_CURVE()
B_SPLINE_CURVE(2,(#10733,#10734,#10735),.UNSPECIFIED.,.F.,.F.)
B_SPLINE_CURVE_WITH_KNOTS((3,3),(67.044173648804,95.5825016402417),
 .UNSPECIFIED.)
CURVE()
GEOMETRIC_REPRESENTATION_ITEM()
RATIONAL_B_SPLINE_CURVE((709.939488479155,847.322643489317,973.211111212856))
REPRESENTATION_ITEM('')
);
#631=(
BOUNDED_CURVE()
B_SPLINE_CURVE(2,(#10741,#10742,#10743),.UNSPECIFIED.,.F.,.F.)
B_SPLINE_CURVE_WITH_KNOTS((3,3),(67.0441736940466,95.5825016912463),
 .UNSPECIFIED.)
CURVE()
GEOMETRIC_REPRESENTATION_ITEM()
RATIONAL_B_SPLINE_CURVE((709.939488459096,847.322643390477,973.211111037981))
REPRESENTATION_ITEM('')
);
#632=(
BOUNDED_CURVE()
B_SPLINE_CURVE(2,(#10745,#10746,#10747),.UNSPECIFIED.,.F.,.F.)
B_SPLINE_CURVE_WITH_KNOTS((3,3),(67.0441736828518,95.5825016768818),
 .UNSPECIFIED.)
CURVE()
GEOMETRIC_REPRESENTATION_ITEM()
RATIONAL_B_SPLINE_CURVE((709.939488484701,847.32264343118,973.211111094172))
REPRESENTATION_ITEM('')
);
#633=(
BOUNDED_CURVE()
B_SPLINE_CURVE(2,(#10754,#10755,#10756),.UNSPECIFIED.,.F.,.F.)
B_SPLINE_CURVE_WITH_KNOTS((3,3),(67.0441736621312,95.5825016601288),
 .UNSPECIFIED.)
CURVE()
GEOMETRIC_REPRESENTATION_ITEM()
RATIONAL_B_SPLINE_CURVE((709.939488423316,847.322643424006,973.211111135775))
REPRESENTATION_ITEM('')
);
#634=(
BOUNDED_CURVE()
B_SPLINE_CURVE(2,(#10758,#10759,#10760),.UNSPECIFIED.,.F.,.F.)
B_SPLINE_CURVE_WITH_KNOTS((3,3),(67.0441736838894,95.5825016898268),
 .UNSPECIFIED.)
CURVE()
GEOMETRIC_REPRESENTATION_ITEM()
RATIONAL_B_SPLINE_CURVE((709.939488375013,847.322643355203,973.211111044258))
REPRESENTATION_ITEM('')
);
#635=(
BOUNDED_CURVE()
B_SPLINE_CURVE(2,(#10766,#10767,#10768),.UNSPECIFIED.,.F.,.F.)
B_SPLINE_CURVE_WITH_KNOTS((3,3),(67.0441736887903,95.5825016807932),
 .UNSPECIFIED.)
CURVE()
GEOMETRIC_REPRESENTATION_ITEM()
RATIONAL_B_SPLINE_CURVE((709.939488506678,847.322643434185,973.21111108041))
REPRESENTATION_ITEM('')
);
#636=(
BOUNDED_CURVE()
B_SPLINE_CURVE(2,(#10770,#10771,#10772),.UNSPECIFIED.,.F.,.F.)
B_SPLINE_CURVE_WITH_KNOTS((3,3),(67.044173688143,95.5825016799448),
 .UNSPECIFIED.)
CURVE()
GEOMETRIC_REPRESENTATION_ITEM()
RATIONAL_B_SPLINE_CURVE((709.939488507857,847.322643436093,973.211111083088))
REPRESENTATION_ITEM('')
);
#637=(
BOUNDED_CURVE()
B_SPLINE_CURVE(2,(#10778,#10779,#10780),.UNSPECIFIED.,.F.,.F.)
B_SPLINE_CURVE_WITH_KNOTS((3,3),(67.0441736942947,95.5825016882852),
 .UNSPECIFIED.)
CURVE()
GEOMETRIC_REPRESENTATION_ITEM()
RATIONAL_B_SPLINE_CURVE((709.939488489644,847.322643410933,973.211111050473))
REPRESENTATION_ITEM('')
);
#638=(
BOUNDED_CURVE()
B_SPLINE_CURVE(2,(#10782,#10783,#10784),.UNSPECIFIED.,.F.,.F.)
B_SPLINE_CURVE_WITH_KNOTS((3,3),(67.0441736826081,95.5825016732527),
 .UNSPECIFIED.)
CURVE()
GEOMETRIC_REPRESENTATION_ITEM()
RATIONAL_B_SPLINE_CURVE((709.939488515702,847.322643452444,973.211111107885))
REPRESENTATION_ITEM('')
);
#639=(
BOUNDED_CURVE()
B_SPLINE_CURVE(2,(#10790,#10791,#10792),.UNSPECIFIED.,.F.,.F.)
B_SPLINE_CURVE_WITH_KNOTS((3,3),(67.0441736829084,95.5825016670599),
 .UNSPECIFIED.)
CURVE()
GEOMETRIC_REPRESENTATION_ITEM()
RATIONAL_B_SPLINE_CURVE((709.939488576397,847.322643492961,973.211111132517))
REPRESENTATION_ITEM('')
);
#640=(
BOUNDED_CURVE()
B_SPLINE_CURVE(2,(#10794,#10795,#10796),.UNSPECIFIED.,.F.,.F.)
B_SPLINE_CURVE_WITH_KNOTS((3,3),(67.0441736942217,95.5825016815915),
 .UNSPECIFIED.)
CURVE()
GEOMETRIC_REPRESENTATION_ITEM()
RATIONAL_B_SPLINE_CURVE((709.93948855082,847.322643452256,973.211111076274))
REPRESENTATION_ITEM('')
);
#641=(
BOUNDED_CURVE()
B_SPLINE_CURVE(2,(#10802,#10803,#10804),.UNSPECIFIED.,.F.,.F.)
B_SPLINE_CURVE_WITH_KNOTS((3,3),(67.0441736628206,95.5825016509478),
 .UNSPECIFIED.)
CURVE()
GEOMETRIC_REPRESENTATION_ITEM()
RATIONAL_B_SPLINE_CURVE((709.939488514434,847.3226434837,973.211111170626))
REPRESENTATION_ITEM('')
);
#642=(
BOUNDED_CURVE()
B_SPLINE_CURVE(2,(#10806,#10807,#10808),.UNSPECIFIED.,.F.,.F.)
B_SPLINE_CURVE_WITH_KNOTS((3,3),(67.0441736519253,95.5825016369479),
 .UNSPECIFIED.)
CURVE()
GEOMETRIC_REPRESENTATION_ITEM()
RATIONAL_B_SPLINE_CURVE((709.939488539218,847.322643523057,973.211111224953))
REPRESENTATION_ITEM('')
);
#643=(
BOUNDED_CURVE()
B_SPLINE_CURVE(2,(#10814,#10815,#10816),.UNSPECIFIED.,.F.,.F.)
B_SPLINE_CURVE_WITH_KNOTS((3,3),(67.0441736541754,95.5825016398077),
 .UNSPECIFIED.)
CURVE()
GEOMETRIC_REPRESENTATION_ITEM()
RATIONAL_B_SPLINE_CURVE((709.939488534574,847.322643515344,973.211111214108))
REPRESENTATION_ITEM('')
);
#644=(
BOUNDED_CURVE()
B_SPLINE_CURVE(2,(#10818,#10819,#10820),.UNSPECIFIED.,.F.,.F.)
B_SPLINE_CURVE_WITH_KNOTS((3,3),(67.0441736916106,95.5825016896504),
 .UNSPECIFIED.)
CURVE()
GEOMETRIC_REPRESENTATION_ITEM()
RATIONAL_B_SPLINE_CURVE((709.939488451204,847.322643390625,973.211111045242))
REPRESENTATION_ITEM('')
);
#645=(
BOUNDED_CURVE()
B_SPLINE_CURVE(2,(#10826,#10827,#10828),.UNSPECIFIED.,.F.,.F.)
B_SPLINE_CURVE_WITH_KNOTS((3,3),(67.0441736897319,95.5825016721474),
 .UNSPECIFIED.)
CURVE()
GEOMETRIC_REPRESENTATION_ITEM()
RATIONAL_B_SPLINE_CURVE((709.939488593925,847.322643490049,973.211111111346))
REPRESENTATION_ITEM('')
);
#646=(
BOUNDED_CURVE()
B_SPLINE_CURVE(2,(#10830,#10831,#10832),.UNSPECIFIED.,.F.,.F.)
B_SPLINE_CURVE_WITH_KNOTS((3,3),(67.0441736873611,95.5825016691209),
 .UNSPECIFIED.)
CURVE()
GEOMETRIC_REPRESENTATION_ITEM()
RATIONAL_B_SPLINE_CURVE((709.93948859963,847.32264349908,973.21111112377))
REPRESENTATION_ITEM('')
);
#647=(
BOUNDED_CURVE()
B_SPLINE_CURVE(2,(#10838,#10839,#10840),.UNSPECIFIED.,.F.,.F.)
B_SPLINE_CURVE_WITH_KNOTS((3,3),(67.044173685696,95.5825017014344),
 .UNSPECIFIED.)
CURVE()
GEOMETRIC_REPRESENTATION_ITEM()
RATIONAL_B_SPLINE_CURVE((709.939488284953,847.322643290776,973.211110999311))
REPRESENTATION_ITEM('')
);
#648=(
BOUNDED_CURVE()
B_SPLINE_CURVE(2,(#10842,#10843,#10844),.UNSPECIFIED.,.F.,.F.)
B_SPLINE_CURVE_WITH_KNOTS((3,3),(67.0441736912273,95.5825017085503),
 .UNSPECIFIED.)
CURVE()
GEOMETRIC_REPRESENTATION_ITEM()
RATIONAL_B_SPLINE_CURVE((709.939488272626,847.322643271141,973.211110972154))
REPRESENTATION_ITEM('')
);
#649=(
BOUNDED_CURVE()
B_SPLINE_CURVE(2,(#11000,#11001,#11002),.UNSPECIFIED.,.F.,.F.)
B_SPLINE_CURVE_WITH_KNOTS((3,3),(0.48017894143243,0.481174253838468),
 .UNSPECIFIED.)
CURVE()
GEOMETRIC_REPRESENTATION_ITEM()
RATIONAL_B_SPLINE_CURVE((1.1953610770605,1.19541832491479,1.19547497073056))
REPRESENTATION_ITEM('')
);
#650=(
BOUNDED_CURVE()
B_SPLINE_CURVE(2,(#11008,#11009,#11010),.UNSPECIFIED.,.F.,.F.)
B_SPLINE_CURVE_WITH_KNOTS((3,3),(0.573179714269661,0.576466724229402),
 .UNSPECIFIED.)
CURVE()
GEOMETRIC_REPRESENTATION_ITEM()
RATIONAL_B_SPLINE_CURVE((1.20080313521443,1.20080641826429,1.20080313521442))
REPRESENTATION_ITEM('')
);
#651=(
BOUNDED_CURVE()
B_SPLINE_CURVE(2,(#11016,#11017,#11018),.UNSPECIFIED.,.F.,.F.)
B_SPLINE_CURVE_WITH_KNOTS((3,3),(0.66847218464732,0.669467497036737),
 .UNSPECIFIED.)
CURVE()
GEOMETRIC_REPRESENTATION_ITEM()
RATIONAL_B_SPLINE_CURVE((1.19547497073164,1.19541832491681,1.1953610770635))
REPRESENTATION_ITEM('')
);
#652=(
BOUNDED_CURVE()
B_SPLINE_CURVE(2,(#11040,#11041,#11042),.UNSPECIFIED.,.F.,.F.)
B_SPLINE_CURVE_WITH_KNOTS((3,3),(67.0441736983319,95.5825017114658),
 .UNSPECIFIED.)
CURVE()
GEOMETRIC_REPRESENTATION_ITEM()
RATIONAL_B_SPLINE_CURVE((709.93948831435,847.322643284667,973.211110961291))
REPRESENTATION_ITEM('')
);
#653=(
BOUNDED_CURVE()
B_SPLINE_CURVE(2,(#11045,#11046,#11047),.UNSPECIFIED.,.F.,.F.)
B_SPLINE_CURVE_WITH_KNOTS((3,3),(67.35058598334,95.5825016653532),
 .UNSPECIFIED.)
CURVE()
GEOMETRIC_REPRESENTATION_ITEM()
RATIONAL_B_SPLINE_CURVE((712.888293463835,848.674291538802,973.211111138293))
REPRESENTATION_ITEM('')
);
#654=(
BOUNDED_CURVE()
B_SPLINE_CURVE(2,(#11050,#11051,#11052),.UNSPECIFIED.,.F.,.F.)
B_SPLINE_CURVE_WITH_KNOTS((3,3),(67.3659250686101,95.5825016826165),
 .UNSPECIFIED.)
CURVE()
GEOMETRIC_REPRESENTATION_ITEM()
RATIONAL_B_SPLINE_CURVE((713.035841641661,848.741955308305,973.211111071089))
REPRESENTATION_ITEM('')
);
#655=(
BOUNDED_CURVE()
B_SPLINE_CURVE(2,(#11057,#11058,#11059),.UNSPECIFIED.,.F.,.F.)
B_SPLINE_CURVE_WITH_KNOTS((3,3),(68.0881473141005,95.5825016556029),
 .UNSPECIFIED.)
CURVE()
GEOMETRIC_REPRESENTATION_ITEM()
RATIONAL_B_SPLINE_CURVE((719.975458515949,851.927827168082,973.211111152754))
REPRESENTATION_ITEM('')
);
#656=(
BOUNDED_CURVE()
B_SPLINE_CURVE(2,(#11062,#11063,#11064),.UNSPECIFIED.,.F.,.F.)
B_SPLINE_CURVE_WITH_KNOTS((3,3),(68.0881473431356,95.5825016952412),
 .UNSPECIFIED.)
CURVE()
GEOMETRIC_REPRESENTATION_ITEM()
RATIONAL_B_SPLINE_CURVE((719.975458439635,851.927827066235,973.211111022414))
REPRESENTATION_ITEM('')
);
#657=(
BOUNDED_CURVE()
B_SPLINE_CURVE(2,(#11069,#11070,#11071),.UNSPECIFIED.,.F.,.F.)
B_SPLINE_CURVE_WITH_KNOTS((3,3),(67.3659250628521,95.5825016754712),
 .UNSPECIFIED.)
CURVE()
GEOMETRIC_REPRESENTATION_ITEM()
RATIONAL_B_SPLINE_CURVE((713.035841653262,848.741955328294,973.211111099513))
REPRESENTATION_ITEM('')
);
#658=(
BOUNDED_CURVE()
B_SPLINE_CURVE(2,(#11074,#11075,#11076),.UNSPECIFIED.,.F.,.F.)
B_SPLINE_CURVE_WITH_KNOTS((3,3),(67.3505859996492,95.5825016867509),
 .UNSPECIFIED.)
CURVE()
GEOMETRIC_REPRESENTATION_ITEM()
RATIONAL_B_SPLINE_CURVE((712.888293422407,848.674291477524,973.211111056245))
REPRESENTATION_ITEM('')
);
#659=(
BOUNDED_CURVE()
B_SPLINE_CURVE(2,(#11083,#11084,#11085),.UNSPECIFIED.,.F.,.F.)
B_SPLINE_CURVE_WITH_KNOTS((3,3),(67.0441736835622,95.5825016759887),
 .UNSPECIFIED.)
CURVE()
GEOMETRIC_REPRESENTATION_ITEM()
RATIONAL_B_SPLINE_CURVE((709.939488499323,847.322643439303,973.211111096964))
REPRESENTATION_ITEM('')
);
#660=(
BOUNDED_CURVE()
B_SPLINE_CURVE(2,(#11089,#11090,#11091),.UNSPECIFIED.,.F.,.F.)
B_SPLINE_CURVE_WITH_KNOTS((3,3),(67.0441736622791,95.582501646881),
 .UNSPECIFIED.)
CURVE()
GEOMETRIC_REPRESENTATION_ITEM()
RATIONAL_B_SPLINE_CURVE((709.939488546273,847.322643505966,973.211111185558))
REPRESENTATION_ITEM('')
);
#661=(
BOUNDED_CURVE()
B_SPLINE_CURVE(2,(#11095,#11096,#11097),.UNSPECIFIED.,.F.,.F.)
B_SPLINE_CURVE_WITH_KNOTS((3,3),(67.0441736518275,95.5825016267637),
 .UNSPECIFIED.)
CURVE()
GEOMETRIC_REPRESENTATION_ITEM()
RATIONAL_B_SPLINE_CURVE((709.939488632389,847.322643585949,973.211111264165))
REPRESENTATION_ITEM('')
);
#662=(
BOUNDED_CURVE()
B_SPLINE_CURVE(2,(#11103,#11104,#11105),.UNSPECIFIED.,.F.,.F.)
B_SPLINE_CURVE_WITH_KNOTS((3,3),(67.0441736938937,95.5825016825545),
 .UNSPECIFIED.)
CURVE()
GEOMETRIC_REPRESENTATION_ITEM()
RATIONAL_B_SPLINE_CURVE((709.939488538399,847.322643444386,973.211111072067))
REPRESENTATION_ITEM('')
);
#663=(
BOUNDED_CURVE()
B_SPLINE_CURVE(2,(#11247,#11248,#11249),.UNSPECIFIED.,.F.,.F.)
B_SPLINE_CURVE_WITH_KNOTS((3,3),(67.0441736868789,95.5825016753609),
 .UNSPECIFIED.)
CURVE()
GEOMETRIC_REPRESENTATION_ITEM()
RATIONAL_B_SPLINE_CURVE((709.939488537926,847.322643458875,973.211111100572))
REPRESENTATION_ITEM('')
);
#664=(
BOUNDED_CURVE()
B_SPLINE_CURVE(2,(#11252,#11253,#11254),.UNSPECIFIED.,.F.,.F.)
B_SPLINE_CURVE_WITH_KNOTS((3,3),(67.0441736900479,95.5825016794251),
 .UNSPECIFIED.)
CURVE()
GEOMETRIC_REPRESENTATION_ITEM()
RATIONAL_B_SPLINE_CURVE((709.939488530643,847.322643447301,973.2111110846))
REPRESENTATION_ITEM('')
);
#665=(
BOUNDED_CURVE()
B_SPLINE_CURVE(2,(#11324,#11325,#11326),.UNSPECIFIED.,.F.,.F.)
B_SPLINE_CURVE_WITH_KNOTS((3,3),(67.0441736817709,95.582501684173),
 .UNSPECIFIED.)
CURVE()
GEOMETRIC_REPRESENTATION_ITEM()
RATIONAL_B_SPLINE_CURVE((709.939488406859,847.322643381008,973.211111066021))
REPRESENTATION_ITEM('')
);
#666=(
BOUNDED_CURVE()
B_SPLINE_CURVE(2,(#11328,#11329,#11330),.UNSPECIFIED.,.F.,.F.)
B_SPLINE_CURVE_WITH_KNOTS((3,3),(67.0441736640335,95.5825016596463),
 .UNSPECIFIED.)
CURVE()
GEOMETRIC_REPRESENTATION_ITEM()
RATIONAL_B_SPLINE_CURVE((709.939488446078,847.322643435382,973.211111137615))
REPRESENTATION_ITEM('')
);
#667=(
BOUNDED_CURVE()
B_SPLINE_CURVE(2,(#11336,#11337,#11338),.UNSPECIFIED.,.F.,.F.)
B_SPLINE_CURVE_WITH_KNOTS((3,3),(67.0441736569761,95.5825016514245),
 .UNSPECIFIED.)
CURVE()
GEOMETRIC_REPRESENTATION_ITEM()
RATIONAL_B_SPLINE_CURVE((709.939488452975,847.32264345402,973.211111167717))
REPRESENTATION_ITEM('')
);
#668=(
BOUNDED_CURVE()
B_SPLINE_CURVE(2,(#11340,#11341,#11342),.UNSPECIFIED.,.F.,.F.)
B_SPLINE_CURVE_WITH_KNOTS((3,3),(67.0441736889577,95.5825016943196),
 .UNSPECIFIED.)
CURVE()
GEOMETRIC_REPRESENTATION_ITEM()
RATIONAL_B_SPLINE_CURVE((709.939488382681,847.322643350091,973.211111027495))
REPRESENTATION_ITEM('')
);
#669=(
BOUNDED_CURVE()
B_SPLINE_CURVE(2,(#11348,#11349,#11350),.UNSPECIFIED.,.F.,.F.)
B_SPLINE_CURVE_WITH_KNOTS((3,3),(67.0441736835902,95.5825016850218),
 .UNSPECIFIED.)
CURVE()
GEOMETRIC_REPRESENTATION_ITEM()
RATIONAL_B_SPLINE_CURVE((709.939488415855,847.322643382948,973.211111061825))
REPRESENTATION_ITEM('')
);
#670=(
BOUNDED_CURVE()
B_SPLINE_CURVE(2,(#11352,#11353,#11354),.UNSPECIFIED.,.F.,.F.)
B_SPLINE_CURVE_WITH_KNOTS((3,3),(67.0441736624744,95.5825016561672),
 .UNSPECIFIED.)
CURVE()
GEOMETRIC_REPRESENTATION_ITEM()
RATIONAL_B_SPLINE_CURVE((709.939488462933,847.322643449797,973.21111115062))
REPRESENTATION_ITEM('')
);
#671=(
BOUNDED_CURVE()
B_SPLINE_CURVE(2,(#11360,#11361,#11362),.UNSPECIFIED.,.F.,.F.)
B_SPLINE_CURVE_WITH_KNOTS((3,3),(67.0441736747279,95.5825016590528),
 .UNSPECIFIED.)
CURVE()
GEOMETRIC_REPRESENTATION_ITEM()
RATIONAL_B_SPLINE_CURVE((709.93948857174,847.322643506793,973.211111163497))
REPRESENTATION_ITEM('')
);
#672=(
BOUNDED_CURVE()
B_SPLINE_CURVE(2,(#11364,#11365,#11366),.UNSPECIFIED.,.F.,.F.)
B_SPLINE_CURVE_WITH_KNOTS((3,3),(67.0441736709916,95.5825016524824),
 .UNSPECIFIED.)
CURVE()
GEOMETRIC_REPRESENTATION_ITEM()
RATIONAL_B_SPLINE_CURVE((709.939488579024,847.322643510323,973.211111164856))
REPRESENTATION_ITEM('')
);
#673=(
BOUNDED_CURVE()
B_SPLINE_CURVE(2,(#11372,#11373,#11374),.UNSPECIFIED.,.F.,.F.)
B_SPLINE_CURVE_WITH_KNOTS((3,3),(67.0441736857344,95.5825016723523),
 .UNSPECIFIED.)
CURVE()
GEOMETRIC_REPRESENTATION_ITEM()
RATIONAL_B_SPLINE_CURVE((709.939488554326,847.322643472074,973.211111111629))
REPRESENTATION_ITEM('')
);
#674=(
BOUNDED_CURVE()
B_SPLINE_CURVE(2,(#11376,#11377,#11378),.UNSPECIFIED.,.F.,.F.)
B_SPLINE_CURVE_WITH_KNOTS((3,3),(67.0441736911247,95.5825016792878),
 .UNSPECIFIED.)
CURVE()
GEOMETRIC_REPRESENTATION_ITEM()
RATIONAL_B_SPLINE_CURVE((709.939488542492,847.322643453159,973.21111108542))
REPRESENTATION_ITEM('')
);
#675=(
BOUNDED_CURVE()
B_SPLINE_CURVE(2,(#11384,#11385,#11386),.UNSPECIFIED.,.F.,.F.)
B_SPLINE_CURVE_WITH_KNOTS((3,3),(67.0441736877528,95.5825016910437),
 .UNSPECIFIED.)
CURVE()
GEOMETRIC_REPRESENTATION_ITEM()
RATIONAL_B_SPLINE_CURVE((709.939488400722,847.322643364391,973.211111039241))
REPRESENTATION_ITEM('')
);
#676=(
BOUNDED_CURVE()
B_SPLINE_CURVE(2,(#11388,#11389,#11390),.UNSPECIFIED.,.F.,.F.)
B_SPLINE_CURVE_WITH_KNOTS((3,3),(67.0441736892473,95.5825016929699),
 .UNSPECIFIED.)
CURVE()
GEOMETRIC_REPRESENTATION_ITEM()
RATIONAL_B_SPLINE_CURVE((709.939488397327,847.322643359026,973.211111031846))
REPRESENTATION_ITEM('')
);
#677=(
BOUNDED_CURVE()
B_SPLINE_CURVE(2,(#11396,#11397,#11398),.UNSPECIFIED.,.F.,.F.)
B_SPLINE_CURVE_WITH_KNOTS((3,3),(67.0441736964204,95.5825017048944),
 .UNSPECIFIED.)
CURVE()
GEOMETRIC_REPRESENTATION_ITEM()
RATIONAL_B_SPLINE_CURVE((709.939488355972,847.322643316258,973.21111098563))
REPRESENTATION_ITEM('')
);
#678=(
BOUNDED_CURVE()
B_SPLINE_CURVE(2,(#11400,#11401,#11402),.UNSPECIFIED.,.F.,.F.)
B_SPLINE_CURVE_WITH_KNOTS((3,3),(67.0441736803272,95.5825016842244),
 .UNSPECIFIED.)
CURVE()
GEOMETRIC_REPRESENTATION_ITEM()
RATIONAL_B_SPLINE_CURVE((709.939488392218,847.322643374003,973.211111065458))
REPRESENTATION_ITEM('')
);
#679=(
BOUNDED_CURVE()
B_SPLINE_CURVE(2,(#11408,#11409,#11410),.UNSPECIFIED.,.F.,.F.)
B_SPLINE_CURVE_WITH_KNOTS((3,3),(67.0441736859716,95.5825016928359),
 .UNSPECIFIED.)
CURVE()
GEOMETRIC_REPRESENTATION_ITEM()
RATIONAL_B_SPLINE_CURVE((709.93948836653,847.322643344816,973.211111031681))
REPRESENTATION_ITEM('')
);
#680=(
BOUNDED_CURVE()
B_SPLINE_CURVE(2,(#11412,#11413,#11414),.UNSPECIFIED.,.F.,.F.)
B_SPLINE_CURVE_WITH_KNOTS((3,3),(67.0441736598765,95.5825016575634),
 .UNSPECIFIED.)
CURVE()
GEOMETRIC_REPRESENTATION_ITEM()
RATIONAL_B_SPLINE_CURVE((709.93948842495,847.322643429575,973.211111145151))
REPRESENTATION_ITEM('')
);
#681=(
BOUNDED_CURVE()
B_SPLINE_CURVE(2,(#11420,#11421,#11422),.UNSPECIFIED.,.F.,.F.)
B_SPLINE_CURVE_WITH_KNOTS((3,3),(67.0441736878333,95.5825016733542),
 .UNSPECIFIED.)
CURVE()
GEOMETRIC_REPRESENTATION_ITEM()
RATIONAL_B_SPLINE_CURVE((709.939488566012,847.322643475983,973.211111108781))
REPRESENTATION_ITEM('')
);
#682=(
BOUNDED_CURVE()
B_SPLINE_CURVE(2,(#11424,#11425,#11426),.UNSPECIFIED.,.F.,.F.)
B_SPLINE_CURVE_WITH_KNOTS((3,3),(67.044173689036,95.5825016748899),
 .UNSPECIFIED.)
CURVE()
GEOMETRIC_REPRESENTATION_ITEM()
RATIONAL_B_SPLINE_CURVE((709.93948856314,847.32264347143,973.211111102514))
REPRESENTATION_ITEM('')
);
#683=(
BOUNDED_CURVE()
B_SPLINE_CURVE(2,(#11432,#11433,#11434),.UNSPECIFIED.,.F.,.F.)
B_SPLINE_CURVE_WITH_KNOTS((3,3),(67.0441736986627,95.5825017080283),
 .UNSPECIFIED.)
CURVE()
GEOMETRIC_REPRESENTATION_ITEM()
RATIONAL_B_SPLINE_CURVE((709.93948834866,847.322643306735,973.211110973646))
REPRESENTATION_ITEM('')
);
#684=(
BOUNDED_CURVE()
B_SPLINE_CURVE(2,(#11436,#11437,#11438),.UNSPECIFIED.,.F.,.F.)
B_SPLINE_CURVE_WITH_KNOTS((3,3),(67.0441736782111,95.582501681743),
 .UNSPECIFIED.)
CURVE()
GEOMETRIC_REPRESENTATION_ITEM()
RATIONAL_B_SPLINE_CURVE((709.939488394447,847.322643379704,973.211111074561))
REPRESENTATION_ITEM('')
);
#685=(
BOUNDED_CURVE()
B_SPLINE_CURVE(2,(#11444,#11445,#11446),.UNSPECIFIED.,.F.,.F.)
B_SPLINE_CURVE_WITH_KNOTS((3,3),(67.0441736491941,95.5825016356589),
 .UNSPECIFIED.)
CURVE()
GEOMETRIC_REPRESENTATION_ITEM()
RATIONAL_B_SPLINE_CURVE((709.939488524408,847.322643518516,973.211111229333))
REPRESENTATION_ITEM('')
);
#686=(
BOUNDED_CURVE()
B_SPLINE_CURVE(2,(#11448,#11449,#11450),.UNSPECIFIED.,.F.,.F.)
B_SPLINE_CURVE_WITH_KNOTS((3,3),(67.0441736966269,95.5825016983506),
 .UNSPECIFIED.)
CURVE()
GEOMETRIC_REPRESENTATION_ITEM()
RATIONAL_B_SPLINE_CURVE((709.939488418357,847.322643357767,973.211111010722))
REPRESENTATION_ITEM('')
);
#687=(
BOUNDED_CURVE()
B_SPLINE_CURVE(2,(#11456,#11457,#11458),.UNSPECIFIED.,.F.,.F.)
B_SPLINE_CURVE_WITH_KNOTS((3,3),(67.0441736992075,95.582501684913),
 .UNSPECIFIED.)
CURVE()
GEOMETRIC_REPRESENTATION_ITEM()
RATIONAL_B_SPLINE_CURVE((709.939488568811,847.322643454411,973.211111064421))
REPRESENTATION_ITEM('')
);
#688=(
BOUNDED_CURVE()
B_SPLINE_CURVE(2,(#11460,#11461,#11462),.UNSPECIFIED.,.F.,.F.)
B_SPLINE_CURVE_WITH_KNOTS((3,3),(67.0441736778153,95.5825016574073),
 .UNSPECIFIED.)
CURVE()
GEOMETRIC_REPRESENTATION_ITEM()
RATIONAL_B_SPLINE_CURVE((709.939488616657,847.322643530626,973.211111169813))
REPRESENTATION_ITEM('')
);
#689=(
BOUNDED_CURVE()
B_SPLINE_CURVE(2,(#11470,#11471,#11472),.UNSPECIFIED.,.F.,.F.)
B_SPLINE_CURVE_WITH_KNOTS((3,3),(67.044173678612,95.5825016732384),
 .UNSPECIFIED.)
CURVE()
GEOMETRIC_REPRESENTATION_ITEM()
RATIONAL_B_SPLINE_CURVE((709.939488477228,847.322643434747,973.211111107759))
REPRESENTATION_ITEM('')
);
#690=(
BOUNDED_CURVE()
B_SPLINE_CURVE(2,(#11477,#11478,#11479),.UNSPECIFIED.,.F.,.F.)
B_SPLINE_CURVE_WITH_KNOTS((3,3),(67.0441736983413,95.5825016985987),
 .UNSPECIFIED.)
CURVE()
GEOMETRIC_REPRESENTATION_ITEM()
RATIONAL_B_SPLINE_CURVE((709.939488433009,847.322643364312,973.21111101037))
REPRESENTATION_ITEM('')
);
#691=(
BOUNDED_CURVE()
B_SPLINE_CURVE(2,(#11487,#11488,#11489),.UNSPECIFIED.,.F.,.F.)
B_SPLINE_CURVE_WITH_KNOTS((3,3),(67.0441736784084,95.5825016858416),
 .UNSPECIFIED.)
CURVE()
GEOMETRIC_REPRESENTATION_ITEM()
RATIONAL_B_SPLINE_CURVE((709.939488358552,847.322643355188,973.211111058893))
REPRESENTATION_ITEM('')
);
#692=(
BOUNDED_CURVE()
B_SPLINE_CURVE(2,(#11497,#11498,#11499),.UNSPECIFIED.,.F.,.F.)
B_SPLINE_CURVE_WITH_KNOTS((3,3),(67.0441736517378,95.5825016375059),
 .UNSPECIFIED.)
CURVE()
GEOMETRIC_REPRESENTATION_ITEM()
RATIONAL_B_SPLINE_CURVE((709.939488532226,847.322643518724,973.211111222763))
REPRESENTATION_ITEM('')
);
#693=(
BOUNDED_CURVE()
B_SPLINE_CURVE(2,(#11505,#11506,#11507),.UNSPECIFIED.,.F.,.F.)
B_SPLINE_CURVE_WITH_KNOTS((3,3),(67.0441736630399,95.582501652024),
 .UNSPECIFIED.)
CURVE()
GEOMETRIC_REPRESENTATION_ITEM()
RATIONAL_B_SPLINE_CURVE((709.939488506911,847.322643478347,973.211111166909))
REPRESENTATION_ITEM('')
);
#694=(
BOUNDED_CURVE()
B_SPLINE_CURVE(2,(#11515,#11516,#11517),.UNSPECIFIED.,.F.,.F.)
B_SPLINE_CURVE_WITH_KNOTS((3,3),(67.0441736968612,95.5825016805114),
 .UNSPECIFIED.)
CURVE()
GEOMETRIC_REPRESENTATION_ITEM()
RATIONAL_B_SPLINE_CURVE((709.939488585867,847.322643470201,973.211111079957))
REPRESENTATION_ITEM('')
);
#695=(
BOUNDED_CURVE()
B_SPLINE_CURVE(2,(#11522,#11523,#11524),.UNSPECIFIED.,.F.,.F.)
B_SPLINE_CURVE_WITH_KNOTS((3,3),(67.0441736801812,95.5825016591094),
 .UNSPECIFIED.)
CURVE()
GEOMETRIC_REPRESENTATION_ITEM()
RATIONAL_B_SPLINE_CURVE((709.939488623874,847.32264353068,973.21111116349))
REPRESENTATION_ITEM('')
);
#696=(
BOUNDED_CURVE()
B_SPLINE_CURVE(2,(#11530,#11531,#11532),.UNSPECIFIED.,.F.,.F.)
B_SPLINE_CURVE_WITH_KNOTS((3,3),(67.0441736814508,95.5825016718317),
 .UNSPECIFIED.)
CURVE()
GEOMETRIC_REPRESENTATION_ITEM()
RATIONAL_B_SPLINE_CURVE((709.93948851827,847.322643456864,973.211111114149))
REPRESENTATION_ITEM('')
);
#697=(
BOUNDED_CURVE()
B_SPLINE_CURVE(2,(#11534,#11535,#11536),.UNSPECIFIED.,.F.,.F.)
B_SPLINE_CURVE_WITH_KNOTS((3,3),(67.0441736954178,95.582501689737),
 .UNSPECIFIED.)
CURVE()
GEOMETRIC_REPRESENTATION_ITEM()
RATIONAL_B_SPLINE_CURVE((709.939488486008,847.322643405625,973.211111043465))
REPRESENTATION_ITEM('')
);
#698=(
BOUNDED_CURVE()
B_SPLINE_CURVE(2,(#11542,#11543,#11544),.UNSPECIFIED.,.F.,.F.)
B_SPLINE_CURVE_WITH_KNOTS((3,3),(67.0441736546514,95.582501649683),
 .UNSPECIFIED.)
CURVE()
GEOMETRIC_REPRESENTATION_ITEM()
RATIONAL_B_SPLINE_CURVE((709.939488446896,847.322643454844,973.21111117471))
REPRESENTATION_ITEM('')
);
#699=(
BOUNDED_CURVE()
B_SPLINE_CURVE(2,(#11546,#11547,#11548),.UNSPECIFIED.,.F.,.F.)
B_SPLINE_CURVE_WITH_KNOTS((3,3),(67.0441736601189,95.5825016567455),
 .UNSPECIFIED.)
CURVE()
GEOMETRIC_REPRESENTATION_ITEM()
RATIONAL_B_SPLINE_CURVE((709.939488435067,847.322643435998,973.211111148607))
REPRESENTATION_ITEM('')
);
#700=(
BOUNDED_CURVE()
B_SPLINE_CURVE(2,(#11554,#11555,#11556),.UNSPECIFIED.,.F.,.F.)
B_SPLINE_CURVE_WITH_KNOTS((3,3),(67.044173655706,95.5825016484883),
 .UNSPECIFIED.)
CURVE()
GEOMETRIC_REPRESENTATION_ITEM()
RATIONAL_B_SPLINE_CURVE((709.939488468907,847.322643467899,973.211111180429))
REPRESENTATION_ITEM('')
);
#701=(
BOUNDED_CURVE()
B_SPLINE_CURVE(2,(#11558,#11559,#11560),.UNSPECIFIED.,.F.,.F.)
B_SPLINE_CURVE_WITH_KNOTS((3,3),(67.0441736899479,95.5825016942148),
 .UNSPECIFIED.)
CURVE()
GEOMETRIC_REPRESENTATION_ITEM()
RATIONAL_B_SPLINE_CURVE((709.939488392215,847.322643353953,973.211111026569))
REPRESENTATION_ITEM('')
);
#702=(
BOUNDED_CURVE()
B_SPLINE_CURVE(2,(#11566,#11567,#11568),.UNSPECIFIED.,.F.,.F.)
B_SPLINE_CURVE_WITH_KNOTS((3,3),(67.0441736890928,95.5825016747813),
 .UNSPECIFIED.)
CURVE()
GEOMETRIC_REPRESENTATION_ITEM()
RATIONAL_B_SPLINE_CURVE((709.939488563687,847.322643471158,973.211111101555))
REPRESENTATION_ITEM('')
);
#703=(
BOUNDED_CURVE()
B_SPLINE_CURVE(2,(#11570,#11571,#11572),.UNSPECIFIED.,.F.,.F.)
B_SPLINE_CURVE_WITH_KNOTS((3,3),(67.0441736877356,95.5825016730495),
 .UNSPECIFIED.)
CURVE()
GEOMETRIC_REPRESENTATION_ITEM()
RATIONAL_B_SPLINE_CURVE((709.939488566924,847.322643476297,973.211111108634))
REPRESENTATION_ITEM('')
);
#704=(
BOUNDED_CURVE()
B_SPLINE_CURVE(2,(#11578,#11579,#11580),.UNSPECIFIED.,.F.,.F.)
B_SPLINE_CURVE_WITH_KNOTS((3,3),(67.0441736970546,95.582501703962),
 .UNSPECIFIED.)
CURVE()
GEOMETRIC_REPRESENTATION_ITEM()
RATIONAL_B_SPLINE_CURVE((709.939488370971,847.322643325184,973.2111109896))
REPRESENTATION_ITEM('')
);
#705=(
BOUNDED_CURVE()
B_SPLINE_CURVE(2,(#11582,#11583,#11584),.UNSPECIFIED.,.F.,.F.)
B_SPLINE_CURVE_WITH_KNOTS((3,3),(67.044173648804,95.5825016402417),
 .UNSPECIFIED.)
CURVE()
GEOMETRIC_REPRESENTATION_ITEM()
RATIONAL_B_SPLINE_CURVE((709.939488479155,847.322643489317,973.211111212856))
REPRESENTATION_ITEM('')
);
#706=(
BOUNDED_CURVE()
B_SPLINE_CURVE(2,(#11590,#11591,#11592),.UNSPECIFIED.,.F.,.F.)
B_SPLINE_CURVE_WITH_KNOTS((3,3),(67.0441736940466,95.5825016912463),
 .UNSPECIFIED.)
CURVE()
GEOMETRIC_REPRESENTATION_ITEM()
RATIONAL_B_SPLINE_CURVE((709.939488459096,847.322643390477,973.211111037981))
REPRESENTATION_ITEM('')
);
#707=(
BOUNDED_CURVE()
B_SPLINE_CURVE(2,(#11594,#11595,#11596),.UNSPECIFIED.,.F.,.F.)
B_SPLINE_CURVE_WITH_KNOTS((3,3),(67.0441736828518,95.5825016768818),
 .UNSPECIFIED.)
CURVE()
GEOMETRIC_REPRESENTATION_ITEM()
RATIONAL_B_SPLINE_CURVE((709.939488484701,847.32264343118,973.211111094172))
REPRESENTATION_ITEM('')
);
#708=(
BOUNDED_CURVE()
B_SPLINE_CURVE(2,(#11603,#11604,#11605),.UNSPECIFIED.,.F.,.F.)
B_SPLINE_CURVE_WITH_KNOTS((3,3),(67.0441736621312,95.5825016601288),
 .UNSPECIFIED.)
CURVE()
GEOMETRIC_REPRESENTATION_ITEM()
RATIONAL_B_SPLINE_CURVE((709.939488423316,847.322643424006,973.211111135775))
REPRESENTATION_ITEM('')
);
#709=(
BOUNDED_CURVE()
B_SPLINE_CURVE(2,(#11607,#11608,#11609),.UNSPECIFIED.,.F.,.F.)
B_SPLINE_CURVE_WITH_KNOTS((3,3),(67.0441736838894,95.5825016898268),
 .UNSPECIFIED.)
CURVE()
GEOMETRIC_REPRESENTATION_ITEM()
RATIONAL_B_SPLINE_CURVE((709.939488375013,847.322643355203,973.211111044258))
REPRESENTATION_ITEM('')
);
#710=(
BOUNDED_CURVE()
B_SPLINE_CURVE(2,(#11615,#11616,#11617),.UNSPECIFIED.,.F.,.F.)
B_SPLINE_CURVE_WITH_KNOTS((3,3),(67.0441736887903,95.5825016807932),
 .UNSPECIFIED.)
CURVE()
GEOMETRIC_REPRESENTATION_ITEM()
RATIONAL_B_SPLINE_CURVE((709.939488506678,847.322643434185,973.21111108041))
REPRESENTATION_ITEM('')
);
#711=(
BOUNDED_CURVE()
B_SPLINE_CURVE(2,(#11619,#11620,#11621),.UNSPECIFIED.,.F.,.F.)
B_SPLINE_CURVE_WITH_KNOTS((3,3),(67.044173688143,95.5825016799448),
 .UNSPECIFIED.)
CURVE()
GEOMETRIC_REPRESENTATION_ITEM()
RATIONAL_B_SPLINE_CURVE((709.939488507857,847.322643436093,973.211111083088))
REPRESENTATION_ITEM('')
);
#712=(
BOUNDED_CURVE()
B_SPLINE_CURVE(2,(#11627,#11628,#11629),.UNSPECIFIED.,.F.,.F.)
B_SPLINE_CURVE_WITH_KNOTS((3,3),(67.0441736942947,95.5825016882852),
 .UNSPECIFIED.)
CURVE()
GEOMETRIC_REPRESENTATION_ITEM()
RATIONAL_B_SPLINE_CURVE((709.939488489644,847.322643410933,973.211111050473))
REPRESENTATION_ITEM('')
);
#713=(
BOUNDED_CURVE()
B_SPLINE_CURVE(2,(#11631,#11632,#11633),.UNSPECIFIED.,.F.,.F.)
B_SPLINE_CURVE_WITH_KNOTS((3,3),(67.0441736826081,95.5825016732527),
 .UNSPECIFIED.)
CURVE()
GEOMETRIC_REPRESENTATION_ITEM()
RATIONAL_B_SPLINE_CURVE((709.939488515702,847.322643452444,973.211111107885))
REPRESENTATION_ITEM('')
);
#714=(
BOUNDED_CURVE()
B_SPLINE_CURVE(2,(#11639,#11640,#11641),.UNSPECIFIED.,.F.,.F.)
B_SPLINE_CURVE_WITH_KNOTS((3,3),(67.0441736829084,95.5825016670599),
 .UNSPECIFIED.)
CURVE()
GEOMETRIC_REPRESENTATION_ITEM()
RATIONAL_B_SPLINE_CURVE((709.939488576397,847.322643492961,973.211111132517))
REPRESENTATION_ITEM('')
);
#715=(
BOUNDED_CURVE()
B_SPLINE_CURVE(2,(#11643,#11644,#11645),.UNSPECIFIED.,.F.,.F.)
B_SPLINE_CURVE_WITH_KNOTS((3,3),(67.0441736942217,95.5825016815915),
 .UNSPECIFIED.)
CURVE()
GEOMETRIC_REPRESENTATION_ITEM()
RATIONAL_B_SPLINE_CURVE((709.93948855082,847.322643452256,973.211111076274))
REPRESENTATION_ITEM('')
);
#716=(
BOUNDED_CURVE()
B_SPLINE_CURVE(2,(#11651,#11652,#11653),.UNSPECIFIED.,.F.,.F.)
B_SPLINE_CURVE_WITH_KNOTS((3,3),(67.0441736628206,95.5825016509478),
 .UNSPECIFIED.)
CURVE()
GEOMETRIC_REPRESENTATION_ITEM()
RATIONAL_B_SPLINE_CURVE((709.939488514434,847.3226434837,973.211111170626))
REPRESENTATION_ITEM('')
);
#717=(
BOUNDED_CURVE()
B_SPLINE_CURVE(2,(#11655,#11656,#11657),.UNSPECIFIED.,.F.,.F.)
B_SPLINE_CURVE_WITH_KNOTS((3,3),(67.0441736519253,95.5825016369479),
 .UNSPECIFIED.)
CURVE()
GEOMETRIC_REPRESENTATION_ITEM()
RATIONAL_B_SPLINE_CURVE((709.939488539218,847.322643523057,973.211111224953))
REPRESENTATION_ITEM('')
);
#718=(
BOUNDED_CURVE()
B_SPLINE_CURVE(2,(#11663,#11664,#11665),.UNSPECIFIED.,.F.,.F.)
B_SPLINE_CURVE_WITH_KNOTS((3,3),(67.0441736541754,95.5825016398077),
 .UNSPECIFIED.)
CURVE()
GEOMETRIC_REPRESENTATION_ITEM()
RATIONAL_B_SPLINE_CURVE((709.939488534574,847.322643515344,973.211111214108))
REPRESENTATION_ITEM('')
);
#719=(
BOUNDED_CURVE()
B_SPLINE_CURVE(2,(#11667,#11668,#11669),.UNSPECIFIED.,.F.,.F.)
B_SPLINE_CURVE_WITH_KNOTS((3,3),(67.0441736916106,95.5825016896504),
 .UNSPECIFIED.)
CURVE()
GEOMETRIC_REPRESENTATION_ITEM()
RATIONAL_B_SPLINE_CURVE((709.939488451204,847.322643390625,973.211111045242))
REPRESENTATION_ITEM('')
);
#720=(
BOUNDED_CURVE()
B_SPLINE_CURVE(2,(#11675,#11676,#11677),.UNSPECIFIED.,.F.,.F.)
B_SPLINE_CURVE_WITH_KNOTS((3,3),(67.0441736897319,95.5825016721474),
 .UNSPECIFIED.)
CURVE()
GEOMETRIC_REPRESENTATION_ITEM()
RATIONAL_B_SPLINE_CURVE((709.939488593925,847.322643490049,973.211111111346))
REPRESENTATION_ITEM('')
);
#721=(
BOUNDED_CURVE()
B_SPLINE_CURVE(2,(#11679,#11680,#11681),.UNSPECIFIED.,.F.,.F.)
B_SPLINE_CURVE_WITH_KNOTS((3,3),(67.0441736873611,95.5825016691209),
 .UNSPECIFIED.)
CURVE()
GEOMETRIC_REPRESENTATION_ITEM()
RATIONAL_B_SPLINE_CURVE((709.93948859963,847.32264349908,973.21111112377))
REPRESENTATION_ITEM('')
);
#722=(
BOUNDED_CURVE()
B_SPLINE_CURVE(2,(#11687,#11688,#11689),.UNSPECIFIED.,.F.,.F.)
B_SPLINE_CURVE_WITH_KNOTS((3,3),(67.044173685696,95.5825017014344),
 .UNSPECIFIED.)
CURVE()
GEOMETRIC_REPRESENTATION_ITEM()
RATIONAL_B_SPLINE_CURVE((709.939488284953,847.322643290776,973.211110999311))
REPRESENTATION_ITEM('')
);
#723=(
BOUNDED_CURVE()
B_SPLINE_CURVE(2,(#11691,#11692,#11693),.UNSPECIFIED.,.F.,.F.)
B_SPLINE_CURVE_WITH_KNOTS((3,3),(67.0441736912273,95.5825017085503),
 .UNSPECIFIED.)
CURVE()
GEOMETRIC_REPRESENTATION_ITEM()
RATIONAL_B_SPLINE_CURVE((709.939488272626,847.322643271141,973.211110972154))
REPRESENTATION_ITEM('')
);
#724=STYLED_ITEM('',(#11862),#729);
#725=STYLED_ITEM('',(#11863),#730);
#726=STYLED_ITEM('',(#11863),#731);
#727=STYLED_ITEM('',(#11863),#732);
#728=STYLED_ITEM('',(#11864),#733);
#729=MANIFOLD_SOLID_BREP('Back Plate Logo 3',#6597);
#730=MANIFOLD_SOLID_BREP('Back Plate Logo 2',#6598);
#731=MANIFOLD_SOLID_BREP('Back Plate Logo 4',#6599);
#732=MANIFOLD_SOLID_BREP('Back Plate Logo 1',#6600);
#733=MANIFOLD_SOLID_BREP('Back Plate Main',#6601);
#734=FACE_OUTER_BOUND('',#1141,.T.);
#735=FACE_OUTER_BOUND('',#1142,.T.);
#736=FACE_OUTER_BOUND('',#1143,.T.);
#737=FACE_OUTER_BOUND('',#1144,.T.);
#738=FACE_OUTER_BOUND('',#1145,.T.);
#739=FACE_OUTER_BOUND('',#1146,.T.);
#740=FACE_OUTER_BOUND('',#1147,.T.);
#741=FACE_OUTER_BOUND('',#1148,.T.);
#742=FACE_OUTER_BOUND('',#1149,.T.);
#743=FACE_OUTER_BOUND('',#1150,.T.);
#744=FACE_OUTER_BOUND('',#1151,.T.);
#745=FACE_OUTER_BOUND('',#1152,.T.);
#746=FACE_OUTER_BOUND('',#1153,.T.);
#747=FACE_OUTER_BOUND('',#1154,.T.);
#748=FACE_OUTER_BOUND('',#1155,.T.);
#749=FACE_OUTER_BOUND('',#1156,.T.);
#750=FACE_OUTER_BOUND('',#1157,.T.);
#751=FACE_OUTER_BOUND('',#1158,.T.);
#752=FACE_OUTER_BOUND('',#1159,.T.);
#753=FACE_OUTER_BOUND('',#1160,.T.);
#754=FACE_OUTER_BOUND('',#1161,.T.);
#755=FACE_OUTER_BOUND('',#1162,.T.);
#756=FACE_OUTER_BOUND('',#1163,.T.);
#757=FACE_OUTER_BOUND('',#1164,.T.);
#758=FACE_OUTER_BOUND('',#1165,.T.);
#759=FACE_OUTER_BOUND('',#1166,.T.);
#760=FACE_OUTER_BOUND('',#1167,.T.);
#761=FACE_OUTER_BOUND('',#1168,.T.);
#762=FACE_OUTER_BOUND('',#1169,.T.);
#763=FACE_OUTER_BOUND('',#1170,.T.);
#764=FACE_OUTER_BOUND('',#1171,.T.);
#765=FACE_OUTER_BOUND('',#1172,.T.);
#766=FACE_OUTER_BOUND('',#1173,.T.);
#767=FACE_OUTER_BOUND('',#1174,.T.);
#768=FACE_OUTER_BOUND('',#1175,.T.);
#769=FACE_OUTER_BOUND('',#1177,.T.);
#770=FACE_OUTER_BOUND('',#1178,.T.);
#771=FACE_OUTER_BOUND('',#1179,.T.);
#772=FACE_OUTER_BOUND('',#1180,.T.);
#773=FACE_OUTER_BOUND('',#1181,.T.);
#774=FACE_OUTER_BOUND('',#1182,.T.);
#775=FACE_OUTER_BOUND('',#1183,.T.);
#776=FACE_OUTER_BOUND('',#1184,.T.);
#777=FACE_OUTER_BOUND('',#1185,.T.);
#778=FACE_OUTER_BOUND('',#1186,.T.);
#779=FACE_OUTER_BOUND('',#1187,.T.);
#780=FACE_OUTER_BOUND('',#1188,.T.);
#781=FACE_OUTER_BOUND('',#1189,.T.);
#782=FACE_OUTER_BOUND('',#1190,.T.);
#783=FACE_OUTER_BOUND('',#1191,.T.);
#784=FACE_OUTER_BOUND('',#1192,.T.);
#785=FACE_OUTER_BOUND('',#1193,.T.);
#786=FACE_OUTER_BOUND('',#1194,.T.);
#787=FACE_OUTER_BOUND('',#1195,.T.);
#788=FACE_OUTER_BOUND('',#1196,.T.);
#789=FACE_OUTER_BOUND('',#1197,.T.);
#790=FACE_OUTER_BOUND('',#1198,.T.);
#791=FACE_OUTER_BOUND('',#1199,.T.);
#792=FACE_OUTER_BOUND('',#1200,.T.);
#793=FACE_OUTER_BOUND('',#1201,.T.);
#794=FACE_OUTER_BOUND('',#1202,.T.);
#795=FACE_OUTER_BOUND('',#1203,.T.);
#796=FACE_OUTER_BOUND('',#1204,.T.);
#797=FACE_OUTER_BOUND('',#1205,.T.);
#798=FACE_OUTER_BOUND('',#1212,.T.);
#799=FACE_OUTER_BOUND('',#1213,.T.);
#800=FACE_OUTER_BOUND('',#1214,.T.);
#801=FACE_OUTER_BOUND('',#1215,.T.);
#802=FACE_OUTER_BOUND('',#1216,.T.);
#803=FACE_OUTER_BOUND('',#1217,.T.);
#804=FACE_OUTER_BOUND('',#1218,.T.);
#805=FACE_OUTER_BOUND('',#1219,.T.);
#806=FACE_OUTER_BOUND('',#1220,.T.);
#807=FACE_OUTER_BOUND('',#1221,.T.);
#808=FACE_OUTER_BOUND('',#1222,.T.);
#809=FACE_OUTER_BOUND('',#1223,.T.);
#810=FACE_OUTER_BOUND('',#1224,.T.);
#811=FACE_OUTER_BOUND('',#1225,.T.);
#812=FACE_OUTER_BOUND('',#1226,.T.);
#813=FACE_OUTER_BOUND('',#1227,.T.);
#814=FACE_OUTER_BOUND('',#1228,.T.);
#815=FACE_OUTER_BOUND('',#1229,.T.);
#816=FACE_OUTER_BOUND('',#1230,.T.);
#817=FACE_OUTER_BOUND('',#1231,.T.);
#818=FACE_OUTER_BOUND('',#1232,.T.);
#819=FACE_OUTER_BOUND('',#1233,.T.);
#820=FACE_OUTER_BOUND('',#1234,.T.);
#821=FACE_OUTER_BOUND('',#1235,.T.);
#822=FACE_OUTER_BOUND('',#1236,.T.);
#823=FACE_OUTER_BOUND('',#1237,.T.);
#824=FACE_OUTER_BOUND('',#1238,.T.);
#825=FACE_OUTER_BOUND('',#1239,.T.);
#826=FACE_OUTER_BOUND('',#1240,.T.);
#827=FACE_OUTER_BOUND('',#1241,.T.);
#828=FACE_OUTER_BOUND('',#1242,.T.);
#829=FACE_OUTER_BOUND('',#1243,.T.);
#830=FACE_OUTER_BOUND('',#1244,.T.);
#831=FACE_OUTER_BOUND('',#1245,.T.);
#832=FACE_OUTER_BOUND('',#1246,.T.);
#833=FACE_OUTER_BOUND('',#1247,.T.);
#834=FACE_OUTER_BOUND('',#1248,.T.);
#835=FACE_OUTER_BOUND('',#1249,.T.);
#836=FACE_OUTER_BOUND('',#1250,.T.);
#837=FACE_OUTER_BOUND('',#1251,.T.);
#838=FACE_OUTER_BOUND('',#1252,.T.);
#839=FACE_OUTER_BOUND('',#1253,.T.);
#840=FACE_OUTER_BOUND('',#1254,.T.);
#841=FACE_OUTER_BOUND('',#1255,.T.);
#842=FACE_OUTER_BOUND('',#1256,.T.);
#843=FACE_OUTER_BOUND('',#1257,.T.);
#844=FACE_OUTER_BOUND('',#1258,.T.);
#845=FACE_OUTER_BOUND('',#1260,.T.);
#846=FACE_OUTER_BOUND('',#1261,.T.);
#847=FACE_OUTER_BOUND('',#1262,.T.);
#848=FACE_OUTER_BOUND('',#1263,.T.);
#849=FACE_OUTER_BOUND('',#1264,.T.);
#850=FACE_OUTER_BOUND('',#1265,.T.);
#851=FACE_OUTER_BOUND('',#1266,.T.);
#852=FACE_OUTER_BOUND('',#1267,.T.);
#853=FACE_OUTER_BOUND('',#1268,.T.);
#854=FACE_OUTER_BOUND('',#1269,.T.);
#855=FACE_OUTER_BOUND('',#1270,.T.);
#856=FACE_OUTER_BOUND('',#1271,.T.);
#857=FACE_OUTER_BOUND('',#1272,.T.);
#858=FACE_OUTER_BOUND('',#1273,.T.);
#859=FACE_OUTER_BOUND('',#1274,.T.);
#860=FACE_OUTER_BOUND('',#1275,.T.);
#861=FACE_OUTER_BOUND('',#1276,.T.);
#862=FACE_OUTER_BOUND('',#1277,.T.);
#863=FACE_OUTER_BOUND('',#1278,.T.);
#864=FACE_OUTER_BOUND('',#1279,.T.);
#865=FACE_OUTER_BOUND('',#1280,.T.);
#866=FACE_OUTER_BOUND('',#1281,.T.);
#867=FACE_OUTER_BOUND('',#1282,.T.);
#868=FACE_OUTER_BOUND('',#1283,.T.);
#869=FACE_OUTER_BOUND('',#1284,.T.);
#870=FACE_OUTER_BOUND('',#1285,.T.);
#871=FACE_OUTER_BOUND('',#1286,.T.);
#872=FACE_OUTER_BOUND('',#1287,.T.);
#873=FACE_OUTER_BOUND('',#1288,.T.);
#874=FACE_OUTER_BOUND('',#1289,.T.);
#875=FACE_OUTER_BOUND('',#1290,.T.);
#876=FACE_OUTER_BOUND('',#1291,.T.);
#877=FACE_OUTER_BOUND('',#1292,.T.);
#878=FACE_OUTER_BOUND('',#1293,.T.);
#879=FACE_OUTER_BOUND('',#1294,.T.);
#880=FACE_OUTER_BOUND('',#1295,.T.);
#881=FACE_OUTER_BOUND('',#1296,.T.);
#882=FACE_OUTER_BOUND('',#1297,.T.);
#883=FACE_OUTER_BOUND('',#1298,.T.);
#884=FACE_OUTER_BOUND('',#1299,.T.);
#885=FACE_OUTER_BOUND('',#1300,.T.);
#886=FACE_OUTER_BOUND('',#1301,.T.);
#887=FACE_OUTER_BOUND('',#1302,.T.);
#888=FACE_OUTER_BOUND('',#1303,.T.);
#889=FACE_OUTER_BOUND('',#1304,.T.);
#890=FACE_OUTER_BOUND('',#1305,.T.);
#891=FACE_OUTER_BOUND('',#1306,.T.);
#892=FACE_OUTER_BOUND('',#1307,.T.);
#893=FACE_OUTER_BOUND('',#1308,.T.);
#894=FACE_OUTER_BOUND('',#1309,.T.);
#895=FACE_OUTER_BOUND('',#1310,.T.);
#896=FACE_OUTER_BOUND('',#1311,.T.);
#897=FACE_OUTER_BOUND('',#1312,.T.);
#898=FACE_OUTER_BOUND('',#1313,.T.);
#899=FACE_OUTER_BOUND('',#1314,.T.);
#900=FACE_OUTER_BOUND('',#1315,.T.);
#901=FACE_OUTER_BOUND('',#1316,.T.);
#902=FACE_OUTER_BOUND('',#1317,.T.);
#903=FACE_OUTER_BOUND('',#1318,.T.);
#904=FACE_OUTER_BOUND('',#1319,.T.);
#905=FACE_OUTER_BOUND('',#1320,.T.);
#906=FACE_OUTER_BOUND('',#1321,.T.);
#907=FACE_OUTER_BOUND('',#1322,.T.);
#908=FACE_OUTER_BOUND('',#1323,.T.);
#909=FACE_OUTER_BOUND('',#1324,.T.);
#910=FACE_OUTER_BOUND('',#1325,.T.);
#911=FACE_OUTER_BOUND('',#1326,.T.);
#912=FACE_OUTER_BOUND('',#1327,.T.);
#913=FACE_OUTER_BOUND('',#1328,.T.);
#914=FACE_OUTER_BOUND('',#1329,.T.);
#915=FACE_OUTER_BOUND('',#1330,.T.);
#916=FACE_OUTER_BOUND('',#1331,.T.);
#917=FACE_OUTER_BOUND('',#1332,.T.);
#918=FACE_OUTER_BOUND('',#1333,.T.);
#919=FACE_OUTER_BOUND('',#1334,.T.);
#920=FACE_OUTER_BOUND('',#1335,.T.);
#921=FACE_OUTER_BOUND('',#1336,.T.);
#922=FACE_OUTER_BOUND('',#1337,.T.);
#923=FACE_OUTER_BOUND('',#1338,.T.);
#924=FACE_OUTER_BOUND('',#1339,.T.);
#925=FACE_OUTER_BOUND('',#1340,.T.);
#926=FACE_OUTER_BOUND('',#1341,.T.);
#927=FACE_OUTER_BOUND('',#1342,.T.);
#928=FACE_OUTER_BOUND('',#1343,.T.);
#929=FACE_OUTER_BOUND('',#1344,.T.);
#930=FACE_OUTER_BOUND('',#1345,.T.);
#931=FACE_OUTER_BOUND('',#1346,.T.);
#932=FACE_OUTER_BOUND('',#1347,.T.);
#933=FACE_OUTER_BOUND('',#1348,.T.);
#934=FACE_OUTER_BOUND('',#1349,.T.);
#935=FACE_OUTER_BOUND('',#1350,.T.);
#936=FACE_OUTER_BOUND('',#1351,.T.);
#937=FACE_OUTER_BOUND('',#1352,.T.);
#938=FACE_OUTER_BOUND('',#1353,.T.);
#939=FACE_OUTER_BOUND('',#1354,.T.);
#940=FACE_OUTER_BOUND('',#1355,.T.);
#941=FACE_OUTER_BOUND('',#1356,.T.);
#942=FACE_OUTER_BOUND('',#1357,.T.);
#943=FACE_OUTER_BOUND('',#1358,.T.);
#944=FACE_OUTER_BOUND('',#1359,.T.);
#945=FACE_OUTER_BOUND('',#1360,.T.);
#946=FACE_OUTER_BOUND('',#1361,.T.);
#947=FACE_OUTER_BOUND('',#1363,.T.);
#948=FACE_OUTER_BOUND('',#1364,.T.);
#949=FACE_OUTER_BOUND('',#1365,.T.);
#950=FACE_OUTER_BOUND('',#1366,.T.);
#951=FACE_OUTER_BOUND('',#1368,.T.);
#952=FACE_OUTER_BOUND('',#1370,.T.);
#953=FACE_OUTER_BOUND('',#1371,.T.);
#954=FACE_OUTER_BOUND('',#1372,.T.);
#955=FACE_OUTER_BOUND('',#1373,.T.);
#956=FACE_OUTER_BOUND('',#1374,.T.);
#957=FACE_OUTER_BOUND('',#1375,.T.);
#958=FACE_OUTER_BOUND('',#1376,.T.);
#959=FACE_OUTER_BOUND('',#1377,.T.);
#960=FACE_OUTER_BOUND('',#1378,.T.);
#961=FACE_OUTER_BOUND('',#1379,.T.);
#962=FACE_OUTER_BOUND('',#1380,.T.);
#963=FACE_OUTER_BOUND('',#1381,.T.);
#964=FACE_OUTER_BOUND('',#1382,.T.);
#965=FACE_OUTER_BOUND('',#1383,.T.);
#966=FACE_OUTER_BOUND('',#1384,.T.);
#967=FACE_OUTER_BOUND('',#1386,.T.);
#968=FACE_OUTER_BOUND('',#1387,.T.);
#969=FACE_OUTER_BOUND('',#1388,.T.);
#970=FACE_OUTER_BOUND('',#1390,.T.);
#971=FACE_OUTER_BOUND('',#1391,.T.);
#972=FACE_OUTER_BOUND('',#1392,.T.);
#973=FACE_OUTER_BOUND('',#1393,.T.);
#974=FACE_OUTER_BOUND('',#1394,.T.);
#975=FACE_OUTER_BOUND('',#1395,.T.);
#976=FACE_OUTER_BOUND('',#1396,.T.);
#977=FACE_OUTER_BOUND('',#1397,.T.);
#978=FACE_OUTER_BOUND('',#1398,.T.);
#979=FACE_OUTER_BOUND('',#1399,.T.);
#980=FACE_OUTER_BOUND('',#1400,.T.);
#981=FACE_OUTER_BOUND('',#1401,.T.);
#982=FACE_OUTER_BOUND('',#1402,.T.);
#983=FACE_OUTER_BOUND('',#1403,.T.);
#984=FACE_OUTER_BOUND('',#1404,.T.);
#985=FACE_OUTER_BOUND('',#1405,.T.);
#986=FACE_OUTER_BOUND('',#1406,.T.);
#987=FACE_OUTER_BOUND('',#1407,.T.);
#988=FACE_OUTER_BOUND('',#1408,.T.);
#989=FACE_OUTER_BOUND('',#1409,.T.);
#990=FACE_OUTER_BOUND('',#1410,.T.);
#991=FACE_OUTER_BOUND('',#1411,.T.);
#992=FACE_OUTER_BOUND('',#1412,.T.);
#993=FACE_OUTER_BOUND('',#1413,.T.);
#994=FACE_OUTER_BOUND('',#1414,.T.);
#995=FACE_OUTER_BOUND('',#1415,.T.);
#996=FACE_OUTER_BOUND('',#1416,.T.);
#997=FACE_OUTER_BOUND('',#1417,.T.);
#998=FACE_OUTER_BOUND('',#1418,.T.);
#999=FACE_OUTER_BOUND('',#1419,.T.);
#1000=FACE_OUTER_BOUND('',#1420,.T.);
#1001=FACE_OUTER_BOUND('',#1421,.T.);
#1002=FACE_OUTER_BOUND('',#1422,.T.);
#1003=FACE_OUTER_BOUND('',#1423,.T.);
#1004=FACE_OUTER_BOUND('',#1424,.T.);
#1005=FACE_OUTER_BOUND('',#1425,.T.);
#1006=FACE_OUTER_BOUND('',#1426,.T.);
#1007=FACE_OUTER_BOUND('',#1428,.T.);
#1008=FACE_OUTER_BOUND('',#1429,.T.);
#1009=FACE_OUTER_BOUND('',#1430,.T.);
#1010=FACE_OUTER_BOUND('',#1431,.T.);
#1011=FACE_OUTER_BOUND('',#1432,.T.);
#1012=FACE_OUTER_BOUND('',#1433,.T.);
#1013=FACE_OUTER_BOUND('',#1434,.T.);
#1014=FACE_OUTER_BOUND('',#1435,.T.);
#1015=FACE_OUTER_BOUND('',#1436,.T.);
#1016=FACE_OUTER_BOUND('',#1437,.T.);
#1017=FACE_OUTER_BOUND('',#1438,.T.);
#1018=FACE_OUTER_BOUND('',#1439,.T.);
#1019=FACE_OUTER_BOUND('',#1440,.T.);
#1020=FACE_OUTER_BOUND('',#1441,.T.);
#1021=FACE_OUTER_BOUND('',#1442,.T.);
#1022=FACE_OUTER_BOUND('',#1443,.T.);
#1023=FACE_OUTER_BOUND('',#1444,.T.);
#1024=FACE_OUTER_BOUND('',#1445,.T.);
#1025=FACE_OUTER_BOUND('',#1446,.T.);
#1026=FACE_OUTER_BOUND('',#1447,.T.);
#1027=FACE_OUTER_BOUND('',#1448,.T.);
#1028=FACE_OUTER_BOUND('',#1449,.T.);
#1029=FACE_OUTER_BOUND('',#1450,.T.);
#1030=FACE_OUTER_BOUND('',#1451,.T.);
#1031=FACE_OUTER_BOUND('',#1452,.T.);
#1032=FACE_OUTER_BOUND('',#1453,.T.);
#1033=FACE_OUTER_BOUND('',#1454,.T.);
#1034=FACE_OUTER_BOUND('',#1455,.T.);
#1035=FACE_OUTER_BOUND('',#1456,.T.);
#1036=FACE_OUTER_BOUND('',#1457,.T.);
#1037=FACE_OUTER_BOUND('',#1458,.T.);
#1038=FACE_OUTER_BOUND('',#1459,.T.);
#1039=FACE_OUTER_BOUND('',#1460,.T.);
#1040=FACE_OUTER_BOUND('',#1461,.T.);
#1041=FACE_OUTER_BOUND('',#1462,.T.);
#1042=FACE_OUTER_BOUND('',#1463,.T.);
#1043=FACE_OUTER_BOUND('',#1464,.T.);
#1044=FACE_OUTER_BOUND('',#1465,.T.);
#1045=FACE_OUTER_BOUND('',#1466,.T.);
#1046=FACE_OUTER_BOUND('',#1467,.T.);
#1047=FACE_OUTER_BOUND('',#1468,.T.);
#1048=FACE_OUTER_BOUND('',#1469,.T.);
#1049=FACE_OUTER_BOUND('',#1470,.T.);
#1050=FACE_OUTER_BOUND('',#1471,.T.);
#1051=FACE_OUTER_BOUND('',#1472,.T.);
#1052=FACE_OUTER_BOUND('',#1473,.T.);
#1053=FACE_OUTER_BOUND('',#1474,.T.);
#1054=FACE_OUTER_BOUND('',#1475,.T.);
#1055=FACE_OUTER_BOUND('',#1476,.T.);
#1056=FACE_OUTER_BOUND('',#1477,.T.);
#1057=FACE_OUTER_BOUND('',#1478,.T.);
#1058=FACE_OUTER_BOUND('',#1479,.T.);
#1059=FACE_OUTER_BOUND('',#1480,.T.);
#1060=FACE_OUTER_BOUND('',#1481,.T.);
#1061=FACE_OUTER_BOUND('',#1482,.T.);
#1062=FACE_OUTER_BOUND('',#1483,.T.);
#1063=FACE_OUTER_BOUND('',#1484,.T.);
#1064=FACE_OUTER_BOUND('',#1485,.T.);
#1065=FACE_OUTER_BOUND('',#1486,.T.);
#1066=FACE_OUTER_BOUND('',#1487,.T.);
#1067=FACE_OUTER_BOUND('',#1488,.T.);
#1068=FACE_OUTER_BOUND('',#1489,.T.);
#1069=FACE_OUTER_BOUND('',#1490,.T.);
#1070=FACE_OUTER_BOUND('',#1491,.T.);
#1071=FACE_OUTER_BOUND('',#1492,.T.);
#1072=FACE_OUTER_BOUND('',#1493,.T.);
#1073=FACE_OUTER_BOUND('',#1494,.T.);
#1074=FACE_OUTER_BOUND('',#1495,.T.);
#1075=FACE_OUTER_BOUND('',#1496,.T.);
#1076=FACE_OUTER_BOUND('',#1497,.T.);
#1077=FACE_OUTER_BOUND('',#1498,.T.);
#1078=FACE_OUTER_BOUND('',#1499,.T.);
#1079=FACE_OUTER_BOUND('',#1500,.T.);
#1080=FACE_OUTER_BOUND('',#1501,.T.);
#1081=FACE_OUTER_BOUND('',#1502,.T.);
#1082=FACE_OUTER_BOUND('',#1503,.T.);
#1083=FACE_OUTER_BOUND('',#1504,.T.);
#1084=FACE_OUTER_BOUND('',#1505,.T.);
#1085=FACE_OUTER_BOUND('',#1506,.T.);
#1086=FACE_OUTER_BOUND('',#1507,.T.);
#1087=FACE_OUTER_BOUND('',#1508,.T.);
#1088=FACE_OUTER_BOUND('',#1509,.T.);
#1089=FACE_OUTER_BOUND('',#1510,.T.);
#1090=FACE_OUTER_BOUND('',#1511,.T.);
#1091=FACE_OUTER_BOUND('',#1512,.T.);
#1092=FACE_OUTER_BOUND('',#1513,.T.);
#1093=FACE_OUTER_BOUND('',#1514,.T.);
#1094=FACE_OUTER_BOUND('',#1515,.T.);
#1095=FACE_OUTER_BOUND('',#1516,.T.);
#1096=FACE_OUTER_BOUND('',#1517,.T.);
#1097=FACE_OUTER_BOUND('',#1518,.T.);
#1098=FACE_OUTER_BOUND('',#1519,.T.);
#1099=FACE_OUTER_BOUND('',#1520,.T.);
#1100=FACE_OUTER_BOUND('',#1521,.T.);
#1101=FACE_OUTER_BOUND('',#1522,.T.);
#1102=FACE_OUTER_BOUND('',#1523,.T.);
#1103=FACE_OUTER_BOUND('',#1524,.T.);
#1104=FACE_OUTER_BOUND('',#1525,.T.);
#1105=FACE_OUTER_BOUND('',#1526,.T.);
#1106=FACE_OUTER_BOUND('',#1527,.T.);
#1107=FACE_OUTER_BOUND('',#1528,.T.);
#1108=FACE_OUTER_BOUND('',#1529,.T.);
#1109=FACE_OUTER_BOUND('',#1531,.T.);
#1110=FACE_OUTER_BOUND('',#1532,.T.);
#1111=FACE_OUTER_BOUND('',#1533,.T.);
#1112=FACE_OUTER_BOUND('',#1534,.T.);
#1113=FACE_OUTER_BOUND('',#1535,.T.);
#1114=FACE_OUTER_BOUND('',#1536,.T.);
#1115=FACE_OUTER_BOUND('',#1538,.T.);
#1116=FACE_OUTER_BOUND('',#1540,.T.);
#1117=FACE_OUTER_BOUND('',#1541,.T.);
#1118=FACE_OUTER_BOUND('',#1542,.T.);
#1119=FACE_OUTER_BOUND('',#1543,.T.);
#1120=FACE_OUTER_BOUND('',#1544,.T.);
#1121=FACE_OUTER_BOUND('',#1545,.T.);
#1122=FACE_OUTER_BOUND('',#1546,.T.);
#1123=FACE_OUTER_BOUND('',#1547,.T.);
#1124=FACE_OUTER_BOUND('',#1548,.T.);
#1125=FACE_OUTER_BOUND('',#1549,.T.);
#1126=FACE_OUTER_BOUND('',#1550,.T.);
#1127=FACE_OUTER_BOUND('',#1551,.T.);
#1128=FACE_OUTER_BOUND('',#1552,.T.);
#1129=FACE_OUTER_BOUND('',#1553,.T.);
#1130=FACE_OUTER_BOUND('',#1554,.T.);
#1131=FACE_OUTER_BOUND('',#1556,.T.);
#1132=FACE_OUTER_BOUND('',#1557,.T.);
#1133=FACE_OUTER_BOUND('',#1558,.T.);
#1134=FACE_OUTER_BOUND('',#1560,.T.);
#1135=FACE_OUTER_BOUND('',#1561,.T.);
#1136=FACE_OUTER_BOUND('',#1562,.T.);
#1137=FACE_OUTER_BOUND('',#1563,.T.);
#1138=FACE_OUTER_BOUND('',#1564,.T.);
#1139=FACE_OUTER_BOUND('',#1565,.T.);
#1140=FACE_OUTER_BOUND('',#1566,.T.);
#1141=EDGE_LOOP('',(#4009,#4010,#4011,#4012));
#1142=EDGE_LOOP('',(#4013,#4014,#4015,#4016));
#1143=EDGE_LOOP('',(#4017,#4018,#4019,#4020));
#1144=EDGE_LOOP('',(#4021,#4022,#4023,#4024));
#1145=EDGE_LOOP('',(#4025,#4026,#4027,#4028));
#1146=EDGE_LOOP('',(#4029,#4030,#4031,#4032));
#1147=EDGE_LOOP('',(#4033,#4034,#4035,#4036));
#1148=EDGE_LOOP('',(#4037,#4038,#4039,#4040));
#1149=EDGE_LOOP('',(#4041,#4042,#4043,#4044));
#1150=EDGE_LOOP('',(#4045,#4046,#4047,#4048));
#1151=EDGE_LOOP('',(#4049,#4050,#4051,#4052));
#1152=EDGE_LOOP('',(#4053,#4054,#4055,#4056));
#1153=EDGE_LOOP('',(#4057,#4058,#4059,#4060));
#1154=EDGE_LOOP('',(#4061,#4062,#4063,#4064));
#1155=EDGE_LOOP('',(#4065,#4066,#4067,#4068));
#1156=EDGE_LOOP('',(#4069,#4070,#4071,#4072,#4073,#4074,#4075,#4076,#4077));
#1157=EDGE_LOOP('',(#4078,#4079,#4080,#4081,#4082,#4083,#4084,#4085,#4086));
#1158=EDGE_LOOP('',(#4087,#4088,#4089,#4090));
#1159=EDGE_LOOP('',(#4091,#4092,#4093,#4094));
#1160=EDGE_LOOP('',(#4095,#4096,#4097,#4098));
#1161=EDGE_LOOP('',(#4099,#4100,#4101,#4102));
#1162=EDGE_LOOP('',(#4103,#4104,#4105,#4106));
#1163=EDGE_LOOP('',(#4107,#4108,#4109,#4110));
#1164=EDGE_LOOP('',(#4111,#4112,#4113,#4114,#4115,#4116));
#1165=EDGE_LOOP('',(#4117,#4118,#4119,#4120,#4121,#4122));
#1166=EDGE_LOOP('',(#4123,#4124,#4125,#4126));
#1167=EDGE_LOOP('',(#4127,#4128,#4129,#4130));
#1168=EDGE_LOOP('',(#4131,#4132,#4133,#4134));
#1169=EDGE_LOOP('',(#4135,#4136,#4137,#4138));
#1170=EDGE_LOOP('',(#4139,#4140,#4141,#4142));
#1171=EDGE_LOOP('',(#4143,#4144,#4145,#4146));
#1172=EDGE_LOOP('',(#4147,#4148,#4149,#4150,#4151,#4152));
#1173=EDGE_LOOP('',(#4153,#4154,#4155,#4156,#4157,#4158));
#1174=EDGE_LOOP('',(#4159,#4160,#4161,#4162));
#1175=EDGE_LOOP('',(#4163,#4164,#4165,#4166,#4167,#4168,#4169,#4170,#4171,
#4172,#4173,#4174,#4175,#4176,#4177,#4178));
#1176=EDGE_LOOP('',(#4179,#4180,#4181,#4182,#4183,#4184,#4185,#4186,#4187,
#4188,#4189,#4190,#4191,#4192,#4193,#4194,#4195,#4196,#4197,#4198,#4199,
#4200,#4201,#4202));
#1177=EDGE_LOOP('',(#4203,#4204,#4205,#4206));
#1178=EDGE_LOOP('',(#4207,#4208,#4209,#4210,#4211,#4212,#4213,#4214,#4215,
#4216,#4217,#4218));
#1179=EDGE_LOOP('',(#4219,#4220,#4221,#4222));
#1180=EDGE_LOOP('',(#4223,#4224,#4225,#4226,#4227,#4228,#4229,#4230,#4231,
#4232,#4233,#4234));
#1181=EDGE_LOOP('',(#4235,#4236,#4237,#4238));
#1182=EDGE_LOOP('',(#4239,#4240,#4241,#4242));
#1183=EDGE_LOOP('',(#4243,#4244,#4245));
#1184=EDGE_LOOP('',(#4246,#4247,#4248));
#1185=EDGE_LOOP('',(#4249,#4250,#4251,#4252,#4253,#4254,#4255,#4256));
#1186=EDGE_LOOP('',(#4257,#4258,#4259,#4260));
#1187=EDGE_LOOP('',(#4261,#4262,#4263,#4264));
#1188=EDGE_LOOP('',(#4265,#4266,#4267,#4268));
#1189=EDGE_LOOP('',(#4269,#4270,#4271,#4272));
#1190=EDGE_LOOP('',(#4273,#4274,#4275,#4276));
#1191=EDGE_LOOP('',(#4277,#4278,#4279,#4280));
#1192=EDGE_LOOP('',(#4281,#4282,#4283,#4284));
#1193=EDGE_LOOP('',(#4285,#4286,#4287,#4288));
#1194=EDGE_LOOP('',(#4289,#4290,#4291,#4292));
#1195=EDGE_LOOP('',(#4293,#4294,#4295,#4296));
#1196=EDGE_LOOP('',(#4297,#4298,#4299,#4300));
#1197=EDGE_LOOP('',(#4301,#4302,#4303,#4304));
#1198=EDGE_LOOP('',(#4305,#4306,#4307,#4308));
#1199=EDGE_LOOP('',(#4309,#4310,#4311,#4312));
#1200=EDGE_LOOP('',(#4313,#4314,#4315,#4316));
#1201=EDGE_LOOP('',(#4317,#4318,#4319,#4320));
#1202=EDGE_LOOP('',(#4321,#4322,#4323,#4324));
#1203=EDGE_LOOP('',(#4325,#4326,#4327,#4328));
#1204=EDGE_LOOP('',(#4329,#4330,#4331,#4332));
#1205=EDGE_LOOP('',(#4333,#4334,#4335,#4336,#4337,#4338,#4339,#4340,#4341,
#4342,#4343,#4344,#4345,#4346,#4347,#4348));
#1206=EDGE_LOOP('',(#4349,#4350,#4351,#4352,#4353,#4354,#4355,#4356,#4357,
#4358,#4359,#4360,#4361,#4362,#4363));
#1207=EDGE_LOOP('',(#4364,#4365,#4366,#4367,#4368,#4369));
#1208=EDGE_LOOP('',(#4370));
#1209=EDGE_LOOP('',(#4371));
#1210=EDGE_LOOP('',(#4372));
#1211=EDGE_LOOP('',(#4373));
#1212=EDGE_LOOP('',(#4374,#4375,#4376,#4377));
#1213=EDGE_LOOP('',(#4378,#4379,#4380,#4381));
#1214=EDGE_LOOP('',(#4382,#4383,#4384,#4385));
#1215=EDGE_LOOP('',(#4386,#4387,#4388,#4389));
#1216=EDGE_LOOP('',(#4390,#4391,#4392,#4393));
#1217=EDGE_LOOP('',(#4394,#4395,#4396,#4397));
#1218=EDGE_LOOP('',(#4398,#4399,#4400,#4401));
#1219=EDGE_LOOP('',(#4402,#4403,#4404,#4405));
#1220=EDGE_LOOP('',(#4406,#4407,#4408,#4409));
#1221=EDGE_LOOP('',(#4410,#4411,#4412,#4413));
#1222=EDGE_LOOP('',(#4414,#4415,#4416,#4417,#4418,#4419,#4420,#4421,#4422,
#4423,#4424,#4425,#4426,#4427,#4428));
#1223=EDGE_LOOP('',(#4429,#4430,#4431,#4432));
#1224=EDGE_LOOP('',(#4433,#4434,#4435,#4436));
#1225=EDGE_LOOP('',(#4437,#4438,#4439,#4440));
#1226=EDGE_LOOP('',(#4441,#4442,#4443,#4444));
#1227=EDGE_LOOP('',(#4445,#4446,#4447,#4448));
#1228=EDGE_LOOP('',(#4449,#4450,#4451,#4452));
#1229=EDGE_LOOP('',(#4453,#4454,#4455,#4456,#4457,#4458));
#1230=EDGE_LOOP('',(#4459,#4460,#4461,#4462));
#1231=EDGE_LOOP('',(#4463,#4464,#4465,#4466));
#1232=EDGE_LOOP('',(#4467,#4468,#4469,#4470));
#1233=EDGE_LOOP('',(#4471,#4472,#4473,#4474));
#1234=EDGE_LOOP('',(#4475,#4476,#4477,#4478));
#1235=EDGE_LOOP('',(#4479,#4480,#4481,#4482,#4483,#4484,#4485,#4486,#4487,
#4488,#4489,#4490,#4491,#4492,#4493,#4494,#4495,#4496,#4497,#4498,#4499,
#4500,#4501));
#1236=EDGE_LOOP('',(#4502,#4503,#4504,#4505));
#1237=EDGE_LOOP('',(#4506,#4507,#4508,#4509));
#1238=EDGE_LOOP('',(#4510,#4511,#4512));
#1239=EDGE_LOOP('',(#4513,#4514,#4515,#4516));
#1240=EDGE_LOOP('',(#4517,#4518,#4519));
#1241=EDGE_LOOP('',(#4520,#4521,#4522));
#1242=EDGE_LOOP('',(#4523,#4524,#4525,#4526));
#1243=EDGE_LOOP('',(#4527,#4528,#4529));
#1244=EDGE_LOOP('',(#4530,#4531,#4532));
#1245=EDGE_LOOP('',(#4533,#4534,#4535,#4536));
#1246=EDGE_LOOP('',(#4537,#4538,#4539));
#1247=EDGE_LOOP('',(#4540,#4541,#4542,#4543));
#1248=EDGE_LOOP('',(#4544,#4545,#4546,#4547));
#1249=EDGE_LOOP('',(#4548,#4549,#4550,#4551));
#1250=EDGE_LOOP('',(#4552,#4553,#4554,#4555,#4556));
#1251=EDGE_LOOP('',(#4557,#4558,#4559,#4560));
#1252=EDGE_LOOP('',(#4561,#4562,#4563,#4564,#4565));
#1253=EDGE_LOOP('',(#4566,#4567,#4568,#4569,#4570,#4571,#4572,#4573,#4574,
#4575,#4576,#4577,#4578,#4579,#4580,#4581,#4582,#4583,#4584,#4585,#4586,
#4587,#4588,#4589,#4590,#4591,#4592,#4593,#4594,#4595,#4596,#4597,#4598,
#4599,#4600,#4601,#4602,#4603,#4604,#4605,#4606,#4607,#4608,#4609,#4610,
#4611,#4612,#4613,#4614,#4615,#4616,#4617,#4618,#4619,#4620,#4621,#4622,
#4623,#4624,#4625,#4626,#4627));
#1254=EDGE_LOOP('',(#4628,#4629,#4630,#4631));
#1255=EDGE_LOOP('',(#4632,#4633,#4634,#4635));
#1256=EDGE_LOOP('',(#4636,#4637,#4638));
#1257=EDGE_LOOP('',(#4639,#4640,#4641,#4642));
#1258=EDGE_LOOP('',(#4643,#4644,#4645,#4646,#4647,#4648,#4649,#4650,#4651,
#4652,#4653,#4654,#4655,#4656,#4657,#4658,#4659,#4660,#4661,#4662,#4663,
#4664,#4665,#4666,#4667,#4668,#4669,#4670,#4671,#4672,#4673,#4674,#4675,
#4676,#4677,#4678));
#1259=EDGE_LOOP('',(#4679));
#1260=EDGE_LOOP('',(#4680,#4681,#4682,#4683));
#1261=EDGE_LOOP('',(#4684,#4685,#4686));
#1262=EDGE_LOOP('',(#4687,#4688,#4689,#4690));
#1263=EDGE_LOOP('',(#4691,#4692,#4693,#4694));
#1264=EDGE_LOOP('',(#4695,#4696,#4697));
#1265=EDGE_LOOP('',(#4698,#4699,#4700,#4701));
#1266=EDGE_LOOP('',(#4702,#4703,#4704,#4705));
#1267=EDGE_LOOP('',(#4706,#4707,#4708));
#1268=EDGE_LOOP('',(#4709,#4710,#4711,#4712));
#1269=EDGE_LOOP('',(#4713,#4714,#4715,#4716));
#1270=EDGE_LOOP('',(#4717,#4718,#4719));
#1271=EDGE_LOOP('',(#4720,#4721,#4722,#4723));
#1272=EDGE_LOOP('',(#4724,#4725,#4726,#4727));
#1273=EDGE_LOOP('',(#4728,#4729,#4730));
#1274=EDGE_LOOP('',(#4731,#4732,#4733,#4734));
#1275=EDGE_LOOP('',(#4735,#4736,#4737,#4738));
#1276=EDGE_LOOP('',(#4739,#4740,#4741));
#1277=EDGE_LOOP('',(#4742,#4743,#4744,#4745));
#1278=EDGE_LOOP('',(#4746,#4747,#4748,#4749));
#1279=EDGE_LOOP('',(#4750,#4751,#4752));
#1280=EDGE_LOOP('',(#4753,#4754,#4755,#4756));
#1281=EDGE_LOOP('',(#4757,#4758,#4759,#4760));
#1282=EDGE_LOOP('',(#4761,#4762,#4763));
#1283=EDGE_LOOP('',(#4764,#4765,#4766,#4767));
#1284=EDGE_LOOP('',(#4768,#4769,#4770,#4771));
#1285=EDGE_LOOP('',(#4772,#4773,#4774));
#1286=EDGE_LOOP('',(#4775,#4776,#4777,#4778));
#1287=EDGE_LOOP('',(#4779,#4780,#4781,#4782));
#1288=EDGE_LOOP('',(#4783,#4784,#4785));
#1289=EDGE_LOOP('',(#4786,#4787,#4788,#4789));
#1290=EDGE_LOOP('',(#4790,#4791,#4792,#4793));
#1291=EDGE_LOOP('',(#4794,#4795,#4796));
#1292=EDGE_LOOP('',(#4797,#4798,#4799,#4800));
#1293=EDGE_LOOP('',(#4801,#4802,#4803,#4804));
#1294=EDGE_LOOP('',(#4805,#4806,#4807));
#1295=EDGE_LOOP('',(#4808,#4809,#4810,#4811));
#1296=EDGE_LOOP('',(#4812,#4813,#4814,#4815));
#1297=EDGE_LOOP('',(#4816,#4817,#4818));
#1298=EDGE_LOOP('',(#4819,#4820,#4821));
#1299=EDGE_LOOP('',(#4822,#4823,#4824,#4825));
#1300=EDGE_LOOP('',(#4826,#4827,#4828));
#1301=EDGE_LOOP('',(#4829,#4830,#4831));
#1302=EDGE_LOOP('',(#4832,#4833,#4834));
#1303=EDGE_LOOP('',(#4835,#4836,#4837,#4838,#4839));
#1304=EDGE_LOOP('',(#4840,#4841,#4842));
#1305=EDGE_LOOP('',(#4843,#4844,#4845,#4846));
#1306=EDGE_LOOP('',(#4847,#4848,#4849,#4850,#4851));
#1307=EDGE_LOOP('',(#4852,#4853,#4854,#4855));
#1308=EDGE_LOOP('',(#4856,#4857,#4858));
#1309=EDGE_LOOP('',(#4859,#4860,#4861,#4862));
#1310=EDGE_LOOP('',(#4863,#4864,#4865,#4866));
#1311=EDGE_LOOP('',(#4867,#4868,#4869));
#1312=EDGE_LOOP('',(#4870,#4871,#4872));
#1313=EDGE_LOOP('',(#4873,#4874,#4875,#4876));
#1314=EDGE_LOOP('',(#4877,#4878,#4879,#4880));
#1315=EDGE_LOOP('',(#4881,#4882,#4883));
#1316=EDGE_LOOP('',(#4884,#4885,#4886,#4887));
#1317=EDGE_LOOP('',(#4888,#4889,#4890,#4891));
#1318=EDGE_LOOP('',(#4892,#4893,#4894));
#1319=EDGE_LOOP('',(#4895,#4896,#4897,#4898));
#1320=EDGE_LOOP('',(#4899,#4900,#4901,#4902));
#1321=EDGE_LOOP('',(#4903,#4904,#4905));
#1322=EDGE_LOOP('',(#4906,#4907,#4908,#4909));
#1323=EDGE_LOOP('',(#4910,#4911,#4912,#4913));
#1324=EDGE_LOOP('',(#4914,#4915,#4916));
#1325=EDGE_LOOP('',(#4917,#4918,#4919,#4920));
#1326=EDGE_LOOP('',(#4921,#4922,#4923,#4924));
#1327=EDGE_LOOP('',(#4925,#4926,#4927));
#1328=EDGE_LOOP('',(#4928,#4929,#4930,#4931));
#1329=EDGE_LOOP('',(#4932,#4933,#4934,#4935));
#1330=EDGE_LOOP('',(#4936,#4937,#4938));
#1331=EDGE_LOOP('',(#4939,#4940,#4941,#4942));
#1332=EDGE_LOOP('',(#4943,#4944,#4945,#4946,#4947));
#1333=EDGE_LOOP('',(#4948,#4949,#4950,#4951));
#1334=EDGE_LOOP('',(#4952,#4953,#4954));
#1335=EDGE_LOOP('',(#4955,#4956,#4957,#4958));
#1336=EDGE_LOOP('',(#4959,#4960,#4961,#4962));
#1337=EDGE_LOOP('',(#4963,#4964,#4965));
#1338=EDGE_LOOP('',(#4966,#4967,#4968,#4969));
#1339=EDGE_LOOP('',(#4970,#4971,#4972,#4973));
#1340=EDGE_LOOP('',(#4974,#4975,#4976));
#1341=EDGE_LOOP('',(#4977,#4978,#4979,#4980));
#1342=EDGE_LOOP('',(#4981,#4982,#4983,#4984));
#1343=EDGE_LOOP('',(#4985,#4986,#4987));
#1344=EDGE_LOOP('',(#4988,#4989,#4990,#4991));
#1345=EDGE_LOOP('',(#4992,#4993,#4994,#4995));
#1346=EDGE_LOOP('',(#4996,#4997,#4998));
#1347=EDGE_LOOP('',(#4999,#5000,#5001,#5002));
#1348=EDGE_LOOP('',(#5003,#5004,#5005,#5006));
#1349=EDGE_LOOP('',(#5007,#5008,#5009));
#1350=EDGE_LOOP('',(#5010,#5011,#5012,#5013));
#1351=EDGE_LOOP('',(#5014,#5015,#5016,#5017));
#1352=EDGE_LOOP('',(#5018,#5019,#5020));
#1353=EDGE_LOOP('',(#5021,#5022,#5023,#5024));
#1354=EDGE_LOOP('',(#5025,#5026,#5027,#5028));
#1355=EDGE_LOOP('',(#5029,#5030,#5031));
#1356=EDGE_LOOP('',(#5032,#5033,#5034,#5035));
#1357=EDGE_LOOP('',(#5036,#5037,#5038,#5039,#5040));
#1358=EDGE_LOOP('',(#5041,#5042));
#1359=EDGE_LOOP('',(#5043,#5044,#5045,#5046));
#1360=EDGE_LOOP('',(#5047));
#1361=EDGE_LOOP('',(#5048));
#1362=EDGE_LOOP('',(#5049));
#1363=EDGE_LOOP('',(#5050,#5051,#5052,#5053));
#1364=EDGE_LOOP('',(#5054,#5055,#5056,#5057));
#1365=EDGE_LOOP('',(#5058,#5059,#5060,#5061));
#1366=EDGE_LOOP('',(#5062));
#1367=EDGE_LOOP('',(#5063));
#1368=EDGE_LOOP('',(#5064));
#1369=EDGE_LOOP('',(#5065));
#1370=EDGE_LOOP('',(#5066,#5067,#5068,#5069,#5070));
#1371=EDGE_LOOP('',(#5071,#5072,#5073,#5074,#5075,#5076,#5077,#5078));
#1372=EDGE_LOOP('',(#5079,#5080,#5081,#5082));
#1373=EDGE_LOOP('',(#5083,#5084,#5085,#5086,#5087));
#1374=EDGE_LOOP('',(#5088,#5089,#5090,#5091,#5092));
#1375=EDGE_LOOP('',(#5093,#5094,#5095,#5096));
#1376=EDGE_LOOP('',(#5097,#5098,#5099,#5100,#5101,#5102,#5103,#5104));
#1377=EDGE_LOOP('',(#5105,#5106,#5107,#5108,#5109));
#1378=EDGE_LOOP('',(#5110,#5111,#5112,#5113));
#1379=EDGE_LOOP('',(#5114,#5115,#5116,#5117));
#1380=EDGE_LOOP('',(#5118,#5119,#5120,#5121));
#1381=EDGE_LOOP('',(#5122,#5123,#5124,#5125));
#1382=EDGE_LOOP('',(#5126,#5127,#5128,#5129));
#1383=EDGE_LOOP('',(#5130,#5131,#5132,#5133));
#1384=EDGE_LOOP('',(#5134,#5135,#5136,#5137,#5138,#5139));
#1385=EDGE_LOOP('',(#5140));
#1386=EDGE_LOOP('',(#5141,#5142,#5143,#5144));
#1387=EDGE_LOOP('',(#5145,#5146,#5147,#5148));
#1388=EDGE_LOOP('',(#5149,#5150,#5151,#5152,#5153,#5154));
#1389=EDGE_LOOP('',(#5155));
#1390=EDGE_LOOP('',(#5156,#5157,#5158,#5159));
#1391=EDGE_LOOP('',(#5160,#5161,#5162,#5163));
#1392=EDGE_LOOP('',(#5164,#5165,#5166,#5167));
#1393=EDGE_LOOP('',(#5168,#5169,#5170,#5171));
#1394=EDGE_LOOP('',(#5172,#5173,#5174,#5175));
#1395=EDGE_LOOP('',(#5176,#5177,#5178,#5179));
#1396=EDGE_LOOP('',(#5180,#5181,#5182,#5183));
#1397=EDGE_LOOP('',(#5184,#5185,#5186,#5187));
#1398=EDGE_LOOP('',(#5188,#5189,#5190,#5191));
#1399=EDGE_LOOP('',(#5192,#5193,#5194,#5195));
#1400=EDGE_LOOP('',(#5196,#5197,#5198,#5199));
#1401=EDGE_LOOP('',(#5200,#5201,#5202,#5203));
#1402=EDGE_LOOP('',(#5204,#5205,#5206,#5207,#5208,#5209,#5210,#5211,#5212,
#5213,#5214,#5215,#5216,#5217,#5218,#5219,#5220,#5221,#5222,#5223,#5224,
#5225,#5226));
#1403=EDGE_LOOP('',(#5227,#5228,#5229,#5230));
#1404=EDGE_LOOP('',(#5231,#5232,#5233,#5234));
#1405=EDGE_LOOP('',(#5235,#5236,#5237,#5238));
#1406=EDGE_LOOP('',(#5239,#5240,#5241));
#1407=EDGE_LOOP('',(#5242,#5243,#5244,#5245));
#1408=EDGE_LOOP('',(#5246,#5247,#5248));
#1409=EDGE_LOOP('',(#5249,#5250,#5251));
#1410=EDGE_LOOP('',(#5252,#5253,#5254,#5255));
#1411=EDGE_LOOP('',(#5256,#5257,#5258));
#1412=EDGE_LOOP('',(#5259,#5260,#5261));
#1413=EDGE_LOOP('',(#5262,#5263,#5264,#5265));
#1414=EDGE_LOOP('',(#5266,#5267,#5268));
#1415=EDGE_LOOP('',(#5269,#5270,#5271,#5272));
#1416=EDGE_LOOP('',(#5273,#5274,#5275,#5276));
#1417=EDGE_LOOP('',(#5277,#5278,#5279,#5280));
#1418=EDGE_LOOP('',(#5281,#5282,#5283,#5284,#5285));
#1419=EDGE_LOOP('',(#5286,#5287,#5288,#5289));
#1420=EDGE_LOOP('',(#5290,#5291,#5292,#5293,#5294));
#1421=EDGE_LOOP('',(#5295,#5296,#5297,#5298,#5299,#5300,#5301,#5302,#5303,
#5304,#5305,#5306,#5307,#5308,#5309,#5310,#5311,#5312,#5313,#5314,#5315,
#5316,#5317,#5318,#5319,#5320,#5321,#5322,#5323,#5324,#5325,#5326,#5327,
#5328,#5329,#5330,#5331,#5332,#5333,#5334,#5335,#5336,#5337,#5338,#5339,
#5340,#5341,#5342,#5343,#5344,#5345,#5346,#5347,#5348,#5349,#5350,#5351,
#5352,#5353,#5354,#5355,#5356));
#1422=EDGE_LOOP('',(#5357,#5358,#5359,#5360));
#1423=EDGE_LOOP('',(#5361,#5362,#5363,#5364));
#1424=EDGE_LOOP('',(#5365,#5366,#5367));
#1425=EDGE_LOOP('',(#5368,#5369,#5370,#5371));
#1426=EDGE_LOOP('',(#5372,#5373,#5374,#5375,#5376,#5377,#5378,#5379,#5380,
#5381,#5382,#5383,#5384,#5385,#5386,#5387,#5388,#5389,#5390,#5391,#5392,
#5393,#5394,#5395,#5396,#5397,#5398,#5399,#5400,#5401,#5402,#5403,#5404,
#5405,#5406,#5407));
#1427=EDGE_LOOP('',(#5408));
#1428=EDGE_LOOP('',(#5409,#5410,#5411,#5412));
#1429=EDGE_LOOP('',(#5413,#5414,#5415));
#1430=EDGE_LOOP('',(#5416,#5417,#5418,#5419));
#1431=EDGE_LOOP('',(#5420,#5421,#5422,#5423));
#1432=EDGE_LOOP('',(#5424,#5425,#5426));
#1433=EDGE_LOOP('',(#5427,#5428,#5429,#5430));
#1434=EDGE_LOOP('',(#5431,#5432,#5433,#5434));
#1435=EDGE_LOOP('',(#5435,#5436,#5437));
#1436=EDGE_LOOP('',(#5438,#5439,#5440,#5441));
#1437=EDGE_LOOP('',(#5442,#5443,#5444,#5445));
#1438=EDGE_LOOP('',(#5446,#5447,#5448));
#1439=EDGE_LOOP('',(#5449,#5450,#5451,#5452));
#1440=EDGE_LOOP('',(#5453,#5454,#5455,#5456));
#1441=EDGE_LOOP('',(#5457,#5458,#5459));
#1442=EDGE_LOOP('',(#5460,#5461,#5462,#5463));
#1443=EDGE_LOOP('',(#5464,#5465,#5466,#5467));
#1444=EDGE_LOOP('',(#5468,#5469,#5470));
#1445=EDGE_LOOP('',(#5471,#5472,#5473,#5474));
#1446=EDGE_LOOP('',(#5475,#5476,#5477,#5478));
#1447=EDGE_LOOP('',(#5479,#5480,#5481));
#1448=EDGE_LOOP('',(#5482,#5483,#5484,#5485));
#1449=EDGE_LOOP('',(#5486,#5487,#5488,#5489));
#1450=EDGE_LOOP('',(#5490,#5491,#5492));
#1451=EDGE_LOOP('',(#5493,#5494,#5495,#5496));
#1452=EDGE_LOOP('',(#5497,#5498,#5499,#5500));
#1453=EDGE_LOOP('',(#5501,#5502,#5503));
#1454=EDGE_LOOP('',(#5504,#5505,#5506,#5507));
#1455=EDGE_LOOP('',(#5508,#5509,#5510,#5511));
#1456=EDGE_LOOP('',(#5512,#5513,#5514));
#1457=EDGE_LOOP('',(#5515,#5516,#5517,#5518));
#1458=EDGE_LOOP('',(#5519,#5520,#5521,#5522));
#1459=EDGE_LOOP('',(#5523,#5524,#5525));
#1460=EDGE_LOOP('',(#5526,#5527,#5528,#5529));
#1461=EDGE_LOOP('',(#5530,#5531,#5532,#5533));
#1462=EDGE_LOOP('',(#5534,#5535,#5536));
#1463=EDGE_LOOP('',(#5537,#5538,#5539,#5540));
#1464=EDGE_LOOP('',(#5541,#5542,#5543,#5544));
#1465=EDGE_LOOP('',(#5545,#5546,#5547));
#1466=EDGE_LOOP('',(#5548,#5549,#5550));
#1467=EDGE_LOOP('',(#5551,#5552,#5553,#5554));
#1468=EDGE_LOOP('',(#5555,#5556,#5557));
#1469=EDGE_LOOP('',(#5558,#5559,#5560));
#1470=EDGE_LOOP('',(#5561,#5562,#5563));
#1471=EDGE_LOOP('',(#5564,#5565,#5566,#5567,#5568));
#1472=EDGE_LOOP('',(#5569,#5570,#5571));
#1473=EDGE_LOOP('',(#5572,#5573,#5574,#5575));
#1474=EDGE_LOOP('',(#5576,#5577,#5578,#5579,#5580));
#1475=EDGE_LOOP('',(#5581,#5582,#5583,#5584));
#1476=EDGE_LOOP('',(#5585,#5586,#5587));
#1477=EDGE_LOOP('',(#5588,#5589,#5590,#5591));
#1478=EDGE_LOOP('',(#5592,#5593,#5594,#5595));
#1479=EDGE_LOOP('',(#5596,#5597,#5598));
#1480=EDGE_LOOP('',(#5599,#5600,#5601));
#1481=EDGE_LOOP('',(#5602,#5603,#5604,#5605));
#1482=EDGE_LOOP('',(#5606,#5607,#5608,#5609));
#1483=EDGE_LOOP('',(#5610,#5611,#5612));
#1484=EDGE_LOOP('',(#5613,#5614,#5615,#5616));
#1485=EDGE_LOOP('',(#5617,#5618,#5619,#5620));
#1486=EDGE_LOOP('',(#5621,#5622,#5623));
#1487=EDGE_LOOP('',(#5624,#5625,#5626,#5627));
#1488=EDGE_LOOP('',(#5628,#5629,#5630,#5631));
#1489=EDGE_LOOP('',(#5632,#5633,#5634));
#1490=EDGE_LOOP('',(#5635,#5636,#5637,#5638));
#1491=EDGE_LOOP('',(#5639,#5640,#5641,#5642));
#1492=EDGE_LOOP('',(#5643,#5644,#5645));
#1493=EDGE_LOOP('',(#5646,#5647,#5648,#5649));
#1494=EDGE_LOOP('',(#5650,#5651,#5652,#5653));
#1495=EDGE_LOOP('',(#5654,#5655,#5656));
#1496=EDGE_LOOP('',(#5657,#5658,#5659,#5660));
#1497=EDGE_LOOP('',(#5661,#5662,#5663,#5664));
#1498=EDGE_LOOP('',(#5665,#5666,#5667));
#1499=EDGE_LOOP('',(#5668,#5669,#5670,#5671));
#1500=EDGE_LOOP('',(#5672,#5673,#5674,#5675,#5676));
#1501=EDGE_LOOP('',(#5677,#5678,#5679,#5680));
#1502=EDGE_LOOP('',(#5681,#5682,#5683));
#1503=EDGE_LOOP('',(#5684,#5685,#5686,#5687));
#1504=EDGE_LOOP('',(#5688,#5689,#5690,#5691));
#1505=EDGE_LOOP('',(#5692,#5693,#5694));
#1506=EDGE_LOOP('',(#5695,#5696,#5697,#5698));
#1507=EDGE_LOOP('',(#5699,#5700,#5701,#5702));
#1508=EDGE_LOOP('',(#5703,#5704,#5705));
#1509=EDGE_LOOP('',(#5706,#5707,#5708,#5709));
#1510=EDGE_LOOP('',(#5710,#5711,#5712,#5713));
#1511=EDGE_LOOP('',(#5714,#5715,#5716));
#1512=EDGE_LOOP('',(#5717,#5718,#5719,#5720));
#1513=EDGE_LOOP('',(#5721,#5722,#5723,#5724));
#1514=EDGE_LOOP('',(#5725,#5726,#5727));
#1515=EDGE_LOOP('',(#5728,#5729,#5730,#5731));
#1516=EDGE_LOOP('',(#5732,#5733,#5734,#5735));
#1517=EDGE_LOOP('',(#5736,#5737,#5738));
#1518=EDGE_LOOP('',(#5739,#5740,#5741,#5742));
#1519=EDGE_LOOP('',(#5743,#5744,#5745,#5746));
#1520=EDGE_LOOP('',(#5747,#5748,#5749));
#1521=EDGE_LOOP('',(#5750,#5751,#5752,#5753));
#1522=EDGE_LOOP('',(#5754,#5755,#5756,#5757));
#1523=EDGE_LOOP('',(#5758,#5759,#5760));
#1524=EDGE_LOOP('',(#5761,#5762,#5763,#5764));
#1525=EDGE_LOOP('',(#5765,#5766,#5767,#5768,#5769));
#1526=EDGE_LOOP('',(#5770,#5771));
#1527=EDGE_LOOP('',(#5772,#5773,#5774,#5775));
#1528=EDGE_LOOP('',(#5776));
#1529=EDGE_LOOP('',(#5777));
#1530=EDGE_LOOP('',(#5778));
#1531=EDGE_LOOP('',(#5779,#5780,#5781,#5782));
#1532=EDGE_LOOP('',(#5783,#5784,#5785,#5786,#5787,#5788,#5789,#5790,#5791,
#5792,#5793,#5794,#5795,#5796,#5797,#5798));
#1533=EDGE_LOOP('',(#5799,#5800,#5801,#5802,#5803,#5804,#5805,#5806,#5807,
#5808,#5809,#5810));
#1534=EDGE_LOOP('',(#5811,#5812,#5813,#5814));
#1535=EDGE_LOOP('',(#5815,#5816,#5817,#5818));
#1536=EDGE_LOOP('',(#5819));
#1537=EDGE_LOOP('',(#5820));
#1538=EDGE_LOOP('',(#5821));
#1539=EDGE_LOOP('',(#5822));
#1540=EDGE_LOOP('',(#5823,#5824,#5825,#5826,#5827));
#1541=EDGE_LOOP('',(#5828,#5829,#5830,#5831,#5832,#5833,#5834,#5835));
#1542=EDGE_LOOP('',(#5836,#5837,#5838,#5839));
#1543=EDGE_LOOP('',(#5840,#5841,#5842,#5843,#5844));
#1544=EDGE_LOOP('',(#5845,#5846,#5847,#5848,#5849));
#1545=EDGE_LOOP('',(#5850,#5851,#5852,#5853));
#1546=EDGE_LOOP('',(#5854,#5855,#5856,#5857,#5858,#5859,#5860,#5861));
#1547=EDGE_LOOP('',(#5862,#5863,#5864,#5865,#5866));
#1548=EDGE_LOOP('',(#5867,#5868,#5869,#5870));
#1549=EDGE_LOOP('',(#5871,#5872,#5873,#5874));
#1550=EDGE_LOOP('',(#5875,#5876,#5877,#5878));
#1551=EDGE_LOOP('',(#5879,#5880,#5881,#5882));
#1552=EDGE_LOOP('',(#5883,#5884,#5885,#5886));
#1553=EDGE_LOOP('',(#5887,#5888,#5889,#5890));
#1554=EDGE_LOOP('',(#5891,#5892,#5893,#5894,#5895,#5896));
#1555=EDGE_LOOP('',(#5897));
#1556=EDGE_LOOP('',(#5898,#5899,#5900,#5901));
#1557=EDGE_LOOP('',(#5902,#5903,#5904,#5905));
#1558=EDGE_LOOP('',(#5906,#5907,#5908,#5909,#5910,#5911));
#1559=EDGE_LOOP('',(#5912));
#1560=EDGE_LOOP('',(#5913,#5914,#5915,#5916));
#1561=EDGE_LOOP('',(#5917,#5918,#5919,#5920,#5921,#5922,#5923,#5924,#5925,
#5926,#5927,#5928));
#1562=EDGE_LOOP('',(#5929,#5930,#5931,#5932));
#1563=EDGE_LOOP('',(#5933,#5934,#5935,#5936));
#1564=EDGE_LOOP('',(#5937,#5938,#5939,#5940));
#1565=EDGE_LOOP('',(#5941,#5942,#5943,#5944));
#1566=EDGE_LOOP('',(#5945,#5946,#5947,#5948));
#1567=LINE('',#9120,#2011);
#1568=LINE('',#9122,#2012);
#1569=LINE('',#9124,#2013);
#1570=LINE('',#9125,#2014);
#1571=LINE('',#9128,#2015);
#1572=LINE('',#9130,#2016);
#1573=LINE('',#9131,#2017);
#1574=LINE('',#9134,#2018);
#1575=LINE('',#9136,#2019);
#1576=LINE('',#9137,#2020);
#1577=LINE('',#9139,#2021);
#1578=LINE('',#9140,#2022);
#1579=LINE('',#9146,#2023);
#1580=LINE('',#9148,#2024);
#1581=LINE('',#9150,#2025);
#1582=LINE('',#9151,#2026);
#1583=LINE('',#9154,#2027);
#1584=LINE('',#9156,#2028);
#1585=LINE('',#9157,#2029);
#1586=LINE('',#9160,#2030);
#1587=LINE('',#9162,#2031);
#1588=LINE('',#9181,#2032);
#1589=LINE('',#9200,#2033);
#1590=LINE('',#9219,#2034);
#1591=LINE('',#9238,#2035);
#1592=LINE('',#9257,#2036);
#1593=LINE('',#9263,#2037);
#1594=LINE('',#9273,#2038);
#1595=LINE('',#9275,#2039);
#1596=LINE('',#9277,#2040);
#1597=LINE('',#9278,#2041);
#1598=LINE('',#9293,#2042);
#1599=LINE('',#9312,#2043);
#1600=LINE('',#9331,#2044);
#1601=LINE('',#9350,#2045);
#1602=LINE('',#9356,#2046);
#1603=LINE('',#9378,#2047);
#1604=LINE('',#9384,#2048);
#1605=LINE('',#9399,#2049);
#1606=LINE('',#9418,#2050);
#1607=LINE('',#9437,#2051);
#1608=LINE('',#9456,#2052);
#1609=LINE('',#9462,#2053);
#1610=LINE('',#9474,#2054);
#1611=LINE('',#9477,#2055);
#1612=LINE('',#9481,#2056);
#1613=LINE('',#9485,#2057);
#1614=LINE('',#9489,#2058);
#1615=LINE('',#9493,#2059);
#1616=LINE('',#9497,#2060);
#1617=LINE('',#9501,#2061);
#1618=LINE('',#9505,#2062);
#1619=LINE('',#9509,#2063);
#1620=LINE('',#9512,#2064);
#1621=LINE('',#9514,#2065);
#1622=LINE('',#9518,#2066);
#1623=LINE('',#9520,#2067);
#1624=LINE('',#9522,#2068);
#1625=LINE('',#9524,#2069);
#1626=LINE('',#9526,#2070);
#1627=LINE('',#9530,#2071);
#1628=LINE('',#9532,#2072);
#1629=LINE('',#9534,#2073);
#1630=LINE('',#9536,#2074);
#1631=LINE('',#9538,#2075);
#1632=LINE('',#9542,#2076);
#1633=LINE('',#9544,#2077);
#1634=LINE('',#9546,#2078);
#1635=LINE('',#9548,#2079);
#1636=LINE('',#9550,#2080);
#1637=LINE('',#9554,#2081);
#1638=LINE('',#9555,#2082);
#1639=LINE('',#9560,#2083);
#1640=LINE('',#9564,#2084);
#1641=LINE('',#9566,#2085);
#1642=LINE('',#9568,#2086);
#1643=LINE('',#9570,#2087);
#1644=LINE('',#9572,#2088);
#1645=LINE('',#9574,#2089);
#1646=LINE('',#9576,#2090);
#1647=LINE('',#9578,#2091);
#1648=LINE('',#9580,#2092);
#1649=LINE('',#9582,#2093);
#1650=LINE('',#9583,#2094);
#1651=LINE('',#9588,#2095);
#1652=LINE('',#9592,#2096);
#1653=LINE('',#9594,#2097);
#1654=LINE('',#9596,#2098);
#1655=LINE('',#9598,#2099);
#1656=LINE('',#9600,#2100);
#1657=LINE('',#9602,#2101);
#1658=LINE('',#9604,#2102);
#1659=LINE('',#9606,#2103);
#1660=LINE('',#9608,#2104);
#1661=LINE('',#9610,#2105);
#1662=LINE('',#9611,#2106);
#1663=LINE('',#9617,#2107);
#1664=LINE('',#9622,#2108);
#1665=LINE('',#9696,#2109);
#1666=LINE('',#9698,#2110);
#1667=LINE('',#9700,#2111);
#1668=LINE('',#9702,#2112);
#1669=LINE('',#9703,#2113);
#1670=LINE('',#9716,#2114);
#1671=LINE('',#9724,#2115);
#1672=LINE('',#9732,#2116);
#1673=LINE('',#9742,#2117);
#1674=LINE('',#9745,#2118);
#1675=LINE('',#9748,#2119);
#1676=LINE('',#9749,#2120);
#1677=LINE('',#9752,#2121);
#1678=LINE('',#9756,#2122);
#1679=LINE('',#9757,#2123);
#1680=LINE('',#9760,#2124);
#1681=LINE('',#9764,#2125);
#1682=LINE('',#9765,#2126);
#1683=LINE('',#9768,#2127);
#1684=LINE('',#9785,#2128);
#1685=LINE('',#9791,#2129);
#1686=LINE('',#9810,#2130);
#1687=LINE('',#9829,#2131);
#1688=LINE('',#9848,#2132);
#1689=LINE('',#9851,#2133);
#1690=LINE('',#9853,#2134);
#1691=LINE('',#9854,#2135);
#1692=LINE('',#9858,#2136);
#1693=LINE('',#9862,#2137);
#1694=LINE('',#9866,#2138);
#1695=LINE('',#9870,#2139);
#1696=LINE('',#9874,#2140);
#1697=LINE('',#9878,#2141);
#1698=LINE('',#9882,#2142);
#1699=LINE('',#9886,#2143);
#1700=LINE('',#9889,#2144);
#1701=LINE('',#9891,#2145);
#1702=LINE('',#9893,#2146);
#1703=LINE('',#9920,#2147);
#1704=LINE('',#9921,#2148);
#1705=LINE('',#9929,#2149);
#1706=LINE('',#9959,#2150);
#1707=LINE('',#9960,#2151);
#1708=LINE('',#9963,#2152);
#1709=LINE('',#9964,#2153);
#1710=LINE('',#9967,#2154);
#1711=LINE('',#9968,#2155);
#1712=LINE('',#9971,#2156);
#1713=LINE('',#9972,#2157);
#1714=LINE('',#9986,#2158);
#1715=LINE('',#10000,#2159);
#1716=LINE('',#10014,#2160);
#1717=LINE('',#10028,#2161);
#1718=LINE('',#10042,#2162);
#1719=LINE('',#10044,#2163);
#1720=LINE('',#10060,#2164);
#1721=LINE('',#10061,#2165);
#1722=LINE('',#10075,#2166);
#1723=LINE('',#10089,#2167);
#1724=LINE('',#10103,#2168);
#1725=LINE('',#10117,#2169);
#1726=LINE('',#10119,#2170);
#1727=LINE('',#10123,#2171);
#1728=LINE('',#10126,#2172);
#1729=LINE('',#10128,#2173);
#1730=LINE('',#10129,#2174);
#1731=LINE('',#10131,#2175);
#1732=LINE('',#10133,#2176);
#1733=LINE('',#10135,#2177);
#1734=LINE('',#10138,#2178);
#1735=LINE('',#10140,#2179);
#1736=LINE('',#10144,#2180);
#1737=LINE('',#10146,#2181);
#1738=LINE('',#10148,#2182);
#1739=LINE('',#10150,#2183);
#1740=LINE('',#10156,#2184);
#1741=LINE('',#10158,#2185);
#1742=LINE('',#10164,#2186);
#1743=LINE('',#10166,#2187);
#1744=LINE('',#10172,#2188);
#1745=LINE('',#10174,#2189);
#1746=LINE('',#10176,#2190);
#1747=LINE('',#10178,#2191);
#1748=LINE('',#10180,#2192);
#1749=LINE('',#10183,#2193);
#1750=LINE('',#10185,#2194);
#1751=LINE('',#10189,#2195);
#1752=LINE('',#10194,#2196);
#1753=LINE('',#10206,#2197);
#1754=LINE('',#10218,#2198);
#1755=LINE('',#10230,#2199);
#1756=LINE('',#10236,#2200);
#1757=LINE('',#10242,#2201);
#1758=LINE('',#10248,#2202);
#1759=LINE('',#10255,#2203);
#1760=LINE('',#10265,#2204);
#1761=LINE('',#10271,#2205);
#1762=LINE('',#10391,#2206);
#1763=LINE('',#10392,#2207);
#1764=LINE('',#10395,#2208);
#1765=LINE('',#10400,#2209);
#1766=LINE('',#10408,#2210);
#1767=LINE('',#10474,#2211);
#1768=LINE('',#10483,#2212);
#1769=LINE('',#10486,#2213);
#1770=LINE('',#10495,#2214);
#1771=LINE('',#10498,#2215);
#1772=LINE('',#10507,#2216);
#1773=LINE('',#10510,#2217);
#1774=LINE('',#10519,#2218);
#1775=LINE('',#10522,#2219);
#1776=LINE('',#10531,#2220);
#1777=LINE('',#10534,#2221);
#1778=LINE('',#10543,#2222);
#1779=LINE('',#10546,#2223);
#1780=LINE('',#10555,#2224);
#1781=LINE('',#10558,#2225);
#1782=LINE('',#10567,#2226);
#1783=LINE('',#10570,#2227);
#1784=LINE('',#10579,#2228);
#1785=LINE('',#10582,#2229);
#1786=LINE('',#10591,#2230);
#1787=LINE('',#10594,#2231);
#1788=LINE('',#10603,#2232);
#1789=LINE('',#10606,#2233);
#1790=LINE('',#10615,#2234);
#1791=LINE('',#10619,#2235);
#1792=LINE('',#10642,#2236);
#1793=LINE('',#10646,#2237);
#1794=LINE('',#10660,#2238);
#1795=LINE('',#10664,#2239);
#1796=LINE('',#10677,#2240);
#1797=LINE('',#10680,#2241);
#1798=LINE('',#10689,#2242);
#1799=LINE('',#10692,#2243);
#1800=LINE('',#10701,#2244);
#1801=LINE('',#10704,#2245);
#1802=LINE('',#10713,#2246);
#1803=LINE('',#10716,#2247);
#1804=LINE('',#10725,#2248);
#1805=LINE('',#10728,#2249);
#1806=LINE('',#10737,#2250);
#1807=LINE('',#10740,#2251);
#1808=LINE('',#10749,#2252);
#1809=LINE('',#10753,#2253);
#1810=LINE('',#10762,#2254);
#1811=LINE('',#10765,#2255);
#1812=LINE('',#10774,#2256);
#1813=LINE('',#10777,#2257);
#1814=LINE('',#10786,#2258);
#1815=LINE('',#10789,#2259);
#1816=LINE('',#10798,#2260);
#1817=LINE('',#10801,#2261);
#1818=LINE('',#10810,#2262);
#1819=LINE('',#10813,#2263);
#1820=LINE('',#10822,#2264);
#1821=LINE('',#10825,#2265);
#1822=LINE('',#10834,#2266);
#1823=LINE('',#10837,#2267);
#1824=LINE('',#10852,#2268);
#1825=LINE('',#10859,#2269);
#1826=LINE('',#10862,#2270);
#1827=LINE('',#10866,#2271);
#1828=LINE('',#10876,#2272);
#1829=LINE('',#10877,#2273);
#1830=LINE('',#10880,#2274);
#1831=LINE('',#10884,#2275);
#1832=LINE('',#10885,#2276);
#1833=LINE('',#10888,#2277);
#1834=LINE('',#10891,#2278);
#1835=LINE('',#10892,#2279);
#1836=LINE('',#10894,#2280);
#1837=LINE('',#10897,#2281);
#1838=LINE('',#10898,#2282);
#1839=LINE('',#10903,#2283);
#1840=LINE('',#10905,#2284);
#1841=LINE('',#10907,#2285);
#1842=LINE('',#10910,#2286);
#1843=LINE('',#10911,#2287);
#1844=LINE('',#10913,#2288);
#1845=LINE('',#10916,#2289);
#1846=LINE('',#10923,#2290);
#1847=LINE('',#10926,#2291);
#1848=LINE('',#10928,#2292);
#1849=LINE('',#10929,#2293);
#1850=LINE('',#10934,#2294);
#1851=LINE('',#10935,#2295);
#1852=LINE('',#10943,#2296);
#1853=LINE('',#10946,#2297);
#1854=LINE('',#10948,#2298);
#1855=LINE('',#10949,#2299);
#1856=LINE('',#10952,#2300);
#1857=LINE('',#10956,#2301);
#1858=LINE('',#10959,#2302);
#1859=LINE('',#10961,#2303);
#1860=LINE('',#10964,#2304);
#1861=LINE('',#10965,#2305);
#1862=LINE('',#10967,#2306);
#1863=LINE('',#10970,#2307);
#1864=LINE('',#10972,#2308);
#1865=LINE('',#10975,#2309);
#1866=LINE('',#10976,#2310);
#1867=LINE('',#10978,#2311);
#1868=LINE('',#10980,#2312);
#1869=LINE('',#10982,#2313);
#1870=LINE('',#10986,#2314);
#1871=LINE('',#10990,#2315);
#1872=LINE('',#10992,#2316);
#1873=LINE('',#10994,#2317);
#1874=LINE('',#10996,#2318);
#1875=LINE('',#10998,#2319);
#1876=LINE('',#11004,#2320);
#1877=LINE('',#11006,#2321);
#1878=LINE('',#11012,#2322);
#1879=LINE('',#11014,#2323);
#1880=LINE('',#11020,#2324);
#1881=LINE('',#11022,#2325);
#1882=LINE('',#11024,#2326);
#1883=LINE('',#11026,#2327);
#1884=LINE('',#11030,#2328);
#1885=LINE('',#11031,#2329);
#1886=LINE('',#11034,#2330);
#1887=LINE('',#11038,#2331);
#1888=LINE('',#11043,#2332);
#1889=LINE('',#11055,#2333);
#1890=LINE('',#11067,#2334);
#1891=LINE('',#11079,#2335);
#1892=LINE('',#11082,#2336);
#1893=LINE('',#11088,#2337);
#1894=LINE('',#11094,#2338);
#1895=LINE('',#11102,#2339);
#1896=LINE('',#11108,#2340);
#1897=LINE('',#11238,#2341);
#1898=LINE('',#11240,#2342);
#1899=LINE('',#11241,#2343);
#1900=LINE('',#11244,#2344);
#1901=LINE('',#11246,#2345);
#1902=LINE('',#11257,#2346);
#1903=LINE('',#11323,#2347);
#1904=LINE('',#11332,#2348);
#1905=LINE('',#11335,#2349);
#1906=LINE('',#11344,#2350);
#1907=LINE('',#11347,#2351);
#1908=LINE('',#11356,#2352);
#1909=LINE('',#11359,#2353);
#1910=LINE('',#11368,#2354);
#1911=LINE('',#11371,#2355);
#1912=LINE('',#11380,#2356);
#1913=LINE('',#11383,#2357);
#1914=LINE('',#11392,#2358);
#1915=LINE('',#11395,#2359);
#1916=LINE('',#11404,#2360);
#1917=LINE('',#11407,#2361);
#1918=LINE('',#11416,#2362);
#1919=LINE('',#11419,#2363);
#1920=LINE('',#11428,#2364);
#1921=LINE('',#11431,#2365);
#1922=LINE('',#11440,#2366);
#1923=LINE('',#11443,#2367);
#1924=LINE('',#11452,#2368);
#1925=LINE('',#11455,#2369);
#1926=LINE('',#11464,#2370);
#1927=LINE('',#11468,#2371);
#1928=LINE('',#11491,#2372);
#1929=LINE('',#11495,#2373);
#1930=LINE('',#11509,#2374);
#1931=LINE('',#11513,#2375);
#1932=LINE('',#11526,#2376);
#1933=LINE('',#11529,#2377);
#1934=LINE('',#11538,#2378);
#1935=LINE('',#11541,#2379);
#1936=LINE('',#11550,#2380);
#1937=LINE('',#11553,#2381);
#1938=LINE('',#11562,#2382);
#1939=LINE('',#11565,#2383);
#1940=LINE('',#11574,#2384);
#1941=LINE('',#11577,#2385);
#1942=LINE('',#11586,#2386);
#1943=LINE('',#11589,#2387);
#1944=LINE('',#11598,#2388);
#1945=LINE('',#11602,#2389);
#1946=LINE('',#11611,#2390);
#1947=LINE('',#11614,#2391);
#1948=LINE('',#11623,#2392);
#1949=LINE('',#11626,#2393);
#1950=LINE('',#11635,#2394);
#1951=LINE('',#11638,#2395);
#1952=LINE('',#11647,#2396);
#1953=LINE('',#11650,#2397);
#1954=LINE('',#11659,#2398);
#1955=LINE('',#11662,#2399);
#1956=LINE('',#11671,#2400);
#1957=LINE('',#11674,#2401);
#1958=LINE('',#11683,#2402);
#1959=LINE('',#11686,#2403);
#1960=LINE('',#11701,#2404);
#1961=LINE('',#11708,#2405);
#1962=LINE('',#11711,#2406);
#1963=LINE('',#11713,#2407);
#1964=LINE('',#11717,#2408);
#1965=LINE('',#11719,#2409);
#1966=LINE('',#11721,#2410);
#1967=LINE('',#11724,#2411);
#1968=LINE('',#11727,#2412);
#1969=LINE('',#11729,#2413);
#1970=LINE('',#11731,#2414);
#1971=LINE('',#11733,#2415);
#1972=LINE('',#11734,#2416);
#1973=LINE('',#11737,#2417);
#1974=LINE('',#11741,#2418);
#1975=LINE('',#11751,#2419);
#1976=LINE('',#11752,#2420);
#1977=LINE('',#11757,#2421);
#1978=LINE('',#11759,#2422);
#1979=LINE('',#11761,#2423);
#1980=LINE('',#11764,#2424);
#1981=LINE('',#11766,#2425);
#1982=LINE('',#11769,#2426);
#1983=LINE('',#11771,#2427);
#1984=LINE('',#11772,#2428);
#1985=LINE('',#11774,#2429);
#1986=LINE('',#11775,#2430);
#1987=LINE('',#11778,#2431);
#1988=LINE('',#11779,#2432);
#1989=LINE('',#11782,#2433);
#1990=LINE('',#11785,#2434);
#1991=LINE('',#11787,#2435);
#1992=LINE('',#11790,#2436);
#1993=LINE('',#11792,#2437);
#1994=LINE('',#11795,#2438);
#1995=LINE('',#11799,#2439);
#1996=LINE('',#11802,#2440);
#1997=LINE('',#11805,#2441);
#1998=LINE('',#11806,#2442);
#1999=LINE('',#11808,#2443);
#2000=LINE('',#11811,#2444);
#2001=LINE('',#11816,#2445);
#2002=LINE('',#11819,#2446);
#2003=LINE('',#11821,#2447);
#2004=LINE('',#11824,#2448);
#2005=LINE('',#11826,#2449);
#2006=LINE('',#11831,#2450);
#2007=LINE('',#11833,#2451);
#2008=LINE('',#11834,#2452);
#2009=LINE('',#11837,#2453);
#2010=LINE('',#11841,#2454);
#2011=VECTOR('',#7304,10.);
#2012=VECTOR('',#7305,10.);
#2013=VECTOR('',#7306,10.);
#2014=VECTOR('',#7307,10.);
#2015=VECTOR('',#7310,10.);
#2016=VECTOR('',#7311,10.);
#2017=VECTOR('',#7312,10.);
#2018=VECTOR('',#7315,10.);
#2019=VECTOR('',#7316,10.);
#2020=VECTOR('',#7317,10.);
#2021=VECTOR('',#7320,10.);
#2022=VECTOR('',#7321,10.);
#2023=VECTOR('',#7328,10.);
#2024=VECTOR('',#7329,10.);
#2025=VECTOR('',#7330,10.);
#2026=VECTOR('',#7331,10.);
#2027=VECTOR('',#7334,10.);
#2028=VECTOR('',#7335,10.);
#2029=VECTOR('',#7336,10.);
#2030=VECTOR('',#7339,10.);
#2031=VECTOR('',#7340,10.);
#2032=VECTOR('',#7341,10.);
#2033=VECTOR('',#7342,10.);
#2034=VECTOR('',#7343,10.);
#2035=VECTOR('',#7344,10.);
#2036=VECTOR('',#7345,10.);
#2037=VECTOR('',#7348,10.);
#2038=VECTOR('',#7355,10.);
#2039=VECTOR('',#7356,10.);
#2040=VECTOR('',#7357,10.);
#2041=VECTOR('',#7358,10.);
#2042=VECTOR('',#7359,10.);
#2043=VECTOR('',#7360,10.);
#2044=VECTOR('',#7361,10.);
#2045=VECTOR('',#7362,10.);
#2046=VECTOR('',#7365,10.);
#2047=VECTOR('',#7370,10.);
#2048=VECTOR('',#7371,10.);
#2049=VECTOR('',#7372,10.);
#2050=VECTOR('',#7373,10.);
#2051=VECTOR('',#7374,10.);
#2052=VECTOR('',#7375,10.);
#2053=VECTOR('',#7378,10.);
#2054=VECTOR('',#7387,10.);
#2055=VECTOR('',#7390,10.);
#2056=VECTOR('',#7393,10.);
#2057=VECTOR('',#7396,10.);
#2058=VECTOR('',#7399,10.);
#2059=VECTOR('',#7402,10.);
#2060=VECTOR('',#7405,10.);
#2061=VECTOR('',#7408,10.);
#2062=VECTOR('',#7411,10.);
#2063=VECTOR('',#7414,10.);
#2064=VECTOR('',#7417,10.);
#2065=VECTOR('',#7418,10.);
#2066=VECTOR('',#7421,10.);
#2067=VECTOR('',#7422,10.);
#2068=VECTOR('',#7423,10.);
#2069=VECTOR('',#7424,10.);
#2070=VECTOR('',#7425,10.);
#2071=VECTOR('',#7428,10.);
#2072=VECTOR('',#7429,10.);
#2073=VECTOR('',#7430,10.);
#2074=VECTOR('',#7431,10.);
#2075=VECTOR('',#7432,10.);
#2076=VECTOR('',#7435,10.);
#2077=VECTOR('',#7436,10.);
#2078=VECTOR('',#7437,10.);
#2079=VECTOR('',#7438,10.);
#2080=VECTOR('',#7439,10.);
#2081=VECTOR('',#7442,10.);
#2082=VECTOR('',#7443,10.);
#2083=VECTOR('',#7448,10.);
#2084=VECTOR('',#7453,10.);
#2085=VECTOR('',#7454,10.);
#2086=VECTOR('',#7455,10.);
#2087=VECTOR('',#7456,10.);
#2088=VECTOR('',#7457,10.);
#2089=VECTOR('',#7458,10.);
#2090=VECTOR('',#7459,10.);
#2091=VECTOR('',#7460,10.);
#2092=VECTOR('',#7461,10.);
#2093=VECTOR('',#7462,10.);
#2094=VECTOR('',#7463,10.);
#2095=VECTOR('',#7468,10.);
#2096=VECTOR('',#7473,10.);
#2097=VECTOR('',#7474,10.);
#2098=VECTOR('',#7475,10.);
#2099=VECTOR('',#7476,10.);
#2100=VECTOR('',#7477,10.);
#2101=VECTOR('',#7478,10.);
#2102=VECTOR('',#7479,10.);
#2103=VECTOR('',#7480,10.);
#2104=VECTOR('',#7481,10.);
#2105=VECTOR('',#7482,10.);
#2106=VECTOR('',#7483,10.);
#2107=VECTOR('',#7490,10.);
#2108=VECTOR('',#7495,10.);
#2109=VECTOR('',#7504,10.);
#2110=VECTOR('',#7505,10.);
#2111=VECTOR('',#7506,10.);
#2112=VECTOR('',#7507,10.);
#2113=VECTOR('',#7508,10.);
#2114=VECTOR('',#7519,10.);
#2115=VECTOR('',#7530,10.);
#2116=VECTOR('',#7541,10.);
#2117=VECTOR('',#7548,10.);
#2118=VECTOR('',#7551,10.);
#2119=VECTOR('',#7554,10.);
#2120=VECTOR('',#7555,10.);
#2121=VECTOR('',#7558,10.);
#2122=VECTOR('',#7563,10.);
#2123=VECTOR('',#7564,10.);
#2124=VECTOR('',#7567,10.);
#2125=VECTOR('',#7572,10.);
#2126=VECTOR('',#7573,10.);
#2127=VECTOR('',#7576,10.);
#2128=VECTOR('',#7579,10.);
#2129=VECTOR('',#7580,10.);
#2130=VECTOR('',#7581,10.);
#2131=VECTOR('',#7582,10.);
#2132=VECTOR('',#7583,10.);
#2133=VECTOR('',#7586,10.);
#2134=VECTOR('',#7587,10.);
#2135=VECTOR('',#7588,10.);
#2136=VECTOR('',#7591,10.);
#2137=VECTOR('',#7594,10.);
#2138=VECTOR('',#7597,10.);
#2139=VECTOR('',#7600,10.);
#2140=VECTOR('',#7603,10.);
#2141=VECTOR('',#7606,10.);
#2142=VECTOR('',#7609,10.);
#2143=VECTOR('',#7612,10.);
#2144=VECTOR('',#7615,10.);
#2145=VECTOR('',#7616,10.);
#2146=VECTOR('',#7617,10.);
#2147=VECTOR('',#7618,10.);
#2148=VECTOR('',#7619,10.);
#2149=VECTOR('',#7620,10.);
#2150=VECTOR('',#7631,10.);
#2151=VECTOR('',#7632,10.);
#2152=VECTOR('',#7635,10.);
#2153=VECTOR('',#7636,10.);
#2154=VECTOR('',#7639,10.);
#2155=VECTOR('',#7640,10.);
#2156=VECTOR('',#7643,10.);
#2157=VECTOR('',#7644,10.);
#2158=VECTOR('',#7645,10.);
#2159=VECTOR('',#7646,10.);
#2160=VECTOR('',#7647,10.);
#2161=VECTOR('',#7648,10.);
#2162=VECTOR('',#7649,10.);
#2163=VECTOR('',#7652,10.);
#2164=VECTOR('',#7655,10.);
#2165=VECTOR('',#7656,10.);
#2166=VECTOR('',#7657,10.);
#2167=VECTOR('',#7658,10.);
#2168=VECTOR('',#7659,10.);
#2169=VECTOR('',#7660,10.);
#2170=VECTOR('',#7663,10.);
#2171=VECTOR('',#7668,10.);
#2172=VECTOR('',#7671,10.);
#2173=VECTOR('',#7674,10.);
#2174=VECTOR('',#7675,10.);
#2175=VECTOR('',#7678,10.);
#2176=VECTOR('',#7681,10.);
#2177=VECTOR('',#7684,10.);
#2178=VECTOR('',#7687,10.);
#2179=VECTOR('',#7688,10.);
#2180=VECTOR('',#7691,10.);
#2181=VECTOR('',#7692,10.);
#2182=VECTOR('',#7693,10.);
#2183=VECTOR('',#7694,10.);
#2184=VECTOR('',#7695,10.);
#2185=VECTOR('',#7696,10.);
#2186=VECTOR('',#7697,10.);
#2187=VECTOR('',#7698,10.);
#2188=VECTOR('',#7699,10.);
#2189=VECTOR('',#7700,10.);
#2190=VECTOR('',#7701,10.);
#2191=VECTOR('',#7702,10.);
#2192=VECTOR('',#7703,10.);
#2193=VECTOR('',#7706,10.);
#2194=VECTOR('',#7709,10.);
#2195=VECTOR('',#7714,10.);
#2196=VECTOR('',#7715,10.);
#2197=VECTOR('',#7724,10.);
#2198=VECTOR('',#7733,10.);
#2199=VECTOR('',#7742,10.);
#2200=VECTOR('',#7745,10.);
#2201=VECTOR('',#7748,10.);
#2202=VECTOR('',#7751,10.);
#2203=VECTOR('',#7754,10.);
#2204=VECTOR('',#7759,10.);
#2205=VECTOR('',#7768,10.);
#2206=VECTOR('',#7883,10.);
#2207=VECTOR('',#7884,10.);
#2208=VECTOR('',#7887,10.);
#2209=VECTOR('',#7888,10.);
#2210=VECTOR('',#7895,10.);
#2211=VECTOR('',#7966,10.);
#2212=VECTOR('',#7971,10.);
#2213=VECTOR('',#7974,10.);
#2214=VECTOR('',#7979,10.);
#2215=VECTOR('',#7982,10.);
#2216=VECTOR('',#7987,10.);
#2217=VECTOR('',#7990,10.);
#2218=VECTOR('',#7995,10.);
#2219=VECTOR('',#7998,10.);
#2220=VECTOR('',#8003,10.);
#2221=VECTOR('',#8006,10.);
#2222=VECTOR('',#8011,10.);
#2223=VECTOR('',#8014,10.);
#2224=VECTOR('',#8019,10.);
#2225=VECTOR('',#8022,10.);
#2226=VECTOR('',#8027,10.);
#2227=VECTOR('',#8030,10.);
#2228=VECTOR('',#8035,10.);
#2229=VECTOR('',#8038,10.);
#2230=VECTOR('',#8043,10.);
#2231=VECTOR('',#8046,10.);
#2232=VECTOR('',#8051,10.);
#2233=VECTOR('',#8054,10.);
#2234=VECTOR('',#8059,10.);
#2235=VECTOR('',#8062,10.);
#2236=VECTOR('',#8089,10.);
#2237=VECTOR('',#8092,10.);
#2238=VECTOR('',#8105,10.);
#2239=VECTOR('',#8108,10.);
#2240=VECTOR('',#8121,10.);
#2241=VECTOR('',#8124,10.);
#2242=VECTOR('',#8129,10.);
#2243=VECTOR('',#8132,10.);
#2244=VECTOR('',#8137,10.);
#2245=VECTOR('',#8140,10.);
#2246=VECTOR('',#8145,10.);
#2247=VECTOR('',#8148,10.);
#2248=VECTOR('',#8153,10.);
#2249=VECTOR('',#8156,10.);
#2250=VECTOR('',#8161,10.);
#2251=VECTOR('',#8164,10.);
#2252=VECTOR('',#8169,10.);
#2253=VECTOR('',#8174,10.);
#2254=VECTOR('',#8179,10.);
#2255=VECTOR('',#8182,10.);
#2256=VECTOR('',#8187,10.);
#2257=VECTOR('',#8190,10.);
#2258=VECTOR('',#8195,10.);
#2259=VECTOR('',#8198,10.);
#2260=VECTOR('',#8203,10.);
#2261=VECTOR('',#8206,10.);
#2262=VECTOR('',#8211,10.);
#2263=VECTOR('',#8214,10.);
#2264=VECTOR('',#8219,10.);
#2265=VECTOR('',#8222,10.);
#2266=VECTOR('',#8227,10.);
#2267=VECTOR('',#8230,10.);
#2268=VECTOR('',#8243,1.65);
#2269=VECTOR('',#8254,2.3);
#2270=VECTOR('',#8257,1.4);
#2271=VECTOR('',#8262,1.4);
#2272=VECTOR('',#8275,10.);
#2273=VECTOR('',#8276,10.);
#2274=VECTOR('',#8279,10.);
#2275=VECTOR('',#8282,10.);
#2276=VECTOR('',#8283,10.);
#2277=VECTOR('',#8288,10.);
#2278=VECTOR('',#8291,10.);
#2279=VECTOR('',#8292,10.);
#2280=VECTOR('',#8295,10.);
#2281=VECTOR('',#8298,10.);
#2282=VECTOR('',#8299,10.);
#2283=VECTOR('',#8304,10.);
#2284=VECTOR('',#8305,10.);
#2285=VECTOR('',#8306,10.);
#2286=VECTOR('',#8311,10.);
#2287=VECTOR('',#8312,10.);
#2288=VECTOR('',#8315,10.);
#2289=VECTOR('',#8320,10.);
#2290=VECTOR('',#8327,10.);
#2291=VECTOR('',#8330,10.);
#2292=VECTOR('',#8333,10.);
#2293=VECTOR('',#8334,10.);
#2294=VECTOR('',#8339,10.);
#2295=VECTOR('',#8340,10.);
#2296=VECTOR('',#8347,10.);
#2297=VECTOR('',#8350,10.);
#2298=VECTOR('',#8353,10.);
#2299=VECTOR('',#8354,10.);
#2300=VECTOR('',#8359,10.);
#2301=VECTOR('',#8364,10.);
#2302=VECTOR('',#8369,1.2);
#2303=VECTOR('',#8372,10.);
#2304=VECTOR('',#8375,10.);
#2305=VECTOR('',#8376,10.);
#2306=VECTOR('',#8379,1.2);
#2307=VECTOR('',#8382,10.);
#2308=VECTOR('',#8383,10.);
#2309=VECTOR('',#8388,10.);
#2310=VECTOR('',#8389,10.);
#2311=VECTOR('',#8392,10.);
#2312=VECTOR('',#8395,10.);
#2313=VECTOR('',#8398,10.);
#2314=VECTOR('',#8403,10.);
#2315=VECTOR('',#8406,10.);
#2316=VECTOR('',#8407,10.);
#2317=VECTOR('',#8408,10.);
#2318=VECTOR('',#8409,10.);
#2319=VECTOR('',#8410,10.);
#2320=VECTOR('',#8411,10.);
#2321=VECTOR('',#8412,10.);
#2322=VECTOR('',#8413,10.);
#2323=VECTOR('',#8414,10.);
#2324=VECTOR('',#8415,10.);
#2325=VECTOR('',#8416,10.);
#2326=VECTOR('',#8417,10.);
#2327=VECTOR('',#8418,10.);
#2328=VECTOR('',#8421,10.);
#2329=VECTOR('',#8422,10.);
#2330=VECTOR('',#8427,10.);
#2331=VECTOR('',#8432,10.);
#2332=VECTOR('',#8433,10.);
#2333=VECTOR('',#8442,10.);
#2334=VECTOR('',#8451,10.);
#2335=VECTOR('',#8460,10.);
#2336=VECTOR('',#8463,10.);
#2337=VECTOR('',#8466,10.);
#2338=VECTOR('',#8469,10.);
#2339=VECTOR('',#8474,10.);
#2340=VECTOR('',#8477,10.);
#2341=VECTOR('',#8598,10.);
#2342=VECTOR('',#8601,10.);
#2343=VECTOR('',#8602,10.);
#2344=VECTOR('',#8605,10.);
#2345=VECTOR('',#8606,10.);
#2346=VECTOR('',#8613,10.);
#2347=VECTOR('',#8684,10.);
#2348=VECTOR('',#8689,10.);
#2349=VECTOR('',#8692,10.);
#2350=VECTOR('',#8697,10.);
#2351=VECTOR('',#8700,10.);
#2352=VECTOR('',#8705,10.);
#2353=VECTOR('',#8708,10.);
#2354=VECTOR('',#8713,10.);
#2355=VECTOR('',#8716,10.);
#2356=VECTOR('',#8721,10.);
#2357=VECTOR('',#8724,10.);
#2358=VECTOR('',#8729,10.);
#2359=VECTOR('',#8732,10.);
#2360=VECTOR('',#8737,10.);
#2361=VECTOR('',#8740,10.);
#2362=VECTOR('',#8745,10.);
#2363=VECTOR('',#8748,10.);
#2364=VECTOR('',#8753,10.);
#2365=VECTOR('',#8756,10.);
#2366=VECTOR('',#8761,10.);
#2367=VECTOR('',#8764,10.);
#2368=VECTOR('',#8769,10.);
#2369=VECTOR('',#8772,10.);
#2370=VECTOR('',#8777,10.);
#2371=VECTOR('',#8780,10.);
#2372=VECTOR('',#8807,10.);
#2373=VECTOR('',#8810,10.);
#2374=VECTOR('',#8823,10.);
#2375=VECTOR('',#8826,10.);
#2376=VECTOR('',#8839,10.);
#2377=VECTOR('',#8842,10.);
#2378=VECTOR('',#8847,10.);
#2379=VECTOR('',#8850,10.);
#2380=VECTOR('',#8855,10.);
#2381=VECTOR('',#8858,10.);
#2382=VECTOR('',#8863,10.);
#2383=VECTOR('',#8866,10.);
#2384=VECTOR('',#8871,10.);
#2385=VECTOR('',#8874,10.);
#2386=VECTOR('',#8879,10.);
#2387=VECTOR('',#8882,10.);
#2388=VECTOR('',#8887,10.);
#2389=VECTOR('',#8892,10.);
#2390=VECTOR('',#8897,10.);
#2391=VECTOR('',#8900,10.);
#2392=VECTOR('',#8905,10.);
#2393=VECTOR('',#8908,10.);
#2394=VECTOR('',#8913,10.);
#2395=VECTOR('',#8916,10.);
#2396=VECTOR('',#8921,10.);
#2397=VECTOR('',#8924,10.);
#2398=VECTOR('',#8929,10.);
#2399=VECTOR('',#8932,10.);
#2400=VECTOR('',#8937,10.);
#2401=VECTOR('',#8940,10.);
#2402=VECTOR('',#8945,10.);
#2403=VECTOR('',#8948,10.);
#2404=VECTOR('',#8961,1.65);
#2405=VECTOR('',#8972,2.3);
#2406=VECTOR('',#8975,10.);
#2407=VECTOR('',#8976,10.);
#2408=VECTOR('',#8979,10.);
#2409=VECTOR('',#8980,10.);
#2410=VECTOR('',#8981,10.);
#2411=VECTOR('',#8984,10.);
#2412=VECTOR('',#8987,10.);
#2413=VECTOR('',#8988,10.);
#2414=VECTOR('',#8989,10.);
#2415=VECTOR('',#8990,10.);
#2416=VECTOR('',#8991,10.);
#2417=VECTOR('',#8994,1.4);
#2418=VECTOR('',#8999,1.4);
#2419=VECTOR('',#9012,10.);
#2420=VECTOR('',#9013,10.);
#2421=VECTOR('',#9018,10.);
#2422=VECTOR('',#9019,10.);
#2423=VECTOR('',#9020,10.);
#2424=VECTOR('',#9023,10.);
#2425=VECTOR('',#9026,10.);
#2426=VECTOR('',#9029,10.);
#2427=VECTOR('',#9030,10.);
#2428=VECTOR('',#9031,10.);
#2429=VECTOR('',#9034,10.);
#2430=VECTOR('',#9035,10.);
#2431=VECTOR('',#9038,10.);
#2432=VECTOR('',#9039,10.);
#2433=VECTOR('',#9042,10.);
#2434=VECTOR('',#9045,10.);
#2435=VECTOR('',#9046,10.);
#2436=VECTOR('',#9051,10.);
#2437=VECTOR('',#9054,10.);
#2438=VECTOR('',#9059,10.);
#2439=VECTOR('',#9064,10.);
#2440=VECTOR('',#9067,10.);
#2441=VECTOR('',#9070,10.);
#2442=VECTOR('',#9071,10.);
#2443=VECTOR('',#9074,10.);
#2444=VECTOR('',#9077,10.);
#2445=VECTOR('',#9082,10.);
#2446=VECTOR('',#9085,10.);
#2447=VECTOR('',#9088,10.);
#2448=VECTOR('',#9091,10.);
#2449=VECTOR('',#9092,10.);
#2450=VECTOR('',#9099,10.);
#2451=VECTOR('',#9102,10.);
#2452=VECTOR('',#9103,10.);
#2453=VECTOR('',#9108,1.2);
#2454=VECTOR('',#9115,1.2);
#2455=VERTEX_POINT('',#9118);
#2456=VERTEX_POINT('',#9119);
#2457=VERTEX_POINT('',#9121);
#2458=VERTEX_POINT('',#9123);
#2459=VERTEX_POINT('',#9127);
#2460=VERTEX_POINT('',#9129);
#2461=VERTEX_POINT('',#9133);
#2462=VERTEX_POINT('',#9135);
#2463=VERTEX_POINT('',#9144);
#2464=VERTEX_POINT('',#9145);
#2465=VERTEX_POINT('',#9147);
#2466=VERTEX_POINT('',#9149);
#2467=VERTEX_POINT('',#9153);
#2468=VERTEX_POINT('',#9155);
#2469=VERTEX_POINT('',#9159);
#2470=VERTEX_POINT('',#9161);
#2471=VERTEX_POINT('',#9175);
#2472=VERTEX_POINT('',#9180);
#2473=VERTEX_POINT('',#9194);
#2474=VERTEX_POINT('',#9199);
#2475=VERTEX_POINT('',#9213);
#2476=VERTEX_POINT('',#9218);
#2477=VERTEX_POINT('',#9232);
#2478=VERTEX_POINT('',#9237);
#2479=VERTEX_POINT('',#9251);
#2480=VERTEX_POINT('',#9256);
#2481=VERTEX_POINT('',#9271);
#2482=VERTEX_POINT('',#9272);
#2483=VERTEX_POINT('',#9274);
#2484=VERTEX_POINT('',#9276);
#2485=VERTEX_POINT('',#9287);
#2486=VERTEX_POINT('',#9292);
#2487=VERTEX_POINT('',#9306);
#2488=VERTEX_POINT('',#9311);
#2489=VERTEX_POINT('',#9325);
#2490=VERTEX_POINT('',#9330);
#2491=VERTEX_POINT('',#9344);
#2492=VERTEX_POINT('',#9349);
#2493=VERTEX_POINT('',#9371);
#2494=VERTEX_POINT('',#9372);
#2495=VERTEX_POINT('',#9377);
#2496=VERTEX_POINT('',#9379);
#2497=VERTEX_POINT('',#9393);
#2498=VERTEX_POINT('',#9398);
#2499=VERTEX_POINT('',#9412);
#2500=VERTEX_POINT('',#9417);
#2501=VERTEX_POINT('',#9431);
#2502=VERTEX_POINT('',#9436);
#2503=VERTEX_POINT('',#9450);
#2504=VERTEX_POINT('',#9455);
#2505=VERTEX_POINT('',#9470);
#2506=VERTEX_POINT('',#9471);
#2507=VERTEX_POINT('',#9473);
#2508=VERTEX_POINT('',#9475);
#2509=VERTEX_POINT('',#9479);
#2510=VERTEX_POINT('',#9480);
#2511=VERTEX_POINT('',#9482);
#2512=VERTEX_POINT('',#9484);
#2513=VERTEX_POINT('',#9486);
#2514=VERTEX_POINT('',#9488);
#2515=VERTEX_POINT('',#9490);
#2516=VERTEX_POINT('',#9492);
#2517=VERTEX_POINT('',#9494);
#2518=VERTEX_POINT('',#9496);
#2519=VERTEX_POINT('',#9498);
#2520=VERTEX_POINT('',#9500);
#2521=VERTEX_POINT('',#9502);
#2522=VERTEX_POINT('',#9504);
#2523=VERTEX_POINT('',#9506);
#2524=VERTEX_POINT('',#9508);
#2525=VERTEX_POINT('',#9511);
#2526=VERTEX_POINT('',#9513);
#2527=VERTEX_POINT('',#9515);
#2528=VERTEX_POINT('',#9517);
#2529=VERTEX_POINT('',#9519);
#2530=VERTEX_POINT('',#9521);
#2531=VERTEX_POINT('',#9523);
#2532=VERTEX_POINT('',#9525);
#2533=VERTEX_POINT('',#9527);
#2534=VERTEX_POINT('',#9529);
#2535=VERTEX_POINT('',#9531);
#2536=VERTEX_POINT('',#9533);
#2537=VERTEX_POINT('',#9535);
#2538=VERTEX_POINT('',#9537);
#2539=VERTEX_POINT('',#9539);
#2540=VERTEX_POINT('',#9541);
#2541=VERTEX_POINT('',#9543);
#2542=VERTEX_POINT('',#9545);
#2543=VERTEX_POINT('',#9547);
#2544=VERTEX_POINT('',#9549);
#2545=VERTEX_POINT('',#9551);
#2546=VERTEX_POINT('',#9553);
#2547=VERTEX_POINT('',#9557);
#2548=VERTEX_POINT('',#9559);
#2549=VERTEX_POINT('',#9563);
#2550=VERTEX_POINT('',#9565);
#2551=VERTEX_POINT('',#9567);
#2552=VERTEX_POINT('',#9569);
#2553=VERTEX_POINT('',#9571);
#2554=VERTEX_POINT('',#9573);
#2555=VERTEX_POINT('',#9575);
#2556=VERTEX_POINT('',#9577);
#2557=VERTEX_POINT('',#9579);
#2558=VERTEX_POINT('',#9581);
#2559=VERTEX_POINT('',#9585);
#2560=VERTEX_POINT('',#9587);
#2561=VERTEX_POINT('',#9591);
#2562=VERTEX_POINT('',#9593);
#2563=VERTEX_POINT('',#9595);
#2564=VERTEX_POINT('',#9597);
#2565=VERTEX_POINT('',#9599);
#2566=VERTEX_POINT('',#9601);
#2567=VERTEX_POINT('',#9603);
#2568=VERTEX_POINT('',#9605);
#2569=VERTEX_POINT('',#9607);
#2570=VERTEX_POINT('',#9609);
#2571=VERTEX_POINT('',#9613);
#2572=VERTEX_POINT('',#9615);
#2573=VERTEX_POINT('',#9619);
#2574=VERTEX_POINT('',#9621);
#2575=VERTEX_POINT('',#9648);
#2576=VERTEX_POINT('',#9686);
#2577=VERTEX_POINT('',#9695);
#2578=VERTEX_POINT('',#9697);
#2579=VERTEX_POINT('',#9699);
#2580=VERTEX_POINT('',#9701);
#2581=VERTEX_POINT('',#9705);
#2582=VERTEX_POINT('',#9710);
#2583=VERTEX_POINT('',#9714);
#2584=VERTEX_POINT('',#9718);
#2585=VERTEX_POINT('',#9722);
#2586=VERTEX_POINT('',#9726);
#2587=VERTEX_POINT('',#9730);
#2588=VERTEX_POINT('',#9734);
#2589=VERTEX_POINT('',#9741);
#2590=VERTEX_POINT('',#9743);
#2591=VERTEX_POINT('',#9747);
#2592=VERTEX_POINT('',#9751);
#2593=VERTEX_POINT('',#9755);
#2594=VERTEX_POINT('',#9759);
#2595=VERTEX_POINT('',#9763);
#2596=VERTEX_POINT('',#9767);
#2597=VERTEX_POINT('',#9778);
#2598=VERTEX_POINT('',#9779);
#2599=VERTEX_POINT('',#9784);
#2600=VERTEX_POINT('',#9786);
#2601=VERTEX_POINT('',#9800);
#2602=VERTEX_POINT('',#9805);
#2603=VERTEX_POINT('',#9819);
#2604=VERTEX_POINT('',#9824);
#2605=VERTEX_POINT('',#9838);
#2606=VERTEX_POINT('',#9843);
#2607=VERTEX_POINT('',#9850);
#2608=VERTEX_POINT('',#9852);
#2609=VERTEX_POINT('',#9856);
#2610=VERTEX_POINT('',#9857);
#2611=VERTEX_POINT('',#9859);
#2612=VERTEX_POINT('',#9861);
#2613=VERTEX_POINT('',#9863);
#2614=VERTEX_POINT('',#9865);
#2615=VERTEX_POINT('',#9867);
#2616=VERTEX_POINT('',#9869);
#2617=VERTEX_POINT('',#9871);
#2618=VERTEX_POINT('',#9873);
#2619=VERTEX_POINT('',#9875);
#2620=VERTEX_POINT('',#9877);
#2621=VERTEX_POINT('',#9879);
#2622=VERTEX_POINT('',#9881);
#2623=VERTEX_POINT('',#9883);
#2624=VERTEX_POINT('',#9885);
#2625=VERTEX_POINT('',#9888);
#2626=VERTEX_POINT('',#9890);
#2627=VERTEX_POINT('',#9892);
#2628=VERTEX_POINT('',#9894);
#2629=VERTEX_POINT('',#9899);
#2630=VERTEX_POINT('',#9904);
#2631=VERTEX_POINT('',#9909);
#2632=VERTEX_POINT('',#9914);
#2633=VERTEX_POINT('',#9919);
#2634=VERTEX_POINT('',#9922);
#2635=VERTEX_POINT('',#9923);
#2636=VERTEX_POINT('',#9928);
#2637=VERTEX_POINT('',#9930);
#2638=VERTEX_POINT('',#9935);
#2639=VERTEX_POINT('',#9940);
#2640=VERTEX_POINT('',#9949);
#2641=VERTEX_POINT('',#9951);
#2642=VERTEX_POINT('',#9953);
#2643=VERTEX_POINT('',#9955);
#2644=VERTEX_POINT('',#9958);
#2645=VERTEX_POINT('',#9962);
#2646=VERTEX_POINT('',#9966);
#2647=VERTEX_POINT('',#9970);
#2648=VERTEX_POINT('',#9981);
#2649=VERTEX_POINT('',#9995);
#2650=VERTEX_POINT('',#10009);
#2651=VERTEX_POINT('',#10023);
#2652=VERTEX_POINT('',#10037);
#2653=VERTEX_POINT('',#10054);
#2654=VERTEX_POINT('',#10055);
#2655=VERTEX_POINT('',#10070);
#2656=VERTEX_POINT('',#10084);
#2657=VERTEX_POINT('',#10098);
#2658=VERTEX_POINT('',#10112);
#2659=VERTEX_POINT('',#10122);
#2660=VERTEX_POINT('',#10124);
#2661=VERTEX_POINT('',#10137);
#2662=VERTEX_POINT('',#10139);
#2663=VERTEX_POINT('',#10141);
#2664=VERTEX_POINT('',#10143);
#2665=VERTEX_POINT('',#10145);
#2666=VERTEX_POINT('',#10147);
#2667=VERTEX_POINT('',#10149);
#2668=VERTEX_POINT('',#10151);
#2669=VERTEX_POINT('',#10155);
#2670=VERTEX_POINT('',#10157);
#2671=VERTEX_POINT('',#10159);
#2672=VERTEX_POINT('',#10163);
#2673=VERTEX_POINT('',#10165);
#2674=VERTEX_POINT('',#10167);
#2675=VERTEX_POINT('',#10171);
#2676=VERTEX_POINT('',#10173);
#2677=VERTEX_POINT('',#10175);
#2678=VERTEX_POINT('',#10177);
#2679=VERTEX_POINT('',#10179);
#2680=VERTEX_POINT('',#10181);
#2681=VERTEX_POINT('',#10188);
#2682=VERTEX_POINT('',#10190);
#2683=VERTEX_POINT('',#10200);
#2684=VERTEX_POINT('',#10212);
#2685=VERTEX_POINT('',#10224);
#2686=VERTEX_POINT('',#10232);
#2687=VERTEX_POINT('',#10238);
#2688=VERTEX_POINT('',#10244);
#2689=VERTEX_POINT('',#10250);
#2690=VERTEX_POINT('',#10254);
#2691=VERTEX_POINT('',#10258);
#2692=VERTEX_POINT('',#10270);
#2693=VERTEX_POINT('',#10272);
#2694=VERTEX_POINT('',#10279);
#2695=VERTEX_POINT('',#10281);
#2696=VERTEX_POINT('',#10283);
#2697=VERTEX_POINT('',#10285);
#2698=VERTEX_POINT('',#10287);
#2699=VERTEX_POINT('',#10289);
#2700=VERTEX_POINT('',#10291);
#2701=VERTEX_POINT('',#10293);
#2702=VERTEX_POINT('',#10295);
#2703=VERTEX_POINT('',#10297);
#2704=VERTEX_POINT('',#10299);
#2705=VERTEX_POINT('',#10301);
#2706=VERTEX_POINT('',#10303);
#2707=VERTEX_POINT('',#10305);
#2708=VERTEX_POINT('',#10307);
#2709=VERTEX_POINT('',#10309);
#2710=VERTEX_POINT('',#10311);
#2711=VERTEX_POINT('',#10313);
#2712=VERTEX_POINT('',#10315);
#2713=VERTEX_POINT('',#10317);
#2714=VERTEX_POINT('',#10319);
#2715=VERTEX_POINT('',#10321);
#2716=VERTEX_POINT('',#10323);
#2717=VERTEX_POINT('',#10325);
#2718=VERTEX_POINT('',#10327);
#2719=VERTEX_POINT('',#10329);
#2720=VERTEX_POINT('',#10331);
#2721=VERTEX_POINT('',#10333);
#2722=VERTEX_POINT('',#10335);
#2723=VERTEX_POINT('',#10337);
#2724=VERTEX_POINT('',#10339);
#2725=VERTEX_POINT('',#10341);
#2726=VERTEX_POINT('',#10343);
#2727=VERTEX_POINT('',#10345);
#2728=VERTEX_POINT('',#10347);
#2729=VERTEX_POINT('',#10349);
#2730=VERTEX_POINT('',#10351);
#2731=VERTEX_POINT('',#10353);
#2732=VERTEX_POINT('',#10355);
#2733=VERTEX_POINT('',#10357);
#2734=VERTEX_POINT('',#10359);
#2735=VERTEX_POINT('',#10361);
#2736=VERTEX_POINT('',#10363);
#2737=VERTEX_POINT('',#10365);
#2738=VERTEX_POINT('',#10367);
#2739=VERTEX_POINT('',#10369);
#2740=VERTEX_POINT('',#10371);
#2741=VERTEX_POINT('',#10373);
#2742=VERTEX_POINT('',#10375);
#2743=VERTEX_POINT('',#10377);
#2744=VERTEX_POINT('',#10379);
#2745=VERTEX_POINT('',#10381);
#2746=VERTEX_POINT('',#10383);
#2747=VERTEX_POINT('',#10385);
#2748=VERTEX_POINT('',#10387);
#2749=VERTEX_POINT('',#10394);
#2750=VERTEX_POINT('',#10396);
#2751=VERTEX_POINT('',#10402);
#2752=VERTEX_POINT('',#10410);
#2753=VERTEX_POINT('',#10412);
#2754=VERTEX_POINT('',#10414);
#2755=VERTEX_POINT('',#10416);
#2756=VERTEX_POINT('',#10418);
#2757=VERTEX_POINT('',#10420);
#2758=VERTEX_POINT('',#10422);
#2759=VERTEX_POINT('',#10424);
#2760=VERTEX_POINT('',#10426);
#2761=VERTEX_POINT('',#10428);
#2762=VERTEX_POINT('',#10430);
#2763=VERTEX_POINT('',#10432);
#2764=VERTEX_POINT('',#10437);
#2765=VERTEX_POINT('',#10439);
#2766=VERTEX_POINT('',#10441);
#2767=VERTEX_POINT('',#10443);
#2768=VERTEX_POINT('',#10445);
#2769=VERTEX_POINT('',#10447);
#2770=VERTEX_POINT('',#10449);
#2771=VERTEX_POINT('',#10451);
#2772=VERTEX_POINT('',#10453);
#2773=VERTEX_POINT('',#10455);
#2774=VERTEX_POINT('',#10457);
#2775=VERTEX_POINT('',#10459);
#2776=VERTEX_POINT('',#10461);
#2777=VERTEX_POINT('',#10463);
#2778=VERTEX_POINT('',#10465);
#2779=VERTEX_POINT('',#10467);
#2780=VERTEX_POINT('',#10470);
#2781=VERTEX_POINT('',#10473);
#2782=VERTEX_POINT('',#10485);
#2783=VERTEX_POINT('',#10497);
#2784=VERTEX_POINT('',#10509);
#2785=VERTEX_POINT('',#10521);
#2786=VERTEX_POINT('',#10533);
#2787=VERTEX_POINT('',#10545);
#2788=VERTEX_POINT('',#10557);
#2789=VERTEX_POINT('',#10569);
#2790=VERTEX_POINT('',#10581);
#2791=VERTEX_POINT('',#10593);
#2792=VERTEX_POINT('',#10605);
#2793=VERTEX_POINT('',#10617);
#2794=VERTEX_POINT('',#10618);
#2795=VERTEX_POINT('',#10644);
#2796=VERTEX_POINT('',#10645);
#2797=VERTEX_POINT('',#10652);
#2798=VERTEX_POINT('',#10662);
#2799=VERTEX_POINT('',#10663);
#2800=VERTEX_POINT('',#10679);
#2801=VERTEX_POINT('',#10691);
#2802=VERTEX_POINT('',#10703);
#2803=VERTEX_POINT('',#10715);
#2804=VERTEX_POINT('',#10727);
#2805=VERTEX_POINT('',#10739);
#2806=VERTEX_POINT('',#10752);
#2807=VERTEX_POINT('',#10764);
#2808=VERTEX_POINT('',#10776);
#2809=VERTEX_POINT('',#10788);
#2810=VERTEX_POINT('',#10800);
#2811=VERTEX_POINT('',#10812);
#2812=VERTEX_POINT('',#10824);
#2813=VERTEX_POINT('',#10836);
#2814=VERTEX_POINT('',#10849);
#2815=VERTEX_POINT('',#10851);
#2816=VERTEX_POINT('',#10856);
#2817=VERTEX_POINT('',#10861);
#2818=VERTEX_POINT('',#10865);
#2819=VERTEX_POINT('',#10869);
#2820=VERTEX_POINT('',#10872);
#2821=VERTEX_POINT('',#10875);
#2822=VERTEX_POINT('',#10879);
#2823=VERTEX_POINT('',#10881);
#2824=VERTEX_POINT('',#10883);
#2825=VERTEX_POINT('',#10890);
#2826=VERTEX_POINT('',#10896);
#2827=VERTEX_POINT('',#10900);
#2828=VERTEX_POINT('',#10902);
#2829=VERTEX_POINT('',#10904);
#2830=VERTEX_POINT('',#10906);
#2831=VERTEX_POINT('',#10919);
#2832=VERTEX_POINT('',#10920);
#2833=VERTEX_POINT('',#10922);
#2834=VERTEX_POINT('',#10924);
#2835=VERTEX_POINT('',#10931);
#2836=VERTEX_POINT('',#10933);
#2837=VERTEX_POINT('',#10936);
#2838=VERTEX_POINT('',#10939);
#2839=VERTEX_POINT('',#10940);
#2840=VERTEX_POINT('',#10942);
#2841=VERTEX_POINT('',#10944);
#2842=VERTEX_POINT('',#10953);
#2843=VERTEX_POINT('',#10963);
#2844=VERTEX_POINT('',#10969);
#2845=VERTEX_POINT('',#10971);
#2846=VERTEX_POINT('',#10985);
#2847=VERTEX_POINT('',#10987);
#2848=VERTEX_POINT('',#10989);
#2849=VERTEX_POINT('',#10991);
#2850=VERTEX_POINT('',#10993);
#2851=VERTEX_POINT('',#10995);
#2852=VERTEX_POINT('',#10997);
#2853=VERTEX_POINT('',#10999);
#2854=VERTEX_POINT('',#11003);
#2855=VERTEX_POINT('',#11005);
#2856=VERTEX_POINT('',#11007);
#2857=VERTEX_POINT('',#11011);
#2858=VERTEX_POINT('',#11013);
#2859=VERTEX_POINT('',#11015);
#2860=VERTEX_POINT('',#11019);
#2861=VERTEX_POINT('',#11021);
#2862=VERTEX_POINT('',#11023);
#2863=VERTEX_POINT('',#11025);
#2864=VERTEX_POINT('',#11027);
#2865=VERTEX_POINT('',#11029);
#2866=VERTEX_POINT('',#11037);
#2867=VERTEX_POINT('',#11039);
#2868=VERTEX_POINT('',#11049);
#2869=VERTEX_POINT('',#11061);
#2870=VERTEX_POINT('',#11073);
#2871=VERTEX_POINT('',#11081);
#2872=VERTEX_POINT('',#11087);
#2873=VERTEX_POINT('',#11093);
#2874=VERTEX_POINT('',#11099);
#2875=VERTEX_POINT('',#11101);
#2876=VERTEX_POINT('',#11107);
#2877=VERTEX_POINT('',#11119);
#2878=VERTEX_POINT('',#11121);
#2879=VERTEX_POINT('',#11123);
#2880=VERTEX_POINT('',#11125);
#2881=VERTEX_POINT('',#11127);
#2882=VERTEX_POINT('',#11129);
#2883=VERTEX_POINT('',#11131);
#2884=VERTEX_POINT('',#11133);
#2885=VERTEX_POINT('',#11135);
#2886=VERTEX_POINT('',#11137);
#2887=VERTEX_POINT('',#11139);
#2888=VERTEX_POINT('',#11141);
#2889=VERTEX_POINT('',#11143);
#2890=VERTEX_POINT('',#11145);
#2891=VERTEX_POINT('',#11147);
#2892=VERTEX_POINT('',#11149);
#2893=VERTEX_POINT('',#11151);
#2894=VERTEX_POINT('',#11153);
#2895=VERTEX_POINT('',#11155);
#2896=VERTEX_POINT('',#11157);
#2897=VERTEX_POINT('',#11159);
#2898=VERTEX_POINT('',#11161);
#2899=VERTEX_POINT('',#11163);
#2900=VERTEX_POINT('',#11165);
#2901=VERTEX_POINT('',#11167);
#2902=VERTEX_POINT('',#11169);
#2903=VERTEX_POINT('',#11171);
#2904=VERTEX_POINT('',#11173);
#2905=VERTEX_POINT('',#11175);
#2906=VERTEX_POINT('',#11177);
#2907=VERTEX_POINT('',#11179);
#2908=VERTEX_POINT('',#11181);
#2909=VERTEX_POINT('',#11183);
#2910=VERTEX_POINT('',#11185);
#2911=VERTEX_POINT('',#11187);
#2912=VERTEX_POINT('',#11189);
#2913=VERTEX_POINT('',#11191);
#2914=VERTEX_POINT('',#11193);
#2915=VERTEX_POINT('',#11195);
#2916=VERTEX_POINT('',#11197);
#2917=VERTEX_POINT('',#11199);
#2918=VERTEX_POINT('',#11201);
#2919=VERTEX_POINT('',#11203);
#2920=VERTEX_POINT('',#11205);
#2921=VERTEX_POINT('',#11207);
#2922=VERTEX_POINT('',#11209);
#2923=VERTEX_POINT('',#11211);
#2924=VERTEX_POINT('',#11213);
#2925=VERTEX_POINT('',#11215);
#2926=VERTEX_POINT('',#11217);
#2927=VERTEX_POINT('',#11219);
#2928=VERTEX_POINT('',#11221);
#2929=VERTEX_POINT('',#11223);
#2930=VERTEX_POINT('',#11225);
#2931=VERTEX_POINT('',#11227);
#2932=VERTEX_POINT('',#11229);
#2933=VERTEX_POINT('',#11231);
#2934=VERTEX_POINT('',#11243);
#2935=VERTEX_POINT('',#11245);
#2936=VERTEX_POINT('',#11251);
#2937=VERTEX_POINT('',#11259);
#2938=VERTEX_POINT('',#11261);
#2939=VERTEX_POINT('',#11263);
#2940=VERTEX_POINT('',#11265);
#2941=VERTEX_POINT('',#11267);
#2942=VERTEX_POINT('',#11269);
#2943=VERTEX_POINT('',#11271);
#2944=VERTEX_POINT('',#11273);
#2945=VERTEX_POINT('',#11275);
#2946=VERTEX_POINT('',#11277);
#2947=VERTEX_POINT('',#11279);
#2948=VERTEX_POINT('',#11281);
#2949=VERTEX_POINT('',#11283);
#2950=VERTEX_POINT('',#11285);
#2951=VERTEX_POINT('',#11287);
#2952=VERTEX_POINT('',#11289);
#2953=VERTEX_POINT('',#11294);
#2954=VERTEX_POINT('',#11296);
#2955=VERTEX_POINT('',#11298);
#2956=VERTEX_POINT('',#11300);
#2957=VERTEX_POINT('',#11302);
#2958=VERTEX_POINT('',#11304);
#2959=VERTEX_POINT('',#11306);
#2960=VERTEX_POINT('',#11308);
#2961=VERTEX_POINT('',#11310);
#2962=VERTEX_POINT('',#11312);
#2963=VERTEX_POINT('',#11314);
#2964=VERTEX_POINT('',#11316);
#2965=VERTEX_POINT('',#11319);
#2966=VERTEX_POINT('',#11322);
#2967=VERTEX_POINT('',#11334);
#2968=VERTEX_POINT('',#11346);
#2969=VERTEX_POINT('',#11358);
#2970=VERTEX_POINT('',#11370);
#2971=VERTEX_POINT('',#11382);
#2972=VERTEX_POINT('',#11394);
#2973=VERTEX_POINT('',#11406);
#2974=VERTEX_POINT('',#11418);
#2975=VERTEX_POINT('',#11430);
#2976=VERTEX_POINT('',#11442);
#2977=VERTEX_POINT('',#11454);
#2978=VERTEX_POINT('',#11466);
#2979=VERTEX_POINT('',#11467);
#2980=VERTEX_POINT('',#11493);
#2981=VERTEX_POINT('',#11494);
#2982=VERTEX_POINT('',#11501);
#2983=VERTEX_POINT('',#11511);
#2984=VERTEX_POINT('',#11512);
#2985=VERTEX_POINT('',#11528);
#2986=VERTEX_POINT('',#11540);
#2987=VERTEX_POINT('',#11552);
#2988=VERTEX_POINT('',#11564);
#2989=VERTEX_POINT('',#11576);
#2990=VERTEX_POINT('',#11588);
#2991=VERTEX_POINT('',#11601);
#2992=VERTEX_POINT('',#11613);
#2993=VERTEX_POINT('',#11625);
#2994=VERTEX_POINT('',#11637);
#2995=VERTEX_POINT('',#11649);
#2996=VERTEX_POINT('',#11661);
#2997=VERTEX_POINT('',#11673);
#2998=VERTEX_POINT('',#11685);
#2999=VERTEX_POINT('',#11698);
#3000=VERTEX_POINT('',#11700);
#3001=VERTEX_POINT('',#11705);
#3002=VERTEX_POINT('',#11710);
#3003=VERTEX_POINT('',#11712);
#3004=VERTEX_POINT('',#11714);
#3005=VERTEX_POINT('',#11716);
#3006=VERTEX_POINT('',#11718);
#3007=VERTEX_POINT('',#11720);
#3008=VERTEX_POINT('',#11722);
#3009=VERTEX_POINT('',#11726);
#3010=VERTEX_POINT('',#11728);
#3011=VERTEX_POINT('',#11730);
#3012=VERTEX_POINT('',#11732);
#3013=VERTEX_POINT('',#11736);
#3014=VERTEX_POINT('',#11740);
#3015=VERTEX_POINT('',#11744);
#3016=VERTEX_POINT('',#11747);
#3017=VERTEX_POINT('',#11750);
#3018=VERTEX_POINT('',#11754);
#3019=VERTEX_POINT('',#11756);
#3020=VERTEX_POINT('',#11758);
#3021=VERTEX_POINT('',#11760);
#3022=VERTEX_POINT('',#11762);
#3023=VERTEX_POINT('',#11768);
#3024=VERTEX_POINT('',#11770);
#3025=VERTEX_POINT('',#11777);
#3026=VERTEX_POINT('',#11781);
#3027=VERTEX_POINT('',#11784);
#3028=VERTEX_POINT('',#11786);
#3029=VERTEX_POINT('',#11798);
#3030=VERTEX_POINT('',#11800);
#3031=VERTEX_POINT('',#11804);
#3032=VERTEX_POINT('',#11809);
#3033=VERTEX_POINT('',#11812);
#3034=VERTEX_POINT('',#11815);
#3035=VERTEX_POINT('',#11817);
#3036=VERTEX_POINT('',#11823);
#3037=VERTEX_POINT('',#11825);
#3038=VERTEX_POINT('',#11828);
#3039=EDGE_CURVE('',#2455,#2456,#1567,.T.);
#3040=EDGE_CURVE('',#2457,#2455,#1568,.T.);
#3041=EDGE_CURVE('',#2458,#2457,#1569,.T.);
#3042=EDGE_CURVE('',#2458,#2456,#1570,.T.);
#3043=EDGE_CURVE('',#2459,#2455,#1571,.T.);
#3044=EDGE_CURVE('',#2460,#2459,#1572,.T.);
#3045=EDGE_CURVE('',#2457,#2460,#1573,.T.);
#3046=EDGE_CURVE('',#2461,#2459,#1574,.T.);
#3047=EDGE_CURVE('',#2462,#2461,#1575,.T.);
#3048=EDGE_CURVE('',#2460,#2462,#1576,.T.);
#3049=EDGE_CURVE('',#2456,#2461,#1577,.T.);
#3050=EDGE_CURVE('',#2462,#2458,#1578,.T.);
#3051=EDGE_CURVE('',#2463,#2464,#1579,.T.);
#3052=EDGE_CURVE('',#2465,#2463,#1580,.T.);
#3053=EDGE_CURVE('',#2466,#2465,#1581,.T.);
#3054=EDGE_CURVE('',#2466,#2464,#1582,.T.);
#3055=EDGE_CURVE('',#2467,#2463,#1583,.T.);
#3056=EDGE_CURVE('',#2468,#2467,#1584,.T.);
#3057=EDGE_CURVE('',#2468,#2465,#1585,.T.);
#3058=EDGE_CURVE('',#2469,#2467,#1586,.T.);
#3059=EDGE_CURVE('',#2470,#2469,#1587,.T.);
#3060=EDGE_CURVE('',#2468,#2470,#542,.T.);
#3061=EDGE_CURVE('',#2471,#2469,#478,.T.);
#3062=EDGE_CURVE('',#2472,#2471,#1588,.T.);
#3063=EDGE_CURVE('',#2470,#2472,#543,.T.);
#3064=EDGE_CURVE('',#2473,#2471,#479,.T.);
#3065=EDGE_CURVE('',#2474,#2473,#1589,.T.);
#3066=EDGE_CURVE('',#2472,#2474,#544,.T.);
#3067=EDGE_CURVE('',#2475,#2473,#480,.T.);
#3068=EDGE_CURVE('',#2476,#2475,#1590,.T.);
#3069=EDGE_CURVE('',#2474,#2476,#545,.T.);
#3070=EDGE_CURVE('',#2477,#2475,#481,.T.);
#3071=EDGE_CURVE('',#2478,#2477,#1591,.T.);
#3072=EDGE_CURVE('',#2476,#2478,#546,.T.);
#3073=EDGE_CURVE('',#2479,#2477,#482,.T.);
#3074=EDGE_CURVE('',#2480,#2479,#1592,.T.);
#3075=EDGE_CURVE('',#2478,#2480,#547,.T.);
#3076=EDGE_CURVE('',#2464,#2479,#1593,.T.);
#3077=EDGE_CURVE('',#2480,#2466,#548,.T.);
#3078=EDGE_CURVE('',#2481,#2482,#1594,.T.);
#3079=EDGE_CURVE('',#2483,#2481,#1595,.T.);
#3080=EDGE_CURVE('',#2483,#2484,#1596,.T.);
#3081=EDGE_CURVE('',#2484,#2482,#1597,.T.);
#3082=EDGE_CURVE('',#2485,#2481,#483,.T.);
#3083=EDGE_CURVE('',#2486,#2485,#1598,.T.);
#3084=EDGE_CURVE('',#2486,#2483,#549,.T.);
#3085=EDGE_CURVE('',#2487,#2485,#484,.T.);
#3086=EDGE_CURVE('',#2488,#2487,#1599,.T.);
#3087=EDGE_CURVE('',#2488,#2486,#550,.T.);
#3088=EDGE_CURVE('',#2489,#2487,#485,.T.);
#3089=EDGE_CURVE('',#2490,#2489,#1600,.T.);
#3090=EDGE_CURVE('',#2490,#2488,#551,.T.);
#3091=EDGE_CURVE('',#2491,#2489,#486,.T.);
#3092=EDGE_CURVE('',#2492,#2491,#1601,.T.);
#3093=EDGE_CURVE('',#2492,#2490,#552,.T.);
#3094=EDGE_CURVE('',#2482,#2491,#1602,.T.);
#3095=EDGE_CURVE('',#2484,#2492,#553,.T.);
#3096=EDGE_CURVE('',#2493,#2494,#487,.T.);
#3097=EDGE_CURVE('',#2495,#2493,#1603,.T.);
#3098=EDGE_CURVE('',#2495,#2496,#554,.T.);
#3099=EDGE_CURVE('',#2496,#2494,#1604,.T.);
#3100=EDGE_CURVE('',#2497,#2493,#488,.T.);
#3101=EDGE_CURVE('',#2498,#2497,#1605,.T.);
#3102=EDGE_CURVE('',#2498,#2495,#555,.T.);
#3103=EDGE_CURVE('',#2499,#2497,#489,.T.);
#3104=EDGE_CURVE('',#2500,#2499,#1606,.T.);
#3105=EDGE_CURVE('',#2500,#2498,#556,.T.);
#3106=EDGE_CURVE('',#2501,#2499,#490,.T.);
#3107=EDGE_CURVE('',#2502,#2501,#1607,.T.);
#3108=EDGE_CURVE('',#2502,#2500,#557,.T.);
#3109=EDGE_CURVE('',#2503,#2501,#491,.T.);
#3110=EDGE_CURVE('',#2504,#2503,#1608,.T.);
#3111=EDGE_CURVE('',#2504,#2502,#558,.T.);
#3112=EDGE_CURVE('',#2494,#2503,#1609,.T.);
#3113=EDGE_CURVE('',#2496,#2504,#559,.T.);
#3114=EDGE_CURVE('',#2505,#2506,#246,.F.);
#3115=EDGE_CURVE('',#2506,#2507,#1610,.T.);
#3116=EDGE_CURVE('',#2507,#2508,#247,.F.);
#3117=EDGE_CURVE('',#2508,#2505,#1611,.T.);
#3118=EDGE_CURVE('',#2509,#2510,#1612,.T.);
#3119=EDGE_CURVE('',#2509,#2511,#248,.T.);
#3120=EDGE_CURVE('',#2512,#2511,#1613,.F.);
#3121=EDGE_CURVE('',#2513,#2512,#249,.F.);
#3122=EDGE_CURVE('',#2513,#2514,#1614,.T.);
#3123=EDGE_CURVE('',#2515,#2514,#250,.T.);
#3124=EDGE_CURVE('',#2516,#2515,#1615,.T.);
#3125=EDGE_CURVE('',#2517,#2516,#251,.T.);
#3126=EDGE_CURVE('',#2518,#2517,#1616,.T.);
#3127=EDGE_CURVE('',#2519,#2518,#252,.T.);
#3128=EDGE_CURVE('',#2520,#2519,#1617,.T.);
#3129=EDGE_CURVE('',#2521,#2520,#253,.T.);
#3130=EDGE_CURVE('',#2522,#2521,#1618,.T.);
#3131=EDGE_CURVE('',#2522,#2523,#254,.F.);
#3132=EDGE_CURVE('',#2523,#2524,#1619,.F.);
#3133=EDGE_CURVE('',#2510,#2524,#255,.T.);
#3134=EDGE_CURVE('',#2506,#2525,#1620,.T.);
#3135=EDGE_CURVE('',#2526,#2525,#1621,.T.);
#3136=EDGE_CURVE('',#2527,#2526,#256,.F.);
#3137=EDGE_CURVE('',#2528,#2527,#1622,.T.);
#3138=EDGE_CURVE('',#2528,#2529,#1623,.T.);
#3139=EDGE_CURVE('',#2530,#2529,#1624,.T.);
#3140=EDGE_CURVE('',#2531,#2530,#1625,.T.);
#3141=EDGE_CURVE('',#2531,#2532,#1626,.T.);
#3142=EDGE_CURVE('',#2532,#2533,#257,.F.);
#3143=EDGE_CURVE('',#2533,#2534,#1627,.T.);
#3144=EDGE_CURVE('',#2535,#2534,#1628,.T.);
#3145=EDGE_CURVE('',#2536,#2535,#1629,.T.);
#3146=EDGE_CURVE('',#2537,#2536,#1630,.T.);
#3147=EDGE_CURVE('',#2537,#2538,#1631,.T.);
#3148=EDGE_CURVE('',#2538,#2539,#258,.F.);
#3149=EDGE_CURVE('',#2539,#2540,#1632,.T.);
#3150=EDGE_CURVE('',#2541,#2540,#1633,.T.);
#3151=EDGE_CURVE('',#2542,#2541,#1634,.T.);
#3152=EDGE_CURVE('',#2542,#2543,#1635,.T.);
#3153=EDGE_CURVE('',#2544,#2543,#1636,.T.);
#3154=EDGE_CURVE('',#2545,#2544,#259,.F.);
#3155=EDGE_CURVE('',#2546,#2545,#1637,.T.);
#3156=EDGE_CURVE('',#2546,#2507,#1638,.T.);
#3157=EDGE_CURVE('',#2535,#2547,#260,.F.);
#3158=EDGE_CURVE('',#2547,#2548,#1639,.T.);
#3159=EDGE_CURVE('',#2548,#2536,#261,.F.);
#3160=EDGE_CURVE('',#2548,#2549,#1640,.T.);
#3161=EDGE_CURVE('',#2550,#2547,#1641,.T.);
#3162=EDGE_CURVE('',#2551,#2550,#1642,.T.);
#3163=EDGE_CURVE('',#2551,#2552,#1643,.T.);
#3164=EDGE_CURVE('',#2552,#2553,#1644,.T.);
#3165=EDGE_CURVE('',#2553,#2554,#1645,.T.);
#3166=EDGE_CURVE('',#2554,#2555,#1646,.T.);
#3167=EDGE_CURVE('',#2556,#2555,#1647,.T.);
#3168=EDGE_CURVE('',#2556,#2557,#1648,.T.);
#3169=EDGE_CURVE('',#2557,#2558,#1649,.T.);
#3170=EDGE_CURVE('',#2549,#2558,#1650,.T.);
#3171=EDGE_CURVE('',#2541,#2559,#262,.F.);
#3172=EDGE_CURVE('',#2559,#2560,#1651,.T.);
#3173=EDGE_CURVE('',#2560,#2542,#263,.F.);
#3174=EDGE_CURVE('',#2561,#2560,#1652,.T.);
#3175=EDGE_CURVE('',#2562,#2559,#1653,.T.);
#3176=EDGE_CURVE('',#2563,#2562,#1654,.T.);
#3177=EDGE_CURVE('',#2563,#2564,#1655,.T.);
#3178=EDGE_CURVE('',#2564,#2565,#1656,.T.);
#3179=EDGE_CURVE('',#2565,#2566,#1657,.T.);
#3180=EDGE_CURVE('',#2567,#2566,#1658,.T.);
#3181=EDGE_CURVE('',#2568,#2567,#1659,.T.);
#3182=EDGE_CURVE('',#2569,#2568,#1660,.T.);
#3183=EDGE_CURVE('',#2570,#2569,#1661,.T.);
#3184=EDGE_CURVE('',#2570,#2561,#1662,.T.);
#3185=EDGE_CURVE('',#2571,#2530,#264,.F.);
#3186=EDGE_CURVE('',#2529,#2572,#265,.F.);
#3187=EDGE_CURVE('',#2572,#2571,#1663,.T.);
#3188=EDGE_CURVE('',#2510,#2573,#266,.T.);
#3189=EDGE_CURVE('',#2573,#2574,#1664,.T.);
#3190=EDGE_CURVE('',#2574,#2509,#267,.T.);
#3191=EDGE_CURVE('',#2574,#2575,#492,.T.);
#3192=EDGE_CURVE('',#2575,#2509,#268,.T.);
#3193=EDGE_CURVE('',#2576,#2510,#269,.T.);
#3194=EDGE_CURVE('',#2576,#2573,#493,.T.);
#3195=EDGE_CURVE('',#2576,#2577,#1665,.T.);
#3196=EDGE_CURVE('',#2577,#2578,#1666,.T.);
#3197=EDGE_CURVE('',#2578,#2579,#1667,.T.);
#3198=EDGE_CURVE('',#2580,#2579,#1668,.T.);
#3199=EDGE_CURVE('',#2575,#2580,#1669,.T.);
#3200=EDGE_CURVE('',#2514,#2581,#494,.F.);
#3201=EDGE_CURVE('',#2581,#2582,#270,.T.);
#3202=EDGE_CURVE('',#2582,#2515,#271,.T.);
#3203=EDGE_CURVE('',#2583,#2516,#272,.T.);
#3204=EDGE_CURVE('',#2582,#2583,#1670,.T.);
#3205=EDGE_CURVE('',#2584,#2517,#273,.T.);
#3206=EDGE_CURVE('',#2583,#2584,#274,.T.);
#3207=EDGE_CURVE('',#2585,#2518,#275,.T.);
#3208=EDGE_CURVE('',#2584,#2585,#1671,.T.);
#3209=EDGE_CURVE('',#2586,#2519,#276,.T.);
#3210=EDGE_CURVE('',#2585,#2586,#277,.T.);
#3211=EDGE_CURVE('',#2587,#2520,#278,.T.);
#3212=EDGE_CURVE('',#2586,#2587,#1672,.T.);
#3213=EDGE_CURVE('',#2521,#2588,#495,.T.);
#3214=EDGE_CURVE('',#2587,#2588,#279,.T.);
#3215=EDGE_CURVE('',#2589,#2587,#1673,.T.);
#3216=EDGE_CURVE('',#2589,#2590,#280,.T.);
#3217=EDGE_CURVE('',#2588,#2590,#1674,.T.);
#3218=EDGE_CURVE('',#2586,#2591,#1675,.T.);
#3219=EDGE_CURVE('',#2591,#2589,#1676,.T.);
#3220=EDGE_CURVE('',#2592,#2585,#1677,.T.);
#3221=EDGE_CURVE('',#2592,#2591,#281,.T.);
#3222=EDGE_CURVE('',#2593,#2584,#1678,.T.);
#3223=EDGE_CURVE('',#2593,#2592,#1679,.T.);
#3224=EDGE_CURVE('',#2583,#2594,#1680,.T.);
#3225=EDGE_CURVE('',#2593,#2594,#282,.T.);
#3226=EDGE_CURVE('',#2595,#2582,#1681,.T.);
#3227=EDGE_CURVE('',#2594,#2595,#1682,.T.);
#3228=EDGE_CURVE('',#2581,#2596,#1683,.T.);
#3229=EDGE_CURVE('',#2595,#2596,#283,.T.);
#3230=EDGE_CURVE('',#2597,#2598,#496,.T.);
#3231=EDGE_CURVE('',#2599,#2598,#1684,.T.);
#3232=EDGE_CURVE('',#2600,#2599,#560,.T.);
#3233=EDGE_CURVE('',#2600,#2597,#1685,.T.);
#3234=EDGE_CURVE('',#2601,#2597,#497,.T.);
#3235=EDGE_CURVE('',#2602,#2600,#561,.T.);
#3236=EDGE_CURVE('',#2602,#2601,#1686,.T.);
#3237=EDGE_CURVE('',#2603,#2601,#498,.T.);
#3238=EDGE_CURVE('',#2604,#2602,#562,.T.);
#3239=EDGE_CURVE('',#2604,#2603,#1687,.T.);
#3240=EDGE_CURVE('',#2605,#2603,#499,.T.);
#3241=EDGE_CURVE('',#2606,#2604,#563,.T.);
#3242=EDGE_CURVE('',#2606,#2605,#1688,.T.);
#3243=EDGE_CURVE('',#2607,#2605,#1689,.T.);
#3244=EDGE_CURVE('',#2608,#2606,#1690,.T.);
#3245=EDGE_CURVE('',#2608,#2607,#1691,.T.);
#3246=EDGE_CURVE('',#2609,#2610,#1692,.T.);
#3247=EDGE_CURVE('',#2611,#2609,#284,.T.);
#3248=EDGE_CURVE('',#2612,#2611,#1693,.T.);
#3249=EDGE_CURVE('',#2613,#2612,#285,.T.);
#3250=EDGE_CURVE('',#2614,#2613,#1694,.T.);
#3251=EDGE_CURVE('',#2615,#2614,#286,.T.);
#3252=EDGE_CURVE('',#2616,#2615,#1695,.T.);
#3253=EDGE_CURVE('',#2617,#2616,#287,.T.);
#3254=EDGE_CURVE('',#2617,#2618,#1696,.T.);
#3255=EDGE_CURVE('',#2618,#2619,#288,.T.);
#3256=EDGE_CURVE('',#2619,#2620,#1697,.T.);
#3257=EDGE_CURVE('',#2620,#2621,#289,.T.);
#3258=EDGE_CURVE('',#2621,#2622,#1698,.T.);
#3259=EDGE_CURVE('',#2622,#2623,#290,.T.);
#3260=EDGE_CURVE('',#2623,#2624,#1699,.T.);
#3261=EDGE_CURVE('',#2624,#2610,#291,.T.);
#3262=EDGE_CURVE('',#2599,#2625,#1700,.T.);
#3263=EDGE_CURVE('',#2625,#2626,#1701,.T.);
#3264=EDGE_CURVE('',#2626,#2627,#1702,.T.);
#3265=EDGE_CURVE('',#2627,#2628,#564,.T.);
#3266=EDGE_CURVE('',#2628,#2629,#565,.T.);
#3267=EDGE_CURVE('',#2629,#2630,#566,.T.);
#3268=EDGE_CURVE('',#2630,#2631,#567,.T.);
#3269=EDGE_CURVE('',#2631,#2632,#568,.T.);
#3270=EDGE_CURVE('',#2632,#2633,#1703,.T.);
#3271=EDGE_CURVE('',#2633,#2608,#1704,.T.);
#3272=EDGE_CURVE('',#2634,#2635,#569,.T.);
#3273=EDGE_CURVE('',#2635,#2636,#1705,.T.);
#3274=EDGE_CURVE('',#2636,#2637,#570,.T.);
#3275=EDGE_CURVE('',#2637,#2638,#571,.T.);
#3276=EDGE_CURVE('',#2638,#2639,#572,.T.);
#3277=EDGE_CURVE('',#2639,#2634,#573,.T.);
#3278=EDGE_CURVE('',#2640,#2640,#292,.T.);
#3279=EDGE_CURVE('',#2641,#2641,#293,.T.);
#3280=EDGE_CURVE('',#2642,#2642,#294,.F.);
#3281=EDGE_CURVE('',#2643,#2643,#295,.F.);
#3282=EDGE_CURVE('',#2644,#2607,#1706,.T.);
#3283=EDGE_CURVE('',#2633,#2644,#1707,.T.);
#3284=EDGE_CURVE('',#2598,#2645,#1708,.T.);
#3285=EDGE_CURVE('',#2625,#2645,#1709,.T.);
#3286=EDGE_CURVE('',#2645,#2646,#1710,.T.);
#3287=EDGE_CURVE('',#2626,#2646,#1711,.T.);
#3288=EDGE_CURVE('',#2647,#2644,#1712,.T.);
#3289=EDGE_CURVE('',#2632,#2647,#1713,.T.);
#3290=EDGE_CURVE('',#2648,#2647,#500,.T.);
#3291=EDGE_CURVE('',#2631,#2648,#1714,.T.);
#3292=EDGE_CURVE('',#2649,#2648,#501,.T.);
#3293=EDGE_CURVE('',#2630,#2649,#1715,.T.);
#3294=EDGE_CURVE('',#2650,#2649,#502,.T.);
#3295=EDGE_CURVE('',#2629,#2650,#1716,.T.);
#3296=EDGE_CURVE('',#2651,#2650,#503,.T.);
#3297=EDGE_CURVE('',#2628,#2651,#1717,.T.);
#3298=EDGE_CURVE('',#2652,#2651,#504,.T.);
#3299=EDGE_CURVE('',#2627,#2652,#1718,.T.);
#3300=EDGE_CURVE('',#2646,#2652,#1719,.T.);
#3301=EDGE_CURVE('',#2653,#2654,#505,.T.);
#3302=EDGE_CURVE('',#2635,#2654,#1720,.T.);
#3303=EDGE_CURVE('',#2634,#2653,#1721,.T.);
#3304=EDGE_CURVE('',#2655,#2653,#506,.T.);
#3305=EDGE_CURVE('',#2639,#2655,#1722,.T.);
#3306=EDGE_CURVE('',#2656,#2655,#507,.T.);
#3307=EDGE_CURVE('',#2638,#2656,#1723,.T.);
#3308=EDGE_CURVE('',#2657,#2656,#508,.T.);
#3309=EDGE_CURVE('',#2637,#2657,#1724,.T.);
#3310=EDGE_CURVE('',#2658,#2657,#509,.T.);
#3311=EDGE_CURVE('',#2636,#2658,#1725,.T.);
#3312=EDGE_CURVE('',#2654,#2658,#1726,.T.);
#3313=EDGE_CURVE('',#2620,#2659,#1727,.T.);
#3314=EDGE_CURVE('',#2660,#2659,#296,.T.);
#3315=EDGE_CURVE('',#2621,#2660,#1728,.T.);
#3316=EDGE_CURVE('',#2590,#2660,#1729,.T.);
#3317=EDGE_CURVE('',#2622,#2590,#1730,.T.);
#3318=EDGE_CURVE('',#2623,#2589,#1731,.T.);
#3319=EDGE_CURVE('',#2624,#2591,#1732,.T.);
#3320=EDGE_CURVE('',#2610,#2592,#1733,.T.);
#3321=EDGE_CURVE('',#2661,#2619,#1734,.T.);
#3322=EDGE_CURVE('',#2662,#2661,#1735,.T.);
#3323=EDGE_CURVE('',#2663,#2662,#13,.F.);
#3324=EDGE_CURVE('',#2663,#2664,#1736,.T.);
#3325=EDGE_CURVE('',#2665,#2664,#1737,.T.);
#3326=EDGE_CURVE('',#2666,#2665,#1738,.T.);
#3327=EDGE_CURVE('',#2667,#2666,#1739,.T.);
#3328=EDGE_CURVE('',#2668,#2667,#574,.T.);
#3329=EDGE_CURVE('',#2669,#2668,#1740,.T.);
#3330=EDGE_CURVE('',#2670,#2669,#1741,.T.);
#3331=EDGE_CURVE('',#2671,#2670,#575,.T.);
#3332=EDGE_CURVE('',#2672,#2671,#1742,.T.);
#3333=EDGE_CURVE('',#2673,#2672,#1743,.T.);
#3334=EDGE_CURVE('',#2674,#2673,#576,.T.);
#3335=EDGE_CURVE('',#2675,#2674,#1744,.T.);
#3336=EDGE_CURVE('',#2676,#2675,#1745,.T.);
#3337=EDGE_CURVE('',#2677,#2676,#1746,.T.);
#3338=EDGE_CURVE('',#2678,#2677,#1747,.T.);
#3339=EDGE_CURVE('',#2679,#2678,#1748,.T.);
#3340=EDGE_CURVE('',#2680,#2679,#14,.T.);
#3341=EDGE_CURVE('',#2659,#2680,#1749,.T.);
#3342=EDGE_CURVE('',#2578,#2618,#1750,.T.);
#3343=EDGE_CURVE('',#2661,#2578,#297,.T.);
#3344=EDGE_CURVE('',#2665,#2681,#1751,.T.);
#3345=EDGE_CURVE('',#2682,#2681,#577,.F.);
#3346=EDGE_CURVE('',#2682,#2666,#1752,.T.);
#3347=EDGE_CURVE('',#2667,#2682,#578,.T.);
#3348=EDGE_CURVE('',#2682,#2683,#298,.T.);
#3349=EDGE_CURVE('',#2683,#2668,#579,.F.);
#3350=EDGE_CURVE('',#2683,#2669,#1753,.T.);
#3351=EDGE_CURVE('',#2670,#2683,#580,.T.);
#3352=EDGE_CURVE('',#2683,#2684,#299,.T.);
#3353=EDGE_CURVE('',#2684,#2671,#581,.F.);
#3354=EDGE_CURVE('',#2684,#2672,#1754,.T.);
#3355=EDGE_CURVE('',#2673,#2684,#582,.T.);
#3356=EDGE_CURVE('',#2684,#2685,#300,.T.);
#3357=EDGE_CURVE('',#2685,#2674,#583,.F.);
#3358=EDGE_CURVE('',#2685,#2675,#1755,.T.);
#3359=EDGE_CURVE('',#2686,#2685,#584,.T.);
#3360=EDGE_CURVE('',#2676,#2686,#1756,.T.);
#3361=EDGE_CURVE('',#2687,#2686,#585,.F.);
#3362=EDGE_CURVE('',#2687,#2677,#1757,.T.);
#3363=EDGE_CURVE('',#2688,#2687,#586,.T.);
#3364=EDGE_CURVE('',#2678,#2688,#1758,.T.);
#3365=EDGE_CURVE('',#2689,#2688,#587,.F.);
#3366=EDGE_CURVE('',#2689,#2690,#1759,.T.);
#3367=EDGE_CURVE('',#2679,#2690,#15,.F.);
#3368=EDGE_CURVE('',#2577,#2691,#510,.T.);
#3369=EDGE_CURVE('',#2661,#2691,#1760,.T.);
#3370=EDGE_CURVE('',#2523,#2524,#301,.T.);
#3371=EDGE_CURVE('',#2576,#2522,#302,.T.);
#3372=EDGE_CURVE('',#2521,#2692,#1761,.T.);
#3373=EDGE_CURVE('',#2692,#2693,#511,.F.);
#3374=EDGE_CURVE('',#2693,#2694,#303,.T.);
#3375=EDGE_CURVE('',#2694,#2695,#16,.T.);
#3376=EDGE_CURVE('',#2695,#2696,#17,.F.);
#3377=EDGE_CURVE('',#2696,#2697,#18,.T.);
#3378=EDGE_CURVE('',#2697,#2698,#19,.F.);
#3379=EDGE_CURVE('',#2698,#2699,#20,.T.);
#3380=EDGE_CURVE('',#2699,#2700,#21,.F.);
#3381=EDGE_CURVE('',#2700,#2701,#22,.T.);
#3382=EDGE_CURVE('',#2701,#2702,#23,.F.);
#3383=EDGE_CURVE('',#2702,#2703,#24,.T.);
#3384=EDGE_CURVE('',#2703,#2704,#25,.F.);
#3385=EDGE_CURVE('',#2704,#2705,#26,.T.);
#3386=EDGE_CURVE('',#2705,#2706,#27,.F.);
#3387=EDGE_CURVE('',#2706,#2707,#28,.T.);
#3388=EDGE_CURVE('',#2707,#2708,#29,.F.);
#3389=EDGE_CURVE('',#2708,#2709,#30,.T.);
#3390=EDGE_CURVE('',#2709,#2710,#31,.F.);
#3391=EDGE_CURVE('',#2710,#2711,#32,.T.);
#3392=EDGE_CURVE('',#2711,#2712,#33,.F.);
#3393=EDGE_CURVE('',#2712,#2713,#34,.T.);
#3394=EDGE_CURVE('',#2713,#2714,#35,.F.);
#3395=EDGE_CURVE('',#2714,#2715,#36,.T.);
#3396=EDGE_CURVE('',#2715,#2716,#37,.F.);
#3397=EDGE_CURVE('',#2716,#2717,#38,.T.);
#3398=EDGE_CURVE('',#2717,#2718,#39,.F.);
#3399=EDGE_CURVE('',#2718,#2719,#40,.T.);
#3400=EDGE_CURVE('',#2719,#2720,#41,.F.);
#3401=EDGE_CURVE('',#2720,#2721,#42,.T.);
#3402=EDGE_CURVE('',#2721,#2722,#43,.F.);
#3403=EDGE_CURVE('',#2722,#2723,#44,.T.);
#3404=EDGE_CURVE('',#2723,#2724,#45,.F.);
#3405=EDGE_CURVE('',#2724,#2725,#46,.T.);
#3406=EDGE_CURVE('',#2725,#2726,#47,.F.);
#3407=EDGE_CURVE('',#2726,#2727,#48,.T.);
#3408=EDGE_CURVE('',#2727,#2728,#49,.F.);
#3409=EDGE_CURVE('',#2728,#2729,#50,.T.);
#3410=EDGE_CURVE('',#2729,#2730,#51,.F.);
#3411=EDGE_CURVE('',#2730,#2731,#52,.T.);
#3412=EDGE_CURVE('',#2731,#2732,#53,.F.);
#3413=EDGE_CURVE('',#2732,#2733,#54,.T.);
#3414=EDGE_CURVE('',#2733,#2734,#55,.F.);
#3415=EDGE_CURVE('',#2734,#2735,#56,.T.);
#3416=EDGE_CURVE('',#2735,#2736,#57,.F.);
#3417=EDGE_CURVE('',#2736,#2737,#58,.T.);
#3418=EDGE_CURVE('',#2737,#2738,#59,.F.);
#3419=EDGE_CURVE('',#2738,#2739,#60,.T.);
#3420=EDGE_CURVE('',#2739,#2740,#61,.F.);
#3421=EDGE_CURVE('',#2740,#2741,#62,.T.);
#3422=EDGE_CURVE('',#2741,#2742,#63,.F.);
#3423=EDGE_CURVE('',#2742,#2743,#64,.T.);
#3424=EDGE_CURVE('',#2743,#2744,#65,.F.);
#3425=EDGE_CURVE('',#2744,#2745,#66,.T.);
#3426=EDGE_CURVE('',#2745,#2746,#67,.F.);
#3427=EDGE_CURVE('',#2746,#2747,#68,.T.);
#3428=EDGE_CURVE('',#2747,#2748,#69,.F.);
#3429=EDGE_CURVE('',#2748,#2691,#304,.T.);
#3430=EDGE_CURVE('',#2693,#2659,#1762,.T.);
#3431=EDGE_CURVE('',#2660,#2692,#1763,.T.);
#3432=EDGE_CURVE('',#2719,#2749,#1764,.T.);
#3433=EDGE_CURVE('',#2750,#2749,#588,.F.);
#3434=EDGE_CURVE('',#2720,#2750,#1765,.T.);
#3435=EDGE_CURVE('',#2749,#2751,#589,.T.);
#3436=EDGE_CURVE('',#2751,#2750,#305,.T.);
#3437=EDGE_CURVE('',#2751,#2718,#1766,.T.);
#3438=EDGE_CURVE('',#2752,#2751,#306,.T.);
#3439=EDGE_CURVE('',#2753,#2752,#307,.T.);
#3440=EDGE_CURVE('',#2754,#2753,#308,.T.);
#3441=EDGE_CURVE('',#2755,#2754,#309,.T.);
#3442=EDGE_CURVE('',#2756,#2755,#310,.T.);
#3443=EDGE_CURVE('',#2757,#2756,#311,.T.);
#3444=EDGE_CURVE('',#2758,#2757,#312,.T.);
#3445=EDGE_CURVE('',#2759,#2758,#313,.T.);
#3446=EDGE_CURVE('',#2760,#2759,#314,.T.);
#3447=EDGE_CURVE('',#2761,#2760,#315,.T.);
#3448=EDGE_CURVE('',#2762,#2761,#316,.T.);
#3449=EDGE_CURVE('',#2763,#2762,#317,.T.);
#3450=EDGE_CURVE('',#2689,#2763,#318,.T.);
#3451=EDGE_CURVE('',#2687,#2689,#319,.T.);
#3452=EDGE_CURVE('',#2685,#2687,#320,.T.);
#3453=EDGE_CURVE('',#2764,#2682,#321,.T.);
#3454=EDGE_CURVE('',#2765,#2764,#322,.T.);
#3455=EDGE_CURVE('',#2766,#2765,#323,.T.);
#3456=EDGE_CURVE('',#2767,#2766,#324,.T.);
#3457=EDGE_CURVE('',#2768,#2767,#325,.T.);
#3458=EDGE_CURVE('',#2769,#2768,#326,.T.);
#3459=EDGE_CURVE('',#2770,#2769,#327,.T.);
#3460=EDGE_CURVE('',#2771,#2770,#328,.T.);
#3461=EDGE_CURVE('',#2772,#2771,#329,.T.);
#3462=EDGE_CURVE('',#2773,#2772,#330,.T.);
#3463=EDGE_CURVE('',#2774,#2773,#331,.T.);
#3464=EDGE_CURVE('',#2775,#2774,#332,.T.);
#3465=EDGE_CURVE('',#2776,#2775,#333,.T.);
#3466=EDGE_CURVE('',#2777,#2776,#334,.T.);
#3467=EDGE_CURVE('',#2778,#2777,#335,.T.);
#3468=EDGE_CURVE('',#2779,#2778,#336,.T.);
#3469=EDGE_CURVE('',#2750,#2779,#337,.T.);
#3470=EDGE_CURVE('',#2780,#2780,#338,.T.);
#3471=EDGE_CURVE('',#2717,#2781,#1767,.T.);
#3472=EDGE_CURVE('',#2751,#2781,#590,.F.);
#3473=EDGE_CURVE('',#2781,#2752,#591,.T.);
#3474=EDGE_CURVE('',#2752,#2716,#1768,.T.);
#3475=EDGE_CURVE('',#2715,#2782,#1769,.T.);
#3476=EDGE_CURVE('',#2752,#2782,#592,.F.);
#3477=EDGE_CURVE('',#2782,#2753,#593,.T.);
#3478=EDGE_CURVE('',#2753,#2714,#1770,.T.);
#3479=EDGE_CURVE('',#2713,#2783,#1771,.T.);
#3480=EDGE_CURVE('',#2753,#2783,#594,.F.);
#3481=EDGE_CURVE('',#2783,#2754,#595,.T.);
#3482=EDGE_CURVE('',#2754,#2712,#1772,.T.);
#3483=EDGE_CURVE('',#2711,#2784,#1773,.T.);
#3484=EDGE_CURVE('',#2754,#2784,#596,.F.);
#3485=EDGE_CURVE('',#2784,#2755,#597,.T.);
#3486=EDGE_CURVE('',#2755,#2710,#1774,.T.);
#3487=EDGE_CURVE('',#2709,#2785,#1775,.T.);
#3488=EDGE_CURVE('',#2755,#2785,#598,.F.);
#3489=EDGE_CURVE('',#2785,#2756,#599,.T.);
#3490=EDGE_CURVE('',#2756,#2708,#1776,.T.);
#3491=EDGE_CURVE('',#2707,#2786,#1777,.T.);
#3492=EDGE_CURVE('',#2756,#2786,#600,.F.);
#3493=EDGE_CURVE('',#2786,#2757,#601,.T.);
#3494=EDGE_CURVE('',#2757,#2706,#1778,.T.);
#3495=EDGE_CURVE('',#2705,#2787,#1779,.T.);
#3496=EDGE_CURVE('',#2757,#2787,#602,.F.);
#3497=EDGE_CURVE('',#2787,#2758,#603,.T.);
#3498=EDGE_CURVE('',#2758,#2704,#1780,.T.);
#3499=EDGE_CURVE('',#2703,#2788,#1781,.T.);
#3500=EDGE_CURVE('',#2758,#2788,#604,.F.);
#3501=EDGE_CURVE('',#2788,#2759,#605,.T.);
#3502=EDGE_CURVE('',#2759,#2702,#1782,.T.);
#3503=EDGE_CURVE('',#2701,#2789,#1783,.T.);
#3504=EDGE_CURVE('',#2759,#2789,#606,.F.);
#3505=EDGE_CURVE('',#2789,#2760,#607,.T.);
#3506=EDGE_CURVE('',#2760,#2700,#1784,.T.);
#3507=EDGE_CURVE('',#2699,#2790,#1785,.T.);
#3508=EDGE_CURVE('',#2760,#2790,#608,.F.);
#3509=EDGE_CURVE('',#2790,#2761,#609,.T.);
#3510=EDGE_CURVE('',#2761,#2698,#1786,.T.);
#3511=EDGE_CURVE('',#2697,#2791,#1787,.T.);
#3512=EDGE_CURVE('',#2761,#2791,#610,.F.);
#3513=EDGE_CURVE('',#2791,#2762,#611,.T.);
#3514=EDGE_CURVE('',#2762,#2696,#1788,.T.);
#3515=EDGE_CURVE('',#2695,#2792,#1789,.T.);
#3516=EDGE_CURVE('',#2762,#2792,#612,.F.);
#3517=EDGE_CURVE('',#2792,#2763,#613,.T.);
#3518=EDGE_CURVE('',#2763,#2694,#1790,.T.);
#3519=EDGE_CURVE('',#2793,#2794,#1791,.T.);
#3520=EDGE_CURVE('',#2763,#2794,#614,.F.);
#3521=EDGE_CURVE('',#2793,#2694,#70,.F.);
#3522=EDGE_CURVE('',#2694,#2690,#339,.T.);
#3523=EDGE_CURVE('',#2690,#2793,#71,.T.);
#3524=EDGE_CURVE('',#2794,#2689,#615,.T.);
#3525=EDGE_CURVE('',#2690,#2680,#340,.T.);
#3526=EDGE_CURVE('',#2681,#2764,#616,.T.);
#3527=EDGE_CURVE('',#2764,#2664,#1792,.T.);
#3528=EDGE_CURVE('',#2795,#2796,#1793,.T.);
#3529=EDGE_CURVE('',#2764,#2796,#617,.F.);
#3530=EDGE_CURVE('',#2795,#2663,#72,.F.);
#3531=EDGE_CURVE('',#2662,#2797,#341,.T.);
#3532=EDGE_CURVE('',#2797,#2795,#73,.T.);
#3533=EDGE_CURVE('',#2796,#2765,#618,.T.);
#3534=EDGE_CURVE('',#2765,#2797,#1794,.T.);
#3535=EDGE_CURVE('',#2798,#2799,#1795,.T.);
#3536=EDGE_CURVE('',#2765,#2799,#619,.F.);
#3537=EDGE_CURVE('',#2798,#2797,#74,.F.);
#3538=EDGE_CURVE('',#2797,#2748,#342,.T.);
#3539=EDGE_CURVE('',#2748,#2798,#75,.T.);
#3540=EDGE_CURVE('',#2799,#2766,#620,.T.);
#3541=EDGE_CURVE('',#2766,#2748,#1796,.T.);
#3542=EDGE_CURVE('',#2747,#2800,#1797,.T.);
#3543=EDGE_CURVE('',#2766,#2800,#621,.F.);
#3544=EDGE_CURVE('',#2800,#2767,#622,.T.);
#3545=EDGE_CURVE('',#2767,#2746,#1798,.T.);
#3546=EDGE_CURVE('',#2745,#2801,#1799,.T.);
#3547=EDGE_CURVE('',#2767,#2801,#623,.F.);
#3548=EDGE_CURVE('',#2801,#2768,#624,.T.);
#3549=EDGE_CURVE('',#2768,#2744,#1800,.T.);
#3550=EDGE_CURVE('',#2743,#2802,#1801,.T.);
#3551=EDGE_CURVE('',#2768,#2802,#625,.F.);
#3552=EDGE_CURVE('',#2802,#2769,#626,.T.);
#3553=EDGE_CURVE('',#2769,#2742,#1802,.T.);
#3554=EDGE_CURVE('',#2741,#2803,#1803,.T.);
#3555=EDGE_CURVE('',#2769,#2803,#627,.F.);
#3556=EDGE_CURVE('',#2803,#2770,#628,.T.);
#3557=EDGE_CURVE('',#2770,#2740,#1804,.T.);
#3558=EDGE_CURVE('',#2739,#2804,#1805,.T.);
#3559=EDGE_CURVE('',#2770,#2804,#629,.F.);
#3560=EDGE_CURVE('',#2804,#2771,#630,.T.);
#3561=EDGE_CURVE('',#2771,#2738,#1806,.T.);
#3562=EDGE_CURVE('',#2737,#2805,#1807,.T.);
#3563=EDGE_CURVE('',#2771,#2805,#631,.F.);
#3564=EDGE_CURVE('',#2805,#2772,#632,.T.);
#3565=EDGE_CURVE('',#2772,#2736,#1808,.T.);
#3566=EDGE_CURVE('',#2735,#2806,#1809,.T.);
#3567=EDGE_CURVE('',#2772,#2806,#633,.F.);
#3568=EDGE_CURVE('',#2806,#2773,#634,.T.);
#3569=EDGE_CURVE('',#2773,#2734,#1810,.T.);
#3570=EDGE_CURVE('',#2733,#2807,#1811,.T.);
#3571=EDGE_CURVE('',#2773,#2807,#635,.F.);
#3572=EDGE_CURVE('',#2807,#2774,#636,.T.);
#3573=EDGE_CURVE('',#2774,#2732,#1812,.T.);
#3574=EDGE_CURVE('',#2731,#2808,#1813,.T.);
#3575=EDGE_CURVE('',#2774,#2808,#637,.F.);
#3576=EDGE_CURVE('',#2808,#2775,#638,.T.);
#3577=EDGE_CURVE('',#2775,#2730,#1814,.T.);
#3578=EDGE_CURVE('',#2729,#2809,#1815,.T.);
#3579=EDGE_CURVE('',#2775,#2809,#639,.F.);
#3580=EDGE_CURVE('',#2809,#2776,#640,.T.);
#3581=EDGE_CURVE('',#2776,#2728,#1816,.T.);
#3582=EDGE_CURVE('',#2727,#2810,#1817,.T.);
#3583=EDGE_CURVE('',#2776,#2810,#641,.F.);
#3584=EDGE_CURVE('',#2810,#2777,#642,.T.);
#3585=EDGE_CURVE('',#2777,#2726,#1818,.T.);
#3586=EDGE_CURVE('',#2725,#2811,#1819,.T.);
#3587=EDGE_CURVE('',#2777,#2811,#643,.F.);
#3588=EDGE_CURVE('',#2811,#2778,#644,.T.);
#3589=EDGE_CURVE('',#2778,#2724,#1820,.T.);
#3590=EDGE_CURVE('',#2723,#2812,#1821,.T.);
#3591=EDGE_CURVE('',#2778,#2812,#645,.F.);
#3592=EDGE_CURVE('',#2812,#2779,#646,.T.);
#3593=EDGE_CURVE('',#2779,#2722,#1822,.T.);
#3594=EDGE_CURVE('',#2721,#2813,#1823,.T.);
#3595=EDGE_CURVE('',#2779,#2813,#647,.F.);
#3596=EDGE_CURVE('',#2813,#2750,#648,.T.);
#3597=EDGE_CURVE('',#2814,#2814,#343,.T.);
#3598=EDGE_CURVE('',#2814,#2815,#1824,.T.);
#3599=EDGE_CURVE('',#2815,#2815,#344,.T.);
#3600=EDGE_CURVE('',#2816,#2816,#345,.T.);
#3601=EDGE_CURVE('',#2780,#2816,#1825,.T.);
#3602=EDGE_CURVE('',#2641,#2817,#1826,.T.);
#3603=EDGE_CURVE('',#2817,#2817,#346,.T.);
#3604=EDGE_CURVE('',#2640,#2818,#1827,.T.);
#3605=EDGE_CURVE('',#2818,#2818,#347,.T.);
#3606=EDGE_CURVE('',#2819,#2819,#348,.F.);
#3607=EDGE_CURVE('',#2820,#2820,#349,.F.);
#3608=EDGE_CURVE('',#2821,#2562,#1828,.T.);
#3609=EDGE_CURVE('',#2540,#2821,#1829,.T.);
#3610=EDGE_CURVE('',#2822,#2821,#1830,.T.);
#3611=EDGE_CURVE('',#2822,#2823,#350,.T.);
#3612=EDGE_CURVE('',#2824,#2823,#1831,.T.);
#3613=EDGE_CURVE('',#2549,#2824,#1832,.T.);
#3614=EDGE_CURVE('',#2558,#2563,#351,.T.);
#3615=EDGE_CURVE('',#2539,#2822,#1833,.T.);
#3616=EDGE_CURVE('',#2534,#2825,#1834,.T.);
#3617=EDGE_CURVE('',#2825,#2550,#1835,.T.);
#3618=EDGE_CURVE('',#2824,#2537,#1836,.T.);
#3619=EDGE_CURVE('',#2533,#2826,#1837,.T.);
#3620=EDGE_CURVE('',#2826,#2825,#1838,.T.);
#3621=EDGE_CURVE('',#2826,#2827,#352,.T.);
#3622=EDGE_CURVE('',#2828,#2827,#1839,.T.);
#3623=EDGE_CURVE('',#2829,#2828,#1840,.T.);
#3624=EDGE_CURVE('',#2829,#2830,#1841,.T.);
#3625=EDGE_CURVE('',#2830,#2551,#353,.T.);
#3626=EDGE_CURVE('',#2828,#2531,#1842,.T.);
#3627=EDGE_CURVE('',#2571,#2829,#1843,.T.);
#3628=EDGE_CURVE('',#2823,#2538,#1844,.T.);
#3629=EDGE_CURVE('',#2827,#2532,#1845,.T.);
#3630=EDGE_CURVE('',#2831,#2832,#354,.T.);
#3631=EDGE_CURVE('',#2833,#2831,#1846,.T.);
#3632=EDGE_CURVE('',#2834,#2833,#355,.T.);
#3633=EDGE_CURVE('',#2832,#2834,#1847,.T.);
#3634=EDGE_CURVE('',#2831,#2554,#1848,.T.);
#3635=EDGE_CURVE('',#2553,#2833,#1849,.T.);
#3636=EDGE_CURVE('',#2835,#2552,#356,.T.);
#3637=EDGE_CURVE('',#2836,#2835,#1850,.T.);
#3638=EDGE_CURVE('',#2834,#2836,#1851,.T.);
#3639=EDGE_CURVE('',#2837,#2837,#357,.T.);
#3640=EDGE_CURVE('',#2838,#2839,#358,.T.);
#3641=EDGE_CURVE('',#2840,#2838,#1852,.T.);
#3642=EDGE_CURVE('',#2841,#2840,#359,.T.);
#3643=EDGE_CURVE('',#2839,#2841,#1853,.T.);
#3644=EDGE_CURVE('',#2838,#2566,#1854,.T.);
#3645=EDGE_CURVE('',#2565,#2840,#1855,.T.);
#3646=EDGE_CURVE('',#2557,#2564,#360,.T.);
#3647=EDGE_CURVE('',#2841,#2556,#1856,.T.);
#3648=EDGE_CURVE('',#2842,#2842,#361,.T.);
#3649=EDGE_CURVE('',#2835,#2830,#1857,.T.);
#3650=EDGE_CURVE('',#2819,#2837,#1858,.T.);
#3651=EDGE_CURVE('',#2555,#2839,#1859,.T.);
#3652=EDGE_CURVE('',#2836,#2843,#1860,.T.);
#3653=EDGE_CURVE('',#2843,#2832,#1861,.T.);
#3654=EDGE_CURVE('',#2820,#2842,#1862,.T.);
#3655=EDGE_CURVE('',#2615,#2844,#1863,.T.);
#3656=EDGE_CURVE('',#2614,#2845,#1864,.T.);
#3657=EDGE_CURVE('',#2845,#2844,#362,.T.);
#3658=EDGE_CURVE('',#2613,#2596,#1865,.T.);
#3659=EDGE_CURVE('',#2596,#2845,#1866,.T.);
#3660=EDGE_CURVE('',#2612,#2595,#1867,.T.);
#3661=EDGE_CURVE('',#2611,#2594,#1868,.T.);
#3662=EDGE_CURVE('',#2609,#2593,#1869,.T.);
#3663=EDGE_CURVE('',#2844,#2846,#1870,.T.);
#3664=EDGE_CURVE('',#2846,#2847,#76,.T.);
#3665=EDGE_CURVE('',#2847,#2848,#1871,.T.);
#3666=EDGE_CURVE('',#2848,#2849,#1872,.T.);
#3667=EDGE_CURVE('',#2849,#2850,#1873,.T.);
#3668=EDGE_CURVE('',#2850,#2851,#1874,.T.);
#3669=EDGE_CURVE('',#2851,#2852,#1875,.T.);
#3670=EDGE_CURVE('',#2852,#2853,#649,.T.);
#3671=EDGE_CURVE('',#2853,#2854,#1876,.T.);
#3672=EDGE_CURVE('',#2854,#2855,#1877,.T.);
#3673=EDGE_CURVE('',#2855,#2856,#650,.T.);
#3674=EDGE_CURVE('',#2856,#2857,#1878,.T.);
#3675=EDGE_CURVE('',#2857,#2858,#1879,.T.);
#3676=EDGE_CURVE('',#2858,#2859,#651,.T.);
#3677=EDGE_CURVE('',#2859,#2860,#1880,.T.);
#3678=EDGE_CURVE('',#2860,#2861,#1881,.T.);
#3679=EDGE_CURVE('',#2861,#2862,#1882,.T.);
#3680=EDGE_CURVE('',#2863,#2862,#1883,.T.);
#3681=EDGE_CURVE('',#2863,#2864,#77,.F.);
#3682=EDGE_CURVE('',#2864,#2865,#1884,.T.);
#3683=EDGE_CURVE('',#2865,#2616,#1885,.T.);
#3684=EDGE_CURVE('',#2865,#2579,#363,.T.);
#3685=EDGE_CURVE('',#2579,#2617,#1886,.T.);
#3686=EDGE_CURVE('',#2866,#2860,#1887,.T.);
#3687=EDGE_CURVE('',#2866,#2867,#652,.F.);
#3688=EDGE_CURVE('',#2861,#2867,#1888,.T.);
#3689=EDGE_CURVE('',#2859,#2866,#653,.T.);
#3690=EDGE_CURVE('',#2868,#2858,#654,.F.);
#3691=EDGE_CURVE('',#2866,#2868,#364,.T.);
#3692=EDGE_CURVE('',#2868,#2857,#1889,.T.);
#3693=EDGE_CURVE('',#2856,#2868,#655,.T.);
#3694=EDGE_CURVE('',#2869,#2855,#656,.F.);
#3695=EDGE_CURVE('',#2868,#2869,#365,.T.);
#3696=EDGE_CURVE('',#2869,#2854,#1890,.T.);
#3697=EDGE_CURVE('',#2853,#2869,#657,.T.);
#3698=EDGE_CURVE('',#2870,#2852,#658,.F.);
#3699=EDGE_CURVE('',#2869,#2870,#366,.T.);
#3700=EDGE_CURVE('',#2870,#2851,#1891,.T.);
#3701=EDGE_CURVE('',#2850,#2871,#1892,.T.);
#3702=EDGE_CURVE('',#2871,#2870,#659,.T.);
#3703=EDGE_CURVE('',#2872,#2849,#1893,.T.);
#3704=EDGE_CURVE('',#2872,#2871,#660,.F.);
#3705=EDGE_CURVE('',#2848,#2873,#1894,.T.);
#3706=EDGE_CURVE('',#2873,#2872,#661,.T.);
#3707=EDGE_CURVE('',#2847,#2874,#78,.F.);
#3708=EDGE_CURVE('',#2875,#2874,#1895,.T.);
#3709=EDGE_CURVE('',#2875,#2873,#662,.F.);
#3710=EDGE_CURVE('',#2865,#2876,#1896,.T.);
#3711=EDGE_CURVE('',#2580,#2876,#512,.T.);
#3712=EDGE_CURVE('',#2575,#2513,#367,.T.);
#3713=EDGE_CURVE('',#2512,#2511,#368,.T.);
#3714=EDGE_CURVE('',#2877,#2876,#369,.T.);
#3715=EDGE_CURVE('',#2878,#2877,#79,.F.);
#3716=EDGE_CURVE('',#2879,#2878,#80,.T.);
#3717=EDGE_CURVE('',#2880,#2879,#81,.F.);
#3718=EDGE_CURVE('',#2881,#2880,#82,.T.);
#3719=EDGE_CURVE('',#2882,#2881,#83,.F.);
#3720=EDGE_CURVE('',#2883,#2882,#84,.T.);
#3721=EDGE_CURVE('',#2884,#2883,#85,.F.);
#3722=EDGE_CURVE('',#2885,#2884,#86,.T.);
#3723=EDGE_CURVE('',#2886,#2885,#87,.F.);
#3724=EDGE_CURVE('',#2887,#2886,#88,.T.);
#3725=EDGE_CURVE('',#2888,#2887,#89,.F.);
#3726=EDGE_CURVE('',#2889,#2888,#90,.T.);
#3727=EDGE_CURVE('',#2890,#2889,#91,.F.);
#3728=EDGE_CURVE('',#2891,#2890,#92,.T.);
#3729=EDGE_CURVE('',#2892,#2891,#93,.F.);
#3730=EDGE_CURVE('',#2893,#2892,#94,.T.);
#3731=EDGE_CURVE('',#2894,#2893,#95,.F.);
#3732=EDGE_CURVE('',#2895,#2894,#96,.T.);
#3733=EDGE_CURVE('',#2896,#2895,#97,.F.);
#3734=EDGE_CURVE('',#2897,#2896,#98,.T.);
#3735=EDGE_CURVE('',#2898,#2897,#99,.F.);
#3736=EDGE_CURVE('',#2899,#2898,#100,.T.);
#3737=EDGE_CURVE('',#2900,#2899,#101,.F.);
#3738=EDGE_CURVE('',#2901,#2900,#102,.T.);
#3739=EDGE_CURVE('',#2902,#2901,#103,.F.);
#3740=EDGE_CURVE('',#2903,#2902,#104,.T.);
#3741=EDGE_CURVE('',#2904,#2903,#105,.F.);
#3742=EDGE_CURVE('',#2905,#2904,#106,.T.);
#3743=EDGE_CURVE('',#2906,#2905,#107,.F.);
#3744=EDGE_CURVE('',#2907,#2906,#108,.T.);
#3745=EDGE_CURVE('',#2908,#2907,#109,.F.);
#3746=EDGE_CURVE('',#2909,#2908,#110,.T.);
#3747=EDGE_CURVE('',#2910,#2909,#111,.F.);
#3748=EDGE_CURVE('',#2911,#2910,#112,.T.);
#3749=EDGE_CURVE('',#2912,#2911,#113,.F.);
#3750=EDGE_CURVE('',#2913,#2912,#114,.T.);
#3751=EDGE_CURVE('',#2914,#2913,#115,.F.);
#3752=EDGE_CURVE('',#2915,#2914,#116,.T.);
#3753=EDGE_CURVE('',#2916,#2915,#117,.F.);
#3754=EDGE_CURVE('',#2917,#2916,#118,.T.);
#3755=EDGE_CURVE('',#2918,#2917,#119,.F.);
#3756=EDGE_CURVE('',#2919,#2918,#120,.T.);
#3757=EDGE_CURVE('',#2920,#2919,#121,.F.);
#3758=EDGE_CURVE('',#2921,#2920,#122,.T.);
#3759=EDGE_CURVE('',#2922,#2921,#123,.F.);
#3760=EDGE_CURVE('',#2923,#2922,#124,.T.);
#3761=EDGE_CURVE('',#2924,#2923,#125,.F.);
#3762=EDGE_CURVE('',#2925,#2924,#126,.T.);
#3763=EDGE_CURVE('',#2926,#2925,#127,.F.);
#3764=EDGE_CURVE('',#2927,#2926,#128,.T.);
#3765=EDGE_CURVE('',#2928,#2927,#129,.F.);
#3766=EDGE_CURVE('',#2929,#2928,#130,.T.);
#3767=EDGE_CURVE('',#2930,#2929,#131,.F.);
#3768=EDGE_CURVE('',#2931,#2930,#132,.T.);
#3769=EDGE_CURVE('',#2932,#2931,#370,.T.);
#3770=EDGE_CURVE('',#2933,#2932,#513,.F.);
#3771=EDGE_CURVE('',#2514,#2933,#1897,.T.);
#3772=EDGE_CURVE('',#2845,#2933,#1898,.T.);
#3773=EDGE_CURVE('',#2932,#2844,#1899,.T.);
#3774=EDGE_CURVE('',#2906,#2934,#1900,.T.);
#3775=EDGE_CURVE('',#2905,#2935,#1901,.T.);
#3776=EDGE_CURVE('',#2935,#2934,#663,.F.);
#3777=EDGE_CURVE('',#2934,#2936,#664,.T.);
#3778=EDGE_CURVE('',#2936,#2935,#371,.T.);
#3779=EDGE_CURVE('',#2936,#2907,#1902,.T.);
#3780=EDGE_CURVE('',#2935,#2937,#372,.T.);
#3781=EDGE_CURVE('',#2937,#2938,#373,.T.);
#3782=EDGE_CURVE('',#2938,#2939,#374,.T.);
#3783=EDGE_CURVE('',#2939,#2940,#375,.T.);
#3784=EDGE_CURVE('',#2940,#2941,#376,.T.);
#3785=EDGE_CURVE('',#2941,#2942,#377,.T.);
#3786=EDGE_CURVE('',#2942,#2943,#378,.T.);
#3787=EDGE_CURVE('',#2943,#2944,#379,.T.);
#3788=EDGE_CURVE('',#2944,#2945,#380,.T.);
#3789=EDGE_CURVE('',#2945,#2946,#381,.T.);
#3790=EDGE_CURVE('',#2946,#2947,#382,.T.);
#3791=EDGE_CURVE('',#2947,#2948,#383,.T.);
#3792=EDGE_CURVE('',#2948,#2949,#384,.T.);
#3793=EDGE_CURVE('',#2949,#2950,#385,.T.);
#3794=EDGE_CURVE('',#2950,#2951,#386,.T.);
#3795=EDGE_CURVE('',#2951,#2952,#387,.T.);
#3796=EDGE_CURVE('',#2952,#2866,#388,.T.);
#3797=EDGE_CURVE('',#2870,#2872,#389,.T.);
#3798=EDGE_CURVE('',#2872,#2875,#390,.T.);
#3799=EDGE_CURVE('',#2875,#2953,#391,.T.);
#3800=EDGE_CURVE('',#2953,#2954,#392,.T.);
#3801=EDGE_CURVE('',#2954,#2955,#393,.T.);
#3802=EDGE_CURVE('',#2955,#2956,#394,.T.);
#3803=EDGE_CURVE('',#2956,#2957,#395,.T.);
#3804=EDGE_CURVE('',#2957,#2958,#396,.T.);
#3805=EDGE_CURVE('',#2958,#2959,#397,.T.);
#3806=EDGE_CURVE('',#2959,#2960,#398,.T.);
#3807=EDGE_CURVE('',#2960,#2961,#399,.T.);
#3808=EDGE_CURVE('',#2961,#2962,#400,.T.);
#3809=EDGE_CURVE('',#2962,#2963,#401,.T.);
#3810=EDGE_CURVE('',#2963,#2964,#402,.T.);
#3811=EDGE_CURVE('',#2964,#2936,#403,.T.);
#3812=EDGE_CURVE('',#2965,#2965,#404,.T.);
#3813=EDGE_CURVE('',#2908,#2966,#1903,.T.);
#3814=EDGE_CURVE('',#2936,#2966,#665,.F.);
#3815=EDGE_CURVE('',#2966,#2964,#666,.T.);
#3816=EDGE_CURVE('',#2964,#2909,#1904,.T.);
#3817=EDGE_CURVE('',#2910,#2967,#1905,.T.);
#3818=EDGE_CURVE('',#2964,#2967,#667,.F.);
#3819=EDGE_CURVE('',#2967,#2963,#668,.T.);
#3820=EDGE_CURVE('',#2963,#2911,#1906,.T.);
#3821=EDGE_CURVE('',#2912,#2968,#1907,.T.);
#3822=EDGE_CURVE('',#2963,#2968,#669,.F.);
#3823=EDGE_CURVE('',#2968,#2962,#670,.T.);
#3824=EDGE_CURVE('',#2962,#2913,#1908,.T.);
#3825=EDGE_CURVE('',#2914,#2969,#1909,.T.);
#3826=EDGE_CURVE('',#2962,#2969,#671,.F.);
#3827=EDGE_CURVE('',#2969,#2961,#672,.T.);
#3828=EDGE_CURVE('',#2961,#2915,#1910,.T.);
#3829=EDGE_CURVE('',#2916,#2970,#1911,.T.);
#3830=EDGE_CURVE('',#2961,#2970,#673,.F.);
#3831=EDGE_CURVE('',#2970,#2960,#674,.T.);
#3832=EDGE_CURVE('',#2960,#2917,#1912,.T.);
#3833=EDGE_CURVE('',#2918,#2971,#1913,.T.);
#3834=EDGE_CURVE('',#2960,#2971,#675,.F.);
#3835=EDGE_CURVE('',#2971,#2959,#676,.T.);
#3836=EDGE_CURVE('',#2959,#2919,#1914,.T.);
#3837=EDGE_CURVE('',#2920,#2972,#1915,.T.);
#3838=EDGE_CURVE('',#2959,#2972,#677,.F.);
#3839=EDGE_CURVE('',#2972,#2958,#678,.T.);
#3840=EDGE_CURVE('',#2958,#2921,#1916,.T.);
#3841=EDGE_CURVE('',#2922,#2973,#1917,.T.);
#3842=EDGE_CURVE('',#2958,#2973,#679,.F.);
#3843=EDGE_CURVE('',#2973,#2957,#680,.T.);
#3844=EDGE_CURVE('',#2957,#2923,#1918,.T.);
#3845=EDGE_CURVE('',#2924,#2974,#1919,.T.);
#3846=EDGE_CURVE('',#2957,#2974,#681,.F.);
#3847=EDGE_CURVE('',#2974,#2956,#682,.T.);
#3848=EDGE_CURVE('',#2956,#2925,#1920,.T.);
#3849=EDGE_CURVE('',#2926,#2975,#1921,.T.);
#3850=EDGE_CURVE('',#2956,#2975,#683,.F.);
#3851=EDGE_CURVE('',#2975,#2955,#684,.T.);
#3852=EDGE_CURVE('',#2955,#2927,#1922,.T.);
#3853=EDGE_CURVE('',#2928,#2976,#1923,.T.);
#3854=EDGE_CURVE('',#2955,#2976,#685,.F.);
#3855=EDGE_CURVE('',#2976,#2954,#686,.T.);
#3856=EDGE_CURVE('',#2954,#2929,#1924,.T.);
#3857=EDGE_CURVE('',#2930,#2977,#1925,.T.);
#3858=EDGE_CURVE('',#2954,#2977,#687,.F.);
#3859=EDGE_CURVE('',#2977,#2953,#688,.T.);
#3860=EDGE_CURVE('',#2953,#2931,#1926,.T.);
#3861=EDGE_CURVE('',#2978,#2979,#1927,.T.);
#3862=EDGE_CURVE('',#2978,#2931,#133,.F.);
#3863=EDGE_CURVE('',#2953,#2979,#689,.F.);
#3864=EDGE_CURVE('',#2874,#2978,#134,.T.);
#3865=EDGE_CURVE('',#2931,#2874,#405,.T.);
#3866=EDGE_CURVE('',#2979,#2875,#690,.T.);
#3867=EDGE_CURVE('',#2874,#2846,#406,.T.);
#3868=EDGE_CURVE('',#2867,#2952,#691,.T.);
#3869=EDGE_CURVE('',#2952,#2862,#1928,.T.);
#3870=EDGE_CURVE('',#2980,#2981,#1929,.T.);
#3871=EDGE_CURVE('',#2980,#2863,#135,.F.);
#3872=EDGE_CURVE('',#2952,#2981,#692,.F.);
#3873=EDGE_CURVE('',#2982,#2980,#136,.T.);
#3874=EDGE_CURVE('',#2864,#2982,#407,.T.);
#3875=EDGE_CURVE('',#2981,#2951,#693,.T.);
#3876=EDGE_CURVE('',#2951,#2982,#1930,.T.);
#3877=EDGE_CURVE('',#2983,#2984,#1931,.T.);
#3878=EDGE_CURVE('',#2983,#2982,#137,.F.);
#3879=EDGE_CURVE('',#2951,#2984,#694,.F.);
#3880=EDGE_CURVE('',#2877,#2983,#138,.T.);
#3881=EDGE_CURVE('',#2982,#2877,#408,.T.);
#3882=EDGE_CURVE('',#2984,#2950,#695,.T.);
#3883=EDGE_CURVE('',#2950,#2877,#1932,.T.);
#3884=EDGE_CURVE('',#2878,#2985,#1933,.T.);
#3885=EDGE_CURVE('',#2950,#2985,#696,.F.);
#3886=EDGE_CURVE('',#2985,#2949,#697,.T.);
#3887=EDGE_CURVE('',#2949,#2879,#1934,.T.);
#3888=EDGE_CURVE('',#2880,#2986,#1935,.T.);
#3889=EDGE_CURVE('',#2949,#2986,#698,.F.);
#3890=EDGE_CURVE('',#2986,#2948,#699,.T.);
#3891=EDGE_CURVE('',#2948,#2881,#1936,.T.);
#3892=EDGE_CURVE('',#2882,#2987,#1937,.T.);
#3893=EDGE_CURVE('',#2948,#2987,#700,.F.);
#3894=EDGE_CURVE('',#2987,#2947,#701,.T.);
#3895=EDGE_CURVE('',#2947,#2883,#1938,.T.);
#3896=EDGE_CURVE('',#2884,#2988,#1939,.T.);
#3897=EDGE_CURVE('',#2947,#2988,#702,.F.);
#3898=EDGE_CURVE('',#2988,#2946,#703,.T.);
#3899=EDGE_CURVE('',#2946,#2885,#1940,.T.);
#3900=EDGE_CURVE('',#2886,#2989,#1941,.T.);
#3901=EDGE_CURVE('',#2946,#2989,#704,.F.);
#3902=EDGE_CURVE('',#2989,#2945,#705,.T.);
#3903=EDGE_CURVE('',#2945,#2887,#1942,.T.);
#3904=EDGE_CURVE('',#2888,#2990,#1943,.T.);
#3905=EDGE_CURVE('',#2945,#2990,#706,.F.);
#3906=EDGE_CURVE('',#2990,#2944,#707,.T.);
#3907=EDGE_CURVE('',#2944,#2889,#1944,.T.);
#3908=EDGE_CURVE('',#2890,#2991,#1945,.T.);
#3909=EDGE_CURVE('',#2944,#2991,#708,.F.);
#3910=EDGE_CURVE('',#2991,#2943,#709,.T.);
#3911=EDGE_CURVE('',#2943,#2891,#1946,.T.);
#3912=EDGE_CURVE('',#2892,#2992,#1947,.T.);
#3913=EDGE_CURVE('',#2943,#2992,#710,.F.);
#3914=EDGE_CURVE('',#2992,#2942,#711,.T.);
#3915=EDGE_CURVE('',#2942,#2893,#1948,.T.);
#3916=EDGE_CURVE('',#2894,#2993,#1949,.T.);
#3917=EDGE_CURVE('',#2942,#2993,#712,.F.);
#3918=EDGE_CURVE('',#2993,#2941,#713,.T.);
#3919=EDGE_CURVE('',#2941,#2895,#1950,.T.);
#3920=EDGE_CURVE('',#2896,#2994,#1951,.T.);
#3921=EDGE_CURVE('',#2941,#2994,#714,.F.);
#3922=EDGE_CURVE('',#2994,#2940,#715,.T.);
#3923=EDGE_CURVE('',#2940,#2897,#1952,.T.);
#3924=EDGE_CURVE('',#2898,#2995,#1953,.T.);
#3925=EDGE_CURVE('',#2940,#2995,#716,.F.);
#3926=EDGE_CURVE('',#2995,#2939,#717,.T.);
#3927=EDGE_CURVE('',#2939,#2899,#1954,.T.);
#3928=EDGE_CURVE('',#2900,#2996,#1955,.T.);
#3929=EDGE_CURVE('',#2939,#2996,#718,.F.);
#3930=EDGE_CURVE('',#2996,#2938,#719,.T.);
#3931=EDGE_CURVE('',#2938,#2901,#1956,.T.);
#3932=EDGE_CURVE('',#2902,#2997,#1957,.T.);
#3933=EDGE_CURVE('',#2938,#2997,#720,.F.);
#3934=EDGE_CURVE('',#2997,#2937,#721,.T.);
#3935=EDGE_CURVE('',#2937,#2903,#1958,.T.);
#3936=EDGE_CURVE('',#2904,#2998,#1959,.T.);
#3937=EDGE_CURVE('',#2937,#2998,#722,.F.);
#3938=EDGE_CURVE('',#2998,#2935,#723,.T.);
#3939=EDGE_CURVE('',#2999,#2999,#409,.T.);
#3940=EDGE_CURVE('',#2999,#3000,#1960,.T.);
#3941=EDGE_CURVE('',#3000,#3000,#410,.T.);
#3942=EDGE_CURVE('',#3001,#3001,#411,.T.);
#3943=EDGE_CURVE('',#2965,#3001,#1961,.T.);
#3944=EDGE_CURVE('',#2843,#3002,#1962,.T.);
#3945=EDGE_CURVE('',#3002,#3003,#1963,.T.);
#3946=EDGE_CURVE('',#3004,#3003,#412,.T.);
#3947=EDGE_CURVE('',#3004,#3005,#1964,.T.);
#3948=EDGE_CURVE('',#3005,#3006,#1965,.T.);
#3949=EDGE_CURVE('',#3006,#3007,#1966,.T.);
#3950=EDGE_CURVE('',#3008,#3007,#413,.T.);
#3951=EDGE_CURVE('',#3008,#2567,#1967,.T.);
#3952=EDGE_CURVE('',#2572,#3009,#1968,.T.);
#3953=EDGE_CURVE('',#3009,#3010,#1969,.T.);
#3954=EDGE_CURVE('',#3011,#3010,#1970,.T.);
#3955=EDGE_CURVE('',#3012,#3011,#1971,.T.);
#3956=EDGE_CURVE('',#3012,#3002,#1972,.T.);
#3957=EDGE_CURVE('',#2642,#3013,#1973,.T.);
#3958=EDGE_CURVE('',#3013,#3013,#414,.F.);
#3959=EDGE_CURVE('',#2643,#3014,#1974,.T.);
#3960=EDGE_CURVE('',#3014,#3014,#415,.F.);
#3961=EDGE_CURVE('',#3015,#3015,#416,.T.);
#3962=EDGE_CURVE('',#3016,#3016,#417,.T.);
#3963=EDGE_CURVE('',#3017,#2561,#1975,.T.);
#3964=EDGE_CURVE('',#2543,#3017,#1976,.T.);
#3965=EDGE_CURVE('',#3018,#2570,#418,.T.);
#3966=EDGE_CURVE('',#3019,#3018,#1977,.T.);
#3967=EDGE_CURVE('',#3019,#3020,#1978,.T.);
#3968=EDGE_CURVE('',#3020,#3021,#1979,.T.);
#3969=EDGE_CURVE('',#3022,#3021,#419,.T.);
#3970=EDGE_CURVE('',#3022,#3017,#1980,.T.);
#3971=EDGE_CURVE('',#2544,#3022,#1981,.T.);
#3972=EDGE_CURVE('',#2525,#3023,#1982,.T.);
#3973=EDGE_CURVE('',#3024,#2505,#1983,.T.);
#3974=EDGE_CURVE('',#3023,#3024,#1984,.T.);
#3975=EDGE_CURVE('',#3020,#2546,#1985,.T.);
#3976=EDGE_CURVE('',#2508,#3019,#1986,.T.);
#3977=EDGE_CURVE('',#3025,#3023,#1987,.T.);
#3978=EDGE_CURVE('',#2526,#3025,#1988,.T.);
#3979=EDGE_CURVE('',#3026,#3024,#1989,.T.);
#3980=EDGE_CURVE('',#3010,#3026,#420,.T.);
#3981=EDGE_CURVE('',#3009,#3027,#1990,.T.);
#3982=EDGE_CURVE('',#3027,#3028,#1991,.T.);
#3983=EDGE_CURVE('',#3025,#3028,#421,.T.);
#3984=EDGE_CURVE('',#3027,#2528,#1992,.T.);
#3985=EDGE_CURVE('',#3021,#2545,#1993,.T.);
#3986=EDGE_CURVE('',#3028,#2527,#1994,.T.);
#3987=EDGE_CURVE('',#3003,#3029,#1995,.T.);
#3988=EDGE_CURVE('',#3029,#3030,#422,.T.);
#3989=EDGE_CURVE('',#3030,#3004,#1996,.T.);
#3990=EDGE_CURVE('',#3031,#3030,#1997,.T.);
#3991=EDGE_CURVE('',#3031,#3005,#1998,.T.);
#3992=EDGE_CURVE('',#3029,#3012,#1999,.T.);
#3993=EDGE_CURVE('',#3011,#3032,#423,.T.);
#3994=EDGE_CURVE('',#3032,#3031,#2000,.T.);
#3995=EDGE_CURVE('',#3033,#3033,#424,.F.);
#3996=EDGE_CURVE('',#3007,#3034,#2001,.T.);
#3997=EDGE_CURVE('',#3034,#3035,#425,.T.);
#3998=EDGE_CURVE('',#3035,#3008,#2002,.T.);
#3999=EDGE_CURVE('',#2568,#3035,#2003,.T.);
#4000=EDGE_CURVE('',#3034,#3036,#2004,.T.);
#4001=EDGE_CURVE('',#3036,#3037,#2005,.T.);
#4002=EDGE_CURVE('',#3037,#2569,#426,.T.);
#4003=EDGE_CURVE('',#3038,#3038,#427,.F.);
#4004=EDGE_CURVE('',#3026,#3032,#2006,.T.);
#4005=EDGE_CURVE('',#3037,#3018,#2007,.T.);
#4006=EDGE_CURVE('',#3036,#3006,#2008,.T.);
#4007=EDGE_CURVE('',#3015,#3033,#2009,.T.);
#4008=EDGE_CURVE('',#3016,#3038,#2010,.T.);
#4009=ORIENTED_EDGE('',*,*,#3039,.F.);
#4010=ORIENTED_EDGE('',*,*,#3040,.F.);
#4011=ORIENTED_EDGE('',*,*,#3041,.F.);
#4012=ORIENTED_EDGE('',*,*,#3042,.T.);
#4013=ORIENTED_EDGE('',*,*,#3043,.F.);
#4014=ORIENTED_EDGE('',*,*,#3044,.F.);
#4015=ORIENTED_EDGE('',*,*,#3045,.F.);
#4016=ORIENTED_EDGE('',*,*,#3040,.T.);
#4017=ORIENTED_EDGE('',*,*,#3046,.F.);
#4018=ORIENTED_EDGE('',*,*,#3047,.F.);
#4019=ORIENTED_EDGE('',*,*,#3048,.F.);
#4020=ORIENTED_EDGE('',*,*,#3044,.T.);
#4021=ORIENTED_EDGE('',*,*,#3049,.F.);
#4022=ORIENTED_EDGE('',*,*,#3042,.F.);
#4023=ORIENTED_EDGE('',*,*,#3050,.F.);
#4024=ORIENTED_EDGE('',*,*,#3047,.T.);
#4025=ORIENTED_EDGE('',*,*,#3041,.T.);
#4026=ORIENTED_EDGE('',*,*,#3045,.T.);
#4027=ORIENTED_EDGE('',*,*,#3048,.T.);
#4028=ORIENTED_EDGE('',*,*,#3050,.T.);
#4029=ORIENTED_EDGE('',*,*,#3043,.T.);
#4030=ORIENTED_EDGE('',*,*,#3039,.T.);
#4031=ORIENTED_EDGE('',*,*,#3049,.T.);
#4032=ORIENTED_EDGE('',*,*,#3046,.T.);
#4033=ORIENTED_EDGE('',*,*,#3051,.F.);
#4034=ORIENTED_EDGE('',*,*,#3052,.F.);
#4035=ORIENTED_EDGE('',*,*,#3053,.F.);
#4036=ORIENTED_EDGE('',*,*,#3054,.T.);
#4037=ORIENTED_EDGE('',*,*,#3055,.F.);
#4038=ORIENTED_EDGE('',*,*,#3056,.F.);
#4039=ORIENTED_EDGE('',*,*,#3057,.T.);
#4040=ORIENTED_EDGE('',*,*,#3052,.T.);
#4041=ORIENTED_EDGE('',*,*,#3058,.F.);
#4042=ORIENTED_EDGE('',*,*,#3059,.F.);
#4043=ORIENTED_EDGE('',*,*,#3060,.F.);
#4044=ORIENTED_EDGE('',*,*,#3056,.T.);
#4045=ORIENTED_EDGE('',*,*,#3061,.F.);
#4046=ORIENTED_EDGE('',*,*,#3062,.F.);
#4047=ORIENTED_EDGE('',*,*,#3063,.F.);
#4048=ORIENTED_EDGE('',*,*,#3059,.T.);
#4049=ORIENTED_EDGE('',*,*,#3064,.F.);
#4050=ORIENTED_EDGE('',*,*,#3065,.F.);
#4051=ORIENTED_EDGE('',*,*,#3066,.F.);
#4052=ORIENTED_EDGE('',*,*,#3062,.T.);
#4053=ORIENTED_EDGE('',*,*,#3067,.F.);
#4054=ORIENTED_EDGE('',*,*,#3068,.F.);
#4055=ORIENTED_EDGE('',*,*,#3069,.F.);
#4056=ORIENTED_EDGE('',*,*,#3065,.T.);
#4057=ORIENTED_EDGE('',*,*,#3070,.F.);
#4058=ORIENTED_EDGE('',*,*,#3071,.F.);
#4059=ORIENTED_EDGE('',*,*,#3072,.F.);
#4060=ORIENTED_EDGE('',*,*,#3068,.T.);
#4061=ORIENTED_EDGE('',*,*,#3073,.F.);
#4062=ORIENTED_EDGE('',*,*,#3074,.F.);
#4063=ORIENTED_EDGE('',*,*,#3075,.F.);
#4064=ORIENTED_EDGE('',*,*,#3071,.T.);
#4065=ORIENTED_EDGE('',*,*,#3076,.F.);
#4066=ORIENTED_EDGE('',*,*,#3054,.F.);
#4067=ORIENTED_EDGE('',*,*,#3077,.F.);
#4068=ORIENTED_EDGE('',*,*,#3074,.T.);
#4069=ORIENTED_EDGE('',*,*,#3063,.T.);
#4070=ORIENTED_EDGE('',*,*,#3066,.T.);
#4071=ORIENTED_EDGE('',*,*,#3069,.T.);
#4072=ORIENTED_EDGE('',*,*,#3072,.T.);
#4073=ORIENTED_EDGE('',*,*,#3075,.T.);
#4074=ORIENTED_EDGE('',*,*,#3077,.T.);
#4075=ORIENTED_EDGE('',*,*,#3053,.T.);
#4076=ORIENTED_EDGE('',*,*,#3057,.F.);
#4077=ORIENTED_EDGE('',*,*,#3060,.T.);
#4078=ORIENTED_EDGE('',*,*,#3064,.T.);
#4079=ORIENTED_EDGE('',*,*,#3061,.T.);
#4080=ORIENTED_EDGE('',*,*,#3058,.T.);
#4081=ORIENTED_EDGE('',*,*,#3055,.T.);
#4082=ORIENTED_EDGE('',*,*,#3051,.T.);
#4083=ORIENTED_EDGE('',*,*,#3076,.T.);
#4084=ORIENTED_EDGE('',*,*,#3073,.T.);
#4085=ORIENTED_EDGE('',*,*,#3070,.T.);
#4086=ORIENTED_EDGE('',*,*,#3067,.T.);
#4087=ORIENTED_EDGE('',*,*,#3078,.F.);
#4088=ORIENTED_EDGE('',*,*,#3079,.F.);
#4089=ORIENTED_EDGE('',*,*,#3080,.T.);
#4090=ORIENTED_EDGE('',*,*,#3081,.T.);
#4091=ORIENTED_EDGE('',*,*,#3082,.F.);
#4092=ORIENTED_EDGE('',*,*,#3083,.F.);
#4093=ORIENTED_EDGE('',*,*,#3084,.T.);
#4094=ORIENTED_EDGE('',*,*,#3079,.T.);
#4095=ORIENTED_EDGE('',*,*,#3085,.F.);
#4096=ORIENTED_EDGE('',*,*,#3086,.F.);
#4097=ORIENTED_EDGE('',*,*,#3087,.T.);
#4098=ORIENTED_EDGE('',*,*,#3083,.T.);
#4099=ORIENTED_EDGE('',*,*,#3088,.F.);
#4100=ORIENTED_EDGE('',*,*,#3089,.F.);
#4101=ORIENTED_EDGE('',*,*,#3090,.T.);
#4102=ORIENTED_EDGE('',*,*,#3086,.T.);
#4103=ORIENTED_EDGE('',*,*,#3091,.F.);
#4104=ORIENTED_EDGE('',*,*,#3092,.F.);
#4105=ORIENTED_EDGE('',*,*,#3093,.T.);
#4106=ORIENTED_EDGE('',*,*,#3089,.T.);
#4107=ORIENTED_EDGE('',*,*,#3094,.F.);
#4108=ORIENTED_EDGE('',*,*,#3081,.F.);
#4109=ORIENTED_EDGE('',*,*,#3095,.T.);
#4110=ORIENTED_EDGE('',*,*,#3092,.T.);
#4111=ORIENTED_EDGE('',*,*,#3084,.F.);
#4112=ORIENTED_EDGE('',*,*,#3087,.F.);
#4113=ORIENTED_EDGE('',*,*,#3090,.F.);
#4114=ORIENTED_EDGE('',*,*,#3093,.F.);
#4115=ORIENTED_EDGE('',*,*,#3095,.F.);
#4116=ORIENTED_EDGE('',*,*,#3080,.F.);
#4117=ORIENTED_EDGE('',*,*,#3085,.T.);
#4118=ORIENTED_EDGE('',*,*,#3082,.T.);
#4119=ORIENTED_EDGE('',*,*,#3078,.T.);
#4120=ORIENTED_EDGE('',*,*,#3094,.T.);
#4121=ORIENTED_EDGE('',*,*,#3091,.T.);
#4122=ORIENTED_EDGE('',*,*,#3088,.T.);
#4123=ORIENTED_EDGE('',*,*,#3096,.F.);
#4124=ORIENTED_EDGE('',*,*,#3097,.F.);
#4125=ORIENTED_EDGE('',*,*,#3098,.T.);
#4126=ORIENTED_EDGE('',*,*,#3099,.T.);
#4127=ORIENTED_EDGE('',*,*,#3100,.F.);
#4128=ORIENTED_EDGE('',*,*,#3101,.F.);
#4129=ORIENTED_EDGE('',*,*,#3102,.T.);
#4130=ORIENTED_EDGE('',*,*,#3097,.T.);
#4131=ORIENTED_EDGE('',*,*,#3103,.F.);
#4132=ORIENTED_EDGE('',*,*,#3104,.F.);
#4133=ORIENTED_EDGE('',*,*,#3105,.T.);
#4134=ORIENTED_EDGE('',*,*,#3101,.T.);
#4135=ORIENTED_EDGE('',*,*,#3106,.F.);
#4136=ORIENTED_EDGE('',*,*,#3107,.F.);
#4137=ORIENTED_EDGE('',*,*,#3108,.T.);
#4138=ORIENTED_EDGE('',*,*,#3104,.T.);
#4139=ORIENTED_EDGE('',*,*,#3109,.F.);
#4140=ORIENTED_EDGE('',*,*,#3110,.F.);
#4141=ORIENTED_EDGE('',*,*,#3111,.T.);
#4142=ORIENTED_EDGE('',*,*,#3107,.T.);
#4143=ORIENTED_EDGE('',*,*,#3112,.F.);
#4144=ORIENTED_EDGE('',*,*,#3099,.F.);
#4145=ORIENTED_EDGE('',*,*,#3113,.T.);
#4146=ORIENTED_EDGE('',*,*,#3110,.T.);
#4147=ORIENTED_EDGE('',*,*,#3102,.F.);
#4148=ORIENTED_EDGE('',*,*,#3105,.F.);
#4149=ORIENTED_EDGE('',*,*,#3108,.F.);
#4150=ORIENTED_EDGE('',*,*,#3111,.F.);
#4151=ORIENTED_EDGE('',*,*,#3113,.F.);
#4152=ORIENTED_EDGE('',*,*,#3098,.F.);
#4153=ORIENTED_EDGE('',*,*,#3103,.T.);
#4154=ORIENTED_EDGE('',*,*,#3100,.T.);
#4155=ORIENTED_EDGE('',*,*,#3096,.T.);
#4156=ORIENTED_EDGE('',*,*,#3112,.T.);
#4157=ORIENTED_EDGE('',*,*,#3109,.T.);
#4158=ORIENTED_EDGE('',*,*,#3106,.T.);
#4159=ORIENTED_EDGE('',*,*,#3114,.T.);
#4160=ORIENTED_EDGE('',*,*,#3115,.T.);
#4161=ORIENTED_EDGE('',*,*,#3116,.T.);
#4162=ORIENTED_EDGE('',*,*,#3117,.T.);
#4163=ORIENTED_EDGE('',*,*,#3118,.F.);
#4164=ORIENTED_EDGE('',*,*,#3119,.T.);
#4165=ORIENTED_EDGE('',*,*,#3120,.F.);
#4166=ORIENTED_EDGE('',*,*,#3121,.F.);
#4167=ORIENTED_EDGE('',*,*,#3122,.T.);
#4168=ORIENTED_EDGE('',*,*,#3123,.F.);
#4169=ORIENTED_EDGE('',*,*,#3124,.F.);
#4170=ORIENTED_EDGE('',*,*,#3125,.F.);
#4171=ORIENTED_EDGE('',*,*,#3126,.F.);
#4172=ORIENTED_EDGE('',*,*,#3127,.F.);
#4173=ORIENTED_EDGE('',*,*,#3128,.F.);
#4174=ORIENTED_EDGE('',*,*,#3129,.F.);
#4175=ORIENTED_EDGE('',*,*,#3130,.F.);
#4176=ORIENTED_EDGE('',*,*,#3131,.T.);
#4177=ORIENTED_EDGE('',*,*,#3132,.T.);
#4178=ORIENTED_EDGE('',*,*,#3133,.F.);
#4179=ORIENTED_EDGE('',*,*,#3115,.F.);
#4180=ORIENTED_EDGE('',*,*,#3134,.T.);
#4181=ORIENTED_EDGE('',*,*,#3135,.F.);
#4182=ORIENTED_EDGE('',*,*,#3136,.F.);
#4183=ORIENTED_EDGE('',*,*,#3137,.F.);
#4184=ORIENTED_EDGE('',*,*,#3138,.T.);
#4185=ORIENTED_EDGE('',*,*,#3139,.F.);
#4186=ORIENTED_EDGE('',*,*,#3140,.F.);
#4187=ORIENTED_EDGE('',*,*,#3141,.T.);
#4188=ORIENTED_EDGE('',*,*,#3142,.T.);
#4189=ORIENTED_EDGE('',*,*,#3143,.T.);
#4190=ORIENTED_EDGE('',*,*,#3144,.F.);
#4191=ORIENTED_EDGE('',*,*,#3145,.F.);
#4192=ORIENTED_EDGE('',*,*,#3146,.F.);
#4193=ORIENTED_EDGE('',*,*,#3147,.T.);
#4194=ORIENTED_EDGE('',*,*,#3148,.T.);
#4195=ORIENTED_EDGE('',*,*,#3149,.T.);
#4196=ORIENTED_EDGE('',*,*,#3150,.F.);
#4197=ORIENTED_EDGE('',*,*,#3151,.F.);
#4198=ORIENTED_EDGE('',*,*,#3152,.T.);
#4199=ORIENTED_EDGE('',*,*,#3153,.F.);
#4200=ORIENTED_EDGE('',*,*,#3154,.F.);
#4201=ORIENTED_EDGE('',*,*,#3155,.F.);
#4202=ORIENTED_EDGE('',*,*,#3156,.T.);
#4203=ORIENTED_EDGE('',*,*,#3157,.T.);
#4204=ORIENTED_EDGE('',*,*,#3158,.T.);
#4205=ORIENTED_EDGE('',*,*,#3159,.T.);
#4206=ORIENTED_EDGE('',*,*,#3145,.T.);
#4207=ORIENTED_EDGE('',*,*,#3160,.F.);
#4208=ORIENTED_EDGE('',*,*,#3158,.F.);
#4209=ORIENTED_EDGE('',*,*,#3161,.F.);
#4210=ORIENTED_EDGE('',*,*,#3162,.F.);
#4211=ORIENTED_EDGE('',*,*,#3163,.T.);
#4212=ORIENTED_EDGE('',*,*,#3164,.T.);
#4213=ORIENTED_EDGE('',*,*,#3165,.T.);
#4214=ORIENTED_EDGE('',*,*,#3166,.T.);
#4215=ORIENTED_EDGE('',*,*,#3167,.F.);
#4216=ORIENTED_EDGE('',*,*,#3168,.T.);
#4217=ORIENTED_EDGE('',*,*,#3169,.T.);
#4218=ORIENTED_EDGE('',*,*,#3170,.F.);
#4219=ORIENTED_EDGE('',*,*,#3171,.T.);
#4220=ORIENTED_EDGE('',*,*,#3172,.T.);
#4221=ORIENTED_EDGE('',*,*,#3173,.T.);
#4222=ORIENTED_EDGE('',*,*,#3151,.T.);
#4223=ORIENTED_EDGE('',*,*,#3174,.T.);
#4224=ORIENTED_EDGE('',*,*,#3172,.F.);
#4225=ORIENTED_EDGE('',*,*,#3175,.F.);
#4226=ORIENTED_EDGE('',*,*,#3176,.F.);
#4227=ORIENTED_EDGE('',*,*,#3177,.T.);
#4228=ORIENTED_EDGE('',*,*,#3178,.T.);
#4229=ORIENTED_EDGE('',*,*,#3179,.T.);
#4230=ORIENTED_EDGE('',*,*,#3180,.F.);
#4231=ORIENTED_EDGE('',*,*,#3181,.F.);
#4232=ORIENTED_EDGE('',*,*,#3182,.F.);
#4233=ORIENTED_EDGE('',*,*,#3183,.F.);
#4234=ORIENTED_EDGE('',*,*,#3184,.T.);
#4235=ORIENTED_EDGE('',*,*,#3185,.T.);
#4236=ORIENTED_EDGE('',*,*,#3139,.T.);
#4237=ORIENTED_EDGE('',*,*,#3186,.T.);
#4238=ORIENTED_EDGE('',*,*,#3187,.T.);
#4239=ORIENTED_EDGE('',*,*,#3188,.T.);
#4240=ORIENTED_EDGE('',*,*,#3189,.T.);
#4241=ORIENTED_EDGE('',*,*,#3190,.T.);
#4242=ORIENTED_EDGE('',*,*,#3118,.T.);
#4243=ORIENTED_EDGE('',*,*,#3190,.F.);
#4244=ORIENTED_EDGE('',*,*,#3191,.T.);
#4245=ORIENTED_EDGE('',*,*,#3192,.T.);
#4246=ORIENTED_EDGE('',*,*,#3193,.F.);
#4247=ORIENTED_EDGE('',*,*,#3194,.T.);
#4248=ORIENTED_EDGE('',*,*,#3188,.F.);
#4249=ORIENTED_EDGE('',*,*,#3191,.F.);
#4250=ORIENTED_EDGE('',*,*,#3189,.F.);
#4251=ORIENTED_EDGE('',*,*,#3194,.F.);
#4252=ORIENTED_EDGE('',*,*,#3195,.T.);
#4253=ORIENTED_EDGE('',*,*,#3196,.T.);
#4254=ORIENTED_EDGE('',*,*,#3197,.T.);
#4255=ORIENTED_EDGE('',*,*,#3198,.F.);
#4256=ORIENTED_EDGE('',*,*,#3199,.F.);
#4257=ORIENTED_EDGE('',*,*,#3200,.T.);
#4258=ORIENTED_EDGE('',*,*,#3201,.T.);
#4259=ORIENTED_EDGE('',*,*,#3202,.T.);
#4260=ORIENTED_EDGE('',*,*,#3123,.T.);
#4261=ORIENTED_EDGE('',*,*,#3203,.T.);
#4262=ORIENTED_EDGE('',*,*,#3124,.T.);
#4263=ORIENTED_EDGE('',*,*,#3202,.F.);
#4264=ORIENTED_EDGE('',*,*,#3204,.T.);
#4265=ORIENTED_EDGE('',*,*,#3205,.T.);
#4266=ORIENTED_EDGE('',*,*,#3125,.T.);
#4267=ORIENTED_EDGE('',*,*,#3203,.F.);
#4268=ORIENTED_EDGE('',*,*,#3206,.T.);
#4269=ORIENTED_EDGE('',*,*,#3207,.T.);
#4270=ORIENTED_EDGE('',*,*,#3126,.T.);
#4271=ORIENTED_EDGE('',*,*,#3205,.F.);
#4272=ORIENTED_EDGE('',*,*,#3208,.T.);
#4273=ORIENTED_EDGE('',*,*,#3209,.T.);
#4274=ORIENTED_EDGE('',*,*,#3127,.T.);
#4275=ORIENTED_EDGE('',*,*,#3207,.F.);
#4276=ORIENTED_EDGE('',*,*,#3210,.T.);
#4277=ORIENTED_EDGE('',*,*,#3211,.T.);
#4278=ORIENTED_EDGE('',*,*,#3128,.T.);
#4279=ORIENTED_EDGE('',*,*,#3209,.F.);
#4280=ORIENTED_EDGE('',*,*,#3212,.T.);
#4281=ORIENTED_EDGE('',*,*,#3213,.F.);
#4282=ORIENTED_EDGE('',*,*,#3129,.T.);
#4283=ORIENTED_EDGE('',*,*,#3211,.F.);
#4284=ORIENTED_EDGE('',*,*,#3214,.T.);
#4285=ORIENTED_EDGE('',*,*,#3214,.F.);
#4286=ORIENTED_EDGE('',*,*,#3215,.F.);
#4287=ORIENTED_EDGE('',*,*,#3216,.T.);
#4288=ORIENTED_EDGE('',*,*,#3217,.F.);
#4289=ORIENTED_EDGE('',*,*,#3212,.F.);
#4290=ORIENTED_EDGE('',*,*,#3218,.T.);
#4291=ORIENTED_EDGE('',*,*,#3219,.T.);
#4292=ORIENTED_EDGE('',*,*,#3215,.T.);
#4293=ORIENTED_EDGE('',*,*,#3210,.F.);
#4294=ORIENTED_EDGE('',*,*,#3220,.F.);
#4295=ORIENTED_EDGE('',*,*,#3221,.T.);
#4296=ORIENTED_EDGE('',*,*,#3218,.F.);
#4297=ORIENTED_EDGE('',*,*,#3208,.F.);
#4298=ORIENTED_EDGE('',*,*,#3222,.F.);
#4299=ORIENTED_EDGE('',*,*,#3223,.T.);
#4300=ORIENTED_EDGE('',*,*,#3220,.T.);
#4301=ORIENTED_EDGE('',*,*,#3206,.F.);
#4302=ORIENTED_EDGE('',*,*,#3224,.T.);
#4303=ORIENTED_EDGE('',*,*,#3225,.F.);
#4304=ORIENTED_EDGE('',*,*,#3222,.T.);
#4305=ORIENTED_EDGE('',*,*,#3204,.F.);
#4306=ORIENTED_EDGE('',*,*,#3226,.F.);
#4307=ORIENTED_EDGE('',*,*,#3227,.F.);
#4308=ORIENTED_EDGE('',*,*,#3224,.F.);
#4309=ORIENTED_EDGE('',*,*,#3201,.F.);
#4310=ORIENTED_EDGE('',*,*,#3228,.T.);
#4311=ORIENTED_EDGE('',*,*,#3229,.F.);
#4312=ORIENTED_EDGE('',*,*,#3226,.T.);
#4313=ORIENTED_EDGE('',*,*,#3230,.T.);
#4314=ORIENTED_EDGE('',*,*,#3231,.F.);
#4315=ORIENTED_EDGE('',*,*,#3232,.F.);
#4316=ORIENTED_EDGE('',*,*,#3233,.T.);
#4317=ORIENTED_EDGE('',*,*,#3234,.T.);
#4318=ORIENTED_EDGE('',*,*,#3233,.F.);
#4319=ORIENTED_EDGE('',*,*,#3235,.F.);
#4320=ORIENTED_EDGE('',*,*,#3236,.T.);
#4321=ORIENTED_EDGE('',*,*,#3237,.T.);
#4322=ORIENTED_EDGE('',*,*,#3236,.F.);
#4323=ORIENTED_EDGE('',*,*,#3238,.F.);
#4324=ORIENTED_EDGE('',*,*,#3239,.T.);
#4325=ORIENTED_EDGE('',*,*,#3240,.T.);
#4326=ORIENTED_EDGE('',*,*,#3239,.F.);
#4327=ORIENTED_EDGE('',*,*,#3241,.F.);
#4328=ORIENTED_EDGE('',*,*,#3242,.T.);
#4329=ORIENTED_EDGE('',*,*,#3243,.T.);
#4330=ORIENTED_EDGE('',*,*,#3242,.F.);
#4331=ORIENTED_EDGE('',*,*,#3244,.F.);
#4332=ORIENTED_EDGE('',*,*,#3245,.T.);
#4333=ORIENTED_EDGE('',*,*,#3246,.F.);
#4334=ORIENTED_EDGE('',*,*,#3247,.F.);
#4335=ORIENTED_EDGE('',*,*,#3248,.F.);
#4336=ORIENTED_EDGE('',*,*,#3249,.F.);
#4337=ORIENTED_EDGE('',*,*,#3250,.F.);
#4338=ORIENTED_EDGE('',*,*,#3251,.F.);
#4339=ORIENTED_EDGE('',*,*,#3252,.F.);
#4340=ORIENTED_EDGE('',*,*,#3253,.F.);
#4341=ORIENTED_EDGE('',*,*,#3254,.T.);
#4342=ORIENTED_EDGE('',*,*,#3255,.T.);
#4343=ORIENTED_EDGE('',*,*,#3256,.T.);
#4344=ORIENTED_EDGE('',*,*,#3257,.T.);
#4345=ORIENTED_EDGE('',*,*,#3258,.T.);
#4346=ORIENTED_EDGE('',*,*,#3259,.T.);
#4347=ORIENTED_EDGE('',*,*,#3260,.T.);
#4348=ORIENTED_EDGE('',*,*,#3261,.T.);
#4349=ORIENTED_EDGE('',*,*,#3244,.T.);
#4350=ORIENTED_EDGE('',*,*,#3241,.T.);
#4351=ORIENTED_EDGE('',*,*,#3238,.T.);
#4352=ORIENTED_EDGE('',*,*,#3235,.T.);
#4353=ORIENTED_EDGE('',*,*,#3232,.T.);
#4354=ORIENTED_EDGE('',*,*,#3262,.T.);
#4355=ORIENTED_EDGE('',*,*,#3263,.T.);
#4356=ORIENTED_EDGE('',*,*,#3264,.T.);
#4357=ORIENTED_EDGE('',*,*,#3265,.T.);
#4358=ORIENTED_EDGE('',*,*,#3266,.T.);
#4359=ORIENTED_EDGE('',*,*,#3267,.T.);
#4360=ORIENTED_EDGE('',*,*,#3268,.T.);
#4361=ORIENTED_EDGE('',*,*,#3269,.T.);
#4362=ORIENTED_EDGE('',*,*,#3270,.T.);
#4363=ORIENTED_EDGE('',*,*,#3271,.T.);
#4364=ORIENTED_EDGE('',*,*,#3272,.T.);
#4365=ORIENTED_EDGE('',*,*,#3273,.T.);
#4366=ORIENTED_EDGE('',*,*,#3274,.T.);
#4367=ORIENTED_EDGE('',*,*,#3275,.T.);
#4368=ORIENTED_EDGE('',*,*,#3276,.T.);
#4369=ORIENTED_EDGE('',*,*,#3277,.T.);
#4370=ORIENTED_EDGE('',*,*,#3278,.F.);
#4371=ORIENTED_EDGE('',*,*,#3279,.F.);
#4372=ORIENTED_EDGE('',*,*,#3280,.T.);
#4373=ORIENTED_EDGE('',*,*,#3281,.T.);
#4374=ORIENTED_EDGE('',*,*,#3282,.T.);
#4375=ORIENTED_EDGE('',*,*,#3245,.F.);
#4376=ORIENTED_EDGE('',*,*,#3271,.F.);
#4377=ORIENTED_EDGE('',*,*,#3283,.T.);
#4378=ORIENTED_EDGE('',*,*,#3284,.T.);
#4379=ORIENTED_EDGE('',*,*,#3285,.F.);
#4380=ORIENTED_EDGE('',*,*,#3262,.F.);
#4381=ORIENTED_EDGE('',*,*,#3231,.T.);
#4382=ORIENTED_EDGE('',*,*,#3286,.T.);
#4383=ORIENTED_EDGE('',*,*,#3287,.F.);
#4384=ORIENTED_EDGE('',*,*,#3263,.F.);
#4385=ORIENTED_EDGE('',*,*,#3285,.T.);
#4386=ORIENTED_EDGE('',*,*,#3288,.T.);
#4387=ORIENTED_EDGE('',*,*,#3283,.F.);
#4388=ORIENTED_EDGE('',*,*,#3270,.F.);
#4389=ORIENTED_EDGE('',*,*,#3289,.T.);
#4390=ORIENTED_EDGE('',*,*,#3290,.T.);
#4391=ORIENTED_EDGE('',*,*,#3289,.F.);
#4392=ORIENTED_EDGE('',*,*,#3269,.F.);
#4393=ORIENTED_EDGE('',*,*,#3291,.T.);
#4394=ORIENTED_EDGE('',*,*,#3292,.T.);
#4395=ORIENTED_EDGE('',*,*,#3291,.F.);
#4396=ORIENTED_EDGE('',*,*,#3268,.F.);
#4397=ORIENTED_EDGE('',*,*,#3293,.T.);
#4398=ORIENTED_EDGE('',*,*,#3294,.T.);
#4399=ORIENTED_EDGE('',*,*,#3293,.F.);
#4400=ORIENTED_EDGE('',*,*,#3267,.F.);
#4401=ORIENTED_EDGE('',*,*,#3295,.T.);
#4402=ORIENTED_EDGE('',*,*,#3296,.T.);
#4403=ORIENTED_EDGE('',*,*,#3295,.F.);
#4404=ORIENTED_EDGE('',*,*,#3266,.F.);
#4405=ORIENTED_EDGE('',*,*,#3297,.T.);
#4406=ORIENTED_EDGE('',*,*,#3298,.T.);
#4407=ORIENTED_EDGE('',*,*,#3297,.F.);
#4408=ORIENTED_EDGE('',*,*,#3265,.F.);
#4409=ORIENTED_EDGE('',*,*,#3299,.T.);
#4410=ORIENTED_EDGE('',*,*,#3300,.T.);
#4411=ORIENTED_EDGE('',*,*,#3299,.F.);
#4412=ORIENTED_EDGE('',*,*,#3264,.F.);
#4413=ORIENTED_EDGE('',*,*,#3287,.T.);
#4414=ORIENTED_EDGE('',*,*,#3292,.F.);
#4415=ORIENTED_EDGE('',*,*,#3294,.F.);
#4416=ORIENTED_EDGE('',*,*,#3296,.F.);
#4417=ORIENTED_EDGE('',*,*,#3298,.F.);
#4418=ORIENTED_EDGE('',*,*,#3300,.F.);
#4419=ORIENTED_EDGE('',*,*,#3286,.F.);
#4420=ORIENTED_EDGE('',*,*,#3284,.F.);
#4421=ORIENTED_EDGE('',*,*,#3230,.F.);
#4422=ORIENTED_EDGE('',*,*,#3234,.F.);
#4423=ORIENTED_EDGE('',*,*,#3237,.F.);
#4424=ORIENTED_EDGE('',*,*,#3240,.F.);
#4425=ORIENTED_EDGE('',*,*,#3243,.F.);
#4426=ORIENTED_EDGE('',*,*,#3282,.F.);
#4427=ORIENTED_EDGE('',*,*,#3288,.F.);
#4428=ORIENTED_EDGE('',*,*,#3290,.F.);
#4429=ORIENTED_EDGE('',*,*,#3301,.T.);
#4430=ORIENTED_EDGE('',*,*,#3302,.F.);
#4431=ORIENTED_EDGE('',*,*,#3272,.F.);
#4432=ORIENTED_EDGE('',*,*,#3303,.T.);
#4433=ORIENTED_EDGE('',*,*,#3304,.T.);
#4434=ORIENTED_EDGE('',*,*,#3303,.F.);
#4435=ORIENTED_EDGE('',*,*,#3277,.F.);
#4436=ORIENTED_EDGE('',*,*,#3305,.T.);
#4437=ORIENTED_EDGE('',*,*,#3306,.T.);
#4438=ORIENTED_EDGE('',*,*,#3305,.F.);
#4439=ORIENTED_EDGE('',*,*,#3276,.F.);
#4440=ORIENTED_EDGE('',*,*,#3307,.T.);
#4441=ORIENTED_EDGE('',*,*,#3308,.T.);
#4442=ORIENTED_EDGE('',*,*,#3307,.F.);
#4443=ORIENTED_EDGE('',*,*,#3275,.F.);
#4444=ORIENTED_EDGE('',*,*,#3309,.T.);
#4445=ORIENTED_EDGE('',*,*,#3310,.T.);
#4446=ORIENTED_EDGE('',*,*,#3309,.F.);
#4447=ORIENTED_EDGE('',*,*,#3274,.F.);
#4448=ORIENTED_EDGE('',*,*,#3311,.T.);
#4449=ORIENTED_EDGE('',*,*,#3312,.T.);
#4450=ORIENTED_EDGE('',*,*,#3311,.F.);
#4451=ORIENTED_EDGE('',*,*,#3273,.F.);
#4452=ORIENTED_EDGE('',*,*,#3302,.T.);
#4453=ORIENTED_EDGE('',*,*,#3306,.F.);
#4454=ORIENTED_EDGE('',*,*,#3308,.F.);
#4455=ORIENTED_EDGE('',*,*,#3310,.F.);
#4456=ORIENTED_EDGE('',*,*,#3312,.F.);
#4457=ORIENTED_EDGE('',*,*,#3301,.F.);
#4458=ORIENTED_EDGE('',*,*,#3304,.F.);
#4459=ORIENTED_EDGE('',*,*,#3313,.T.);
#4460=ORIENTED_EDGE('',*,*,#3314,.F.);
#4461=ORIENTED_EDGE('',*,*,#3315,.F.);
#4462=ORIENTED_EDGE('',*,*,#3257,.F.);
#4463=ORIENTED_EDGE('',*,*,#3315,.T.);
#4464=ORIENTED_EDGE('',*,*,#3316,.F.);
#4465=ORIENTED_EDGE('',*,*,#3317,.F.);
#4466=ORIENTED_EDGE('',*,*,#3258,.F.);
#4467=ORIENTED_EDGE('',*,*,#3318,.F.);
#4468=ORIENTED_EDGE('',*,*,#3259,.F.);
#4469=ORIENTED_EDGE('',*,*,#3317,.T.);
#4470=ORIENTED_EDGE('',*,*,#3216,.F.);
#4471=ORIENTED_EDGE('',*,*,#3318,.T.);
#4472=ORIENTED_EDGE('',*,*,#3219,.F.);
#4473=ORIENTED_EDGE('',*,*,#3319,.F.);
#4474=ORIENTED_EDGE('',*,*,#3260,.F.);
#4475=ORIENTED_EDGE('',*,*,#3319,.T.);
#4476=ORIENTED_EDGE('',*,*,#3221,.F.);
#4477=ORIENTED_EDGE('',*,*,#3320,.F.);
#4478=ORIENTED_EDGE('',*,*,#3261,.F.);
#4479=ORIENTED_EDGE('',*,*,#3313,.F.);
#4480=ORIENTED_EDGE('',*,*,#3256,.F.);
#4481=ORIENTED_EDGE('',*,*,#3321,.F.);
#4482=ORIENTED_EDGE('',*,*,#3322,.F.);
#4483=ORIENTED_EDGE('',*,*,#3323,.F.);
#4484=ORIENTED_EDGE('',*,*,#3324,.T.);
#4485=ORIENTED_EDGE('',*,*,#3325,.F.);
#4486=ORIENTED_EDGE('',*,*,#3326,.F.);
#4487=ORIENTED_EDGE('',*,*,#3327,.F.);
#4488=ORIENTED_EDGE('',*,*,#3328,.F.);
#4489=ORIENTED_EDGE('',*,*,#3329,.F.);
#4490=ORIENTED_EDGE('',*,*,#3330,.F.);
#4491=ORIENTED_EDGE('',*,*,#3331,.F.);
#4492=ORIENTED_EDGE('',*,*,#3332,.F.);
#4493=ORIENTED_EDGE('',*,*,#3333,.F.);
#4494=ORIENTED_EDGE('',*,*,#3334,.F.);
#4495=ORIENTED_EDGE('',*,*,#3335,.F.);
#4496=ORIENTED_EDGE('',*,*,#3336,.F.);
#4497=ORIENTED_EDGE('',*,*,#3337,.F.);
#4498=ORIENTED_EDGE('',*,*,#3338,.F.);
#4499=ORIENTED_EDGE('',*,*,#3339,.F.);
#4500=ORIENTED_EDGE('',*,*,#3340,.F.);
#4501=ORIENTED_EDGE('',*,*,#3341,.F.);
#4502=ORIENTED_EDGE('',*,*,#3321,.T.);
#4503=ORIENTED_EDGE('',*,*,#3255,.F.);
#4504=ORIENTED_EDGE('',*,*,#3342,.F.);
#4505=ORIENTED_EDGE('',*,*,#3343,.F.);
#4506=ORIENTED_EDGE('',*,*,#3326,.T.);
#4507=ORIENTED_EDGE('',*,*,#3344,.T.);
#4508=ORIENTED_EDGE('',*,*,#3345,.F.);
#4509=ORIENTED_EDGE('',*,*,#3346,.T.);
#4510=ORIENTED_EDGE('',*,*,#3327,.T.);
#4511=ORIENTED_EDGE('',*,*,#3346,.F.);
#4512=ORIENTED_EDGE('',*,*,#3347,.F.);
#4513=ORIENTED_EDGE('',*,*,#3328,.T.);
#4514=ORIENTED_EDGE('',*,*,#3347,.T.);
#4515=ORIENTED_EDGE('',*,*,#3348,.T.);
#4516=ORIENTED_EDGE('',*,*,#3349,.T.);
#4517=ORIENTED_EDGE('',*,*,#3329,.T.);
#4518=ORIENTED_EDGE('',*,*,#3349,.F.);
#4519=ORIENTED_EDGE('',*,*,#3350,.T.);
#4520=ORIENTED_EDGE('',*,*,#3330,.T.);
#4521=ORIENTED_EDGE('',*,*,#3350,.F.);
#4522=ORIENTED_EDGE('',*,*,#3351,.F.);
#4523=ORIENTED_EDGE('',*,*,#3331,.T.);
#4524=ORIENTED_EDGE('',*,*,#3351,.T.);
#4525=ORIENTED_EDGE('',*,*,#3352,.T.);
#4526=ORIENTED_EDGE('',*,*,#3353,.T.);
#4527=ORIENTED_EDGE('',*,*,#3332,.T.);
#4528=ORIENTED_EDGE('',*,*,#3353,.F.);
#4529=ORIENTED_EDGE('',*,*,#3354,.T.);
#4530=ORIENTED_EDGE('',*,*,#3333,.T.);
#4531=ORIENTED_EDGE('',*,*,#3354,.F.);
#4532=ORIENTED_EDGE('',*,*,#3355,.F.);
#4533=ORIENTED_EDGE('',*,*,#3334,.T.);
#4534=ORIENTED_EDGE('',*,*,#3355,.T.);
#4535=ORIENTED_EDGE('',*,*,#3356,.T.);
#4536=ORIENTED_EDGE('',*,*,#3357,.T.);
#4537=ORIENTED_EDGE('',*,*,#3335,.T.);
#4538=ORIENTED_EDGE('',*,*,#3357,.F.);
#4539=ORIENTED_EDGE('',*,*,#3358,.T.);
#4540=ORIENTED_EDGE('',*,*,#3336,.T.);
#4541=ORIENTED_EDGE('',*,*,#3358,.F.);
#4542=ORIENTED_EDGE('',*,*,#3359,.F.);
#4543=ORIENTED_EDGE('',*,*,#3360,.F.);
#4544=ORIENTED_EDGE('',*,*,#3337,.T.);
#4545=ORIENTED_EDGE('',*,*,#3360,.T.);
#4546=ORIENTED_EDGE('',*,*,#3361,.F.);
#4547=ORIENTED_EDGE('',*,*,#3362,.T.);
#4548=ORIENTED_EDGE('',*,*,#3338,.T.);
#4549=ORIENTED_EDGE('',*,*,#3362,.F.);
#4550=ORIENTED_EDGE('',*,*,#3363,.F.);
#4551=ORIENTED_EDGE('',*,*,#3364,.F.);
#4552=ORIENTED_EDGE('',*,*,#3339,.T.);
#4553=ORIENTED_EDGE('',*,*,#3364,.T.);
#4554=ORIENTED_EDGE('',*,*,#3365,.F.);
#4555=ORIENTED_EDGE('',*,*,#3366,.T.);
#4556=ORIENTED_EDGE('',*,*,#3367,.F.);
#4557=ORIENTED_EDGE('',*,*,#3343,.T.);
#4558=ORIENTED_EDGE('',*,*,#3196,.F.);
#4559=ORIENTED_EDGE('',*,*,#3368,.T.);
#4560=ORIENTED_EDGE('',*,*,#3369,.F.);
#4561=ORIENTED_EDGE('',*,*,#3193,.T.);
#4562=ORIENTED_EDGE('',*,*,#3133,.T.);
#4563=ORIENTED_EDGE('',*,*,#3370,.F.);
#4564=ORIENTED_EDGE('',*,*,#3131,.F.);
#4565=ORIENTED_EDGE('',*,*,#3371,.F.);
#4566=ORIENTED_EDGE('',*,*,#3371,.T.);
#4567=ORIENTED_EDGE('',*,*,#3130,.T.);
#4568=ORIENTED_EDGE('',*,*,#3372,.T.);
#4569=ORIENTED_EDGE('',*,*,#3373,.T.);
#4570=ORIENTED_EDGE('',*,*,#3374,.T.);
#4571=ORIENTED_EDGE('',*,*,#3375,.T.);
#4572=ORIENTED_EDGE('',*,*,#3376,.T.);
#4573=ORIENTED_EDGE('',*,*,#3377,.T.);
#4574=ORIENTED_EDGE('',*,*,#3378,.T.);
#4575=ORIENTED_EDGE('',*,*,#3379,.T.);
#4576=ORIENTED_EDGE('',*,*,#3380,.T.);
#4577=ORIENTED_EDGE('',*,*,#3381,.T.);
#4578=ORIENTED_EDGE('',*,*,#3382,.T.);
#4579=ORIENTED_EDGE('',*,*,#3383,.T.);
#4580=ORIENTED_EDGE('',*,*,#3384,.T.);
#4581=ORIENTED_EDGE('',*,*,#3385,.T.);
#4582=ORIENTED_EDGE('',*,*,#3386,.T.);
#4583=ORIENTED_EDGE('',*,*,#3387,.T.);
#4584=ORIENTED_EDGE('',*,*,#3388,.T.);
#4585=ORIENTED_EDGE('',*,*,#3389,.T.);
#4586=ORIENTED_EDGE('',*,*,#3390,.T.);
#4587=ORIENTED_EDGE('',*,*,#3391,.T.);
#4588=ORIENTED_EDGE('',*,*,#3392,.T.);
#4589=ORIENTED_EDGE('',*,*,#3393,.T.);
#4590=ORIENTED_EDGE('',*,*,#3394,.T.);
#4591=ORIENTED_EDGE('',*,*,#3395,.T.);
#4592=ORIENTED_EDGE('',*,*,#3396,.T.);
#4593=ORIENTED_EDGE('',*,*,#3397,.T.);
#4594=ORIENTED_EDGE('',*,*,#3398,.T.);
#4595=ORIENTED_EDGE('',*,*,#3399,.T.);
#4596=ORIENTED_EDGE('',*,*,#3400,.T.);
#4597=ORIENTED_EDGE('',*,*,#3401,.T.);
#4598=ORIENTED_EDGE('',*,*,#3402,.T.);
#4599=ORIENTED_EDGE('',*,*,#3403,.T.);
#4600=ORIENTED_EDGE('',*,*,#3404,.T.);
#4601=ORIENTED_EDGE('',*,*,#3405,.T.);
#4602=ORIENTED_EDGE('',*,*,#3406,.T.);
#4603=ORIENTED_EDGE('',*,*,#3407,.T.);
#4604=ORIENTED_EDGE('',*,*,#3408,.T.);
#4605=ORIENTED_EDGE('',*,*,#3409,.T.);
#4606=ORIENTED_EDGE('',*,*,#3410,.T.);
#4607=ORIENTED_EDGE('',*,*,#3411,.T.);
#4608=ORIENTED_EDGE('',*,*,#3412,.T.);
#4609=ORIENTED_EDGE('',*,*,#3413,.T.);
#4610=ORIENTED_EDGE('',*,*,#3414,.T.);
#4611=ORIENTED_EDGE('',*,*,#3415,.T.);
#4612=ORIENTED_EDGE('',*,*,#3416,.T.);
#4613=ORIENTED_EDGE('',*,*,#3417,.T.);
#4614=ORIENTED_EDGE('',*,*,#3418,.T.);
#4615=ORIENTED_EDGE('',*,*,#3419,.T.);
#4616=ORIENTED_EDGE('',*,*,#3420,.T.);
#4617=ORIENTED_EDGE('',*,*,#3421,.T.);
#4618=ORIENTED_EDGE('',*,*,#3422,.T.);
#4619=ORIENTED_EDGE('',*,*,#3423,.T.);
#4620=ORIENTED_EDGE('',*,*,#3424,.T.);
#4621=ORIENTED_EDGE('',*,*,#3425,.T.);
#4622=ORIENTED_EDGE('',*,*,#3426,.T.);
#4623=ORIENTED_EDGE('',*,*,#3427,.T.);
#4624=ORIENTED_EDGE('',*,*,#3428,.T.);
#4625=ORIENTED_EDGE('',*,*,#3429,.T.);
#4626=ORIENTED_EDGE('',*,*,#3368,.F.);
#4627=ORIENTED_EDGE('',*,*,#3195,.F.);
#4628=ORIENTED_EDGE('',*,*,#3314,.T.);
#4629=ORIENTED_EDGE('',*,*,#3430,.F.);
#4630=ORIENTED_EDGE('',*,*,#3373,.F.);
#4631=ORIENTED_EDGE('',*,*,#3431,.F.);
#4632=ORIENTED_EDGE('',*,*,#3432,.T.);
#4633=ORIENTED_EDGE('',*,*,#3433,.F.);
#4634=ORIENTED_EDGE('',*,*,#3434,.F.);
#4635=ORIENTED_EDGE('',*,*,#3400,.F.);
#4636=ORIENTED_EDGE('',*,*,#3435,.T.);
#4637=ORIENTED_EDGE('',*,*,#3436,.T.);
#4638=ORIENTED_EDGE('',*,*,#3433,.T.);
#4639=ORIENTED_EDGE('',*,*,#3432,.F.);
#4640=ORIENTED_EDGE('',*,*,#3399,.F.);
#4641=ORIENTED_EDGE('',*,*,#3437,.F.);
#4642=ORIENTED_EDGE('',*,*,#3435,.F.);
#4643=ORIENTED_EDGE('',*,*,#3436,.F.);
#4644=ORIENTED_EDGE('',*,*,#3438,.F.);
#4645=ORIENTED_EDGE('',*,*,#3439,.F.);
#4646=ORIENTED_EDGE('',*,*,#3440,.F.);
#4647=ORIENTED_EDGE('',*,*,#3441,.F.);
#4648=ORIENTED_EDGE('',*,*,#3442,.F.);
#4649=ORIENTED_EDGE('',*,*,#3443,.F.);
#4650=ORIENTED_EDGE('',*,*,#3444,.F.);
#4651=ORIENTED_EDGE('',*,*,#3445,.F.);
#4652=ORIENTED_EDGE('',*,*,#3446,.F.);
#4653=ORIENTED_EDGE('',*,*,#3447,.F.);
#4654=ORIENTED_EDGE('',*,*,#3448,.F.);
#4655=ORIENTED_EDGE('',*,*,#3449,.F.);
#4656=ORIENTED_EDGE('',*,*,#3450,.F.);
#4657=ORIENTED_EDGE('',*,*,#3451,.F.);
#4658=ORIENTED_EDGE('',*,*,#3452,.F.);
#4659=ORIENTED_EDGE('',*,*,#3356,.F.);
#4660=ORIENTED_EDGE('',*,*,#3352,.F.);
#4661=ORIENTED_EDGE('',*,*,#3348,.F.);
#4662=ORIENTED_EDGE('',*,*,#3453,.F.);
#4663=ORIENTED_EDGE('',*,*,#3454,.F.);
#4664=ORIENTED_EDGE('',*,*,#3455,.F.);
#4665=ORIENTED_EDGE('',*,*,#3456,.F.);
#4666=ORIENTED_EDGE('',*,*,#3457,.F.);
#4667=ORIENTED_EDGE('',*,*,#3458,.F.);
#4668=ORIENTED_EDGE('',*,*,#3459,.F.);
#4669=ORIENTED_EDGE('',*,*,#3460,.F.);
#4670=ORIENTED_EDGE('',*,*,#3461,.F.);
#4671=ORIENTED_EDGE('',*,*,#3462,.F.);
#4672=ORIENTED_EDGE('',*,*,#3463,.F.);
#4673=ORIENTED_EDGE('',*,*,#3464,.F.);
#4674=ORIENTED_EDGE('',*,*,#3465,.F.);
#4675=ORIENTED_EDGE('',*,*,#3466,.F.);
#4676=ORIENTED_EDGE('',*,*,#3467,.F.);
#4677=ORIENTED_EDGE('',*,*,#3468,.F.);
#4678=ORIENTED_EDGE('',*,*,#3469,.F.);
#4679=ORIENTED_EDGE('',*,*,#3470,.F.);
#4680=ORIENTED_EDGE('',*,*,#3471,.T.);
#4681=ORIENTED_EDGE('',*,*,#3472,.F.);
#4682=ORIENTED_EDGE('',*,*,#3437,.T.);
#4683=ORIENTED_EDGE('',*,*,#3398,.F.);
#4684=ORIENTED_EDGE('',*,*,#3473,.T.);
#4685=ORIENTED_EDGE('',*,*,#3438,.T.);
#4686=ORIENTED_EDGE('',*,*,#3472,.T.);
#4687=ORIENTED_EDGE('',*,*,#3471,.F.);
#4688=ORIENTED_EDGE('',*,*,#3397,.F.);
#4689=ORIENTED_EDGE('',*,*,#3474,.F.);
#4690=ORIENTED_EDGE('',*,*,#3473,.F.);
#4691=ORIENTED_EDGE('',*,*,#3475,.T.);
#4692=ORIENTED_EDGE('',*,*,#3476,.F.);
#4693=ORIENTED_EDGE('',*,*,#3474,.T.);
#4694=ORIENTED_EDGE('',*,*,#3396,.F.);
#4695=ORIENTED_EDGE('',*,*,#3477,.T.);
#4696=ORIENTED_EDGE('',*,*,#3439,.T.);
#4697=ORIENTED_EDGE('',*,*,#3476,.T.);
#4698=ORIENTED_EDGE('',*,*,#3475,.F.);
#4699=ORIENTED_EDGE('',*,*,#3395,.F.);
#4700=ORIENTED_EDGE('',*,*,#3478,.F.);
#4701=ORIENTED_EDGE('',*,*,#3477,.F.);
#4702=ORIENTED_EDGE('',*,*,#3479,.T.);
#4703=ORIENTED_EDGE('',*,*,#3480,.F.);
#4704=ORIENTED_EDGE('',*,*,#3478,.T.);
#4705=ORIENTED_EDGE('',*,*,#3394,.F.);
#4706=ORIENTED_EDGE('',*,*,#3481,.T.);
#4707=ORIENTED_EDGE('',*,*,#3440,.T.);
#4708=ORIENTED_EDGE('',*,*,#3480,.T.);
#4709=ORIENTED_EDGE('',*,*,#3479,.F.);
#4710=ORIENTED_EDGE('',*,*,#3393,.F.);
#4711=ORIENTED_EDGE('',*,*,#3482,.F.);
#4712=ORIENTED_EDGE('',*,*,#3481,.F.);
#4713=ORIENTED_EDGE('',*,*,#3483,.T.);
#4714=ORIENTED_EDGE('',*,*,#3484,.F.);
#4715=ORIENTED_EDGE('',*,*,#3482,.T.);
#4716=ORIENTED_EDGE('',*,*,#3392,.F.);
#4717=ORIENTED_EDGE('',*,*,#3485,.T.);
#4718=ORIENTED_EDGE('',*,*,#3441,.T.);
#4719=ORIENTED_EDGE('',*,*,#3484,.T.);
#4720=ORIENTED_EDGE('',*,*,#3483,.F.);
#4721=ORIENTED_EDGE('',*,*,#3391,.F.);
#4722=ORIENTED_EDGE('',*,*,#3486,.F.);
#4723=ORIENTED_EDGE('',*,*,#3485,.F.);
#4724=ORIENTED_EDGE('',*,*,#3487,.T.);
#4725=ORIENTED_EDGE('',*,*,#3488,.F.);
#4726=ORIENTED_EDGE('',*,*,#3486,.T.);
#4727=ORIENTED_EDGE('',*,*,#3390,.F.);
#4728=ORIENTED_EDGE('',*,*,#3489,.T.);
#4729=ORIENTED_EDGE('',*,*,#3442,.T.);
#4730=ORIENTED_EDGE('',*,*,#3488,.T.);
#4731=ORIENTED_EDGE('',*,*,#3487,.F.);
#4732=ORIENTED_EDGE('',*,*,#3389,.F.);
#4733=ORIENTED_EDGE('',*,*,#3490,.F.);
#4734=ORIENTED_EDGE('',*,*,#3489,.F.);
#4735=ORIENTED_EDGE('',*,*,#3491,.T.);
#4736=ORIENTED_EDGE('',*,*,#3492,.F.);
#4737=ORIENTED_EDGE('',*,*,#3490,.T.);
#4738=ORIENTED_EDGE('',*,*,#3388,.F.);
#4739=ORIENTED_EDGE('',*,*,#3493,.T.);
#4740=ORIENTED_EDGE('',*,*,#3443,.T.);
#4741=ORIENTED_EDGE('',*,*,#3492,.T.);
#4742=ORIENTED_EDGE('',*,*,#3491,.F.);
#4743=ORIENTED_EDGE('',*,*,#3387,.F.);
#4744=ORIENTED_EDGE('',*,*,#3494,.F.);
#4745=ORIENTED_EDGE('',*,*,#3493,.F.);
#4746=ORIENTED_EDGE('',*,*,#3495,.T.);
#4747=ORIENTED_EDGE('',*,*,#3496,.F.);
#4748=ORIENTED_EDGE('',*,*,#3494,.T.);
#4749=ORIENTED_EDGE('',*,*,#3386,.F.);
#4750=ORIENTED_EDGE('',*,*,#3497,.T.);
#4751=ORIENTED_EDGE('',*,*,#3444,.T.);
#4752=ORIENTED_EDGE('',*,*,#3496,.T.);
#4753=ORIENTED_EDGE('',*,*,#3495,.F.);
#4754=ORIENTED_EDGE('',*,*,#3385,.F.);
#4755=ORIENTED_EDGE('',*,*,#3498,.F.);
#4756=ORIENTED_EDGE('',*,*,#3497,.F.);
#4757=ORIENTED_EDGE('',*,*,#3499,.T.);
#4758=ORIENTED_EDGE('',*,*,#3500,.F.);
#4759=ORIENTED_EDGE('',*,*,#3498,.T.);
#4760=ORIENTED_EDGE('',*,*,#3384,.F.);
#4761=ORIENTED_EDGE('',*,*,#3501,.T.);
#4762=ORIENTED_EDGE('',*,*,#3445,.T.);
#4763=ORIENTED_EDGE('',*,*,#3500,.T.);
#4764=ORIENTED_EDGE('',*,*,#3499,.F.);
#4765=ORIENTED_EDGE('',*,*,#3383,.F.);
#4766=ORIENTED_EDGE('',*,*,#3502,.F.);
#4767=ORIENTED_EDGE('',*,*,#3501,.F.);
#4768=ORIENTED_EDGE('',*,*,#3503,.T.);
#4769=ORIENTED_EDGE('',*,*,#3504,.F.);
#4770=ORIENTED_EDGE('',*,*,#3502,.T.);
#4771=ORIENTED_EDGE('',*,*,#3382,.F.);
#4772=ORIENTED_EDGE('',*,*,#3505,.T.);
#4773=ORIENTED_EDGE('',*,*,#3446,.T.);
#4774=ORIENTED_EDGE('',*,*,#3504,.T.);
#4775=ORIENTED_EDGE('',*,*,#3503,.F.);
#4776=ORIENTED_EDGE('',*,*,#3381,.F.);
#4777=ORIENTED_EDGE('',*,*,#3506,.F.);
#4778=ORIENTED_EDGE('',*,*,#3505,.F.);
#4779=ORIENTED_EDGE('',*,*,#3507,.T.);
#4780=ORIENTED_EDGE('',*,*,#3508,.F.);
#4781=ORIENTED_EDGE('',*,*,#3506,.T.);
#4782=ORIENTED_EDGE('',*,*,#3380,.F.);
#4783=ORIENTED_EDGE('',*,*,#3509,.T.);
#4784=ORIENTED_EDGE('',*,*,#3447,.T.);
#4785=ORIENTED_EDGE('',*,*,#3508,.T.);
#4786=ORIENTED_EDGE('',*,*,#3507,.F.);
#4787=ORIENTED_EDGE('',*,*,#3379,.F.);
#4788=ORIENTED_EDGE('',*,*,#3510,.F.);
#4789=ORIENTED_EDGE('',*,*,#3509,.F.);
#4790=ORIENTED_EDGE('',*,*,#3511,.T.);
#4791=ORIENTED_EDGE('',*,*,#3512,.F.);
#4792=ORIENTED_EDGE('',*,*,#3510,.T.);
#4793=ORIENTED_EDGE('',*,*,#3378,.F.);
#4794=ORIENTED_EDGE('',*,*,#3513,.T.);
#4795=ORIENTED_EDGE('',*,*,#3448,.T.);
#4796=ORIENTED_EDGE('',*,*,#3512,.T.);
#4797=ORIENTED_EDGE('',*,*,#3511,.F.);
#4798=ORIENTED_EDGE('',*,*,#3377,.F.);
#4799=ORIENTED_EDGE('',*,*,#3514,.F.);
#4800=ORIENTED_EDGE('',*,*,#3513,.F.);
#4801=ORIENTED_EDGE('',*,*,#3515,.T.);
#4802=ORIENTED_EDGE('',*,*,#3516,.F.);
#4803=ORIENTED_EDGE('',*,*,#3514,.T.);
#4804=ORIENTED_EDGE('',*,*,#3376,.F.);
#4805=ORIENTED_EDGE('',*,*,#3517,.T.);
#4806=ORIENTED_EDGE('',*,*,#3449,.T.);
#4807=ORIENTED_EDGE('',*,*,#3516,.T.);
#4808=ORIENTED_EDGE('',*,*,#3515,.F.);
#4809=ORIENTED_EDGE('',*,*,#3375,.F.);
#4810=ORIENTED_EDGE('',*,*,#3518,.F.);
#4811=ORIENTED_EDGE('',*,*,#3517,.F.);
#4812=ORIENTED_EDGE('',*,*,#3519,.T.);
#4813=ORIENTED_EDGE('',*,*,#3520,.F.);
#4814=ORIENTED_EDGE('',*,*,#3518,.T.);
#4815=ORIENTED_EDGE('',*,*,#3521,.F.);
#4816=ORIENTED_EDGE('',*,*,#3521,.T.);
#4817=ORIENTED_EDGE('',*,*,#3522,.T.);
#4818=ORIENTED_EDGE('',*,*,#3523,.T.);
#4819=ORIENTED_EDGE('',*,*,#3524,.T.);
#4820=ORIENTED_EDGE('',*,*,#3450,.T.);
#4821=ORIENTED_EDGE('',*,*,#3520,.T.);
#4822=ORIENTED_EDGE('',*,*,#3519,.F.);
#4823=ORIENTED_EDGE('',*,*,#3523,.F.);
#4824=ORIENTED_EDGE('',*,*,#3366,.F.);
#4825=ORIENTED_EDGE('',*,*,#3524,.F.);
#4826=ORIENTED_EDGE('',*,*,#3340,.T.);
#4827=ORIENTED_EDGE('',*,*,#3367,.T.);
#4828=ORIENTED_EDGE('',*,*,#3525,.T.);
#4829=ORIENTED_EDGE('',*,*,#3363,.T.);
#4830=ORIENTED_EDGE('',*,*,#3451,.T.);
#4831=ORIENTED_EDGE('',*,*,#3365,.T.);
#4832=ORIENTED_EDGE('',*,*,#3359,.T.);
#4833=ORIENTED_EDGE('',*,*,#3452,.T.);
#4834=ORIENTED_EDGE('',*,*,#3361,.T.);
#4835=ORIENTED_EDGE('',*,*,#3341,.T.);
#4836=ORIENTED_EDGE('',*,*,#3525,.F.);
#4837=ORIENTED_EDGE('',*,*,#3522,.F.);
#4838=ORIENTED_EDGE('',*,*,#3374,.F.);
#4839=ORIENTED_EDGE('',*,*,#3430,.T.);
#4840=ORIENTED_EDGE('',*,*,#3526,.T.);
#4841=ORIENTED_EDGE('',*,*,#3453,.T.);
#4842=ORIENTED_EDGE('',*,*,#3345,.T.);
#4843=ORIENTED_EDGE('',*,*,#3325,.T.);
#4844=ORIENTED_EDGE('',*,*,#3527,.F.);
#4845=ORIENTED_EDGE('',*,*,#3526,.F.);
#4846=ORIENTED_EDGE('',*,*,#3344,.F.);
#4847=ORIENTED_EDGE('',*,*,#3528,.T.);
#4848=ORIENTED_EDGE('',*,*,#3529,.F.);
#4849=ORIENTED_EDGE('',*,*,#3527,.T.);
#4850=ORIENTED_EDGE('',*,*,#3324,.F.);
#4851=ORIENTED_EDGE('',*,*,#3530,.F.);
#4852=ORIENTED_EDGE('',*,*,#3530,.T.);
#4853=ORIENTED_EDGE('',*,*,#3323,.T.);
#4854=ORIENTED_EDGE('',*,*,#3531,.T.);
#4855=ORIENTED_EDGE('',*,*,#3532,.T.);
#4856=ORIENTED_EDGE('',*,*,#3533,.T.);
#4857=ORIENTED_EDGE('',*,*,#3454,.T.);
#4858=ORIENTED_EDGE('',*,*,#3529,.T.);
#4859=ORIENTED_EDGE('',*,*,#3528,.F.);
#4860=ORIENTED_EDGE('',*,*,#3532,.F.);
#4861=ORIENTED_EDGE('',*,*,#3534,.F.);
#4862=ORIENTED_EDGE('',*,*,#3533,.F.);
#4863=ORIENTED_EDGE('',*,*,#3535,.T.);
#4864=ORIENTED_EDGE('',*,*,#3536,.F.);
#4865=ORIENTED_EDGE('',*,*,#3534,.T.);
#4866=ORIENTED_EDGE('',*,*,#3537,.F.);
#4867=ORIENTED_EDGE('',*,*,#3537,.T.);
#4868=ORIENTED_EDGE('',*,*,#3538,.T.);
#4869=ORIENTED_EDGE('',*,*,#3539,.T.);
#4870=ORIENTED_EDGE('',*,*,#3540,.T.);
#4871=ORIENTED_EDGE('',*,*,#3455,.T.);
#4872=ORIENTED_EDGE('',*,*,#3536,.T.);
#4873=ORIENTED_EDGE('',*,*,#3535,.F.);
#4874=ORIENTED_EDGE('',*,*,#3539,.F.);
#4875=ORIENTED_EDGE('',*,*,#3541,.F.);
#4876=ORIENTED_EDGE('',*,*,#3540,.F.);
#4877=ORIENTED_EDGE('',*,*,#3542,.T.);
#4878=ORIENTED_EDGE('',*,*,#3543,.F.);
#4879=ORIENTED_EDGE('',*,*,#3541,.T.);
#4880=ORIENTED_EDGE('',*,*,#3428,.F.);
#4881=ORIENTED_EDGE('',*,*,#3544,.T.);
#4882=ORIENTED_EDGE('',*,*,#3456,.T.);
#4883=ORIENTED_EDGE('',*,*,#3543,.T.);
#4884=ORIENTED_EDGE('',*,*,#3542,.F.);
#4885=ORIENTED_EDGE('',*,*,#3427,.F.);
#4886=ORIENTED_EDGE('',*,*,#3545,.F.);
#4887=ORIENTED_EDGE('',*,*,#3544,.F.);
#4888=ORIENTED_EDGE('',*,*,#3546,.T.);
#4889=ORIENTED_EDGE('',*,*,#3547,.F.);
#4890=ORIENTED_EDGE('',*,*,#3545,.T.);
#4891=ORIENTED_EDGE('',*,*,#3426,.F.);
#4892=ORIENTED_EDGE('',*,*,#3548,.T.);
#4893=ORIENTED_EDGE('',*,*,#3457,.T.);
#4894=ORIENTED_EDGE('',*,*,#3547,.T.);
#4895=ORIENTED_EDGE('',*,*,#3546,.F.);
#4896=ORIENTED_EDGE('',*,*,#3425,.F.);
#4897=ORIENTED_EDGE('',*,*,#3549,.F.);
#4898=ORIENTED_EDGE('',*,*,#3548,.F.);
#4899=ORIENTED_EDGE('',*,*,#3550,.T.);
#4900=ORIENTED_EDGE('',*,*,#3551,.F.);
#4901=ORIENTED_EDGE('',*,*,#3549,.T.);
#4902=ORIENTED_EDGE('',*,*,#3424,.F.);
#4903=ORIENTED_EDGE('',*,*,#3552,.T.);
#4904=ORIENTED_EDGE('',*,*,#3458,.T.);
#4905=ORIENTED_EDGE('',*,*,#3551,.T.);
#4906=ORIENTED_EDGE('',*,*,#3550,.F.);
#4907=ORIENTED_EDGE('',*,*,#3423,.F.);
#4908=ORIENTED_EDGE('',*,*,#3553,.F.);
#4909=ORIENTED_EDGE('',*,*,#3552,.F.);
#4910=ORIENTED_EDGE('',*,*,#3554,.T.);
#4911=ORIENTED_EDGE('',*,*,#3555,.F.);
#4912=ORIENTED_EDGE('',*,*,#3553,.T.);
#4913=ORIENTED_EDGE('',*,*,#3422,.F.);
#4914=ORIENTED_EDGE('',*,*,#3556,.T.);
#4915=ORIENTED_EDGE('',*,*,#3459,.T.);
#4916=ORIENTED_EDGE('',*,*,#3555,.T.);
#4917=ORIENTED_EDGE('',*,*,#3554,.F.);
#4918=ORIENTED_EDGE('',*,*,#3421,.F.);
#4919=ORIENTED_EDGE('',*,*,#3557,.F.);
#4920=ORIENTED_EDGE('',*,*,#3556,.F.);
#4921=ORIENTED_EDGE('',*,*,#3558,.T.);
#4922=ORIENTED_EDGE('',*,*,#3559,.F.);
#4923=ORIENTED_EDGE('',*,*,#3557,.T.);
#4924=ORIENTED_EDGE('',*,*,#3420,.F.);
#4925=ORIENTED_EDGE('',*,*,#3560,.T.);
#4926=ORIENTED_EDGE('',*,*,#3460,.T.);
#4927=ORIENTED_EDGE('',*,*,#3559,.T.);
#4928=ORIENTED_EDGE('',*,*,#3558,.F.);
#4929=ORIENTED_EDGE('',*,*,#3419,.F.);
#4930=ORIENTED_EDGE('',*,*,#3561,.F.);
#4931=ORIENTED_EDGE('',*,*,#3560,.F.);
#4932=ORIENTED_EDGE('',*,*,#3562,.T.);
#4933=ORIENTED_EDGE('',*,*,#3563,.F.);
#4934=ORIENTED_EDGE('',*,*,#3561,.T.);
#4935=ORIENTED_EDGE('',*,*,#3418,.F.);
#4936=ORIENTED_EDGE('',*,*,#3564,.T.);
#4937=ORIENTED_EDGE('',*,*,#3461,.T.);
#4938=ORIENTED_EDGE('',*,*,#3563,.T.);
#4939=ORIENTED_EDGE('',*,*,#3562,.F.);
#4940=ORIENTED_EDGE('',*,*,#3417,.F.);
#4941=ORIENTED_EDGE('',*,*,#3565,.F.);
#4942=ORIENTED_EDGE('',*,*,#3564,.F.);
#4943=ORIENTED_EDGE('',*,*,#3322,.T.);
#4944=ORIENTED_EDGE('',*,*,#3369,.T.);
#4945=ORIENTED_EDGE('',*,*,#3429,.F.);
#4946=ORIENTED_EDGE('',*,*,#3538,.F.);
#4947=ORIENTED_EDGE('',*,*,#3531,.F.);
#4948=ORIENTED_EDGE('',*,*,#3566,.T.);
#4949=ORIENTED_EDGE('',*,*,#3567,.F.);
#4950=ORIENTED_EDGE('',*,*,#3565,.T.);
#4951=ORIENTED_EDGE('',*,*,#3416,.F.);
#4952=ORIENTED_EDGE('',*,*,#3568,.T.);
#4953=ORIENTED_EDGE('',*,*,#3462,.T.);
#4954=ORIENTED_EDGE('',*,*,#3567,.T.);
#4955=ORIENTED_EDGE('',*,*,#3566,.F.);
#4956=ORIENTED_EDGE('',*,*,#3415,.F.);
#4957=ORIENTED_EDGE('',*,*,#3569,.F.);
#4958=ORIENTED_EDGE('',*,*,#3568,.F.);
#4959=ORIENTED_EDGE('',*,*,#3570,.T.);
#4960=ORIENTED_EDGE('',*,*,#3571,.F.);
#4961=ORIENTED_EDGE('',*,*,#3569,.T.);
#4962=ORIENTED_EDGE('',*,*,#3414,.F.);
#4963=ORIENTED_EDGE('',*,*,#3572,.T.);
#4964=ORIENTED_EDGE('',*,*,#3463,.T.);
#4965=ORIENTED_EDGE('',*,*,#3571,.T.);
#4966=ORIENTED_EDGE('',*,*,#3570,.F.);
#4967=ORIENTED_EDGE('',*,*,#3413,.F.);
#4968=ORIENTED_EDGE('',*,*,#3573,.F.);
#4969=ORIENTED_EDGE('',*,*,#3572,.F.);
#4970=ORIENTED_EDGE('',*,*,#3574,.T.);
#4971=ORIENTED_EDGE('',*,*,#3575,.F.);
#4972=ORIENTED_EDGE('',*,*,#3573,.T.);
#4973=ORIENTED_EDGE('',*,*,#3412,.F.);
#4974=ORIENTED_EDGE('',*,*,#3576,.T.);
#4975=ORIENTED_EDGE('',*,*,#3464,.T.);
#4976=ORIENTED_EDGE('',*,*,#3575,.T.);
#4977=ORIENTED_EDGE('',*,*,#3574,.F.);
#4978=ORIENTED_EDGE('',*,*,#3411,.F.);
#4979=ORIENTED_EDGE('',*,*,#3577,.F.);
#4980=ORIENTED_EDGE('',*,*,#3576,.F.);
#4981=ORIENTED_EDGE('',*,*,#3578,.T.);
#4982=ORIENTED_EDGE('',*,*,#3579,.F.);
#4983=ORIENTED_EDGE('',*,*,#3577,.T.);
#4984=ORIENTED_EDGE('',*,*,#3410,.F.);
#4985=ORIENTED_EDGE('',*,*,#3580,.T.);
#4986=ORIENTED_EDGE('',*,*,#3465,.T.);
#4987=ORIENTED_EDGE('',*,*,#3579,.T.);
#4988=ORIENTED_EDGE('',*,*,#3578,.F.);
#4989=ORIENTED_EDGE('',*,*,#3409,.F.);
#4990=ORIENTED_EDGE('',*,*,#3581,.F.);
#4991=ORIENTED_EDGE('',*,*,#3580,.F.);
#4992=ORIENTED_EDGE('',*,*,#3582,.T.);
#4993=ORIENTED_EDGE('',*,*,#3583,.F.);
#4994=ORIENTED_EDGE('',*,*,#3581,.T.);
#4995=ORIENTED_EDGE('',*,*,#3408,.F.);
#4996=ORIENTED_EDGE('',*,*,#3584,.T.);
#4997=ORIENTED_EDGE('',*,*,#3466,.T.);
#4998=ORIENTED_EDGE('',*,*,#3583,.T.);
#4999=ORIENTED_EDGE('',*,*,#3582,.F.);
#5000=ORIENTED_EDGE('',*,*,#3407,.F.);
#5001=ORIENTED_EDGE('',*,*,#3585,.F.);
#5002=ORIENTED_EDGE('',*,*,#3584,.F.);
#5003=ORIENTED_EDGE('',*,*,#3586,.T.);
#5004=ORIENTED_EDGE('',*,*,#3587,.F.);
#5005=ORIENTED_EDGE('',*,*,#3585,.T.);
#5006=ORIENTED_EDGE('',*,*,#3406,.F.);
#5007=ORIENTED_EDGE('',*,*,#3588,.T.);
#5008=ORIENTED_EDGE('',*,*,#3467,.T.);
#5009=ORIENTED_EDGE('',*,*,#3587,.T.);
#5010=ORIENTED_EDGE('',*,*,#3586,.F.);
#5011=ORIENTED_EDGE('',*,*,#3405,.F.);
#5012=ORIENTED_EDGE('',*,*,#3589,.F.);
#5013=ORIENTED_EDGE('',*,*,#3588,.F.);
#5014=ORIENTED_EDGE('',*,*,#3590,.T.);
#5015=ORIENTED_EDGE('',*,*,#3591,.F.);
#5016=ORIENTED_EDGE('',*,*,#3589,.T.);
#5017=ORIENTED_EDGE('',*,*,#3404,.F.);
#5018=ORIENTED_EDGE('',*,*,#3592,.T.);
#5019=ORIENTED_EDGE('',*,*,#3468,.T.);
#5020=ORIENTED_EDGE('',*,*,#3591,.T.);
#5021=ORIENTED_EDGE('',*,*,#3590,.F.);
#5022=ORIENTED_EDGE('',*,*,#3403,.F.);
#5023=ORIENTED_EDGE('',*,*,#3593,.F.);
#5024=ORIENTED_EDGE('',*,*,#3592,.F.);
#5025=ORIENTED_EDGE('',*,*,#3594,.T.);
#5026=ORIENTED_EDGE('',*,*,#3595,.F.);
#5027=ORIENTED_EDGE('',*,*,#3593,.T.);
#5028=ORIENTED_EDGE('',*,*,#3402,.F.);
#5029=ORIENTED_EDGE('',*,*,#3596,.T.);
#5030=ORIENTED_EDGE('',*,*,#3469,.T.);
#5031=ORIENTED_EDGE('',*,*,#3595,.T.);
#5032=ORIENTED_EDGE('',*,*,#3594,.F.);
#5033=ORIENTED_EDGE('',*,*,#3401,.F.);
#5034=ORIENTED_EDGE('',*,*,#3434,.T.);
#5035=ORIENTED_EDGE('',*,*,#3596,.F.);
#5036=ORIENTED_EDGE('',*,*,#3316,.T.);
#5037=ORIENTED_EDGE('',*,*,#3431,.T.);
#5038=ORIENTED_EDGE('',*,*,#3372,.F.);
#5039=ORIENTED_EDGE('',*,*,#3213,.T.);
#5040=ORIENTED_EDGE('',*,*,#3217,.T.);
#5041=ORIENTED_EDGE('',*,*,#3370,.T.);
#5042=ORIENTED_EDGE('',*,*,#3132,.F.);
#5043=ORIENTED_EDGE('',*,*,#3597,.T.);
#5044=ORIENTED_EDGE('',*,*,#3598,.T.);
#5045=ORIENTED_EDGE('',*,*,#3599,.T.);
#5046=ORIENTED_EDGE('',*,*,#3598,.F.);
#5047=ORIENTED_EDGE('',*,*,#3597,.F.);
#5048=ORIENTED_EDGE('',*,*,#3600,.T.);
#5049=ORIENTED_EDGE('',*,*,#3599,.F.);
#5050=ORIENTED_EDGE('',*,*,#3470,.T.);
#5051=ORIENTED_EDGE('',*,*,#3601,.T.);
#5052=ORIENTED_EDGE('',*,*,#3600,.F.);
#5053=ORIENTED_EDGE('',*,*,#3601,.F.);
#5054=ORIENTED_EDGE('',*,*,#3279,.T.);
#5055=ORIENTED_EDGE('',*,*,#3602,.T.);
#5056=ORIENTED_EDGE('',*,*,#3603,.T.);
#5057=ORIENTED_EDGE('',*,*,#3602,.F.);
#5058=ORIENTED_EDGE('',*,*,#3278,.T.);
#5059=ORIENTED_EDGE('',*,*,#3604,.T.);
#5060=ORIENTED_EDGE('',*,*,#3605,.T.);
#5061=ORIENTED_EDGE('',*,*,#3604,.F.);
#5062=ORIENTED_EDGE('',*,*,#3605,.F.);
#5063=ORIENTED_EDGE('',*,*,#3606,.F.);
#5064=ORIENTED_EDGE('',*,*,#3603,.F.);
#5065=ORIENTED_EDGE('',*,*,#3607,.F.);
#5066=ORIENTED_EDGE('',*,*,#3608,.T.);
#5067=ORIENTED_EDGE('',*,*,#3175,.T.);
#5068=ORIENTED_EDGE('',*,*,#3171,.F.);
#5069=ORIENTED_EDGE('',*,*,#3150,.T.);
#5070=ORIENTED_EDGE('',*,*,#3609,.T.);
#5071=ORIENTED_EDGE('',*,*,#3608,.F.);
#5072=ORIENTED_EDGE('',*,*,#3610,.F.);
#5073=ORIENTED_EDGE('',*,*,#3611,.T.);
#5074=ORIENTED_EDGE('',*,*,#3612,.F.);
#5075=ORIENTED_EDGE('',*,*,#3613,.F.);
#5076=ORIENTED_EDGE('',*,*,#3170,.T.);
#5077=ORIENTED_EDGE('',*,*,#3614,.T.);
#5078=ORIENTED_EDGE('',*,*,#3176,.T.);
#5079=ORIENTED_EDGE('',*,*,#3609,.F.);
#5080=ORIENTED_EDGE('',*,*,#3149,.F.);
#5081=ORIENTED_EDGE('',*,*,#3615,.T.);
#5082=ORIENTED_EDGE('',*,*,#3610,.T.);
#5083=ORIENTED_EDGE('',*,*,#3616,.T.);
#5084=ORIENTED_EDGE('',*,*,#3617,.T.);
#5085=ORIENTED_EDGE('',*,*,#3161,.T.);
#5086=ORIENTED_EDGE('',*,*,#3157,.F.);
#5087=ORIENTED_EDGE('',*,*,#3144,.T.);
#5088=ORIENTED_EDGE('',*,*,#3618,.T.);
#5089=ORIENTED_EDGE('',*,*,#3146,.T.);
#5090=ORIENTED_EDGE('',*,*,#3159,.F.);
#5091=ORIENTED_EDGE('',*,*,#3160,.T.);
#5092=ORIENTED_EDGE('',*,*,#3613,.T.);
#5093=ORIENTED_EDGE('',*,*,#3616,.F.);
#5094=ORIENTED_EDGE('',*,*,#3143,.F.);
#5095=ORIENTED_EDGE('',*,*,#3619,.T.);
#5096=ORIENTED_EDGE('',*,*,#3620,.T.);
#5097=ORIENTED_EDGE('',*,*,#3617,.F.);
#5098=ORIENTED_EDGE('',*,*,#3620,.F.);
#5099=ORIENTED_EDGE('',*,*,#3621,.T.);
#5100=ORIENTED_EDGE('',*,*,#3622,.F.);
#5101=ORIENTED_EDGE('',*,*,#3623,.F.);
#5102=ORIENTED_EDGE('',*,*,#3624,.T.);
#5103=ORIENTED_EDGE('',*,*,#3625,.T.);
#5104=ORIENTED_EDGE('',*,*,#3162,.T.);
#5105=ORIENTED_EDGE('',*,*,#3626,.T.);
#5106=ORIENTED_EDGE('',*,*,#3140,.T.);
#5107=ORIENTED_EDGE('',*,*,#3185,.F.);
#5108=ORIENTED_EDGE('',*,*,#3627,.T.);
#5109=ORIENTED_EDGE('',*,*,#3623,.T.);
#5110=ORIENTED_EDGE('',*,*,#3611,.F.);
#5111=ORIENTED_EDGE('',*,*,#3615,.F.);
#5112=ORIENTED_EDGE('',*,*,#3148,.F.);
#5113=ORIENTED_EDGE('',*,*,#3628,.F.);
#5114=ORIENTED_EDGE('',*,*,#3618,.F.);
#5115=ORIENTED_EDGE('',*,*,#3612,.T.);
#5116=ORIENTED_EDGE('',*,*,#3628,.T.);
#5117=ORIENTED_EDGE('',*,*,#3147,.F.);
#5118=ORIENTED_EDGE('',*,*,#3621,.F.);
#5119=ORIENTED_EDGE('',*,*,#3619,.F.);
#5120=ORIENTED_EDGE('',*,*,#3142,.F.);
#5121=ORIENTED_EDGE('',*,*,#3629,.F.);
#5122=ORIENTED_EDGE('',*,*,#3626,.F.);
#5123=ORIENTED_EDGE('',*,*,#3622,.T.);
#5124=ORIENTED_EDGE('',*,*,#3629,.T.);
#5125=ORIENTED_EDGE('',*,*,#3141,.F.);
#5126=ORIENTED_EDGE('',*,*,#3630,.F.);
#5127=ORIENTED_EDGE('',*,*,#3631,.F.);
#5128=ORIENTED_EDGE('',*,*,#3632,.F.);
#5129=ORIENTED_EDGE('',*,*,#3633,.F.);
#5130=ORIENTED_EDGE('',*,*,#3631,.T.);
#5131=ORIENTED_EDGE('',*,*,#3634,.T.);
#5132=ORIENTED_EDGE('',*,*,#3165,.F.);
#5133=ORIENTED_EDGE('',*,*,#3635,.T.);
#5134=ORIENTED_EDGE('',*,*,#3632,.T.);
#5135=ORIENTED_EDGE('',*,*,#3635,.F.);
#5136=ORIENTED_EDGE('',*,*,#3164,.F.);
#5137=ORIENTED_EDGE('',*,*,#3636,.F.);
#5138=ORIENTED_EDGE('',*,*,#3637,.F.);
#5139=ORIENTED_EDGE('',*,*,#3638,.F.);
#5140=ORIENTED_EDGE('',*,*,#3639,.F.);
#5141=ORIENTED_EDGE('',*,*,#3640,.F.);
#5142=ORIENTED_EDGE('',*,*,#3641,.F.);
#5143=ORIENTED_EDGE('',*,*,#3642,.F.);
#5144=ORIENTED_EDGE('',*,*,#3643,.F.);
#5145=ORIENTED_EDGE('',*,*,#3641,.T.);
#5146=ORIENTED_EDGE('',*,*,#3644,.T.);
#5147=ORIENTED_EDGE('',*,*,#3179,.F.);
#5148=ORIENTED_EDGE('',*,*,#3645,.T.);
#5149=ORIENTED_EDGE('',*,*,#3642,.T.);
#5150=ORIENTED_EDGE('',*,*,#3645,.F.);
#5151=ORIENTED_EDGE('',*,*,#3178,.F.);
#5152=ORIENTED_EDGE('',*,*,#3646,.F.);
#5153=ORIENTED_EDGE('',*,*,#3168,.F.);
#5154=ORIENTED_EDGE('',*,*,#3647,.F.);
#5155=ORIENTED_EDGE('',*,*,#3648,.F.);
#5156=ORIENTED_EDGE('',*,*,#3636,.T.);
#5157=ORIENTED_EDGE('',*,*,#3163,.F.);
#5158=ORIENTED_EDGE('',*,*,#3625,.F.);
#5159=ORIENTED_EDGE('',*,*,#3649,.F.);
#5160=ORIENTED_EDGE('',*,*,#3646,.T.);
#5161=ORIENTED_EDGE('',*,*,#3177,.F.);
#5162=ORIENTED_EDGE('',*,*,#3614,.F.);
#5163=ORIENTED_EDGE('',*,*,#3169,.F.);
#5164=ORIENTED_EDGE('',*,*,#3606,.T.);
#5165=ORIENTED_EDGE('',*,*,#3650,.T.);
#5166=ORIENTED_EDGE('',*,*,#3639,.T.);
#5167=ORIENTED_EDGE('',*,*,#3650,.F.);
#5168=ORIENTED_EDGE('',*,*,#3643,.T.);
#5169=ORIENTED_EDGE('',*,*,#3647,.T.);
#5170=ORIENTED_EDGE('',*,*,#3167,.T.);
#5171=ORIENTED_EDGE('',*,*,#3651,.T.);
#5172=ORIENTED_EDGE('',*,*,#3633,.T.);
#5173=ORIENTED_EDGE('',*,*,#3638,.T.);
#5174=ORIENTED_EDGE('',*,*,#3652,.T.);
#5175=ORIENTED_EDGE('',*,*,#3653,.T.);
#5176=ORIENTED_EDGE('',*,*,#3607,.T.);
#5177=ORIENTED_EDGE('',*,*,#3654,.T.);
#5178=ORIENTED_EDGE('',*,*,#3648,.T.);
#5179=ORIENTED_EDGE('',*,*,#3654,.F.);
#5180=ORIENTED_EDGE('',*,*,#3655,.F.);
#5181=ORIENTED_EDGE('',*,*,#3251,.T.);
#5182=ORIENTED_EDGE('',*,*,#3656,.T.);
#5183=ORIENTED_EDGE('',*,*,#3657,.T.);
#5184=ORIENTED_EDGE('',*,*,#3656,.F.);
#5185=ORIENTED_EDGE('',*,*,#3250,.T.);
#5186=ORIENTED_EDGE('',*,*,#3658,.T.);
#5187=ORIENTED_EDGE('',*,*,#3659,.T.);
#5188=ORIENTED_EDGE('',*,*,#3660,.T.);
#5189=ORIENTED_EDGE('',*,*,#3229,.T.);
#5190=ORIENTED_EDGE('',*,*,#3658,.F.);
#5191=ORIENTED_EDGE('',*,*,#3249,.T.);
#5192=ORIENTED_EDGE('',*,*,#3660,.F.);
#5193=ORIENTED_EDGE('',*,*,#3248,.T.);
#5194=ORIENTED_EDGE('',*,*,#3661,.T.);
#5195=ORIENTED_EDGE('',*,*,#3227,.T.);
#5196=ORIENTED_EDGE('',*,*,#3661,.F.);
#5197=ORIENTED_EDGE('',*,*,#3247,.T.);
#5198=ORIENTED_EDGE('',*,*,#3662,.T.);
#5199=ORIENTED_EDGE('',*,*,#3225,.T.);
#5200=ORIENTED_EDGE('',*,*,#3223,.F.);
#5201=ORIENTED_EDGE('',*,*,#3662,.F.);
#5202=ORIENTED_EDGE('',*,*,#3246,.T.);
#5203=ORIENTED_EDGE('',*,*,#3320,.T.);
#5204=ORIENTED_EDGE('',*,*,#3655,.T.);
#5205=ORIENTED_EDGE('',*,*,#3663,.T.);
#5206=ORIENTED_EDGE('',*,*,#3664,.T.);
#5207=ORIENTED_EDGE('',*,*,#3665,.T.);
#5208=ORIENTED_EDGE('',*,*,#3666,.T.);
#5209=ORIENTED_EDGE('',*,*,#3667,.T.);
#5210=ORIENTED_EDGE('',*,*,#3668,.T.);
#5211=ORIENTED_EDGE('',*,*,#3669,.T.);
#5212=ORIENTED_EDGE('',*,*,#3670,.T.);
#5213=ORIENTED_EDGE('',*,*,#3671,.T.);
#5214=ORIENTED_EDGE('',*,*,#3672,.T.);
#5215=ORIENTED_EDGE('',*,*,#3673,.T.);
#5216=ORIENTED_EDGE('',*,*,#3674,.T.);
#5217=ORIENTED_EDGE('',*,*,#3675,.T.);
#5218=ORIENTED_EDGE('',*,*,#3676,.T.);
#5219=ORIENTED_EDGE('',*,*,#3677,.T.);
#5220=ORIENTED_EDGE('',*,*,#3678,.T.);
#5221=ORIENTED_EDGE('',*,*,#3679,.T.);
#5222=ORIENTED_EDGE('',*,*,#3680,.F.);
#5223=ORIENTED_EDGE('',*,*,#3681,.T.);
#5224=ORIENTED_EDGE('',*,*,#3682,.T.);
#5225=ORIENTED_EDGE('',*,*,#3683,.T.);
#5226=ORIENTED_EDGE('',*,*,#3252,.T.);
#5227=ORIENTED_EDGE('',*,*,#3683,.F.);
#5228=ORIENTED_EDGE('',*,*,#3684,.T.);
#5229=ORIENTED_EDGE('',*,*,#3685,.T.);
#5230=ORIENTED_EDGE('',*,*,#3253,.T.);
#5231=ORIENTED_EDGE('',*,*,#3254,.F.);
#5232=ORIENTED_EDGE('',*,*,#3685,.F.);
#5233=ORIENTED_EDGE('',*,*,#3197,.F.);
#5234=ORIENTED_EDGE('',*,*,#3342,.T.);
#5235=ORIENTED_EDGE('',*,*,#3678,.F.);
#5236=ORIENTED_EDGE('',*,*,#3686,.F.);
#5237=ORIENTED_EDGE('',*,*,#3687,.T.);
#5238=ORIENTED_EDGE('',*,*,#3688,.F.);
#5239=ORIENTED_EDGE('',*,*,#3677,.F.);
#5240=ORIENTED_EDGE('',*,*,#3689,.T.);
#5241=ORIENTED_EDGE('',*,*,#3686,.T.);
#5242=ORIENTED_EDGE('',*,*,#3676,.F.);
#5243=ORIENTED_EDGE('',*,*,#3690,.F.);
#5244=ORIENTED_EDGE('',*,*,#3691,.F.);
#5245=ORIENTED_EDGE('',*,*,#3689,.F.);
#5246=ORIENTED_EDGE('',*,*,#3675,.F.);
#5247=ORIENTED_EDGE('',*,*,#3692,.F.);
#5248=ORIENTED_EDGE('',*,*,#3690,.T.);
#5249=ORIENTED_EDGE('',*,*,#3674,.F.);
#5250=ORIENTED_EDGE('',*,*,#3693,.T.);
#5251=ORIENTED_EDGE('',*,*,#3692,.T.);
#5252=ORIENTED_EDGE('',*,*,#3673,.F.);
#5253=ORIENTED_EDGE('',*,*,#3694,.F.);
#5254=ORIENTED_EDGE('',*,*,#3695,.F.);
#5255=ORIENTED_EDGE('',*,*,#3693,.F.);
#5256=ORIENTED_EDGE('',*,*,#3672,.F.);
#5257=ORIENTED_EDGE('',*,*,#3696,.F.);
#5258=ORIENTED_EDGE('',*,*,#3694,.T.);
#5259=ORIENTED_EDGE('',*,*,#3671,.F.);
#5260=ORIENTED_EDGE('',*,*,#3697,.T.);
#5261=ORIENTED_EDGE('',*,*,#3696,.T.);
#5262=ORIENTED_EDGE('',*,*,#3670,.F.);
#5263=ORIENTED_EDGE('',*,*,#3698,.F.);
#5264=ORIENTED_EDGE('',*,*,#3699,.F.);
#5265=ORIENTED_EDGE('',*,*,#3697,.F.);
#5266=ORIENTED_EDGE('',*,*,#3669,.F.);
#5267=ORIENTED_EDGE('',*,*,#3700,.F.);
#5268=ORIENTED_EDGE('',*,*,#3698,.T.);
#5269=ORIENTED_EDGE('',*,*,#3668,.F.);
#5270=ORIENTED_EDGE('',*,*,#3701,.T.);
#5271=ORIENTED_EDGE('',*,*,#3702,.T.);
#5272=ORIENTED_EDGE('',*,*,#3700,.T.);
#5273=ORIENTED_EDGE('',*,*,#3667,.F.);
#5274=ORIENTED_EDGE('',*,*,#3703,.F.);
#5275=ORIENTED_EDGE('',*,*,#3704,.T.);
#5276=ORIENTED_EDGE('',*,*,#3701,.F.);
#5277=ORIENTED_EDGE('',*,*,#3666,.F.);
#5278=ORIENTED_EDGE('',*,*,#3705,.T.);
#5279=ORIENTED_EDGE('',*,*,#3706,.T.);
#5280=ORIENTED_EDGE('',*,*,#3703,.T.);
#5281=ORIENTED_EDGE('',*,*,#3665,.F.);
#5282=ORIENTED_EDGE('',*,*,#3707,.T.);
#5283=ORIENTED_EDGE('',*,*,#3708,.F.);
#5284=ORIENTED_EDGE('',*,*,#3709,.T.);
#5285=ORIENTED_EDGE('',*,*,#3705,.F.);
#5286=ORIENTED_EDGE('',*,*,#3684,.F.);
#5287=ORIENTED_EDGE('',*,*,#3710,.T.);
#5288=ORIENTED_EDGE('',*,*,#3711,.F.);
#5289=ORIENTED_EDGE('',*,*,#3198,.T.);
#5290=ORIENTED_EDGE('',*,*,#3192,.F.);
#5291=ORIENTED_EDGE('',*,*,#3712,.T.);
#5292=ORIENTED_EDGE('',*,*,#3121,.T.);
#5293=ORIENTED_EDGE('',*,*,#3713,.T.);
#5294=ORIENTED_EDGE('',*,*,#3119,.F.);
#5295=ORIENTED_EDGE('',*,*,#3712,.F.);
#5296=ORIENTED_EDGE('',*,*,#3199,.T.);
#5297=ORIENTED_EDGE('',*,*,#3711,.T.);
#5298=ORIENTED_EDGE('',*,*,#3714,.F.);
#5299=ORIENTED_EDGE('',*,*,#3715,.F.);
#5300=ORIENTED_EDGE('',*,*,#3716,.F.);
#5301=ORIENTED_EDGE('',*,*,#3717,.F.);
#5302=ORIENTED_EDGE('',*,*,#3718,.F.);
#5303=ORIENTED_EDGE('',*,*,#3719,.F.);
#5304=ORIENTED_EDGE('',*,*,#3720,.F.);
#5305=ORIENTED_EDGE('',*,*,#3721,.F.);
#5306=ORIENTED_EDGE('',*,*,#3722,.F.);
#5307=ORIENTED_EDGE('',*,*,#3723,.F.);
#5308=ORIENTED_EDGE('',*,*,#3724,.F.);
#5309=ORIENTED_EDGE('',*,*,#3725,.F.);
#5310=ORIENTED_EDGE('',*,*,#3726,.F.);
#5311=ORIENTED_EDGE('',*,*,#3727,.F.);
#5312=ORIENTED_EDGE('',*,*,#3728,.F.);
#5313=ORIENTED_EDGE('',*,*,#3729,.F.);
#5314=ORIENTED_EDGE('',*,*,#3730,.F.);
#5315=ORIENTED_EDGE('',*,*,#3731,.F.);
#5316=ORIENTED_EDGE('',*,*,#3732,.F.);
#5317=ORIENTED_EDGE('',*,*,#3733,.F.);
#5318=ORIENTED_EDGE('',*,*,#3734,.F.);
#5319=ORIENTED_EDGE('',*,*,#3735,.F.);
#5320=ORIENTED_EDGE('',*,*,#3736,.F.);
#5321=ORIENTED_EDGE('',*,*,#3737,.F.);
#5322=ORIENTED_EDGE('',*,*,#3738,.F.);
#5323=ORIENTED_EDGE('',*,*,#3739,.F.);
#5324=ORIENTED_EDGE('',*,*,#3740,.F.);
#5325=ORIENTED_EDGE('',*,*,#3741,.F.);
#5326=ORIENTED_EDGE('',*,*,#3742,.F.);
#5327=ORIENTED_EDGE('',*,*,#3743,.F.);
#5328=ORIENTED_EDGE('',*,*,#3744,.F.);
#5329=ORIENTED_EDGE('',*,*,#3745,.F.);
#5330=ORIENTED_EDGE('',*,*,#3746,.F.);
#5331=ORIENTED_EDGE('',*,*,#3747,.F.);
#5332=ORIENTED_EDGE('',*,*,#3748,.F.);
#5333=ORIENTED_EDGE('',*,*,#3749,.F.);
#5334=ORIENTED_EDGE('',*,*,#3750,.F.);
#5335=ORIENTED_EDGE('',*,*,#3751,.F.);
#5336=ORIENTED_EDGE('',*,*,#3752,.F.);
#5337=ORIENTED_EDGE('',*,*,#3753,.F.);
#5338=ORIENTED_EDGE('',*,*,#3754,.F.);
#5339=ORIENTED_EDGE('',*,*,#3755,.F.);
#5340=ORIENTED_EDGE('',*,*,#3756,.F.);
#5341=ORIENTED_EDGE('',*,*,#3757,.F.);
#5342=ORIENTED_EDGE('',*,*,#3758,.F.);
#5343=ORIENTED_EDGE('',*,*,#3759,.F.);
#5344=ORIENTED_EDGE('',*,*,#3760,.F.);
#5345=ORIENTED_EDGE('',*,*,#3761,.F.);
#5346=ORIENTED_EDGE('',*,*,#3762,.F.);
#5347=ORIENTED_EDGE('',*,*,#3763,.F.);
#5348=ORIENTED_EDGE('',*,*,#3764,.F.);
#5349=ORIENTED_EDGE('',*,*,#3765,.F.);
#5350=ORIENTED_EDGE('',*,*,#3766,.F.);
#5351=ORIENTED_EDGE('',*,*,#3767,.F.);
#5352=ORIENTED_EDGE('',*,*,#3768,.F.);
#5353=ORIENTED_EDGE('',*,*,#3769,.F.);
#5354=ORIENTED_EDGE('',*,*,#3770,.F.);
#5355=ORIENTED_EDGE('',*,*,#3771,.F.);
#5356=ORIENTED_EDGE('',*,*,#3122,.F.);
#5357=ORIENTED_EDGE('',*,*,#3657,.F.);
#5358=ORIENTED_EDGE('',*,*,#3772,.T.);
#5359=ORIENTED_EDGE('',*,*,#3770,.T.);
#5360=ORIENTED_EDGE('',*,*,#3773,.T.);
#5361=ORIENTED_EDGE('',*,*,#3774,.F.);
#5362=ORIENTED_EDGE('',*,*,#3743,.T.);
#5363=ORIENTED_EDGE('',*,*,#3775,.T.);
#5364=ORIENTED_EDGE('',*,*,#3776,.T.);
#5365=ORIENTED_EDGE('',*,*,#3777,.F.);
#5366=ORIENTED_EDGE('',*,*,#3776,.F.);
#5367=ORIENTED_EDGE('',*,*,#3778,.F.);
#5368=ORIENTED_EDGE('',*,*,#3774,.T.);
#5369=ORIENTED_EDGE('',*,*,#3777,.T.);
#5370=ORIENTED_EDGE('',*,*,#3779,.T.);
#5371=ORIENTED_EDGE('',*,*,#3744,.T.);
#5372=ORIENTED_EDGE('',*,*,#3778,.T.);
#5373=ORIENTED_EDGE('',*,*,#3780,.T.);
#5374=ORIENTED_EDGE('',*,*,#3781,.T.);
#5375=ORIENTED_EDGE('',*,*,#3782,.T.);
#5376=ORIENTED_EDGE('',*,*,#3783,.T.);
#5377=ORIENTED_EDGE('',*,*,#3784,.T.);
#5378=ORIENTED_EDGE('',*,*,#3785,.T.);
#5379=ORIENTED_EDGE('',*,*,#3786,.T.);
#5380=ORIENTED_EDGE('',*,*,#3787,.T.);
#5381=ORIENTED_EDGE('',*,*,#3788,.T.);
#5382=ORIENTED_EDGE('',*,*,#3789,.T.);
#5383=ORIENTED_EDGE('',*,*,#3790,.T.);
#5384=ORIENTED_EDGE('',*,*,#3791,.T.);
#5385=ORIENTED_EDGE('',*,*,#3792,.T.);
#5386=ORIENTED_EDGE('',*,*,#3793,.T.);
#5387=ORIENTED_EDGE('',*,*,#3794,.T.);
#5388=ORIENTED_EDGE('',*,*,#3795,.T.);
#5389=ORIENTED_EDGE('',*,*,#3796,.T.);
#5390=ORIENTED_EDGE('',*,*,#3691,.T.);
#5391=ORIENTED_EDGE('',*,*,#3695,.T.);
#5392=ORIENTED_EDGE('',*,*,#3699,.T.);
#5393=ORIENTED_EDGE('',*,*,#3797,.T.);
#5394=ORIENTED_EDGE('',*,*,#3798,.T.);
#5395=ORIENTED_EDGE('',*,*,#3799,.T.);
#5396=ORIENTED_EDGE('',*,*,#3800,.T.);
#5397=ORIENTED_EDGE('',*,*,#3801,.T.);
#5398=ORIENTED_EDGE('',*,*,#3802,.T.);
#5399=ORIENTED_EDGE('',*,*,#3803,.T.);
#5400=ORIENTED_EDGE('',*,*,#3804,.T.);
#5401=ORIENTED_EDGE('',*,*,#3805,.T.);
#5402=ORIENTED_EDGE('',*,*,#3806,.T.);
#5403=ORIENTED_EDGE('',*,*,#3807,.T.);
#5404=ORIENTED_EDGE('',*,*,#3808,.T.);
#5405=ORIENTED_EDGE('',*,*,#3809,.T.);
#5406=ORIENTED_EDGE('',*,*,#3810,.T.);
#5407=ORIENTED_EDGE('',*,*,#3811,.T.);
#5408=ORIENTED_EDGE('',*,*,#3812,.T.);
#5409=ORIENTED_EDGE('',*,*,#3813,.F.);
#5410=ORIENTED_EDGE('',*,*,#3745,.T.);
#5411=ORIENTED_EDGE('',*,*,#3779,.F.);
#5412=ORIENTED_EDGE('',*,*,#3814,.T.);
#5413=ORIENTED_EDGE('',*,*,#3815,.F.);
#5414=ORIENTED_EDGE('',*,*,#3814,.F.);
#5415=ORIENTED_EDGE('',*,*,#3811,.F.);
#5416=ORIENTED_EDGE('',*,*,#3813,.T.);
#5417=ORIENTED_EDGE('',*,*,#3815,.T.);
#5418=ORIENTED_EDGE('',*,*,#3816,.T.);
#5419=ORIENTED_EDGE('',*,*,#3746,.T.);
#5420=ORIENTED_EDGE('',*,*,#3817,.F.);
#5421=ORIENTED_EDGE('',*,*,#3747,.T.);
#5422=ORIENTED_EDGE('',*,*,#3816,.F.);
#5423=ORIENTED_EDGE('',*,*,#3818,.T.);
#5424=ORIENTED_EDGE('',*,*,#3819,.F.);
#5425=ORIENTED_EDGE('',*,*,#3818,.F.);
#5426=ORIENTED_EDGE('',*,*,#3810,.F.);
#5427=ORIENTED_EDGE('',*,*,#3817,.T.);
#5428=ORIENTED_EDGE('',*,*,#3819,.T.);
#5429=ORIENTED_EDGE('',*,*,#3820,.T.);
#5430=ORIENTED_EDGE('',*,*,#3748,.T.);
#5431=ORIENTED_EDGE('',*,*,#3821,.F.);
#5432=ORIENTED_EDGE('',*,*,#3749,.T.);
#5433=ORIENTED_EDGE('',*,*,#3820,.F.);
#5434=ORIENTED_EDGE('',*,*,#3822,.T.);
#5435=ORIENTED_EDGE('',*,*,#3823,.F.);
#5436=ORIENTED_EDGE('',*,*,#3822,.F.);
#5437=ORIENTED_EDGE('',*,*,#3809,.F.);
#5438=ORIENTED_EDGE('',*,*,#3821,.T.);
#5439=ORIENTED_EDGE('',*,*,#3823,.T.);
#5440=ORIENTED_EDGE('',*,*,#3824,.T.);
#5441=ORIENTED_EDGE('',*,*,#3750,.T.);
#5442=ORIENTED_EDGE('',*,*,#3825,.F.);
#5443=ORIENTED_EDGE('',*,*,#3751,.T.);
#5444=ORIENTED_EDGE('',*,*,#3824,.F.);
#5445=ORIENTED_EDGE('',*,*,#3826,.T.);
#5446=ORIENTED_EDGE('',*,*,#3827,.F.);
#5447=ORIENTED_EDGE('',*,*,#3826,.F.);
#5448=ORIENTED_EDGE('',*,*,#3808,.F.);
#5449=ORIENTED_EDGE('',*,*,#3825,.T.);
#5450=ORIENTED_EDGE('',*,*,#3827,.T.);
#5451=ORIENTED_EDGE('',*,*,#3828,.T.);
#5452=ORIENTED_EDGE('',*,*,#3752,.T.);
#5453=ORIENTED_EDGE('',*,*,#3829,.F.);
#5454=ORIENTED_EDGE('',*,*,#3753,.T.);
#5455=ORIENTED_EDGE('',*,*,#3828,.F.);
#5456=ORIENTED_EDGE('',*,*,#3830,.T.);
#5457=ORIENTED_EDGE('',*,*,#3831,.F.);
#5458=ORIENTED_EDGE('',*,*,#3830,.F.);
#5459=ORIENTED_EDGE('',*,*,#3807,.F.);
#5460=ORIENTED_EDGE('',*,*,#3829,.T.);
#5461=ORIENTED_EDGE('',*,*,#3831,.T.);
#5462=ORIENTED_EDGE('',*,*,#3832,.T.);
#5463=ORIENTED_EDGE('',*,*,#3754,.T.);
#5464=ORIENTED_EDGE('',*,*,#3833,.F.);
#5465=ORIENTED_EDGE('',*,*,#3755,.T.);
#5466=ORIENTED_EDGE('',*,*,#3832,.F.);
#5467=ORIENTED_EDGE('',*,*,#3834,.T.);
#5468=ORIENTED_EDGE('',*,*,#3835,.F.);
#5469=ORIENTED_EDGE('',*,*,#3834,.F.);
#5470=ORIENTED_EDGE('',*,*,#3806,.F.);
#5471=ORIENTED_EDGE('',*,*,#3833,.T.);
#5472=ORIENTED_EDGE('',*,*,#3835,.T.);
#5473=ORIENTED_EDGE('',*,*,#3836,.T.);
#5474=ORIENTED_EDGE('',*,*,#3756,.T.);
#5475=ORIENTED_EDGE('',*,*,#3837,.F.);
#5476=ORIENTED_EDGE('',*,*,#3757,.T.);
#5477=ORIENTED_EDGE('',*,*,#3836,.F.);
#5478=ORIENTED_EDGE('',*,*,#3838,.T.);
#5479=ORIENTED_EDGE('',*,*,#3839,.F.);
#5480=ORIENTED_EDGE('',*,*,#3838,.F.);
#5481=ORIENTED_EDGE('',*,*,#3805,.F.);
#5482=ORIENTED_EDGE('',*,*,#3837,.T.);
#5483=ORIENTED_EDGE('',*,*,#3839,.T.);
#5484=ORIENTED_EDGE('',*,*,#3840,.T.);
#5485=ORIENTED_EDGE('',*,*,#3758,.T.);
#5486=ORIENTED_EDGE('',*,*,#3841,.F.);
#5487=ORIENTED_EDGE('',*,*,#3759,.T.);
#5488=ORIENTED_EDGE('',*,*,#3840,.F.);
#5489=ORIENTED_EDGE('',*,*,#3842,.T.);
#5490=ORIENTED_EDGE('',*,*,#3843,.F.);
#5491=ORIENTED_EDGE('',*,*,#3842,.F.);
#5492=ORIENTED_EDGE('',*,*,#3804,.F.);
#5493=ORIENTED_EDGE('',*,*,#3841,.T.);
#5494=ORIENTED_EDGE('',*,*,#3843,.T.);
#5495=ORIENTED_EDGE('',*,*,#3844,.T.);
#5496=ORIENTED_EDGE('',*,*,#3760,.T.);
#5497=ORIENTED_EDGE('',*,*,#3845,.F.);
#5498=ORIENTED_EDGE('',*,*,#3761,.T.);
#5499=ORIENTED_EDGE('',*,*,#3844,.F.);
#5500=ORIENTED_EDGE('',*,*,#3846,.T.);
#5501=ORIENTED_EDGE('',*,*,#3847,.F.);
#5502=ORIENTED_EDGE('',*,*,#3846,.F.);
#5503=ORIENTED_EDGE('',*,*,#3803,.F.);
#5504=ORIENTED_EDGE('',*,*,#3845,.T.);
#5505=ORIENTED_EDGE('',*,*,#3847,.T.);
#5506=ORIENTED_EDGE('',*,*,#3848,.T.);
#5507=ORIENTED_EDGE('',*,*,#3762,.T.);
#5508=ORIENTED_EDGE('',*,*,#3849,.F.);
#5509=ORIENTED_EDGE('',*,*,#3763,.T.);
#5510=ORIENTED_EDGE('',*,*,#3848,.F.);
#5511=ORIENTED_EDGE('',*,*,#3850,.T.);
#5512=ORIENTED_EDGE('',*,*,#3851,.F.);
#5513=ORIENTED_EDGE('',*,*,#3850,.F.);
#5514=ORIENTED_EDGE('',*,*,#3802,.F.);
#5515=ORIENTED_EDGE('',*,*,#3849,.T.);
#5516=ORIENTED_EDGE('',*,*,#3851,.T.);
#5517=ORIENTED_EDGE('',*,*,#3852,.T.);
#5518=ORIENTED_EDGE('',*,*,#3764,.T.);
#5519=ORIENTED_EDGE('',*,*,#3853,.F.);
#5520=ORIENTED_EDGE('',*,*,#3765,.T.);
#5521=ORIENTED_EDGE('',*,*,#3852,.F.);
#5522=ORIENTED_EDGE('',*,*,#3854,.T.);
#5523=ORIENTED_EDGE('',*,*,#3855,.F.);
#5524=ORIENTED_EDGE('',*,*,#3854,.F.);
#5525=ORIENTED_EDGE('',*,*,#3801,.F.);
#5526=ORIENTED_EDGE('',*,*,#3853,.T.);
#5527=ORIENTED_EDGE('',*,*,#3855,.T.);
#5528=ORIENTED_EDGE('',*,*,#3856,.T.);
#5529=ORIENTED_EDGE('',*,*,#3766,.T.);
#5530=ORIENTED_EDGE('',*,*,#3857,.F.);
#5531=ORIENTED_EDGE('',*,*,#3767,.T.);
#5532=ORIENTED_EDGE('',*,*,#3856,.F.);
#5533=ORIENTED_EDGE('',*,*,#3858,.T.);
#5534=ORIENTED_EDGE('',*,*,#3859,.F.);
#5535=ORIENTED_EDGE('',*,*,#3858,.F.);
#5536=ORIENTED_EDGE('',*,*,#3800,.F.);
#5537=ORIENTED_EDGE('',*,*,#3857,.T.);
#5538=ORIENTED_EDGE('',*,*,#3859,.T.);
#5539=ORIENTED_EDGE('',*,*,#3860,.T.);
#5540=ORIENTED_EDGE('',*,*,#3768,.T.);
#5541=ORIENTED_EDGE('',*,*,#3861,.F.);
#5542=ORIENTED_EDGE('',*,*,#3862,.T.);
#5543=ORIENTED_EDGE('',*,*,#3860,.F.);
#5544=ORIENTED_EDGE('',*,*,#3863,.T.);
#5545=ORIENTED_EDGE('',*,*,#3862,.F.);
#5546=ORIENTED_EDGE('',*,*,#3864,.F.);
#5547=ORIENTED_EDGE('',*,*,#3865,.F.);
#5548=ORIENTED_EDGE('',*,*,#3866,.F.);
#5549=ORIENTED_EDGE('',*,*,#3863,.F.);
#5550=ORIENTED_EDGE('',*,*,#3799,.F.);
#5551=ORIENTED_EDGE('',*,*,#3861,.T.);
#5552=ORIENTED_EDGE('',*,*,#3866,.T.);
#5553=ORIENTED_EDGE('',*,*,#3708,.T.);
#5554=ORIENTED_EDGE('',*,*,#3864,.T.);
#5555=ORIENTED_EDGE('',*,*,#3664,.F.);
#5556=ORIENTED_EDGE('',*,*,#3867,.F.);
#5557=ORIENTED_EDGE('',*,*,#3707,.F.);
#5558=ORIENTED_EDGE('',*,*,#3706,.F.);
#5559=ORIENTED_EDGE('',*,*,#3709,.F.);
#5560=ORIENTED_EDGE('',*,*,#3798,.F.);
#5561=ORIENTED_EDGE('',*,*,#3702,.F.);
#5562=ORIENTED_EDGE('',*,*,#3704,.F.);
#5563=ORIENTED_EDGE('',*,*,#3797,.F.);
#5564=ORIENTED_EDGE('',*,*,#3663,.F.);
#5565=ORIENTED_EDGE('',*,*,#3773,.F.);
#5566=ORIENTED_EDGE('',*,*,#3769,.T.);
#5567=ORIENTED_EDGE('',*,*,#3865,.T.);
#5568=ORIENTED_EDGE('',*,*,#3867,.T.);
#5569=ORIENTED_EDGE('',*,*,#3868,.F.);
#5570=ORIENTED_EDGE('',*,*,#3687,.F.);
#5571=ORIENTED_EDGE('',*,*,#3796,.F.);
#5572=ORIENTED_EDGE('',*,*,#3679,.F.);
#5573=ORIENTED_EDGE('',*,*,#3688,.T.);
#5574=ORIENTED_EDGE('',*,*,#3868,.T.);
#5575=ORIENTED_EDGE('',*,*,#3869,.T.);
#5576=ORIENTED_EDGE('',*,*,#3870,.F.);
#5577=ORIENTED_EDGE('',*,*,#3871,.T.);
#5578=ORIENTED_EDGE('',*,*,#3680,.T.);
#5579=ORIENTED_EDGE('',*,*,#3869,.F.);
#5580=ORIENTED_EDGE('',*,*,#3872,.T.);
#5581=ORIENTED_EDGE('',*,*,#3871,.F.);
#5582=ORIENTED_EDGE('',*,*,#3873,.F.);
#5583=ORIENTED_EDGE('',*,*,#3874,.F.);
#5584=ORIENTED_EDGE('',*,*,#3681,.F.);
#5585=ORIENTED_EDGE('',*,*,#3875,.F.);
#5586=ORIENTED_EDGE('',*,*,#3872,.F.);
#5587=ORIENTED_EDGE('',*,*,#3795,.F.);
#5588=ORIENTED_EDGE('',*,*,#3870,.T.);
#5589=ORIENTED_EDGE('',*,*,#3875,.T.);
#5590=ORIENTED_EDGE('',*,*,#3876,.T.);
#5591=ORIENTED_EDGE('',*,*,#3873,.T.);
#5592=ORIENTED_EDGE('',*,*,#3877,.F.);
#5593=ORIENTED_EDGE('',*,*,#3878,.T.);
#5594=ORIENTED_EDGE('',*,*,#3876,.F.);
#5595=ORIENTED_EDGE('',*,*,#3879,.T.);
#5596=ORIENTED_EDGE('',*,*,#3878,.F.);
#5597=ORIENTED_EDGE('',*,*,#3880,.F.);
#5598=ORIENTED_EDGE('',*,*,#3881,.F.);
#5599=ORIENTED_EDGE('',*,*,#3882,.F.);
#5600=ORIENTED_EDGE('',*,*,#3879,.F.);
#5601=ORIENTED_EDGE('',*,*,#3794,.F.);
#5602=ORIENTED_EDGE('',*,*,#3877,.T.);
#5603=ORIENTED_EDGE('',*,*,#3882,.T.);
#5604=ORIENTED_EDGE('',*,*,#3883,.T.);
#5605=ORIENTED_EDGE('',*,*,#3880,.T.);
#5606=ORIENTED_EDGE('',*,*,#3884,.F.);
#5607=ORIENTED_EDGE('',*,*,#3715,.T.);
#5608=ORIENTED_EDGE('',*,*,#3883,.F.);
#5609=ORIENTED_EDGE('',*,*,#3885,.T.);
#5610=ORIENTED_EDGE('',*,*,#3886,.F.);
#5611=ORIENTED_EDGE('',*,*,#3885,.F.);
#5612=ORIENTED_EDGE('',*,*,#3793,.F.);
#5613=ORIENTED_EDGE('',*,*,#3884,.T.);
#5614=ORIENTED_EDGE('',*,*,#3886,.T.);
#5615=ORIENTED_EDGE('',*,*,#3887,.T.);
#5616=ORIENTED_EDGE('',*,*,#3716,.T.);
#5617=ORIENTED_EDGE('',*,*,#3888,.F.);
#5618=ORIENTED_EDGE('',*,*,#3717,.T.);
#5619=ORIENTED_EDGE('',*,*,#3887,.F.);
#5620=ORIENTED_EDGE('',*,*,#3889,.T.);
#5621=ORIENTED_EDGE('',*,*,#3890,.F.);
#5622=ORIENTED_EDGE('',*,*,#3889,.F.);
#5623=ORIENTED_EDGE('',*,*,#3792,.F.);
#5624=ORIENTED_EDGE('',*,*,#3888,.T.);
#5625=ORIENTED_EDGE('',*,*,#3890,.T.);
#5626=ORIENTED_EDGE('',*,*,#3891,.T.);
#5627=ORIENTED_EDGE('',*,*,#3718,.T.);
#5628=ORIENTED_EDGE('',*,*,#3892,.F.);
#5629=ORIENTED_EDGE('',*,*,#3719,.T.);
#5630=ORIENTED_EDGE('',*,*,#3891,.F.);
#5631=ORIENTED_EDGE('',*,*,#3893,.T.);
#5632=ORIENTED_EDGE('',*,*,#3894,.F.);
#5633=ORIENTED_EDGE('',*,*,#3893,.F.);
#5634=ORIENTED_EDGE('',*,*,#3791,.F.);
#5635=ORIENTED_EDGE('',*,*,#3892,.T.);
#5636=ORIENTED_EDGE('',*,*,#3894,.T.);
#5637=ORIENTED_EDGE('',*,*,#3895,.T.);
#5638=ORIENTED_EDGE('',*,*,#3720,.T.);
#5639=ORIENTED_EDGE('',*,*,#3896,.F.);
#5640=ORIENTED_EDGE('',*,*,#3721,.T.);
#5641=ORIENTED_EDGE('',*,*,#3895,.F.);
#5642=ORIENTED_EDGE('',*,*,#3897,.T.);
#5643=ORIENTED_EDGE('',*,*,#3898,.F.);
#5644=ORIENTED_EDGE('',*,*,#3897,.F.);
#5645=ORIENTED_EDGE('',*,*,#3790,.F.);
#5646=ORIENTED_EDGE('',*,*,#3896,.T.);
#5647=ORIENTED_EDGE('',*,*,#3898,.T.);
#5648=ORIENTED_EDGE('',*,*,#3899,.T.);
#5649=ORIENTED_EDGE('',*,*,#3722,.T.);
#5650=ORIENTED_EDGE('',*,*,#3900,.F.);
#5651=ORIENTED_EDGE('',*,*,#3723,.T.);
#5652=ORIENTED_EDGE('',*,*,#3899,.F.);
#5653=ORIENTED_EDGE('',*,*,#3901,.T.);
#5654=ORIENTED_EDGE('',*,*,#3902,.F.);
#5655=ORIENTED_EDGE('',*,*,#3901,.F.);
#5656=ORIENTED_EDGE('',*,*,#3789,.F.);
#5657=ORIENTED_EDGE('',*,*,#3900,.T.);
#5658=ORIENTED_EDGE('',*,*,#3902,.T.);
#5659=ORIENTED_EDGE('',*,*,#3903,.T.);
#5660=ORIENTED_EDGE('',*,*,#3724,.T.);
#5661=ORIENTED_EDGE('',*,*,#3904,.F.);
#5662=ORIENTED_EDGE('',*,*,#3725,.T.);
#5663=ORIENTED_EDGE('',*,*,#3903,.F.);
#5664=ORIENTED_EDGE('',*,*,#3905,.T.);
#5665=ORIENTED_EDGE('',*,*,#3906,.F.);
#5666=ORIENTED_EDGE('',*,*,#3905,.F.);
#5667=ORIENTED_EDGE('',*,*,#3788,.F.);
#5668=ORIENTED_EDGE('',*,*,#3904,.T.);
#5669=ORIENTED_EDGE('',*,*,#3906,.T.);
#5670=ORIENTED_EDGE('',*,*,#3907,.T.);
#5671=ORIENTED_EDGE('',*,*,#3726,.T.);
#5672=ORIENTED_EDGE('',*,*,#3682,.F.);
#5673=ORIENTED_EDGE('',*,*,#3874,.T.);
#5674=ORIENTED_EDGE('',*,*,#3881,.T.);
#5675=ORIENTED_EDGE('',*,*,#3714,.T.);
#5676=ORIENTED_EDGE('',*,*,#3710,.F.);
#5677=ORIENTED_EDGE('',*,*,#3908,.F.);
#5678=ORIENTED_EDGE('',*,*,#3727,.T.);
#5679=ORIENTED_EDGE('',*,*,#3907,.F.);
#5680=ORIENTED_EDGE('',*,*,#3909,.T.);
#5681=ORIENTED_EDGE('',*,*,#3910,.F.);
#5682=ORIENTED_EDGE('',*,*,#3909,.F.);
#5683=ORIENTED_EDGE('',*,*,#3787,.F.);
#5684=ORIENTED_EDGE('',*,*,#3908,.T.);
#5685=ORIENTED_EDGE('',*,*,#3910,.T.);
#5686=ORIENTED_EDGE('',*,*,#3911,.T.);
#5687=ORIENTED_EDGE('',*,*,#3728,.T.);
#5688=ORIENTED_EDGE('',*,*,#3912,.F.);
#5689=ORIENTED_EDGE('',*,*,#3729,.T.);
#5690=ORIENTED_EDGE('',*,*,#3911,.F.);
#5691=ORIENTED_EDGE('',*,*,#3913,.T.);
#5692=ORIENTED_EDGE('',*,*,#3914,.F.);
#5693=ORIENTED_EDGE('',*,*,#3913,.F.);
#5694=ORIENTED_EDGE('',*,*,#3786,.F.);
#5695=ORIENTED_EDGE('',*,*,#3912,.T.);
#5696=ORIENTED_EDGE('',*,*,#3914,.T.);
#5697=ORIENTED_EDGE('',*,*,#3915,.T.);
#5698=ORIENTED_EDGE('',*,*,#3730,.T.);
#5699=ORIENTED_EDGE('',*,*,#3916,.F.);
#5700=ORIENTED_EDGE('',*,*,#3731,.T.);
#5701=ORIENTED_EDGE('',*,*,#3915,.F.);
#5702=ORIENTED_EDGE('',*,*,#3917,.T.);
#5703=ORIENTED_EDGE('',*,*,#3918,.F.);
#5704=ORIENTED_EDGE('',*,*,#3917,.F.);
#5705=ORIENTED_EDGE('',*,*,#3785,.F.);
#5706=ORIENTED_EDGE('',*,*,#3916,.T.);
#5707=ORIENTED_EDGE('',*,*,#3918,.T.);
#5708=ORIENTED_EDGE('',*,*,#3919,.T.);
#5709=ORIENTED_EDGE('',*,*,#3732,.T.);
#5710=ORIENTED_EDGE('',*,*,#3920,.F.);
#5711=ORIENTED_EDGE('',*,*,#3733,.T.);
#5712=ORIENTED_EDGE('',*,*,#3919,.F.);
#5713=ORIENTED_EDGE('',*,*,#3921,.T.);
#5714=ORIENTED_EDGE('',*,*,#3922,.F.);
#5715=ORIENTED_EDGE('',*,*,#3921,.F.);
#5716=ORIENTED_EDGE('',*,*,#3784,.F.);
#5717=ORIENTED_EDGE('',*,*,#3920,.T.);
#5718=ORIENTED_EDGE('',*,*,#3922,.T.);
#5719=ORIENTED_EDGE('',*,*,#3923,.T.);
#5720=ORIENTED_EDGE('',*,*,#3734,.T.);
#5721=ORIENTED_EDGE('',*,*,#3924,.F.);
#5722=ORIENTED_EDGE('',*,*,#3735,.T.);
#5723=ORIENTED_EDGE('',*,*,#3923,.F.);
#5724=ORIENTED_EDGE('',*,*,#3925,.T.);
#5725=ORIENTED_EDGE('',*,*,#3926,.F.);
#5726=ORIENTED_EDGE('',*,*,#3925,.F.);
#5727=ORIENTED_EDGE('',*,*,#3783,.F.);
#5728=ORIENTED_EDGE('',*,*,#3924,.T.);
#5729=ORIENTED_EDGE('',*,*,#3926,.T.);
#5730=ORIENTED_EDGE('',*,*,#3927,.T.);
#5731=ORIENTED_EDGE('',*,*,#3736,.T.);
#5732=ORIENTED_EDGE('',*,*,#3928,.F.);
#5733=ORIENTED_EDGE('',*,*,#3737,.T.);
#5734=ORIENTED_EDGE('',*,*,#3927,.F.);
#5735=ORIENTED_EDGE('',*,*,#3929,.T.);
#5736=ORIENTED_EDGE('',*,*,#3930,.F.);
#5737=ORIENTED_EDGE('',*,*,#3929,.F.);
#5738=ORIENTED_EDGE('',*,*,#3782,.F.);
#5739=ORIENTED_EDGE('',*,*,#3928,.T.);
#5740=ORIENTED_EDGE('',*,*,#3930,.T.);
#5741=ORIENTED_EDGE('',*,*,#3931,.T.);
#5742=ORIENTED_EDGE('',*,*,#3738,.T.);
#5743=ORIENTED_EDGE('',*,*,#3932,.F.);
#5744=ORIENTED_EDGE('',*,*,#3739,.T.);
#5745=ORIENTED_EDGE('',*,*,#3931,.F.);
#5746=ORIENTED_EDGE('',*,*,#3933,.T.);
#5747=ORIENTED_EDGE('',*,*,#3934,.F.);
#5748=ORIENTED_EDGE('',*,*,#3933,.F.);
#5749=ORIENTED_EDGE('',*,*,#3781,.F.);
#5750=ORIENTED_EDGE('',*,*,#3932,.T.);
#5751=ORIENTED_EDGE('',*,*,#3934,.T.);
#5752=ORIENTED_EDGE('',*,*,#3935,.T.);
#5753=ORIENTED_EDGE('',*,*,#3740,.T.);
#5754=ORIENTED_EDGE('',*,*,#3936,.F.);
#5755=ORIENTED_EDGE('',*,*,#3741,.T.);
#5756=ORIENTED_EDGE('',*,*,#3935,.F.);
#5757=ORIENTED_EDGE('',*,*,#3937,.T.);
#5758=ORIENTED_EDGE('',*,*,#3938,.F.);
#5759=ORIENTED_EDGE('',*,*,#3937,.F.);
#5760=ORIENTED_EDGE('',*,*,#3780,.F.);
#5761=ORIENTED_EDGE('',*,*,#3936,.T.);
#5762=ORIENTED_EDGE('',*,*,#3938,.T.);
#5763=ORIENTED_EDGE('',*,*,#3775,.F.);
#5764=ORIENTED_EDGE('',*,*,#3742,.T.);
#5765=ORIENTED_EDGE('',*,*,#3659,.F.);
#5766=ORIENTED_EDGE('',*,*,#3228,.F.);
#5767=ORIENTED_EDGE('',*,*,#3200,.F.);
#5768=ORIENTED_EDGE('',*,*,#3771,.T.);
#5769=ORIENTED_EDGE('',*,*,#3772,.F.);
#5770=ORIENTED_EDGE('',*,*,#3713,.F.);
#5771=ORIENTED_EDGE('',*,*,#3120,.T.);
#5772=ORIENTED_EDGE('',*,*,#3939,.F.);
#5773=ORIENTED_EDGE('',*,*,#3940,.T.);
#5774=ORIENTED_EDGE('',*,*,#3941,.F.);
#5775=ORIENTED_EDGE('',*,*,#3940,.F.);
#5776=ORIENTED_EDGE('',*,*,#3939,.T.);
#5777=ORIENTED_EDGE('',*,*,#3942,.F.);
#5778=ORIENTED_EDGE('',*,*,#3941,.T.);
#5779=ORIENTED_EDGE('',*,*,#3812,.F.);
#5780=ORIENTED_EDGE('',*,*,#3943,.T.);
#5781=ORIENTED_EDGE('',*,*,#3942,.T.);
#5782=ORIENTED_EDGE('',*,*,#3943,.F.);
#5783=ORIENTED_EDGE('',*,*,#3944,.T.);
#5784=ORIENTED_EDGE('',*,*,#3945,.T.);
#5785=ORIENTED_EDGE('',*,*,#3946,.F.);
#5786=ORIENTED_EDGE('',*,*,#3947,.T.);
#5787=ORIENTED_EDGE('',*,*,#3948,.T.);
#5788=ORIENTED_EDGE('',*,*,#3949,.T.);
#5789=ORIENTED_EDGE('',*,*,#3950,.F.);
#5790=ORIENTED_EDGE('',*,*,#3951,.T.);
#5791=ORIENTED_EDGE('',*,*,#3180,.T.);
#5792=ORIENTED_EDGE('',*,*,#3644,.F.);
#5793=ORIENTED_EDGE('',*,*,#3640,.T.);
#5794=ORIENTED_EDGE('',*,*,#3651,.F.);
#5795=ORIENTED_EDGE('',*,*,#3166,.F.);
#5796=ORIENTED_EDGE('',*,*,#3634,.F.);
#5797=ORIENTED_EDGE('',*,*,#3630,.T.);
#5798=ORIENTED_EDGE('',*,*,#3653,.F.);
#5799=ORIENTED_EDGE('',*,*,#3952,.T.);
#5800=ORIENTED_EDGE('',*,*,#3953,.T.);
#5801=ORIENTED_EDGE('',*,*,#3954,.F.);
#5802=ORIENTED_EDGE('',*,*,#3955,.F.);
#5803=ORIENTED_EDGE('',*,*,#3956,.T.);
#5804=ORIENTED_EDGE('',*,*,#3944,.F.);
#5805=ORIENTED_EDGE('',*,*,#3652,.F.);
#5806=ORIENTED_EDGE('',*,*,#3637,.T.);
#5807=ORIENTED_EDGE('',*,*,#3649,.T.);
#5808=ORIENTED_EDGE('',*,*,#3624,.F.);
#5809=ORIENTED_EDGE('',*,*,#3627,.F.);
#5810=ORIENTED_EDGE('',*,*,#3187,.F.);
#5811=ORIENTED_EDGE('',*,*,#3280,.F.);
#5812=ORIENTED_EDGE('',*,*,#3957,.T.);
#5813=ORIENTED_EDGE('',*,*,#3958,.F.);
#5814=ORIENTED_EDGE('',*,*,#3957,.F.);
#5815=ORIENTED_EDGE('',*,*,#3281,.F.);
#5816=ORIENTED_EDGE('',*,*,#3959,.T.);
#5817=ORIENTED_EDGE('',*,*,#3960,.F.);
#5818=ORIENTED_EDGE('',*,*,#3959,.F.);
#5819=ORIENTED_EDGE('',*,*,#3960,.T.);
#5820=ORIENTED_EDGE('',*,*,#3961,.T.);
#5821=ORIENTED_EDGE('',*,*,#3958,.T.);
#5822=ORIENTED_EDGE('',*,*,#3962,.T.);
#5823=ORIENTED_EDGE('',*,*,#3963,.F.);
#5824=ORIENTED_EDGE('',*,*,#3964,.F.);
#5825=ORIENTED_EDGE('',*,*,#3152,.F.);
#5826=ORIENTED_EDGE('',*,*,#3173,.F.);
#5827=ORIENTED_EDGE('',*,*,#3174,.F.);
#5828=ORIENTED_EDGE('',*,*,#3963,.T.);
#5829=ORIENTED_EDGE('',*,*,#3184,.F.);
#5830=ORIENTED_EDGE('',*,*,#3965,.F.);
#5831=ORIENTED_EDGE('',*,*,#3966,.F.);
#5832=ORIENTED_EDGE('',*,*,#3967,.T.);
#5833=ORIENTED_EDGE('',*,*,#3968,.T.);
#5834=ORIENTED_EDGE('',*,*,#3969,.F.);
#5835=ORIENTED_EDGE('',*,*,#3970,.T.);
#5836=ORIENTED_EDGE('',*,*,#3964,.T.);
#5837=ORIENTED_EDGE('',*,*,#3970,.F.);
#5838=ORIENTED_EDGE('',*,*,#3971,.F.);
#5839=ORIENTED_EDGE('',*,*,#3153,.T.);
#5840=ORIENTED_EDGE('',*,*,#3972,.F.);
#5841=ORIENTED_EDGE('',*,*,#3134,.F.);
#5842=ORIENTED_EDGE('',*,*,#3114,.F.);
#5843=ORIENTED_EDGE('',*,*,#3973,.F.);
#5844=ORIENTED_EDGE('',*,*,#3974,.F.);
#5845=ORIENTED_EDGE('',*,*,#3975,.F.);
#5846=ORIENTED_EDGE('',*,*,#3967,.F.);
#5847=ORIENTED_EDGE('',*,*,#3976,.F.);
#5848=ORIENTED_EDGE('',*,*,#3116,.F.);
#5849=ORIENTED_EDGE('',*,*,#3156,.F.);
#5850=ORIENTED_EDGE('',*,*,#3972,.T.);
#5851=ORIENTED_EDGE('',*,*,#3977,.F.);
#5852=ORIENTED_EDGE('',*,*,#3978,.F.);
#5853=ORIENTED_EDGE('',*,*,#3135,.T.);
#5854=ORIENTED_EDGE('',*,*,#3974,.T.);
#5855=ORIENTED_EDGE('',*,*,#3979,.F.);
#5856=ORIENTED_EDGE('',*,*,#3980,.F.);
#5857=ORIENTED_EDGE('',*,*,#3953,.F.);
#5858=ORIENTED_EDGE('',*,*,#3981,.T.);
#5859=ORIENTED_EDGE('',*,*,#3982,.T.);
#5860=ORIENTED_EDGE('',*,*,#3983,.F.);
#5861=ORIENTED_EDGE('',*,*,#3977,.T.);
#5862=ORIENTED_EDGE('',*,*,#3984,.F.);
#5863=ORIENTED_EDGE('',*,*,#3981,.F.);
#5864=ORIENTED_EDGE('',*,*,#3952,.F.);
#5865=ORIENTED_EDGE('',*,*,#3186,.F.);
#5866=ORIENTED_EDGE('',*,*,#3138,.F.);
#5867=ORIENTED_EDGE('',*,*,#3969,.T.);
#5868=ORIENTED_EDGE('',*,*,#3985,.T.);
#5869=ORIENTED_EDGE('',*,*,#3154,.T.);
#5870=ORIENTED_EDGE('',*,*,#3971,.T.);
#5871=ORIENTED_EDGE('',*,*,#3975,.T.);
#5872=ORIENTED_EDGE('',*,*,#3155,.T.);
#5873=ORIENTED_EDGE('',*,*,#3985,.F.);
#5874=ORIENTED_EDGE('',*,*,#3968,.F.);
#5875=ORIENTED_EDGE('',*,*,#3983,.T.);
#5876=ORIENTED_EDGE('',*,*,#3986,.T.);
#5877=ORIENTED_EDGE('',*,*,#3136,.T.);
#5878=ORIENTED_EDGE('',*,*,#3978,.T.);
#5879=ORIENTED_EDGE('',*,*,#3984,.T.);
#5880=ORIENTED_EDGE('',*,*,#3137,.T.);
#5881=ORIENTED_EDGE('',*,*,#3986,.F.);
#5882=ORIENTED_EDGE('',*,*,#3982,.F.);
#5883=ORIENTED_EDGE('',*,*,#3946,.T.);
#5884=ORIENTED_EDGE('',*,*,#3987,.T.);
#5885=ORIENTED_EDGE('',*,*,#3988,.T.);
#5886=ORIENTED_EDGE('',*,*,#3989,.T.);
#5887=ORIENTED_EDGE('',*,*,#3989,.F.);
#5888=ORIENTED_EDGE('',*,*,#3990,.F.);
#5889=ORIENTED_EDGE('',*,*,#3991,.T.);
#5890=ORIENTED_EDGE('',*,*,#3947,.F.);
#5891=ORIENTED_EDGE('',*,*,#3988,.F.);
#5892=ORIENTED_EDGE('',*,*,#3992,.T.);
#5893=ORIENTED_EDGE('',*,*,#3955,.T.);
#5894=ORIENTED_EDGE('',*,*,#3993,.T.);
#5895=ORIENTED_EDGE('',*,*,#3994,.T.);
#5896=ORIENTED_EDGE('',*,*,#3990,.T.);
#5897=ORIENTED_EDGE('',*,*,#3995,.T.);
#5898=ORIENTED_EDGE('',*,*,#3950,.T.);
#5899=ORIENTED_EDGE('',*,*,#3996,.T.);
#5900=ORIENTED_EDGE('',*,*,#3997,.T.);
#5901=ORIENTED_EDGE('',*,*,#3998,.T.);
#5902=ORIENTED_EDGE('',*,*,#3998,.F.);
#5903=ORIENTED_EDGE('',*,*,#3999,.F.);
#5904=ORIENTED_EDGE('',*,*,#3181,.T.);
#5905=ORIENTED_EDGE('',*,*,#3951,.F.);
#5906=ORIENTED_EDGE('',*,*,#3997,.F.);
#5907=ORIENTED_EDGE('',*,*,#4000,.T.);
#5908=ORIENTED_EDGE('',*,*,#4001,.T.);
#5909=ORIENTED_EDGE('',*,*,#4002,.T.);
#5910=ORIENTED_EDGE('',*,*,#3182,.T.);
#5911=ORIENTED_EDGE('',*,*,#3999,.T.);
#5912=ORIENTED_EDGE('',*,*,#4003,.T.);
#5913=ORIENTED_EDGE('',*,*,#3993,.F.);
#5914=ORIENTED_EDGE('',*,*,#3954,.T.);
#5915=ORIENTED_EDGE('',*,*,#3980,.T.);
#5916=ORIENTED_EDGE('',*,*,#4004,.T.);
#5917=ORIENTED_EDGE('',*,*,#3976,.T.);
#5918=ORIENTED_EDGE('',*,*,#3966,.T.);
#5919=ORIENTED_EDGE('',*,*,#4005,.F.);
#5920=ORIENTED_EDGE('',*,*,#4001,.F.);
#5921=ORIENTED_EDGE('',*,*,#4006,.T.);
#5922=ORIENTED_EDGE('',*,*,#3948,.F.);
#5923=ORIENTED_EDGE('',*,*,#3991,.F.);
#5924=ORIENTED_EDGE('',*,*,#3994,.F.);
#5925=ORIENTED_EDGE('',*,*,#4004,.F.);
#5926=ORIENTED_EDGE('',*,*,#3979,.T.);
#5927=ORIENTED_EDGE('',*,*,#3973,.T.);
#5928=ORIENTED_EDGE('',*,*,#3117,.F.);
#5929=ORIENTED_EDGE('',*,*,#4002,.F.);
#5930=ORIENTED_EDGE('',*,*,#4005,.T.);
#5931=ORIENTED_EDGE('',*,*,#3965,.T.);
#5932=ORIENTED_EDGE('',*,*,#3183,.T.);
#5933=ORIENTED_EDGE('',*,*,#3961,.F.);
#5934=ORIENTED_EDGE('',*,*,#4007,.T.);
#5935=ORIENTED_EDGE('',*,*,#3995,.F.);
#5936=ORIENTED_EDGE('',*,*,#4007,.F.);
#5937=ORIENTED_EDGE('',*,*,#3996,.F.);
#5938=ORIENTED_EDGE('',*,*,#3949,.F.);
#5939=ORIENTED_EDGE('',*,*,#4006,.F.);
#5940=ORIENTED_EDGE('',*,*,#4000,.F.);
#5941=ORIENTED_EDGE('',*,*,#3987,.F.);
#5942=ORIENTED_EDGE('',*,*,#3945,.F.);
#5943=ORIENTED_EDGE('',*,*,#3956,.F.);
#5944=ORIENTED_EDGE('',*,*,#3992,.F.);
#5945=ORIENTED_EDGE('',*,*,#3962,.F.);
#5946=ORIENTED_EDGE('',*,*,#4008,.T.);
#5947=ORIENTED_EDGE('',*,*,#4003,.F.);
#5948=ORIENTED_EDGE('',*,*,#4008,.F.);
#5949=PLANE('',#6615);
#5950=PLANE('',#6616);
#5951=PLANE('',#6617);
#5952=PLANE('',#6618);
#5953=PLANE('',#6619);
#5954=PLANE('',#6620);
#5955=PLANE('',#6621);
#5956=PLANE('',#6622);
#5957=PLANE('',#6623);
#5958=PLANE('',#6624);
#5959=PLANE('',#6625);
#5960=PLANE('',#6626);
#5961=PLANE('',#6627);
#5962=PLANE('',#6628);
#5963=PLANE('',#6629);
#5964=PLANE('',#6630);
#5965=PLANE('',#6631);
#5966=PLANE('',#6632);
#5967=PLANE('',#6633);
#5968=PLANE('',#6637);
#5969=PLANE('',#6653);
#5970=PLANE('',#6657);
#5971=PLANE('',#6666);
#5972=PLANE('',#6686);
#5973=PLANE('',#6689);
#5974=PLANE('',#6692);
#5975=PLANE('',#6695);
#5976=PLANE('',#6696);
#5977=PLANE('',#6709);
#5978=PLANE('',#6710);
#5979=PLANE('',#6711);
#5980=PLANE('',#6712);
#5981=PLANE('',#6713);
#5982=PLANE('',#6714);
#5983=PLANE('',#6715);
#5984=PLANE('',#6716);
#5985=PLANE('',#6719);
#5986=PLANE('',#6721);
#5987=PLANE('',#6723);
#5988=PLANE('',#6728);
#5989=PLANE('',#6729);
#5990=PLANE('',#6732);
#5991=PLANE('',#6733);
#5992=PLANE('',#6736);
#5993=PLANE('',#6737);
#5994=PLANE('',#6740);
#5995=PLANE('',#6741);
#5996=PLANE('',#6742);
#5997=PLANE('',#6743);
#5998=PLANE('',#6744);
#5999=PLANE('',#6808);
#6000=PLANE('',#6811);
#6001=PLANE('',#6812);
#6002=PLANE('',#6846);
#6003=PLANE('',#6848);
#6004=PLANE('',#6849);
#6005=PLANE('',#6851);
#6006=PLANE('',#6852);
#6007=PLANE('',#6854);
#6008=PLANE('',#6855);
#6009=PLANE('',#6857);
#6010=PLANE('',#6858);
#6011=PLANE('',#6860);
#6012=PLANE('',#6861);
#6013=PLANE('',#6863);
#6014=PLANE('',#6864);
#6015=PLANE('',#6866);
#6016=PLANE('',#6867);
#6017=PLANE('',#6869);
#6018=PLANE('',#6870);
#6019=PLANE('',#6872);
#6020=PLANE('',#6873);
#6021=PLANE('',#6875);
#6022=PLANE('',#6876);
#6023=PLANE('',#6878);
#6024=PLANE('',#6879);
#6025=PLANE('',#6881);
#6026=PLANE('',#6882);
#6027=PLANE('',#6888);
#6028=PLANE('',#6893);
#6029=PLANE('',#6895);
#6030=PLANE('',#6896);
#6031=PLANE('',#6902);
#6032=PLANE('',#6903);
#6033=PLANE('',#6909);
#6034=PLANE('',#6910);
#6035=PLANE('',#6912);
#6036=PLANE('',#6913);
#6037=PLANE('',#6915);
#6038=PLANE('',#6916);
#6039=PLANE('',#6918);
#6040=PLANE('',#6919);
#6041=PLANE('',#6921);
#6042=PLANE('',#6922);
#6043=PLANE('',#6924);
#6044=PLANE('',#6925);
#6045=PLANE('',#6927);
#6046=PLANE('',#6928);
#6047=PLANE('',#6929);
#6048=PLANE('',#6931);
#6049=PLANE('',#6932);
#6050=PLANE('',#6934);
#6051=PLANE('',#6935);
#6052=PLANE('',#6937);
#6053=PLANE('',#6938);
#6054=PLANE('',#6940);
#6055=PLANE('',#6941);
#6056=PLANE('',#6943);
#6057=PLANE('',#6944);
#6058=PLANE('',#6946);
#6059=PLANE('',#6947);
#6060=PLANE('',#6949);
#6061=PLANE('',#6950);
#6062=PLANE('',#6952);
#6063=PLANE('',#6953);
#6064=PLANE('',#6954);
#6065=PLANE('',#6958);
#6066=PLANE('',#6959);
#6067=PLANE('',#6966);
#6068=PLANE('',#6968);
#6069=PLANE('',#6970);
#6070=PLANE('',#6971);
#6071=PLANE('',#6974);
#6072=PLANE('',#6975);
#6073=PLANE('',#6976);
#6074=PLANE('',#6977);
#6075=PLANE('',#6978);
#6076=PLANE('',#6981);
#6077=PLANE('',#6983);
#6078=PLANE('',#6985);
#6079=PLANE('',#6989);
#6080=PLANE('',#6990);
#6081=PLANE('',#6996);
#6082=PLANE('',#6997);
#6083=PLANE('',#7003);
#6084=PLANE('',#7004);
#6085=PLANE('',#7008);
#6086=PLANE('',#7010);
#6087=PLANE('',#7012);
#6088=PLANE('',#7013);
#6089=PLANE('',#7018);
#6090=PLANE('',#7019);
#6091=PLANE('',#7020);
#6092=PLANE('',#7023);
#6093=PLANE('',#7024);
#6094=PLANE('',#7027);
#6095=PLANE('',#7028);
#6096=PLANE('',#7031);
#6097=PLANE('',#7032);
#6098=PLANE('',#7033);
#6099=PLANE('',#7034);
#6100=PLANE('',#7035);
#6101=PLANE('',#7099);
#6102=PLANE('',#7102);
#6103=PLANE('',#7103);
#6104=PLANE('',#7137);
#6105=PLANE('',#7139);
#6106=PLANE('',#7140);
#6107=PLANE('',#7142);
#6108=PLANE('',#7143);
#6109=PLANE('',#7145);
#6110=PLANE('',#7146);
#6111=PLANE('',#7148);
#6112=PLANE('',#7149);
#6113=PLANE('',#7151);
#6114=PLANE('',#7152);
#6115=PLANE('',#7154);
#6116=PLANE('',#7155);
#6117=PLANE('',#7157);
#6118=PLANE('',#7158);
#6119=PLANE('',#7160);
#6120=PLANE('',#7161);
#6121=PLANE('',#7163);
#6122=PLANE('',#7164);
#6123=PLANE('',#7166);
#6124=PLANE('',#7167);
#6125=PLANE('',#7169);
#6126=PLANE('',#7170);
#6127=PLANE('',#7172);
#6128=PLANE('',#7173);
#6129=PLANE('',#7179);
#6130=PLANE('',#7184);
#6131=PLANE('',#7186);
#6132=PLANE('',#7187);
#6133=PLANE('',#7193);
#6134=PLANE('',#7194);
#6135=PLANE('',#7200);
#6136=PLANE('',#7201);
#6137=PLANE('',#7203);
#6138=PLANE('',#7204);
#6139=PLANE('',#7206);
#6140=PLANE('',#7207);
#6141=PLANE('',#7209);
#6142=PLANE('',#7210);
#6143=PLANE('',#7212);
#6144=PLANE('',#7213);
#6145=PLANE('',#7215);
#6146=PLANE('',#7216);
#6147=PLANE('',#7218);
#6148=PLANE('',#7219);
#6149=PLANE('',#7220);
#6150=PLANE('',#7222);
#6151=PLANE('',#7223);
#6152=PLANE('',#7225);
#6153=PLANE('',#7226);
#6154=PLANE('',#7228);
#6155=PLANE('',#7229);
#6156=PLANE('',#7231);
#6157=PLANE('',#7232);
#6158=PLANE('',#7234);
#6159=PLANE('',#7235);
#6160=PLANE('',#7237);
#6161=PLANE('',#7238);
#6162=PLANE('',#7240);
#6163=PLANE('',#7241);
#6164=PLANE('',#7243);
#6165=PLANE('',#7244);
#6166=PLANE('',#7245);
#6167=PLANE('',#7249);
#6168=PLANE('',#7250);
#6169=PLANE('',#7253);
#6170=PLANE('',#7256);
#6171=PLANE('',#7261);
#6172=PLANE('',#7263);
#6173=PLANE('',#7265);
#6174=PLANE('',#7266);
#6175=PLANE('',#7269);
#6176=PLANE('',#7270);
#6177=PLANE('',#7271);
#6178=PLANE('',#7272);
#6179=PLANE('',#7273);
#6180=PLANE('',#7276);
#6181=PLANE('',#7278);
#6182=PLANE('',#7280);
#6183=PLANE('',#7283);
#6184=PLANE('',#7284);
#6185=PLANE('',#7289);
#6186=PLANE('',#7290);
#6187=PLANE('',#7294);
#6188=PLANE('',#7297);
#6189=PLANE('',#7298);
#6190=ADVANCED_FACE('',(#734),#5949,.T.);
#6191=ADVANCED_FACE('',(#735),#5950,.T.);
#6192=ADVANCED_FACE('',(#736),#5951,.T.);
#6193=ADVANCED_FACE('',(#737),#5952,.T.);
#6194=ADVANCED_FACE('',(#738),#5953,.T.);
#6195=ADVANCED_FACE('',(#739),#5954,.F.);
#6196=ADVANCED_FACE('',(#740),#5955,.T.);
#6197=ADVANCED_FACE('',(#741),#5956,.T.);
#6198=ADVANCED_FACE('',(#742),#5957,.T.);
#6199=ADVANCED_FACE('',(#743),#514,.T.);
#6200=ADVANCED_FACE('',(#744),#515,.T.);
#6201=ADVANCED_FACE('',(#745),#516,.T.);
#6202=ADVANCED_FACE('',(#746),#517,.T.);
#6203=ADVANCED_FACE('',(#747),#518,.T.);
#6204=ADVANCED_FACE('',(#748),#5958,.T.);
#6205=ADVANCED_FACE('',(#749),#5959,.T.);
#6206=ADVANCED_FACE('',(#750),#5960,.F.);
#6207=ADVANCED_FACE('',(#751),#5961,.T.);
#6208=ADVANCED_FACE('',(#752),#519,.T.);
#6209=ADVANCED_FACE('',(#753),#520,.T.);
#6210=ADVANCED_FACE('',(#754),#521,.T.);
#6211=ADVANCED_FACE('',(#755),#522,.T.);
#6212=ADVANCED_FACE('',(#756),#5962,.T.);
#6213=ADVANCED_FACE('',(#757),#5963,.T.);
#6214=ADVANCED_FACE('',(#758),#5964,.F.);
#6215=ADVANCED_FACE('',(#759),#523,.T.);
#6216=ADVANCED_FACE('',(#760),#524,.T.);
#6217=ADVANCED_FACE('',(#761),#525,.T.);
#6218=ADVANCED_FACE('',(#762),#526,.T.);
#6219=ADVANCED_FACE('',(#763),#527,.T.);
#6220=ADVANCED_FACE('',(#764),#5965,.T.);
#6221=ADVANCED_FACE('',(#765),#5966,.T.);
#6222=ADVANCED_FACE('',(#766),#5967,.F.);
#6223=ADVANCED_FACE('',(#767),#428,.T.);
#6224=ADVANCED_FACE('',(#768,#227),#5968,.F.);
#6225=ADVANCED_FACE('',(#769),#429,.T.);
#6226=ADVANCED_FACE('',(#770),#5969,.F.);
#6227=ADVANCED_FACE('',(#771),#430,.T.);
#6228=ADVANCED_FACE('',(#772),#5970,.T.);
#6229=ADVANCED_FACE('',(#773),#431,.T.);
#6230=ADVANCED_FACE('',(#774),#432,.T.);
#6231=ADVANCED_FACE('',(#775),#225,.F.);
#6232=ADVANCED_FACE('',(#776),#226,.F.);
#6233=ADVANCED_FACE('',(#777),#5971,.T.);
#6234=ADVANCED_FACE('',(#778),#219,.T.);
#6235=ADVANCED_FACE('',(#779),#433,.T.);
#6236=ADVANCED_FACE('',(#780),#220,.T.);
#6237=ADVANCED_FACE('',(#781),#434,.T.);
#6238=ADVANCED_FACE('',(#782),#221,.T.);
#6239=ADVANCED_FACE('',(#783),#435,.T.);
#6240=ADVANCED_FACE('',(#784),#222,.T.);
#6241=ADVANCED_FACE('',(#785),#436,.F.);
#6242=ADVANCED_FACE('',(#786),#5972,.F.);
#6243=ADVANCED_FACE('',(#787),#437,.T.);
#6244=ADVANCED_FACE('',(#788),#5973,.T.);
#6245=ADVANCED_FACE('',(#789),#438,.T.);
#6246=ADVANCED_FACE('',(#790),#5974,.T.);
#6247=ADVANCED_FACE('',(#791),#439,.F.);
#6248=ADVANCED_FACE('',(#792),#528,.F.);
#6249=ADVANCED_FACE('',(#793),#529,.F.);
#6250=ADVANCED_FACE('',(#794),#530,.F.);
#6251=ADVANCED_FACE('',(#795),#531,.F.);
#6252=ADVANCED_FACE('',(#796),#5975,.F.);
#6253=ADVANCED_FACE('',(#797,#228,#229,#230,#231,#232,#233),#5976,.T.);
#6254=ADVANCED_FACE('',(#798),#5977,.F.);
#6255=ADVANCED_FACE('',(#799),#5978,.F.);
#6256=ADVANCED_FACE('',(#800),#5979,.F.);
#6257=ADVANCED_FACE('',(#801),#5980,.F.);
#6258=ADVANCED_FACE('',(#802),#532,.F.);
#6259=ADVANCED_FACE('',(#803),#533,.F.);
#6260=ADVANCED_FACE('',(#804),#534,.F.);
#6261=ADVANCED_FACE('',(#805),#535,.F.);
#6262=ADVANCED_FACE('',(#806),#536,.F.);
#6263=ADVANCED_FACE('',(#807),#5981,.F.);
#6264=ADVANCED_FACE('',(#808),#5982,.T.);
#6265=ADVANCED_FACE('',(#809),#537,.F.);
#6266=ADVANCED_FACE('',(#810),#538,.F.);
#6267=ADVANCED_FACE('',(#811),#539,.F.);
#6268=ADVANCED_FACE('',(#812),#540,.F.);
#6269=ADVANCED_FACE('',(#813),#541,.F.);
#6270=ADVANCED_FACE('',(#814),#5983,.F.);
#6271=ADVANCED_FACE('',(#815),#5984,.T.);
#6272=ADVANCED_FACE('',(#816),#139,.T.);
#6273=ADVANCED_FACE('',(#817),#5985,.F.);
#6274=ADVANCED_FACE('',(#818),#140,.F.);
#6275=ADVANCED_FACE('',(#819),#5986,.F.);
#6276=ADVANCED_FACE('',(#820),#141,.T.);
#6277=ADVANCED_FACE('',(#821),#5987,.F.);
#6278=ADVANCED_FACE('',(#822),#142,.T.);
#6279=ADVANCED_FACE('',(#823),#5988,.T.);
#6280=ADVANCED_FACE('',(#824),#5989,.F.);
#6281=ADVANCED_FACE('',(#825),#143,.F.);
#6282=ADVANCED_FACE('',(#826),#5990,.T.);
#6283=ADVANCED_FACE('',(#827),#5991,.F.);
#6284=ADVANCED_FACE('',(#828),#144,.F.);
#6285=ADVANCED_FACE('',(#829),#5992,.T.);
#6286=ADVANCED_FACE('',(#830),#5993,.F.);
#6287=ADVANCED_FACE('',(#831),#145,.F.);
#6288=ADVANCED_FACE('',(#832),#5994,.T.);
#6289=ADVANCED_FACE('',(#833),#5995,.F.);
#6290=ADVANCED_FACE('',(#834),#5996,.T.);
#6291=ADVANCED_FACE('',(#835),#5997,.F.);
#6292=ADVANCED_FACE('',(#836),#5998,.T.);
#6293=ADVANCED_FACE('',(#837),#440,.T.);
#6294=ADVANCED_FACE('',(#838),#223,.T.);
#6295=ADVANCED_FACE('',(#839),#441,.T.);
#6296=ADVANCED_FACE('',(#840),#442,.T.);
#6297=ADVANCED_FACE('',(#841),#5999,.T.);
#6298=ADVANCED_FACE('',(#842),#146,.F.);
#6299=ADVANCED_FACE('',(#843),#6000,.F.);
#6300=ADVANCED_FACE('',(#844,#234),#6001,.F.);
#6301=ADVANCED_FACE('',(#845),#6002,.T.);
#6302=ADVANCED_FACE('',(#846),#147,.F.);
#6303=ADVANCED_FACE('',(#847),#6003,.F.);
#6304=ADVANCED_FACE('',(#848),#6004,.T.);
#6305=ADVANCED_FACE('',(#849),#148,.F.);
#6306=ADVANCED_FACE('',(#850),#6005,.F.);
#6307=ADVANCED_FACE('',(#851),#6006,.T.);
#6308=ADVANCED_FACE('',(#852),#149,.F.);
#6309=ADVANCED_FACE('',(#853),#6007,.F.);
#6310=ADVANCED_FACE('',(#854),#6008,.T.);
#6311=ADVANCED_FACE('',(#855),#150,.F.);
#6312=ADVANCED_FACE('',(#856),#6009,.F.);
#6313=ADVANCED_FACE('',(#857),#6010,.T.);
#6314=ADVANCED_FACE('',(#858),#151,.F.);
#6315=ADVANCED_FACE('',(#859),#6011,.F.);
#6316=ADVANCED_FACE('',(#860),#6012,.T.);
#6317=ADVANCED_FACE('',(#861),#152,.F.);
#6318=ADVANCED_FACE('',(#862),#6013,.F.);
#6319=ADVANCED_FACE('',(#863),#6014,.T.);
#6320=ADVANCED_FACE('',(#864),#153,.F.);
#6321=ADVANCED_FACE('',(#865),#6015,.F.);
#6322=ADVANCED_FACE('',(#866),#6016,.T.);
#6323=ADVANCED_FACE('',(#867),#154,.F.);
#6324=ADVANCED_FACE('',(#868),#6017,.F.);
#6325=ADVANCED_FACE('',(#869),#6018,.T.);
#6326=ADVANCED_FACE('',(#870),#155,.F.);
#6327=ADVANCED_FACE('',(#871),#6019,.F.);
#6328=ADVANCED_FACE('',(#872),#6020,.T.);
#6329=ADVANCED_FACE('',(#873),#156,.F.);
#6330=ADVANCED_FACE('',(#874),#6021,.F.);
#6331=ADVANCED_FACE('',(#875),#6022,.T.);
#6332=ADVANCED_FACE('',(#876),#157,.F.);
#6333=ADVANCED_FACE('',(#877),#6023,.F.);
#6334=ADVANCED_FACE('',(#878),#6024,.T.);
#6335=ADVANCED_FACE('',(#879),#158,.F.);
#6336=ADVANCED_FACE('',(#880),#6025,.F.);
#6337=ADVANCED_FACE('',(#881),#6026,.T.);
#6338=ADVANCED_FACE('',(#882),#443,.T.);
#6339=ADVANCED_FACE('',(#883),#159,.F.);
#6340=ADVANCED_FACE('',(#884),#6027,.F.);
#6341=ADVANCED_FACE('',(#885),#444,.T.);
#6342=ADVANCED_FACE('',(#886),#160,.F.);
#6343=ADVANCED_FACE('',(#887),#161,.F.);
#6344=ADVANCED_FACE('',(#888),#6028,.F.);
#6345=ADVANCED_FACE('',(#889),#162,.F.);
#6346=ADVANCED_FACE('',(#890),#6029,.F.);
#6347=ADVANCED_FACE('',(#891),#6030,.T.);
#6348=ADVANCED_FACE('',(#892),#445,.T.);
#6349=ADVANCED_FACE('',(#893),#163,.F.);
#6350=ADVANCED_FACE('',(#894),#6031,.F.);
#6351=ADVANCED_FACE('',(#895),#6032,.T.);
#6352=ADVANCED_FACE('',(#896),#446,.T.);
#6353=ADVANCED_FACE('',(#897),#164,.F.);
#6354=ADVANCED_FACE('',(#898),#6033,.F.);
#6355=ADVANCED_FACE('',(#899),#6034,.T.);
#6356=ADVANCED_FACE('',(#900),#165,.F.);
#6357=ADVANCED_FACE('',(#901),#6035,.F.);
#6358=ADVANCED_FACE('',(#902),#6036,.T.);
#6359=ADVANCED_FACE('',(#903),#166,.F.);
#6360=ADVANCED_FACE('',(#904),#6037,.F.);
#6361=ADVANCED_FACE('',(#905),#6038,.T.);
#6362=ADVANCED_FACE('',(#906),#167,.F.);
#6363=ADVANCED_FACE('',(#907),#6039,.F.);
#6364=ADVANCED_FACE('',(#908),#6040,.T.);
#6365=ADVANCED_FACE('',(#909),#168,.F.);
#6366=ADVANCED_FACE('',(#910),#6041,.F.);
#6367=ADVANCED_FACE('',(#911),#6042,.T.);
#6368=ADVANCED_FACE('',(#912),#169,.F.);
#6369=ADVANCED_FACE('',(#913),#6043,.F.);
#6370=ADVANCED_FACE('',(#914),#6044,.T.);
#6371=ADVANCED_FACE('',(#915),#170,.F.);
#6372=ADVANCED_FACE('',(#916),#6045,.F.);
#6373=ADVANCED_FACE('',(#917),#6046,.F.);
#6374=ADVANCED_FACE('',(#918),#6047,.T.);
#6375=ADVANCED_FACE('',(#919),#171,.F.);
#6376=ADVANCED_FACE('',(#920),#6048,.F.);
#6377=ADVANCED_FACE('',(#921),#6049,.T.);
#6378=ADVANCED_FACE('',(#922),#172,.F.);
#6379=ADVANCED_FACE('',(#923),#6050,.F.);
#6380=ADVANCED_FACE('',(#924),#6051,.T.);
#6381=ADVANCED_FACE('',(#925),#173,.F.);
#6382=ADVANCED_FACE('',(#926),#6052,.F.);
#6383=ADVANCED_FACE('',(#927),#6053,.T.);
#6384=ADVANCED_FACE('',(#928),#174,.F.);
#6385=ADVANCED_FACE('',(#929),#6054,.F.);
#6386=ADVANCED_FACE('',(#930),#6055,.T.);
#6387=ADVANCED_FACE('',(#931),#175,.F.);
#6388=ADVANCED_FACE('',(#932),#6056,.F.);
#6389=ADVANCED_FACE('',(#933),#6057,.T.);
#6390=ADVANCED_FACE('',(#934),#176,.F.);
#6391=ADVANCED_FACE('',(#935),#6058,.F.);
#6392=ADVANCED_FACE('',(#936),#6059,.T.);
#6393=ADVANCED_FACE('',(#937),#177,.F.);
#6394=ADVANCED_FACE('',(#938),#6060,.F.);
#6395=ADVANCED_FACE('',(#939),#6061,.T.);
#6396=ADVANCED_FACE('',(#940),#178,.F.);
#6397=ADVANCED_FACE('',(#941),#6062,.F.);
#6398=ADVANCED_FACE('',(#942),#6063,.F.);
#6399=ADVANCED_FACE('',(#943),#6064,.T.);
#6400=ADVANCED_FACE('',(#944),#447,.F.);
#6401=ADVANCED_FACE('',(#945),#6065,.T.);
#6402=ADVANCED_FACE('',(#946,#235),#6066,.T.);
#6403=ADVANCED_FACE('',(#947),#448,.F.);
#6404=ADVANCED_FACE('',(#948),#449,.F.);
#6405=ADVANCED_FACE('',(#949),#450,.F.);
#6406=ADVANCED_FACE('',(#950,#236),#6067,.T.);
#6407=ADVANCED_FACE('',(#951,#237),#6068,.T.);
#6408=ADVANCED_FACE('',(#952),#6069,.T.);
#6409=ADVANCED_FACE('',(#953),#6070,.F.);
#6410=ADVANCED_FACE('',(#954),#6071,.T.);
#6411=ADVANCED_FACE('',(#955),#6072,.T.);
#6412=ADVANCED_FACE('',(#956),#6073,.T.);
#6413=ADVANCED_FACE('',(#957),#6074,.T.);
#6414=ADVANCED_FACE('',(#958),#6075,.F.);
#6415=ADVANCED_FACE('',(#959),#6076,.T.);
#6416=ADVANCED_FACE('',(#960),#451,.T.);
#6417=ADVANCED_FACE('',(#961),#6077,.T.);
#6418=ADVANCED_FACE('',(#962),#452,.T.);
#6419=ADVANCED_FACE('',(#963),#6078,.T.);
#6420=ADVANCED_FACE('',(#964),#453,.T.);
#6421=ADVANCED_FACE('',(#965),#6079,.F.);
#6422=ADVANCED_FACE('',(#966,#238),#6080,.F.);
#6423=ADVANCED_FACE('',(#967),#454,.T.);
#6424=ADVANCED_FACE('',(#968),#6081,.F.);
#6425=ADVANCED_FACE('',(#969,#239),#6082,.F.);
#6426=ADVANCED_FACE('',(#970),#455,.F.);
#6427=ADVANCED_FACE('',(#971),#456,.F.);
#6428=ADVANCED_FACE('',(#972),#457,.F.);
#6429=ADVANCED_FACE('',(#973),#6083,.F.);
#6430=ADVANCED_FACE('',(#974),#6084,.F.);
#6431=ADVANCED_FACE('',(#975),#458,.F.);
#6432=ADVANCED_FACE('',(#976),#179,.T.);
#6433=ADVANCED_FACE('',(#977),#6085,.T.);
#6434=ADVANCED_FACE('',(#978),#180,.F.);
#6435=ADVANCED_FACE('',(#979),#6086,.T.);
#6436=ADVANCED_FACE('',(#980),#181,.T.);
#6437=ADVANCED_FACE('',(#981),#6087,.T.);
#6438=ADVANCED_FACE('',(#982),#6088,.T.);
#6439=ADVANCED_FACE('',(#983),#182,.T.);
#6440=ADVANCED_FACE('',(#984),#6089,.T.);
#6441=ADVANCED_FACE('',(#985),#6090,.F.);
#6442=ADVANCED_FACE('',(#986),#6091,.T.);
#6443=ADVANCED_FACE('',(#987),#183,.F.);
#6444=ADVANCED_FACE('',(#988),#6092,.F.);
#6445=ADVANCED_FACE('',(#989),#6093,.T.);
#6446=ADVANCED_FACE('',(#990),#184,.F.);
#6447=ADVANCED_FACE('',(#991),#6094,.F.);
#6448=ADVANCED_FACE('',(#992),#6095,.T.);
#6449=ADVANCED_FACE('',(#993),#185,.F.);
#6450=ADVANCED_FACE('',(#994),#6096,.F.);
#6451=ADVANCED_FACE('',(#995),#6097,.T.);
#6452=ADVANCED_FACE('',(#996),#6098,.F.);
#6453=ADVANCED_FACE('',(#997),#6099,.T.);
#6454=ADVANCED_FACE('',(#998),#6100,.F.);
#6455=ADVANCED_FACE('',(#999),#459,.T.);
#6456=ADVANCED_FACE('',(#1000),#224,.T.);
#6457=ADVANCED_FACE('',(#1001),#460,.T.);
#6458=ADVANCED_FACE('',(#1002),#461,.T.);
#6459=ADVANCED_FACE('',(#1003),#6101,.F.);
#6460=ADVANCED_FACE('',(#1004),#186,.F.);
#6461=ADVANCED_FACE('',(#1005),#6102,.T.);
#6462=ADVANCED_FACE('',(#1006,#240),#6103,.T.);
#6463=ADVANCED_FACE('',(#1007),#6104,.F.);
#6464=ADVANCED_FACE('',(#1008),#187,.F.);
#6465=ADVANCED_FACE('',(#1009),#6105,.T.);
#6466=ADVANCED_FACE('',(#1010),#6106,.F.);
#6467=ADVANCED_FACE('',(#1011),#188,.F.);
#6468=ADVANCED_FACE('',(#1012),#6107,.T.);
#6469=ADVANCED_FACE('',(#1013),#6108,.F.);
#6470=ADVANCED_FACE('',(#1014),#189,.F.);
#6471=ADVANCED_FACE('',(#1015),#6109,.T.);
#6472=ADVANCED_FACE('',(#1016),#6110,.F.);
#6473=ADVANCED_FACE('',(#1017),#190,.F.);
#6474=ADVANCED_FACE('',(#1018),#6111,.T.);
#6475=ADVANCED_FACE('',(#1019),#6112,.F.);
#6476=ADVANCED_FACE('',(#1020),#191,.F.);
#6477=ADVANCED_FACE('',(#1021),#6113,.T.);
#6478=ADVANCED_FACE('',(#1022),#6114,.F.);
#6479=ADVANCED_FACE('',(#1023),#192,.F.);
#6480=ADVANCED_FACE('',(#1024),#6115,.T.);
#6481=ADVANCED_FACE('',(#1025),#6116,.F.);
#6482=ADVANCED_FACE('',(#1026),#193,.F.);
#6483=ADVANCED_FACE('',(#1027),#6117,.T.);
#6484=ADVANCED_FACE('',(#1028),#6118,.F.);
#6485=ADVANCED_FACE('',(#1029),#194,.F.);
#6486=ADVANCED_FACE('',(#1030),#6119,.T.);
#6487=ADVANCED_FACE('',(#1031),#6120,.F.);
#6488=ADVANCED_FACE('',(#1032),#195,.F.);
#6489=ADVANCED_FACE('',(#1033),#6121,.T.);
#6490=ADVANCED_FACE('',(#1034),#6122,.F.);
#6491=ADVANCED_FACE('',(#1035),#196,.F.);
#6492=ADVANCED_FACE('',(#1036),#6123,.T.);
#6493=ADVANCED_FACE('',(#1037),#6124,.F.);
#6494=ADVANCED_FACE('',(#1038),#197,.F.);
#6495=ADVANCED_FACE('',(#1039),#6125,.T.);
#6496=ADVANCED_FACE('',(#1040),#6126,.F.);
#6497=ADVANCED_FACE('',(#1041),#198,.F.);
#6498=ADVANCED_FACE('',(#1042),#6127,.T.);
#6499=ADVANCED_FACE('',(#1043),#6128,.F.);
#6500=ADVANCED_FACE('',(#1044),#462,.T.);
#6501=ADVANCED_FACE('',(#1045),#199,.F.);
#6502=ADVANCED_FACE('',(#1046),#6129,.T.);
#6503=ADVANCED_FACE('',(#1047),#463,.T.);
#6504=ADVANCED_FACE('',(#1048),#200,.F.);
#6505=ADVANCED_FACE('',(#1049),#201,.F.);
#6506=ADVANCED_FACE('',(#1050),#6130,.T.);
#6507=ADVANCED_FACE('',(#1051),#202,.F.);
#6508=ADVANCED_FACE('',(#1052),#6131,.T.);
#6509=ADVANCED_FACE('',(#1053),#6132,.F.);
#6510=ADVANCED_FACE('',(#1054),#464,.T.);
#6511=ADVANCED_FACE('',(#1055),#203,.F.);
#6512=ADVANCED_FACE('',(#1056),#6133,.T.);
#6513=ADVANCED_FACE('',(#1057),#6134,.F.);
#6514=ADVANCED_FACE('',(#1058),#465,.T.);
#6515=ADVANCED_FACE('',(#1059),#204,.F.);
#6516=ADVANCED_FACE('',(#1060),#6135,.T.);
#6517=ADVANCED_FACE('',(#1061),#6136,.F.);
#6518=ADVANCED_FACE('',(#1062),#205,.F.);
#6519=ADVANCED_FACE('',(#1063),#6137,.T.);
#6520=ADVANCED_FACE('',(#1064),#6138,.F.);
#6521=ADVANCED_FACE('',(#1065),#206,.F.);
#6522=ADVANCED_FACE('',(#1066),#6139,.T.);
#6523=ADVANCED_FACE('',(#1067),#6140,.F.);
#6524=ADVANCED_FACE('',(#1068),#207,.F.);
#6525=ADVANCED_FACE('',(#1069),#6141,.T.);
#6526=ADVANCED_FACE('',(#1070),#6142,.F.);
#6527=ADVANCED_FACE('',(#1071),#208,.F.);
#6528=ADVANCED_FACE('',(#1072),#6143,.T.);
#6529=ADVANCED_FACE('',(#1073),#6144,.F.);
#6530=ADVANCED_FACE('',(#1074),#209,.F.);
#6531=ADVANCED_FACE('',(#1075),#6145,.T.);
#6532=ADVANCED_FACE('',(#1076),#6146,.F.);
#6533=ADVANCED_FACE('',(#1077),#210,.F.);
#6534=ADVANCED_FACE('',(#1078),#6147,.T.);
#6535=ADVANCED_FACE('',(#1079),#6148,.T.);
#6536=ADVANCED_FACE('',(#1080),#6149,.F.);
#6537=ADVANCED_FACE('',(#1081),#211,.F.);
#6538=ADVANCED_FACE('',(#1082),#6150,.T.);
#6539=ADVANCED_FACE('',(#1083),#6151,.F.);
#6540=ADVANCED_FACE('',(#1084),#212,.F.);
#6541=ADVANCED_FACE('',(#1085),#6152,.T.);
#6542=ADVANCED_FACE('',(#1086),#6153,.F.);
#6543=ADVANCED_FACE('',(#1087),#213,.F.);
#6544=ADVANCED_FACE('',(#1088),#6154,.T.);
#6545=ADVANCED_FACE('',(#1089),#6155,.F.);
#6546=ADVANCED_FACE('',(#1090),#214,.F.);
#6547=ADVANCED_FACE('',(#1091),#6156,.T.);
#6548=ADVANCED_FACE('',(#1092),#6157,.F.);
#6549=ADVANCED_FACE('',(#1093),#215,.F.);
#6550=ADVANCED_FACE('',(#1094),#6158,.T.);
#6551=ADVANCED_FACE('',(#1095),#6159,.F.);
#6552=ADVANCED_FACE('',(#1096),#216,.F.);
#6553=ADVANCED_FACE('',(#1097),#6160,.T.);
#6554=ADVANCED_FACE('',(#1098),#6161,.F.);
#6555=ADVANCED_FACE('',(#1099),#217,.F.);
#6556=ADVANCED_FACE('',(#1100),#6162,.T.);
#6557=ADVANCED_FACE('',(#1101),#6163,.F.);
#6558=ADVANCED_FACE('',(#1102),#218,.F.);
#6559=ADVANCED_FACE('',(#1103),#6164,.T.);
#6560=ADVANCED_FACE('',(#1104),#6165,.T.);
#6561=ADVANCED_FACE('',(#1105),#6166,.F.);
#6562=ADVANCED_FACE('',(#1106),#466,.F.);
#6563=ADVANCED_FACE('',(#1107),#6167,.F.);
#6564=ADVANCED_FACE('',(#1108,#241),#6168,.F.);
#6565=ADVANCED_FACE('',(#1109),#467,.F.);
#6566=ADVANCED_FACE('',(#1110),#6169,.F.);
#6567=ADVANCED_FACE('',(#1111),#6170,.T.);
#6568=ADVANCED_FACE('',(#1112),#468,.F.);
#6569=ADVANCED_FACE('',(#1113),#469,.F.);
#6570=ADVANCED_FACE('',(#1114,#242),#6171,.F.);
#6571=ADVANCED_FACE('',(#1115,#243),#6172,.F.);
#6572=ADVANCED_FACE('',(#1116),#6173,.F.);
#6573=ADVANCED_FACE('',(#1117),#6174,.T.);
#6574=ADVANCED_FACE('',(#1118),#6175,.F.);
#6575=ADVANCED_FACE('',(#1119),#6176,.F.);
#6576=ADVANCED_FACE('',(#1120),#6177,.F.);
#6577=ADVANCED_FACE('',(#1121),#6178,.F.);
#6578=ADVANCED_FACE('',(#1122),#6179,.T.);
#6579=ADVANCED_FACE('',(#1123),#6180,.F.);
#6580=ADVANCED_FACE('',(#1124),#470,.T.);
#6581=ADVANCED_FACE('',(#1125),#6181,.F.);
#6582=ADVANCED_FACE('',(#1126),#471,.T.);
#6583=ADVANCED_FACE('',(#1127),#6182,.F.);
#6584=ADVANCED_FACE('',(#1128),#472,.T.);
#6585=ADVANCED_FACE('',(#1129),#6183,.T.);
#6586=ADVANCED_FACE('',(#1130,#244),#6184,.T.);
#6587=ADVANCED_FACE('',(#1131),#473,.T.);
#6588=ADVANCED_FACE('',(#1132),#6185,.T.);
#6589=ADVANCED_FACE('',(#1133,#245),#6186,.T.);
#6590=ADVANCED_FACE('',(#1134),#474,.F.);
#6591=ADVANCED_FACE('',(#1135),#6187,.T.);
#6592=ADVANCED_FACE('',(#1136),#475,.F.);
#6593=ADVANCED_FACE('',(#1137),#476,.F.);
#6594=ADVANCED_FACE('',(#1138),#6188,.T.);
#6595=ADVANCED_FACE('',(#1139),#6189,.T.);
#6596=ADVANCED_FACE('',(#1140),#477,.F.);
#6597=CLOSED_SHELL('',(#6190,#6191,#6192,#6193,#6194,#6195));
#6598=CLOSED_SHELL('',(#6196,#6197,#6198,#6199,#6200,#6201,#6202,#6203,
#6204,#6205,#6206));
#6599=CLOSED_SHELL('',(#6207,#6208,#6209,#6210,#6211,#6212,#6213,#6214));
#6600=CLOSED_SHELL('',(#6215,#6216,#6217,#6218,#6219,#6220,#6221,#6222));
#6601=CLOSED_SHELL('',(#6223,#6224,#6225,#6226,#6227,#6228,#6229,#6230,
#6231,#6232,#6233,#6234,#6235,#6236,#6237,#6238,#6239,#6240,#6241,#6242,
#6243,#6244,#6245,#6246,#6247,#6248,#6249,#6250,#6251,#6252,#6253,#6254,
#6255,#6256,#6257,#6258,#6259,#6260,#6261,#6262,#6263,#6264,#6265,#6266,
#6267,#6268,#6269,#6270,#6271,#6272,#6273,#6274,#6275,#6276,#6277,#6278,
#6279,#6280,#6281,#6282,#6283,#6284,#6285,#6286,#6287,#6288,#6289,#6290,
#6291,#6292,#6293,#6294,#6295,#6296,#6297,#6298,#6299,#6300,#6301,#6302,
#6303,#6304,#6305,#6306,#6307,#6308,#6309,#6310,#6311,#6312,#6313,#6314,
#6315,#6316,#6317,#6318,#6319,#6320,#6321,#6322,#6323,#6324,#6325,#6326,
#6327,#6328,#6329,#6330,#6331,#6332,#6333,#6334,#6335,#6336,#6337,#6338,
#6339,#6340,#6341,#6342,#6343,#6344,#6345,#6346,#6347,#6348,#6349,#6350,
#6351,#6352,#6353,#6354,#6355,#6356,#6357,#6358,#6359,#6360,#6361,#6362,
#6363,#6364,#6365,#6366,#6367,#6368,#6369,#6370,#6371,#6372,#6373,#6374,
#6375,#6376,#6377,#6378,#6379,#6380,#6381,#6382,#6383,#6384,#6385,#6386,
#6387,#6388,#6389,#6390,#6391,#6392,#6393,#6394,#6395,#6396,#6397,#6398,
#6399,#6400,#6401,#6402,#6403,#6404,#6405,#6406,#6407,#6408,#6409,#6410,
#6411,#6412,#6413,#6414,#6415,#6416,#6417,#6418,#6419,#6420,#6421,#6422,
#6423,#6424,#6425,#6426,#6427,#6428,#6429,#6430,#6431,#6432,#6433,#6434,
#6435,#6436,#6437,#6438,#6439,#6440,#6441,#6442,#6443,#6444,#6445,#6446,
#6447,#6448,#6449,#6450,#6451,#6452,#6453,#6454,#6455,#6456,#6457,#6458,
#6459,#6460,#6461,#6462,#6463,#6464,#6465,#6466,#6467,#6468,#6469,#6470,
#6471,#6472,#6473,#6474,#6475,#6476,#6477,#6478,#6479,#6480,#6481,#6482,
#6483,#6484,#6485,#6486,#6487,#6488,#6489,#6490,#6491,#6492,#6493,#6494,
#6495,#6496,#6497,#6498,#6499,#6500,#6501,#6502,#6503,#6504,#6505,#6506,
#6507,#6508,#6509,#6510,#6511,#6512,#6513,#6514,#6515,#6516,#6517,#6518,
#6519,#6520,#6521,#6522,#6523,#6524,#6525,#6526,#6527,#6528,#6529,#6530,
#6531,#6532,#6533,#6534,#6535,#6536,#6537,#6538,#6539,#6540,#6541,#6542,
#6543,#6544,#6545,#6546,#6547,#6548,#6549,#6550,#6551,#6552,#6553,#6554,
#6555,#6556,#6557,#6558,#6559,#6560,#6561,#6562,#6563,#6564,#6565,#6566,
#6567,#6568,#6569,#6570,#6571,#6572,#6573,#6574,#6575,#6576,#6577,#6578,
#6579,#6580,#6581,#6582,#6583,#6584,#6585,#6586,#6587,#6588,#6589,#6590,
#6591,#6592,#6593,#6594,#6595,#6596));
#6602=DERIVED_UNIT_ELEMENT(#6604,1.);
#6603=DERIVED_UNIT_ELEMENT(#11847,-3.);
#6604=(
MASS_UNIT()
NAMED_UNIT(*)
SI_UNIT(.KILO.,.GRAM.)
);
#6605=DERIVED_UNIT((#6602,#6603));
#6606=MEASURE_REPRESENTATION_ITEM('density measure',
POSITIVE_RATIO_MEASURE(7872.),#6605);
#6607=PROPERTY_DEFINITION_REPRESENTATION(#6612,#6609);
#6608=PROPERTY_DEFINITION_REPRESENTATION(#6613,#6610);
#6609=REPRESENTATION('material name',(#6611),#11844);
#6610=REPRESENTATION('density',(#6606),#11844);
#6611=DESCRIPTIVE_REPRESENTATION_ITEM('Steel AISI 1008 91 HR',
'Steel AISI 1008 91 HR');
#6612=PROPERTY_DEFINITION('material property','material name',#11854);
#6613=PROPERTY_DEFINITION('material property','density of part',#11854);
#6614=AXIS2_PLACEMENT_3D('',#9116,#7300,#7301);
#6615=AXIS2_PLACEMENT_3D('',#9117,#7302,#7303);
#6616=AXIS2_PLACEMENT_3D('',#9126,#7308,#7309);
#6617=AXIS2_PLACEMENT_3D('',#9132,#7313,#7314);
#6618=AXIS2_PLACEMENT_3D('',#9138,#7318,#7319);
#6619=AXIS2_PLACEMENT_3D('',#9141,#7322,#7323);
#6620=AXIS2_PLACEMENT_3D('',#9142,#7324,#7325);
#6621=AXIS2_PLACEMENT_3D('',#9143,#7326,#7327);
#6622=AXIS2_PLACEMENT_3D('',#9152,#7332,#7333);
#6623=AXIS2_PLACEMENT_3D('',#9158,#7337,#7338);
#6624=AXIS2_PLACEMENT_3D('',#9262,#7346,#7347);
#6625=AXIS2_PLACEMENT_3D('',#9268,#7349,#7350);
#6626=AXIS2_PLACEMENT_3D('',#9269,#7351,#7352);
#6627=AXIS2_PLACEMENT_3D('',#9270,#7353,#7354);
#6628=AXIS2_PLACEMENT_3D('',#9355,#7363,#7364);
#6629=AXIS2_PLACEMENT_3D('',#9361,#7366,#7367);
#6630=AXIS2_PLACEMENT_3D('',#9362,#7368,#7369);
#6631=AXIS2_PLACEMENT_3D('',#9461,#7376,#7377);
#6632=AXIS2_PLACEMENT_3D('',#9467,#7379,#7380);
#6633=AXIS2_PLACEMENT_3D('',#9468,#7381,#7382);
#6634=AXIS2_PLACEMENT_3D('',#9469,#7383,#7384);
#6635=AXIS2_PLACEMENT_3D('',#9472,#7385,#7386);
#6636=AXIS2_PLACEMENT_3D('',#9476,#7388,#7389);
#6637=AXIS2_PLACEMENT_3D('',#9478,#7391,#7392);
#6638=AXIS2_PLACEMENT_3D('',#9483,#7394,#7395);
#6639=AXIS2_PLACEMENT_3D('',#9487,#7397,#7398);
#6640=AXIS2_PLACEMENT_3D('',#9491,#7400,#7401);
#6641=AXIS2_PLACEMENT_3D('',#9495,#7403,#7404);
#6642=AXIS2_PLACEMENT_3D('',#9499,#7406,#7407);
#6643=AXIS2_PLACEMENT_3D('',#9503,#7409,#7410);
#6644=AXIS2_PLACEMENT_3D('',#9507,#7412,#7413);
#6645=AXIS2_PLACEMENT_3D('',#9510,#7415,#7416);
#6646=AXIS2_PLACEMENT_3D('',#9516,#7419,#7420);
#6647=AXIS2_PLACEMENT_3D('',#9528,#7426,#7427);
#6648=AXIS2_PLACEMENT_3D('',#9540,#7433,#7434);
#6649=AXIS2_PLACEMENT_3D('',#9552,#7440,#7441);
#6650=AXIS2_PLACEMENT_3D('',#9556,#7444,#7445);
#6651=AXIS2_PLACEMENT_3D('',#9558,#7446,#7447);
#6652=AXIS2_PLACEMENT_3D('',#9561,#7449,#7450);
#6653=AXIS2_PLACEMENT_3D('',#9562,#7451,#7452);
#6654=AXIS2_PLACEMENT_3D('',#9584,#7464,#7465);
#6655=AXIS2_PLACEMENT_3D('',#9586,#7466,#7467);
#6656=AXIS2_PLACEMENT_3D('',#9589,#7469,#7470);
#6657=AXIS2_PLACEMENT_3D('',#9590,#7471,#7472);
#6658=AXIS2_PLACEMENT_3D('',#9612,#7484,#7485);
#6659=AXIS2_PLACEMENT_3D('',#9614,#7486,#7487);
#6660=AXIS2_PLACEMENT_3D('',#9616,#7488,#7489);
#6661=AXIS2_PLACEMENT_3D('',#9618,#7491,#7492);
#6662=AXIS2_PLACEMENT_3D('',#9620,#7493,#7494);
#6663=AXIS2_PLACEMENT_3D('',#9623,#7496,#7497);
#6664=AXIS2_PLACEMENT_3D('',#9655,#7498,#7499);
#6665=AXIS2_PLACEMENT_3D('',#9687,#7500,#7501);
#6666=AXIS2_PLACEMENT_3D('',#9694,#7502,#7503);
#6667=AXIS2_PLACEMENT_3D('',#9704,#7509,#7510);
#6668=AXIS2_PLACEMENT_3D('',#9711,#7511,#7512);
#6669=AXIS2_PLACEMENT_3D('',#9712,#7513,#7514);
#6670=AXIS2_PLACEMENT_3D('',#9713,#7515,#7516);
#6671=AXIS2_PLACEMENT_3D('',#9715,#7517,#7518);
#6672=AXIS2_PLACEMENT_3D('',#9717,#7520,#7521);
#6673=AXIS2_PLACEMENT_3D('',#9719,#7522,#7523);
#6674=AXIS2_PLACEMENT_3D('',#9720,#7524,#7525);
#6675=AXIS2_PLACEMENT_3D('',#9721,#7526,#7527);
#6676=AXIS2_PLACEMENT_3D('',#9723,#7528,#7529);
#6677=AXIS2_PLACEMENT_3D('',#9725,#7531,#7532);
#6678=AXIS2_PLACEMENT_3D('',#9727,#7533,#7534);
#6679=AXIS2_PLACEMENT_3D('',#9728,#7535,#7536);
#6680=AXIS2_PLACEMENT_3D('',#9729,#7537,#7538);
#6681=AXIS2_PLACEMENT_3D('',#9731,#7539,#7540);
#6682=AXIS2_PLACEMENT_3D('',#9733,#7542,#7543);
#6683=AXIS2_PLACEMENT_3D('',#9739,#7544,#7545);
#6684=AXIS2_PLACEMENT_3D('',#9740,#7546,#7547);
#6685=AXIS2_PLACEMENT_3D('',#9744,#7549,#7550);
#6686=AXIS2_PLACEMENT_3D('',#9746,#7552,#7553);
#6687=AXIS2_PLACEMENT_3D('',#9750,#7556,#7557);
#6688=AXIS2_PLACEMENT_3D('',#9753,#7559,#7560);
#6689=AXIS2_PLACEMENT_3D('',#9754,#7561,#7562);
#6690=AXIS2_PLACEMENT_3D('',#9758,#7565,#7566);
#6691=AXIS2_PLACEMENT_3D('',#9761,#7568,#7569);
#6692=AXIS2_PLACEMENT_3D('',#9762,#7570,#7571);
#6693=AXIS2_PLACEMENT_3D('',#9766,#7574,#7575);
#6694=AXIS2_PLACEMENT_3D('',#9769,#7577,#7578);
#6695=AXIS2_PLACEMENT_3D('',#9849,#7584,#7585);
#6696=AXIS2_PLACEMENT_3D('',#9855,#7589,#7590);
#6697=AXIS2_PLACEMENT_3D('',#9860,#7592,#7593);
#6698=AXIS2_PLACEMENT_3D('',#9864,#7595,#7596);
#6699=AXIS2_PLACEMENT_3D('',#9868,#7598,#7599);
#6700=AXIS2_PLACEMENT_3D('',#9872,#7601,#7602);
#6701=AXIS2_PLACEMENT_3D('',#9876,#7604,#7605);
#6702=AXIS2_PLACEMENT_3D('',#9880,#7607,#7608);
#6703=AXIS2_PLACEMENT_3D('',#9884,#7610,#7611);
#6704=AXIS2_PLACEMENT_3D('',#9887,#7613,#7614);
#6705=AXIS2_PLACEMENT_3D('',#9950,#7621,#7622);
#6706=AXIS2_PLACEMENT_3D('',#9952,#7623,#7624);
#6707=AXIS2_PLACEMENT_3D('',#9954,#7625,#7626);
#6708=AXIS2_PLACEMENT_3D('',#9956,#7627,#7628);
#6709=AXIS2_PLACEMENT_3D('',#9957,#7629,#7630);
#6710=AXIS2_PLACEMENT_3D('',#9961,#7633,#7634);
#6711=AXIS2_PLACEMENT_3D('',#9965,#7637,#7638);
#6712=AXIS2_PLACEMENT_3D('',#9969,#7641,#7642);
#6713=AXIS2_PLACEMENT_3D('',#10043,#7650,#7651);
#6714=AXIS2_PLACEMENT_3D('',#10045,#7653,#7654);
#6715=AXIS2_PLACEMENT_3D('',#10118,#7661,#7662);
#6716=AXIS2_PLACEMENT_3D('',#10120,#7664,#7665);
#6717=AXIS2_PLACEMENT_3D('',#10121,#7666,#7667);
#6718=AXIS2_PLACEMENT_3D('',#10125,#7669,#7670);
#6719=AXIS2_PLACEMENT_3D('',#10127,#7672,#7673);
#6720=AXIS2_PLACEMENT_3D('',#10130,#7676,#7677);
#6721=AXIS2_PLACEMENT_3D('',#10132,#7679,#7680);
#6722=AXIS2_PLACEMENT_3D('',#10134,#7682,#7683);
#6723=AXIS2_PLACEMENT_3D('',#10136,#7685,#7686);
#6724=AXIS2_PLACEMENT_3D('',#10142,#7689,#7690);
#6725=AXIS2_PLACEMENT_3D('',#10182,#7704,#7705);
#6726=AXIS2_PLACEMENT_3D('',#10184,#7707,#7708);
#6727=AXIS2_PLACEMENT_3D('',#10186,#7710,#7711);
#6728=AXIS2_PLACEMENT_3D('',#10187,#7712,#7713);
#6729=AXIS2_PLACEMENT_3D('',#10195,#7716,#7717);
#6730=AXIS2_PLACEMENT_3D('',#10199,#7718,#7719);
#6731=AXIS2_PLACEMENT_3D('',#10201,#7720,#7721);
#6732=AXIS2_PLACEMENT_3D('',#10205,#7722,#7723);
#6733=AXIS2_PLACEMENT_3D('',#10207,#7725,#7726);
#6734=AXIS2_PLACEMENT_3D('',#10211,#7727,#7728);
#6735=AXIS2_PLACEMENT_3D('',#10213,#7729,#7730);
#6736=AXIS2_PLACEMENT_3D('',#10217,#7731,#7732);
#6737=AXIS2_PLACEMENT_3D('',#10219,#7734,#7735);
#6738=AXIS2_PLACEMENT_3D('',#10223,#7736,#7737);
#6739=AXIS2_PLACEMENT_3D('',#10225,#7738,#7739);
#6740=AXIS2_PLACEMENT_3D('',#10229,#7740,#7741);
#6741=AXIS2_PLACEMENT_3D('',#10231,#7743,#7744);
#6742=AXIS2_PLACEMENT_3D('',#10237,#7746,#7747);
#6743=AXIS2_PLACEMENT_3D('',#10243,#7749,#7750);
#6744=AXIS2_PLACEMENT_3D('',#10249,#7752,#7753);
#6745=AXIS2_PLACEMENT_3D('',#10256,#7755,#7756);
#6746=AXIS2_PLACEMENT_3D('',#10257,#7757,#7758);
#6747=AXIS2_PLACEMENT_3D('',#10266,#7760,#7761);
#6748=AXIS2_PLACEMENT_3D('',#10267,#7762,#7763);
#6749=AXIS2_PLACEMENT_3D('',#10268,#7764,#7765);
#6750=AXIS2_PLACEMENT_3D('',#10269,#7766,#7767);
#6751=AXIS2_PLACEMENT_3D('',#10280,#7769,#7770);
#6752=AXIS2_PLACEMENT_3D('',#10282,#7771,#7772);
#6753=AXIS2_PLACEMENT_3D('',#10284,#7773,#7774);
#6754=AXIS2_PLACEMENT_3D('',#10286,#7775,#7776);
#6755=AXIS2_PLACEMENT_3D('',#10288,#7777,#7778);
#6756=AXIS2_PLACEMENT_3D('',#10290,#7779,#7780);
#6757=AXIS2_PLACEMENT_3D('',#10292,#7781,#7782);
#6758=AXIS2_PLACEMENT_3D('',#10294,#7783,#7784);
#6759=AXIS2_PLACEMENT_3D('',#10296,#7785,#7786);
#6760=AXIS2_PLACEMENT_3D('',#10298,#7787,#7788);
#6761=AXIS2_PLACEMENT_3D('',#10300,#7789,#7790);
#6762=AXIS2_PLACEMENT_3D('',#10302,#7791,#7792);
#6763=AXIS2_PLACEMENT_3D('',#10304,#7793,#7794);
#6764=AXIS2_PLACEMENT_3D('',#10306,#7795,#7796);
#6765=AXIS2_PLACEMENT_3D('',#10308,#7797,#7798);
#6766=AXIS2_PLACEMENT_3D('',#10310,#7799,#7800);
#6767=AXIS2_PLACEMENT_3D('',#10312,#7801,#7802);
#6768=AXIS2_PLACEMENT_3D('',#10314,#7803,#7804);
#6769=AXIS2_PLACEMENT_3D('',#10316,#7805,#7806);
#6770=AXIS2_PLACEMENT_3D('',#10318,#7807,#7808);
#6771=AXIS2_PLACEMENT_3D('',#10320,#7809,#7810);
#6772=AXIS2_PLACEMENT_3D('',#10322,#7811,#7812);
#6773=AXIS2_PLACEMENT_3D('',#10324,#7813,#7814);
#6774=AXIS2_PLACEMENT_3D('',#10326,#7815,#7816);
#6775=AXIS2_PLACEMENT_3D('',#10328,#7817,#7818);
#6776=AXIS2_PLACEMENT_3D('',#10330,#7819,#7820);
#6777=AXIS2_PLACEMENT_3D('',#10332,#7821,#7822);
#6778=AXIS2_PLACEMENT_3D('',#10334,#7823,#7824);
#6779=AXIS2_PLACEMENT_3D('',#10336,#7825,#7826);
#6780=AXIS2_PLACEMENT_3D('',#10338,#7827,#7828);
#6781=AXIS2_PLACEMENT_3D('',#10340,#7829,#7830);
#6782=AXIS2_PLACEMENT_3D('',#10342,#7831,#7832);
#6783=AXIS2_PLACEMENT_3D('',#10344,#7833,#7834);
#6784=AXIS2_PLACEMENT_3D('',#10346,#7835,#7836);
#6785=AXIS2_PLACEMENT_3D('',#10348,#7837,#7838);
#6786=AXIS2_PLACEMENT_3D('',#10350,#7839,#7840);
#6787=AXIS2_PLACEMENT_3D('',#10352,#7841,#7842);
#6788=AXIS2_PLACEMENT_3D('',#10354,#7843,#7844);
#6789=AXIS2_PLACEMENT_3D('',#10356,#7845,#7846);
#6790=AXIS2_PLACEMENT_3D('',#10358,#7847,#7848);
#6791=AXIS2_PLACEMENT_3D('',#10360,#7849,#7850);
#6792=AXIS2_PLACEMENT_3D('',#10362,#7851,#7852);
#6793=AXIS2_PLACEMENT_3D('',#10364,#7853,#7854);
#6794=AXIS2_PLACEMENT_3D('',#10366,#7855,#7856);
#6795=AXIS2_PLACEMENT_3D('',#10368,#7857,#7858);
#6796=AXIS2_PLACEMENT_3D('',#10370,#7859,#7860);
#6797=AXIS2_PLACEMENT_3D('',#10372,#7861,#7862);
#6798=AXIS2_PLACEMENT_3D('',#10374,#7863,#7864);
#6799=AXIS2_PLACEMENT_3D('',#10376,#7865,#7866);
#6800=AXIS2_PLACEMENT_3D('',#10378,#7867,#7868);
#6801=AXIS2_PLACEMENT_3D('',#10380,#7869,#7870);
#6802=AXIS2_PLACEMENT_3D('',#10382,#7871,#7872);
#6803=AXIS2_PLACEMENT_3D('',#10384,#7873,#7874);
#6804=AXIS2_PLACEMENT_3D('',#10386,#7875,#7876);
#6805=AXIS2_PLACEMENT_3D('',#10388,#7877,#7878);
#6806=AXIS2_PLACEMENT_3D('',#10389,#7879,#7880);
#6807=AXIS2_PLACEMENT_3D('',#10390,#7881,#7882);
#6808=AXIS2_PLACEMENT_3D('',#10393,#7885,#7886);
#6809=AXIS2_PLACEMENT_3D('',#10401,#7889,#7890);
#6810=AXIS2_PLACEMENT_3D('',#10406,#7891,#7892);
#6811=AXIS2_PLACEMENT_3D('',#10407,#7893,#7894);
#6812=AXIS2_PLACEMENT_3D('',#10409,#7896,#7897);
#6813=AXIS2_PLACEMENT_3D('',#10411,#7898,#7899);
#6814=AXIS2_PLACEMENT_3D('',#10413,#7900,#7901);
#6815=AXIS2_PLACEMENT_3D('',#10415,#7902,#7903);
#6816=AXIS2_PLACEMENT_3D('',#10417,#7904,#7905);
#6817=AXIS2_PLACEMENT_3D('',#10419,#7906,#7907);
#6818=AXIS2_PLACEMENT_3D('',#10421,#7908,#7909);
#6819=AXIS2_PLACEMENT_3D('',#10423,#7910,#7911);
#6820=AXIS2_PLACEMENT_3D('',#10425,#7912,#7913);
#6821=AXIS2_PLACEMENT_3D('',#10427,#7914,#7915);
#6822=AXIS2_PLACEMENT_3D('',#10429,#7916,#7917);
#6823=AXIS2_PLACEMENT_3D('',#10431,#7918,#7919);
#6824=AXIS2_PLACEMENT_3D('',#10433,#7920,#7921);
#6825=AXIS2_PLACEMENT_3D('',#10434,#7922,#7923);
#6826=AXIS2_PLACEMENT_3D('',#10435,#7924,#7925);
#6827=AXIS2_PLACEMENT_3D('',#10436,#7926,#7927);
#6828=AXIS2_PLACEMENT_3D('',#10438,#7928,#7929);
#6829=AXIS2_PLACEMENT_3D('',#10440,#7930,#7931);
#6830=AXIS2_PLACEMENT_3D('',#10442,#7932,#7933);
#6831=AXIS2_PLACEMENT_3D('',#10444,#7934,#7935);
#6832=AXIS2_PLACEMENT_3D('',#10446,#7936,#7937);
#6833=AXIS2_PLACEMENT_3D('',#10448,#7938,#7939);
#6834=AXIS2_PLACEMENT_3D('',#10450,#7940,#7941);
#6835=AXIS2_PLACEMENT_3D('',#10452,#7942,#7943);
#6836=AXIS2_PLACEMENT_3D('',#10454,#7944,#7945);
#6837=AXIS2_PLACEMENT_3D('',#10456,#7946,#7947);
#6838=AXIS2_PLACEMENT_3D('',#10458,#7948,#7949);
#6839=AXIS2_PLACEMENT_3D('',#10460,#7950,#7951);
#6840=AXIS2_PLACEMENT_3D('',#10462,#7952,#7953);
#6841=AXIS2_PLACEMENT_3D('',#10464,#7954,#7955);
#6842=AXIS2_PLACEMENT_3D('',#10466,#7956,#7957);
#6843=AXIS2_PLACEMENT_3D('',#10468,#7958,#7959);
#6844=AXIS2_PLACEMENT_3D('',#10469,#7960,#7961);
#6845=AXIS2_PLACEMENT_3D('',#10471,#7962,#7963);
#6846=AXIS2_PLACEMENT_3D('',#10472,#7964,#7965);
#6847=AXIS2_PLACEMENT_3D('',#10478,#7967,#7968);
#6848=AXIS2_PLACEMENT_3D('',#10482,#7969,#7970);
#6849=AXIS2_PLACEMENT_3D('',#10484,#7972,#7973);
#6850=AXIS2_PLACEMENT_3D('',#10490,#7975,#7976);
#6851=AXIS2_PLACEMENT_3D('',#10494,#7977,#7978);
#6852=AXIS2_PLACEMENT_3D('',#10496,#7980,#7981);
#6853=AXIS2_PLACEMENT_3D('',#10502,#7983,#7984);
#6854=AXIS2_PLACEMENT_3D('',#10506,#7985,#7986);
#6855=AXIS2_PLACEMENT_3D('',#10508,#7988,#7989);
#6856=AXIS2_PLACEMENT_3D('',#10514,#7991,#7992);
#6857=AXIS2_PLACEMENT_3D('',#10518,#7993,#7994);
#6858=AXIS2_PLACEMENT_3D('',#10520,#7996,#7997);
#6859=AXIS2_PLACEMENT_3D('',#10526,#7999,#8000);
#6860=AXIS2_PLACEMENT_3D('',#10530,#8001,#8002);
#6861=AXIS2_PLACEMENT_3D('',#10532,#8004,#8005);
#6862=AXIS2_PLACEMENT_3D('',#10538,#8007,#8008);
#6863=AXIS2_PLACEMENT_3D('',#10542,#8009,#8010);
#6864=AXIS2_PLACEMENT_3D('',#10544,#8012,#8013);
#6865=AXIS2_PLACEMENT_3D('',#10550,#8015,#8016);
#6866=AXIS2_PLACEMENT_3D('',#10554,#8017,#8018);
#6867=AXIS2_PLACEMENT_3D('',#10556,#8020,#8021);
#6868=AXIS2_PLACEMENT_3D('',#10562,#8023,#8024);
#6869=AXIS2_PLACEMENT_3D('',#10566,#8025,#8026);
#6870=AXIS2_PLACEMENT_3D('',#10568,#8028,#8029);
#6871=AXIS2_PLACEMENT_3D('',#10574,#8031,#8032);
#6872=AXIS2_PLACEMENT_3D('',#10578,#8033,#8034);
#6873=AXIS2_PLACEMENT_3D('',#10580,#8036,#8037);
#6874=AXIS2_PLACEMENT_3D('',#10586,#8039,#8040);
#6875=AXIS2_PLACEMENT_3D('',#10590,#8041,#8042);
#6876=AXIS2_PLACEMENT_3D('',#10592,#8044,#8045);
#6877=AXIS2_PLACEMENT_3D('',#10598,#8047,#8048);
#6878=AXIS2_PLACEMENT_3D('',#10602,#8049,#8050);
#6879=AXIS2_PLACEMENT_3D('',#10604,#8052,#8053);
#6880=AXIS2_PLACEMENT_3D('',#10610,#8055,#8056);
#6881=AXIS2_PLACEMENT_3D('',#10614,#8057,#8058);
#6882=AXIS2_PLACEMENT_3D('',#10616,#8060,#8061);
#6883=AXIS2_PLACEMENT_3D('',#10623,#8063,#8064);
#6884=AXIS2_PLACEMENT_3D('',#10624,#8065,#8066);
#6885=AXIS2_PLACEMENT_3D('',#10625,#8067,#8068);
#6886=AXIS2_PLACEMENT_3D('',#10626,#8069,#8070);
#6887=AXIS2_PLACEMENT_3D('',#10627,#8071,#8072);
#6888=AXIS2_PLACEMENT_3D('',#10631,#8073,#8074);
#6889=AXIS2_PLACEMENT_3D('',#10632,#8075,#8076);
#6890=AXIS2_PLACEMENT_3D('',#10633,#8077,#8078);
#6891=AXIS2_PLACEMENT_3D('',#10634,#8079,#8080);
#6892=AXIS2_PLACEMENT_3D('',#10635,#8081,#8082);
#6893=AXIS2_PLACEMENT_3D('',#10636,#8083,#8084);
#6894=AXIS2_PLACEMENT_3D('',#10637,#8085,#8086);
#6895=AXIS2_PLACEMENT_3D('',#10641,#8087,#8088);
#6896=AXIS2_PLACEMENT_3D('',#10643,#8090,#8091);
#6897=AXIS2_PLACEMENT_3D('',#10650,#8093,#8094);
#6898=AXIS2_PLACEMENT_3D('',#10651,#8095,#8096);
#6899=AXIS2_PLACEMENT_3D('',#10653,#8097,#8098);
#6900=AXIS2_PLACEMENT_3D('',#10654,#8099,#8100);
#6901=AXIS2_PLACEMENT_3D('',#10655,#8101,#8102);
#6902=AXIS2_PLACEMENT_3D('',#10659,#8103,#8104);
#6903=AXIS2_PLACEMENT_3D('',#10661,#8106,#8107);
#6904=AXIS2_PLACEMENT_3D('',#10668,#8109,#8110);
#6905=AXIS2_PLACEMENT_3D('',#10669,#8111,#8112);
#6906=AXIS2_PLACEMENT_3D('',#10670,#8113,#8114);
#6907=AXIS2_PLACEMENT_3D('',#10671,#8115,#8116);
#6908=AXIS2_PLACEMENT_3D('',#10672,#8117,#8118);
#6909=AXIS2_PLACEMENT_3D('',#10676,#8119,#8120);
#6910=AXIS2_PLACEMENT_3D('',#10678,#8122,#8123);
#6911=AXIS2_PLACEMENT_3D('',#10684,#8125,#8126);
#6912=AXIS2_PLACEMENT_3D('',#10688,#8127,#8128);
#6913=AXIS2_PLACEMENT_3D('',#10690,#8130,#8131);
#6914=AXIS2_PLACEMENT_3D('',#10696,#8133,#8134);
#6915=AXIS2_PLACEMENT_3D('',#10700,#8135,#8136);
#6916=AXIS2_PLACEMENT_3D('',#10702,#8138,#8139);
#6917=AXIS2_PLACEMENT_3D('',#10708,#8141,#8142);
#6918=AXIS2_PLACEMENT_3D('',#10712,#8143,#8144);
#6919=AXIS2_PLACEMENT_3D('',#10714,#8146,#8147);
#6920=AXIS2_PLACEMENT_3D('',#10720,#8149,#8150);
#6921=AXIS2_PLACEMENT_3D('',#10724,#8151,#8152);
#6922=AXIS2_PLACEMENT_3D('',#10726,#8154,#8155);
#6923=AXIS2_PLACEMENT_3D('',#10732,#8157,#8158);
#6924=AXIS2_PLACEMENT_3D('',#10736,#8159,#8160);
#6925=AXIS2_PLACEMENT_3D('',#10738,#8162,#8163);
#6926=AXIS2_PLACEMENT_3D('',#10744,#8165,#8166);
#6927=AXIS2_PLACEMENT_3D('',#10748,#8167,#8168);
#6928=AXIS2_PLACEMENT_3D('',#10750,#8170,#8171);
#6929=AXIS2_PLACEMENT_3D('',#10751,#8172,#8173);
#6930=AXIS2_PLACEMENT_3D('',#10757,#8175,#8176);
#6931=AXIS2_PLACEMENT_3D('',#10761,#8177,#8178);
#6932=AXIS2_PLACEMENT_3D('',#10763,#8180,#8181);
#6933=AXIS2_PLACEMENT_3D('',#10769,#8183,#8184);
#6934=AXIS2_PLACEMENT_3D('',#10773,#8185,#8186);
#6935=AXIS2_PLACEMENT_3D('',#10775,#8188,#8189);
#6936=AXIS2_PLACEMENT_3D('',#10781,#8191,#8192);
#6937=AXIS2_PLACEMENT_3D('',#10785,#8193,#8194);
#6938=AXIS2_PLACEMENT_3D('',#10787,#8196,#8197);
#6939=AXIS2_PLACEMENT_3D('',#10793,#8199,#8200);
#6940=AXIS2_PLACEMENT_3D('',#10797,#8201,#8202);
#6941=AXIS2_PLACEMENT_3D('',#10799,#8204,#8205);
#6942=AXIS2_PLACEMENT_3D('',#10805,#8207,#8208);
#6943=AXIS2_PLACEMENT_3D('',#10809,#8209,#8210);
#6944=AXIS2_PLACEMENT_3D('',#10811,#8212,#8213);
#6945=AXIS2_PLACEMENT_3D('',#10817,#8215,#8216);
#6946=AXIS2_PLACEMENT_3D('',#10821,#8217,#8218);
#6947=AXIS2_PLACEMENT_3D('',#10823,#8220,#8221);
#6948=AXIS2_PLACEMENT_3D('',#10829,#8223,#8224);
#6949=AXIS2_PLACEMENT_3D('',#10833,#8225,#8226);
#6950=AXIS2_PLACEMENT_3D('',#10835,#8228,#8229);
#6951=AXIS2_PLACEMENT_3D('',#10841,#8231,#8232);
#6952=AXIS2_PLACEMENT_3D('',#10845,#8233,#8234);
#6953=AXIS2_PLACEMENT_3D('',#10846,#8235,#8236);
#6954=AXIS2_PLACEMENT_3D('',#10847,#8237,#8238);
#6955=AXIS2_PLACEMENT_3D('',#10848,#8239,#8240);
#6956=AXIS2_PLACEMENT_3D('',#10850,#8241,#8242);
#6957=AXIS2_PLACEMENT_3D('',#10853,#8244,#8245);
#6958=AXIS2_PLACEMENT_3D('',#10854,#8246,#8247);
#6959=AXIS2_PLACEMENT_3D('',#10855,#8248,#8249);
#6960=AXIS2_PLACEMENT_3D('',#10857,#8250,#8251);
#6961=AXIS2_PLACEMENT_3D('',#10858,#8252,#8253);
#6962=AXIS2_PLACEMENT_3D('',#10860,#8255,#8256);
#6963=AXIS2_PLACEMENT_3D('',#10863,#8258,#8259);
#6964=AXIS2_PLACEMENT_3D('',#10864,#8260,#8261);
#6965=AXIS2_PLACEMENT_3D('',#10867,#8263,#8264);
#6966=AXIS2_PLACEMENT_3D('',#10868,#8265,#8266);
#6967=AXIS2_PLACEMENT_3D('',#10870,#8267,#8268);
#6968=AXIS2_PLACEMENT_3D('',#10871,#8269,#8270);
#6969=AXIS2_PLACEMENT_3D('',#10873,#8271,#8272);
#6970=AXIS2_PLACEMENT_3D('',#10874,#8273,#8274);
#6971=AXIS2_PLACEMENT_3D('',#10878,#8277,#8278);
#6972=AXIS2_PLACEMENT_3D('',#10882,#8280,#8281);
#6973=AXIS2_PLACEMENT_3D('',#10886,#8284,#8285);
#6974=AXIS2_PLACEMENT_3D('',#10887,#8286,#8287);
#6975=AXIS2_PLACEMENT_3D('',#10889,#8289,#8290);
#6976=AXIS2_PLACEMENT_3D('',#10893,#8293,#8294);
#6977=AXIS2_PLACEMENT_3D('',#10895,#8296,#8297);
#6978=AXIS2_PLACEMENT_3D('',#10899,#8300,#8301);
#6979=AXIS2_PLACEMENT_3D('',#10901,#8302,#8303);
#6980=AXIS2_PLACEMENT_3D('',#10908,#8307,#8308);
#6981=AXIS2_PLACEMENT_3D('',#10909,#8309,#8310);
#6982=AXIS2_PLACEMENT_3D('',#10912,#8313,#8314);
#6983=AXIS2_PLACEMENT_3D('',#10914,#8316,#8317);
#6984=AXIS2_PLACEMENT_3D('',#10915,#8318,#8319);
#6985=AXIS2_PLACEMENT_3D('',#10917,#8321,#8322);
#6986=AXIS2_PLACEMENT_3D('',#10918,#8323,#8324);
#6987=AXIS2_PLACEMENT_3D('',#10921,#8325,#8326);
#6988=AXIS2_PLACEMENT_3D('',#10925,#8328,#8329);
#6989=AXIS2_PLACEMENT_3D('',#10927,#8331,#8332);
#6990=AXIS2_PLACEMENT_3D('',#10930,#8335,#8336);
#6991=AXIS2_PLACEMENT_3D('',#10932,#8337,#8338);
#6992=AXIS2_PLACEMENT_3D('',#10937,#8341,#8342);
#6993=AXIS2_PLACEMENT_3D('',#10938,#8343,#8344);
#6994=AXIS2_PLACEMENT_3D('',#10941,#8345,#8346);
#6995=AXIS2_PLACEMENT_3D('',#10945,#8348,#8349);
#6996=AXIS2_PLACEMENT_3D('',#10947,#8351,#8352);
#6997=AXIS2_PLACEMENT_3D('',#10950,#8355,#8356);
#6998=AXIS2_PLACEMENT_3D('',#10951,#8357,#8358);
#6999=AXIS2_PLACEMENT_3D('',#10954,#8360,#8361);
#7000=AXIS2_PLACEMENT_3D('',#10955,#8362,#8363);
#7001=AXIS2_PLACEMENT_3D('',#10957,#8365,#8366);
#7002=AXIS2_PLACEMENT_3D('',#10958,#8367,#8368);
#7003=AXIS2_PLACEMENT_3D('',#10960,#8370,#8371);
#7004=AXIS2_PLACEMENT_3D('',#10962,#8373,#8374);
#7005=AXIS2_PLACEMENT_3D('',#10966,#8377,#8378);
#7006=AXIS2_PLACEMENT_3D('',#10968,#8380,#8381);
#7007=AXIS2_PLACEMENT_3D('',#10973,#8384,#8385);
#7008=AXIS2_PLACEMENT_3D('',#10974,#8386,#8387);
#7009=AXIS2_PLACEMENT_3D('',#10977,#8390,#8391);
#7010=AXIS2_PLACEMENT_3D('',#10979,#8393,#8394);
#7011=AXIS2_PLACEMENT_3D('',#10981,#8396,#8397);
#7012=AXIS2_PLACEMENT_3D('',#10983,#8399,#8400);
#7013=AXIS2_PLACEMENT_3D('',#10984,#8401,#8402);
#7014=AXIS2_PLACEMENT_3D('',#10988,#8404,#8405);
#7015=AXIS2_PLACEMENT_3D('',#11028,#8419,#8420);
#7016=AXIS2_PLACEMENT_3D('',#11032,#8423,#8424);
#7017=AXIS2_PLACEMENT_3D('',#11033,#8425,#8426);
#7018=AXIS2_PLACEMENT_3D('',#11035,#8428,#8429);
#7019=AXIS2_PLACEMENT_3D('',#11036,#8430,#8431);
#7020=AXIS2_PLACEMENT_3D('',#11044,#8434,#8435);
#7021=AXIS2_PLACEMENT_3D('',#11048,#8436,#8437);
#7022=AXIS2_PLACEMENT_3D('',#11053,#8438,#8439);
#7023=AXIS2_PLACEMENT_3D('',#11054,#8440,#8441);
#7024=AXIS2_PLACEMENT_3D('',#11056,#8443,#8444);
#7025=AXIS2_PLACEMENT_3D('',#11060,#8445,#8446);
#7026=AXIS2_PLACEMENT_3D('',#11065,#8447,#8448);
#7027=AXIS2_PLACEMENT_3D('',#11066,#8449,#8450);
#7028=AXIS2_PLACEMENT_3D('',#11068,#8452,#8453);
#7029=AXIS2_PLACEMENT_3D('',#11072,#8454,#8455);
#7030=AXIS2_PLACEMENT_3D('',#11077,#8456,#8457);
#7031=AXIS2_PLACEMENT_3D('',#11078,#8458,#8459);
#7032=AXIS2_PLACEMENT_3D('',#11080,#8461,#8462);
#7033=AXIS2_PLACEMENT_3D('',#11086,#8464,#8465);
#7034=AXIS2_PLACEMENT_3D('',#11092,#8467,#8468);
#7035=AXIS2_PLACEMENT_3D('',#11098,#8470,#8471);
#7036=AXIS2_PLACEMENT_3D('',#11100,#8472,#8473);
#7037=AXIS2_PLACEMENT_3D('',#11106,#8475,#8476);
#7038=AXIS2_PLACEMENT_3D('',#11115,#8478,#8479);
#7039=AXIS2_PLACEMENT_3D('',#11116,#8480,#8481);
#7040=AXIS2_PLACEMENT_3D('',#11117,#8482,#8483);
#7041=AXIS2_PLACEMENT_3D('',#11118,#8484,#8485);
#7042=AXIS2_PLACEMENT_3D('',#11120,#8486,#8487);
#7043=AXIS2_PLACEMENT_3D('',#11122,#8488,#8489);
#7044=AXIS2_PLACEMENT_3D('',#11124,#8490,#8491);
#7045=AXIS2_PLACEMENT_3D('',#11126,#8492,#8493);
#7046=AXIS2_PLACEMENT_3D('',#11128,#8494,#8495);
#7047=AXIS2_PLACEMENT_3D('',#11130,#8496,#8497);
#7048=AXIS2_PLACEMENT_3D('',#11132,#8498,#8499);
#7049=AXIS2_PLACEMENT_3D('',#11134,#8500,#8501);
#7050=AXIS2_PLACEMENT_3D('',#11136,#8502,#8503);
#7051=AXIS2_PLACEMENT_3D('',#11138,#8504,#8505);
#7052=AXIS2_PLACEMENT_3D('',#11140,#8506,#8507);
#7053=AXIS2_PLACEMENT_3D('',#11142,#8508,#8509);
#7054=AXIS2_PLACEMENT_3D('',#11144,#8510,#8511);
#7055=AXIS2_PLACEMENT_3D('',#11146,#8512,#8513);
#7056=AXIS2_PLACEMENT_3D('',#11148,#8514,#8515);
#7057=AXIS2_PLACEMENT_3D('',#11150,#8516,#8517);
#7058=AXIS2_PLACEMENT_3D('',#11152,#8518,#8519);
#7059=AXIS2_PLACEMENT_3D('',#11154,#8520,#8521);
#7060=AXIS2_PLACEMENT_3D('',#11156,#8522,#8523);
#7061=AXIS2_PLACEMENT_3D('',#11158,#8524,#8525);
#7062=AXIS2_PLACEMENT_3D('',#11160,#8526,#8527);
#7063=AXIS2_PLACEMENT_3D('',#11162,#8528,#8529);
#7064=AXIS2_PLACEMENT_3D('',#11164,#8530,#8531);
#7065=AXIS2_PLACEMENT_3D('',#11166,#8532,#8533);
#7066=AXIS2_PLACEMENT_3D('',#11168,#8534,#8535);
#7067=AXIS2_PLACEMENT_3D('',#11170,#8536,#8537);
#7068=AXIS2_PLACEMENT_3D('',#11172,#8538,#8539);
#7069=AXIS2_PLACEMENT_3D('',#11174,#8540,#8541);
#7070=AXIS2_PLACEMENT_3D('',#11176,#8542,#8543);
#7071=AXIS2_PLACEMENT_3D('',#11178,#8544,#8545);
#7072=AXIS2_PLACEMENT_3D('',#11180,#8546,#8547);
#7073=AXIS2_PLACEMENT_3D('',#11182,#8548,#8549);
#7074=AXIS2_PLACEMENT_3D('',#11184,#8550,#8551);
#7075=AXIS2_PLACEMENT_3D('',#11186,#8552,#8553);
#7076=AXIS2_PLACEMENT_3D('',#11188,#8554,#8555);
#7077=AXIS2_PLACEMENT_3D('',#11190,#8556,#8557);
#7078=AXIS2_PLACEMENT_3D('',#11192,#8558,#8559);
#7079=AXIS2_PLACEMENT_3D('',#11194,#8560,#8561);
#7080=AXIS2_PLACEMENT_3D('',#11196,#8562,#8563);
#7081=AXIS2_PLACEMENT_3D('',#11198,#8564,#8565);
#7082=AXIS2_PLACEMENT_3D('',#11200,#8566,#8567);
#7083=AXIS2_PLACEMENT_3D('',#11202,#8568,#8569);
#7084=AXIS2_PLACEMENT_3D('',#11204,#8570,#8571);
#7085=AXIS2_PLACEMENT_3D('',#11206,#8572,#8573);
#7086=AXIS2_PLACEMENT_3D('',#11208,#8574,#8575);
#7087=AXIS2_PLACEMENT_3D('',#11210,#8576,#8577);
#7088=AXIS2_PLACEMENT_3D('',#11212,#8578,#8579);
#7089=AXIS2_PLACEMENT_3D('',#11214,#8580,#8581);
#7090=AXIS2_PLACEMENT_3D('',#11216,#8582,#8583);
#7091=AXIS2_PLACEMENT_3D('',#11218,#8584,#8585);
#7092=AXIS2_PLACEMENT_3D('',#11220,#8586,#8587);
#7093=AXIS2_PLACEMENT_3D('',#11222,#8588,#8589);
#7094=AXIS2_PLACEMENT_3D('',#11224,#8590,#8591);
#7095=AXIS2_PLACEMENT_3D('',#11226,#8592,#8593);
#7096=AXIS2_PLACEMENT_3D('',#11228,#8594,#8595);
#7097=AXIS2_PLACEMENT_3D('',#11230,#8596,#8597);
#7098=AXIS2_PLACEMENT_3D('',#11239,#8599,#8600);
#7099=AXIS2_PLACEMENT_3D('',#11242,#8603,#8604);
#7100=AXIS2_PLACEMENT_3D('',#11250,#8607,#8608);
#7101=AXIS2_PLACEMENT_3D('',#11255,#8609,#8610);
#7102=AXIS2_PLACEMENT_3D('',#11256,#8611,#8612);
#7103=AXIS2_PLACEMENT_3D('',#11258,#8614,#8615);
#7104=AXIS2_PLACEMENT_3D('',#11260,#8616,#8617);
#7105=AXIS2_PLACEMENT_3D('',#11262,#8618,#8619);
#7106=AXIS2_PLACEMENT_3D('',#11264,#8620,#8621);
#7107=AXIS2_PLACEMENT_3D('',#11266,#8622,#8623);
#7108=AXIS2_PLACEMENT_3D('',#11268,#8624,#8625);
#7109=AXIS2_PLACEMENT_3D('',#11270,#8626,#8627);
#7110=AXIS2_PLACEMENT_3D('',#11272,#8628,#8629);
#7111=AXIS2_PLACEMENT_3D('',#11274,#8630,#8631);
#7112=AXIS2_PLACEMENT_3D('',#11276,#8632,#8633);
#7113=AXIS2_PLACEMENT_3D('',#11278,#8634,#8635);
#7114=AXIS2_PLACEMENT_3D('',#11280,#8636,#8637);
#7115=AXIS2_PLACEMENT_3D('',#11282,#8638,#8639);
#7116=AXIS2_PLACEMENT_3D('',#11284,#8640,#8641);
#7117=AXIS2_PLACEMENT_3D('',#11286,#8642,#8643);
#7118=AXIS2_PLACEMENT_3D('',#11288,#8644,#8645);
#7119=AXIS2_PLACEMENT_3D('',#11290,#8646,#8647);
#7120=AXIS2_PLACEMENT_3D('',#11291,#8648,#8649);
#7121=AXIS2_PLACEMENT_3D('',#11292,#8650,#8651);
#7122=AXIS2_PLACEMENT_3D('',#11293,#8652,#8653);
#7123=AXIS2_PLACEMENT_3D('',#11295,#8654,#8655);
#7124=AXIS2_PLACEMENT_3D('',#11297,#8656,#8657);
#7125=AXIS2_PLACEMENT_3D('',#11299,#8658,#8659);
#7126=AXIS2_PLACEMENT_3D('',#11301,#8660,#8661);
#7127=AXIS2_PLACEMENT_3D('',#11303,#8662,#8663);
#7128=AXIS2_PLACEMENT_3D('',#11305,#8664,#8665);
#7129=AXIS2_PLACEMENT_3D('',#11307,#8666,#8667);
#7130=AXIS2_PLACEMENT_3D('',#11309,#8668,#8669);
#7131=AXIS2_PLACEMENT_3D('',#11311,#8670,#8671);
#7132=AXIS2_PLACEMENT_3D('',#11313,#8672,#8673);
#7133=AXIS2_PLACEMENT_3D('',#11315,#8674,#8675);
#7134=AXIS2_PLACEMENT_3D('',#11317,#8676,#8677);
#7135=AXIS2_PLACEMENT_3D('',#11318,#8678,#8679);
#7136=AXIS2_PLACEMENT_3D('',#11320,#8680,#8681);
#7137=AXIS2_PLACEMENT_3D('',#11321,#8682,#8683);
#7138=AXIS2_PLACEMENT_3D('',#11327,#8685,#8686);
#7139=AXIS2_PLACEMENT_3D('',#11331,#8687,#8688);
#7140=AXIS2_PLACEMENT_3D('',#11333,#8690,#8691);
#7141=AXIS2_PLACEMENT_3D('',#11339,#8693,#8694);
#7142=AXIS2_PLACEMENT_3D('',#11343,#8695,#8696);
#7143=AXIS2_PLACEMENT_3D('',#11345,#8698,#8699);
#7144=AXIS2_PLACEMENT_3D('',#11351,#8701,#8702);
#7145=AXIS2_PLACEMENT_3D('',#11355,#8703,#8704);
#7146=AXIS2_PLACEMENT_3D('',#11357,#8706,#8707);
#7147=AXIS2_PLACEMENT_3D('',#11363,#8709,#8710);
#7148=AXIS2_PLACEMENT_3D('',#11367,#8711,#8712);
#7149=AXIS2_PLACEMENT_3D('',#11369,#8714,#8715);
#7150=AXIS2_PLACEMENT_3D('',#11375,#8717,#8718);
#7151=AXIS2_PLACEMENT_3D('',#11379,#8719,#8720);
#7152=AXIS2_PLACEMENT_3D('',#11381,#8722,#8723);
#7153=AXIS2_PLACEMENT_3D('',#11387,#8725,#8726);
#7154=AXIS2_PLACEMENT_3D('',#11391,#8727,#8728);
#7155=AXIS2_PLACEMENT_3D('',#11393,#8730,#8731);
#7156=AXIS2_PLACEMENT_3D('',#11399,#8733,#8734);
#7157=AXIS2_PLACEMENT_3D('',#11403,#8735,#8736);
#7158=AXIS2_PLACEMENT_3D('',#11405,#8738,#8739);
#7159=AXIS2_PLACEMENT_3D('',#11411,#8741,#8742);
#7160=AXIS2_PLACEMENT_3D('',#11415,#8743,#8744);
#7161=AXIS2_PLACEMENT_3D('',#11417,#8746,#8747);
#7162=AXIS2_PLACEMENT_3D('',#11423,#8749,#8750);
#7163=AXIS2_PLACEMENT_3D('',#11427,#8751,#8752);
#7164=AXIS2_PLACEMENT_3D('',#11429,#8754,#8755);
#7165=AXIS2_PLACEMENT_3D('',#11435,#8757,#8758);
#7166=AXIS2_PLACEMENT_3D('',#11439,#8759,#8760);
#7167=AXIS2_PLACEMENT_3D('',#11441,#8762,#8763);
#7168=AXIS2_PLACEMENT_3D('',#11447,#8765,#8766);
#7169=AXIS2_PLACEMENT_3D('',#11451,#8767,#8768);
#7170=AXIS2_PLACEMENT_3D('',#11453,#8770,#8771);
#7171=AXIS2_PLACEMENT_3D('',#11459,#8773,#8774);
#7172=AXIS2_PLACEMENT_3D('',#11463,#8775,#8776);
#7173=AXIS2_PLACEMENT_3D('',#11465,#8778,#8779);
#7174=AXIS2_PLACEMENT_3D('',#11469,#8781,#8782);
#7175=AXIS2_PLACEMENT_3D('',#11473,#8783,#8784);
#7176=AXIS2_PLACEMENT_3D('',#11474,#8785,#8786);
#7177=AXIS2_PLACEMENT_3D('',#11475,#8787,#8788);
#7178=AXIS2_PLACEMENT_3D('',#11476,#8789,#8790);
#7179=AXIS2_PLACEMENT_3D('',#11480,#8791,#8792);
#7180=AXIS2_PLACEMENT_3D('',#11481,#8793,#8794);
#7181=AXIS2_PLACEMENT_3D('',#11482,#8795,#8796);
#7182=AXIS2_PLACEMENT_3D('',#11483,#8797,#8798);
#7183=AXIS2_PLACEMENT_3D('',#11484,#8799,#8800);
#7184=AXIS2_PLACEMENT_3D('',#11485,#8801,#8802);
#7185=AXIS2_PLACEMENT_3D('',#11486,#8803,#8804);
#7186=AXIS2_PLACEMENT_3D('',#11490,#8805,#8806);
#7187=AXIS2_PLACEMENT_3D('',#11492,#8808,#8809);
#7188=AXIS2_PLACEMENT_3D('',#11496,#8811,#8812);
#7189=AXIS2_PLACEMENT_3D('',#11500,#8813,#8814);
#7190=AXIS2_PLACEMENT_3D('',#11502,#8815,#8816);
#7191=AXIS2_PLACEMENT_3D('',#11503,#8817,#8818);
#7192=AXIS2_PLACEMENT_3D('',#11504,#8819,#8820);
#7193=AXIS2_PLACEMENT_3D('',#11508,#8821,#8822);
#7194=AXIS2_PLACEMENT_3D('',#11510,#8824,#8825);
#7195=AXIS2_PLACEMENT_3D('',#11514,#8827,#8828);
#7196=AXIS2_PLACEMENT_3D('',#11518,#8829,#8830);
#7197=AXIS2_PLACEMENT_3D('',#11519,#8831,#8832);
#7198=AXIS2_PLACEMENT_3D('',#11520,#8833,#8834);
#7199=AXIS2_PLACEMENT_3D('',#11521,#8835,#8836);
#7200=AXIS2_PLACEMENT_3D('',#11525,#8837,#8838);
#7201=AXIS2_PLACEMENT_3D('',#11527,#8840,#8841);
#7202=AXIS2_PLACEMENT_3D('',#11533,#8843,#8844);
#7203=AXIS2_PLACEMENT_3D('',#11537,#8845,#8846);
#7204=AXIS2_PLACEMENT_3D('',#11539,#8848,#8849);
#7205=AXIS2_PLACEMENT_3D('',#11545,#8851,#8852);
#7206=AXIS2_PLACEMENT_3D('',#11549,#8853,#8854);
#7207=AXIS2_PLACEMENT_3D('',#11551,#8856,#8857);
#7208=AXIS2_PLACEMENT_3D('',#11557,#8859,#8860);
#7209=AXIS2_PLACEMENT_3D('',#11561,#8861,#8862);
#7210=AXIS2_PLACEMENT_3D('',#11563,#8864,#8865);
#7211=AXIS2_PLACEMENT_3D('',#11569,#8867,#8868);
#7212=AXIS2_PLACEMENT_3D('',#11573,#8869,#8870);
#7213=AXIS2_PLACEMENT_3D('',#11575,#8872,#8873);
#7214=AXIS2_PLACEMENT_3D('',#11581,#8875,#8876);
#7215=AXIS2_PLACEMENT_3D('',#11585,#8877,#8878);
#7216=AXIS2_PLACEMENT_3D('',#11587,#8880,#8881);
#7217=AXIS2_PLACEMENT_3D('',#11593,#8883,#8884);
#7218=AXIS2_PLACEMENT_3D('',#11597,#8885,#8886);
#7219=AXIS2_PLACEMENT_3D('',#11599,#8888,#8889);
#7220=AXIS2_PLACEMENT_3D('',#11600,#8890,#8891);
#7221=AXIS2_PLACEMENT_3D('',#11606,#8893,#8894);
#7222=AXIS2_PLACEMENT_3D('',#11610,#8895,#8896);
#7223=AXIS2_PLACEMENT_3D('',#11612,#8898,#8899);
#7224=AXIS2_PLACEMENT_3D('',#11618,#8901,#8902);
#7225=AXIS2_PLACEMENT_3D('',#11622,#8903,#8904);
#7226=AXIS2_PLACEMENT_3D('',#11624,#8906,#8907);
#7227=AXIS2_PLACEMENT_3D('',#11630,#8909,#8910);
#7228=AXIS2_PLACEMENT_3D('',#11634,#8911,#8912);
#7229=AXIS2_PLACEMENT_3D('',#11636,#8914,#8915);
#7230=AXIS2_PLACEMENT_3D('',#11642,#8917,#8918);
#7231=AXIS2_PLACEMENT_3D('',#11646,#8919,#8920);
#7232=AXIS2_PLACEMENT_3D('',#11648,#8922,#8923);
#7233=AXIS2_PLACEMENT_3D('',#11654,#8925,#8926);
#7234=AXIS2_PLACEMENT_3D('',#11658,#8927,#8928);
#7235=AXIS2_PLACEMENT_3D('',#11660,#8930,#8931);
#7236=AXIS2_PLACEMENT_3D('',#11666,#8933,#8934);
#7237=AXIS2_PLACEMENT_3D('',#11670,#8935,#8936);
#7238=AXIS2_PLACEMENT_3D('',#11672,#8938,#8939);
#7239=AXIS2_PLACEMENT_3D('',#11678,#8941,#8942);
#7240=AXIS2_PLACEMENT_3D('',#11682,#8943,#8944);
#7241=AXIS2_PLACEMENT_3D('',#11684,#8946,#8947);
#7242=AXIS2_PLACEMENT_3D('',#11690,#8949,#8950);
#7243=AXIS2_PLACEMENT_3D('',#11694,#8951,#8952);
#7244=AXIS2_PLACEMENT_3D('',#11695,#8953,#8954);
#7245=AXIS2_PLACEMENT_3D('',#11696,#8955,#8956);
#7246=AXIS2_PLACEMENT_3D('',#11697,#8957,#8958);
#7247=AXIS2_PLACEMENT_3D('',#11699,#8959,#8960);
#7248=AXIS2_PLACEMENT_3D('',#11702,#8962,#8963);
#7249=AXIS2_PLACEMENT_3D('',#11703,#8964,#8965);
#7250=AXIS2_PLACEMENT_3D('',#11704,#8966,#8967);
#7251=AXIS2_PLACEMENT_3D('',#11706,#8968,#8969);
#7252=AXIS2_PLACEMENT_3D('',#11707,#8970,#8971);
#7253=AXIS2_PLACEMENT_3D('',#11709,#8973,#8974);
#7254=AXIS2_PLACEMENT_3D('',#11715,#8977,#8978);
#7255=AXIS2_PLACEMENT_3D('',#11723,#8982,#8983);
#7256=AXIS2_PLACEMENT_3D('',#11725,#8985,#8986);
#7257=AXIS2_PLACEMENT_3D('',#11735,#8992,#8993);
#7258=AXIS2_PLACEMENT_3D('',#11738,#8995,#8996);
#7259=AXIS2_PLACEMENT_3D('',#11739,#8997,#8998);
#7260=AXIS2_PLACEMENT_3D('',#11742,#9000,#9001);
#7261=AXIS2_PLACEMENT_3D('',#11743,#9002,#9003);
#7262=AXIS2_PLACEMENT_3D('',#11745,#9004,#9005);
#7263=AXIS2_PLACEMENT_3D('',#11746,#9006,#9007);
#7264=AXIS2_PLACEMENT_3D('',#11748,#9008,#9009);
#7265=AXIS2_PLACEMENT_3D('',#11749,#9010,#9011);
#7266=AXIS2_PLACEMENT_3D('',#11753,#9014,#9015);
#7267=AXIS2_PLACEMENT_3D('',#11755,#9016,#9017);
#7268=AXIS2_PLACEMENT_3D('',#11763,#9021,#9022);
#7269=AXIS2_PLACEMENT_3D('',#11765,#9024,#9025);
#7270=AXIS2_PLACEMENT_3D('',#11767,#9027,#9028);
#7271=AXIS2_PLACEMENT_3D('',#11773,#9032,#9033);
#7272=AXIS2_PLACEMENT_3D('',#11776,#9036,#9037);
#7273=AXIS2_PLACEMENT_3D('',#11780,#9040,#9041);
#7274=AXIS2_PLACEMENT_3D('',#11783,#9043,#9044);
#7275=AXIS2_PLACEMENT_3D('',#11788,#9047,#9048);
#7276=AXIS2_PLACEMENT_3D('',#11789,#9049,#9050);
#7277=AXIS2_PLACEMENT_3D('',#11791,#9052,#9053);
#7278=AXIS2_PLACEMENT_3D('',#11793,#9055,#9056);
#7279=AXIS2_PLACEMENT_3D('',#11794,#9057,#9058);
#7280=AXIS2_PLACEMENT_3D('',#11796,#9060,#9061);
#7281=AXIS2_PLACEMENT_3D('',#11797,#9062,#9063);
#7282=AXIS2_PLACEMENT_3D('',#11801,#9065,#9066);
#7283=AXIS2_PLACEMENT_3D('',#11803,#9068,#9069);
#7284=AXIS2_PLACEMENT_3D('',#11807,#9072,#9073);
#7285=AXIS2_PLACEMENT_3D('',#11810,#9075,#9076);
#7286=AXIS2_PLACEMENT_3D('',#11813,#9078,#9079);
#7287=AXIS2_PLACEMENT_3D('',#11814,#9080,#9081);
#7288=AXIS2_PLACEMENT_3D('',#11818,#9083,#9084);
#7289=AXIS2_PLACEMENT_3D('',#11820,#9086,#9087);
#7290=AXIS2_PLACEMENT_3D('',#11822,#9089,#9090);
#7291=AXIS2_PLACEMENT_3D('',#11827,#9093,#9094);
#7292=AXIS2_PLACEMENT_3D('',#11829,#9095,#9096);
#7293=AXIS2_PLACEMENT_3D('',#11830,#9097,#9098);
#7294=AXIS2_PLACEMENT_3D('',#11832,#9100,#9101);
#7295=AXIS2_PLACEMENT_3D('',#11835,#9104,#9105);
#7296=AXIS2_PLACEMENT_3D('',#11836,#9106,#9107);
#7297=AXIS2_PLACEMENT_3D('',#11838,#9109,#9110);
#7298=AXIS2_PLACEMENT_3D('',#11839,#9111,#9112);
#7299=AXIS2_PLACEMENT_3D('',#11840,#9113,#9114);
#7300=DIRECTION('axis',(0.,0.,1.));
#7301=DIRECTION('refdir',(1.,0.,0.));
#7302=DIRECTION('center_axis',(-0.00218623922342861,0.999997610176173,0.));
#7303=DIRECTION('ref_axis',(-0.999997610176173,-0.00218623922342861,0.));
#7304=DIRECTION('',(-0.999997610176173,-0.00218623922342861,0.));
#7305=DIRECTION('',(0.,0.,1.));
#7306=DIRECTION('',(0.999997610176173,0.00218623922342861,0.));
#7307=DIRECTION('',(0.,0.,1.));
#7308=DIRECTION('center_axis',(0.682346037182566,0.731029332887025,0.));
#7309=DIRECTION('ref_axis',(-0.731029332887025,0.682346037182566,0.));
#7310=DIRECTION('',(-0.731029332887025,0.682346037182566,0.));
#7311=DIRECTION('',(0.,0.,1.));
#7312=DIRECTION('',(0.731029332887025,-0.682346037182566,0.));
#7313=DIRECTION('center_axis',(0.676014362821807,-0.736888445599893,0.));
#7314=DIRECTION('ref_axis',(0.736888445599893,0.676014362821807,0.));
#7315=DIRECTION('',(0.736888445599893,0.676014362821807,0.));
#7316=DIRECTION('',(0.,0.,1.));
#7317=DIRECTION('',(-0.736888445599893,-0.676014362821807,0.));
#7318=DIRECTION('center_axis',(-0.681911338855896,-0.731434840529052,0.));
#7319=DIRECTION('ref_axis',(0.731434840529052,-0.681911338855896,0.));
#7320=DIRECTION('',(0.731434840529052,-0.681911338855896,0.));
#7321=DIRECTION('',(-0.731434840529052,0.681911338855896,0.));
#7322=DIRECTION('center_axis',(0.,0.,-1.));
#7323=DIRECTION('ref_axis',(1.,0.,0.));
#7324=DIRECTION('center_axis',(0.,0.,-1.));
#7325=DIRECTION('ref_axis',(-1.,0.,0.));
#7326=DIRECTION('center_axis',(0.683586938271756,-0.729869096361976,0.));
#7327=DIRECTION('ref_axis',(0.729869096361976,0.683586938271756,0.));
#7328=DIRECTION('',(0.729869096361976,0.683586938271756,0.));
#7329=DIRECTION('',(0.,0.,1.));
#7330=DIRECTION('',(-0.729869096361976,-0.683586938271756,0.));
#7331=DIRECTION('',(0.,0.,1.));
#7332=DIRECTION('center_axis',(-0.682346037182566,-0.731029332887025,0.));
#7333=DIRECTION('ref_axis',(0.731029332887025,-0.682346037182566,0.));
#7334=DIRECTION('',(0.731029332887025,-0.682346037182566,0.));
#7335=DIRECTION('',(0.,0.,1.));
#7336=DIRECTION('',(0.731029332887025,-0.682346037182566,0.));
#7337=DIRECTION('center_axis',(0.,1.,0.));
#7338=DIRECTION('ref_axis',(-1.,0.,0.));
#7339=DIRECTION('',(-1.,0.,0.));
#7340=DIRECTION('',(0.,0.,1.));
#7341=DIRECTION('',(0.,0.,1.));
#7342=DIRECTION('',(0.,0.,1.));
#7343=DIRECTION('',(0.,0.,1.));
#7344=DIRECTION('',(0.,0.,1.));
#7345=DIRECTION('',(0.,0.,1.));
#7346=DIRECTION('center_axis',(3.05533159119904E-16,1.,0.));
#7347=DIRECTION('ref_axis',(-1.,3.05533159119904E-16,0.));
#7348=DIRECTION('',(-1.,3.05533159119904E-16,0.));
#7349=DIRECTION('center_axis',(0.,0.,-1.));
#7350=DIRECTION('ref_axis',(1.,0.,0.));
#7351=DIRECTION('center_axis',(0.,0.,-1.));
#7352=DIRECTION('ref_axis',(-1.,0.,0.));
#7353=DIRECTION('center_axis',(0.681911338855896,0.731434840529052,0.));
#7354=DIRECTION('ref_axis',(-0.731434840529052,0.681911338855896,0.));
#7355=DIRECTION('',(-0.731434840529052,0.681911338855896,0.));
#7356=DIRECTION('',(0.,0.,1.));
#7357=DIRECTION('',(-0.731434840529052,0.681911338855896,0.));
#7358=DIRECTION('',(0.,0.,1.));
#7359=DIRECTION('',(0.,0.,1.));
#7360=DIRECTION('',(0.,0.,1.));
#7361=DIRECTION('',(0.,0.,1.));
#7362=DIRECTION('',(0.,0.,1.));
#7363=DIRECTION('center_axis',(0.,1.,0.));
#7364=DIRECTION('ref_axis',(-1.,0.,0.));
#7365=DIRECTION('',(-1.,0.,0.));
#7366=DIRECTION('center_axis',(0.,0.,-1.));
#7367=DIRECTION('ref_axis',(1.,0.,0.));
#7368=DIRECTION('center_axis',(0.,0.,-1.));
#7369=DIRECTION('ref_axis',(-1.,0.,0.));
#7370=DIRECTION('',(0.,0.,1.));
#7371=DIRECTION('',(0.,0.,1.));
#7372=DIRECTION('',(0.,0.,1.));
#7373=DIRECTION('',(0.,0.,1.));
#7374=DIRECTION('',(0.,0.,1.));
#7375=DIRECTION('',(0.,0.,1.));
#7376=DIRECTION('center_axis',(0.,1.,0.));
#7377=DIRECTION('ref_axis',(-1.,0.,0.));
#7378=DIRECTION('',(-1.,0.,0.));
#7379=DIRECTION('center_axis',(0.,0.,-1.));
#7380=DIRECTION('ref_axis',(1.,0.,0.));
#7381=DIRECTION('center_axis',(0.,0.,-1.));
#7382=DIRECTION('ref_axis',(-1.,0.,0.));
#7383=DIRECTION('center_axis',(-3.46944695195361E-16,1.,0.));
#7384=DIRECTION('ref_axis',(-0.707106781186548,0.,0.707106781186547));
#7385=DIRECTION('center_axis',(-6.12323399573677E-17,-1.,0.));
#7386=DIRECTION('ref_axis',(-0.707106781186548,0.,0.707106781186547));
#7387=DIRECTION('',(-3.46944695195361E-16,1.,0.));
#7388=DIRECTION('center_axis',(7.66135847655878E-16,1.,0.));
#7389=DIRECTION('ref_axis',(-0.707106781186548,0.,0.707106781186547));
#7390=DIRECTION('',(3.46944695195361E-16,-1.,0.));
#7391=DIRECTION('center_axis',(0.,0.,-1.));
#7392=DIRECTION('ref_axis',(-1.,0.,0.));
#7393=DIRECTION('',(-1.,0.,0.));
#7394=DIRECTION('center_axis',(0.,0.,-1.));
#7395=DIRECTION('ref_axis',(0.,-1.,0.));
#7396=DIRECTION('',(0.,1.,0.));
#7397=DIRECTION('center_axis',(0.,0.,-1.));
#7398=DIRECTION('ref_axis',(0.,1.,0.));
#7399=DIRECTION('',(1.,0.,0.));
#7400=DIRECTION('center_axis',(0.,0.,1.));
#7401=DIRECTION('ref_axis',(-0.707106781186548,-0.707106781186547,0.));
#7402=DIRECTION('',(0.,-1.,0.));
#7403=DIRECTION('center_axis',(0.,0.,-1.));
#7404=DIRECTION('ref_axis',(0.707106781186548,0.707106781186548,0.));
#7405=DIRECTION('',(1.,-2.46032803241032E-16,0.));
#7406=DIRECTION('center_axis',(0.,0.,-1.));
#7407=DIRECTION('ref_axis',(-0.707106781186548,0.707106781186548,0.));
#7408=DIRECTION('',(0.,1.,0.));
#7409=DIRECTION('center_axis',(0.,0.,1.));
#7410=DIRECTION('ref_axis',(0.707106781186548,-0.707106781186547,0.));
#7411=DIRECTION('',(-1.,0.,0.));
#7412=DIRECTION('center_axis',(0.,0.,1.));
#7413=DIRECTION('ref_axis',(0.,1.,0.));
#7414=DIRECTION('',(0.,1.,0.));
#7415=DIRECTION('center_axis',(0.,0.,1.));
#7416=DIRECTION('ref_axis',(0.,-1.,0.));
#7417=DIRECTION('',(1.,-6.12323399573677E-17,0.));
#7418=DIRECTION('',(1.09923071745065E-15,1.,0.));
#7419=DIRECTION('center_axis',(0.,0.,-1.));
#7420=DIRECTION('ref_axis',(0.707106781186549,-0.707106781186546,0.));
#7421=DIRECTION('',(1.,9.89307645705586E-16,0.));
#7422=DIRECTION('',(7.0490350769851E-16,1.,0.));
#7423=DIRECTION('',(1.,-5.78241158658935E-17,0.));
#7424=DIRECTION('',(-7.0490350769851E-16,1.,0.));
#7425=DIRECTION('',(-1.,9.89307645705586E-16,0.));
#7426=DIRECTION('center_axis',(0.,0.,1.));
#7427=DIRECTION('ref_axis',(-0.707106781186549,-0.707106781186546,0.));
#7428=DIRECTION('',(-1.09923071745065E-15,1.,0.));
#7429=DIRECTION('',(-1.,-6.12323399573677E-17,0.));
#7430=DIRECTION('',(-3.46944695195361E-16,-1.,0.));
#7431=DIRECTION('',(1.,7.66135847655878E-16,0.));
#7432=DIRECTION('',(-1.09923071745065E-15,1.,0.));
#7433=DIRECTION('center_axis',(0.,0.,1.));
#7434=DIRECTION('ref_axis',(-0.707106781186548,0.707106781186547,0.));
#7435=DIRECTION('',(1.,-2.1984614349013E-16,0.));
#7436=DIRECTION('',(-1.22464679914735E-16,1.,0.));
#7437=DIRECTION('',(-1.,0.,0.));
#7438=DIRECTION('',(1.22464679914735E-16,1.,0.));
#7439=DIRECTION('',(-1.,-2.1984614349013E-16,0.));
#7440=DIRECTION('center_axis',(0.,0.,-1.));
#7441=DIRECTION('ref_axis',(0.707106781186548,0.707106781186547,0.));
#7442=DIRECTION('',(1.09923071745065E-15,1.,0.));
#7443=DIRECTION('',(-1.,7.66135847655878E-16,0.));
#7444=DIRECTION('center_axis',(3.46944695195361E-16,1.,0.));
#7445=DIRECTION('ref_axis',(0.707106781186548,0.,0.707106781186547));
#7446=DIRECTION('center_axis',(6.12323399573677E-17,-1.,0.));
#7447=DIRECTION('ref_axis',(0.707106781186548,0.,0.707106781186547));
#7448=DIRECTION('',(3.46944695195361E-16,1.,0.));
#7449=DIRECTION('center_axis',(-7.66135847655878E-16,1.,0.));
#7450=DIRECTION('ref_axis',(0.707106781186548,0.,0.707106781186547));
#7451=DIRECTION('center_axis',(-1.,3.46944695195361E-16,0.));
#7452=DIRECTION('ref_axis',(3.46944695195361E-16,1.,0.));
#7453=DIRECTION('',(0.,0.,1.));
#7454=DIRECTION('',(0.,0.,-1.));
#7455=DIRECTION('',(3.46944695195361E-16,1.,0.));
#7456=DIRECTION('',(0.,0.,-1.));
#7457=DIRECTION('',(3.46944695195361E-16,1.,0.));
#7458=DIRECTION('',(0.,0.,-1.));
#7459=DIRECTION('',(3.46944695195361E-16,1.,0.));
#7460=DIRECTION('',(0.,0.,-1.));
#7461=DIRECTION('',(3.46944695195361E-16,1.,0.));
#7462=DIRECTION('',(0.,0.,1.));
#7463=DIRECTION('',(3.46944695195361E-16,1.,0.));
#7464=DIRECTION('center_axis',(1.,0.,0.));
#7465=DIRECTION('ref_axis',(0.,-0.707106781186548,0.707106781186547));
#7466=DIRECTION('center_axis',(-1.,-1.22464679914735E-16,0.));
#7467=DIRECTION('ref_axis',(0.,-0.707106781186548,0.707106781186547));
#7468=DIRECTION('',(1.,0.,0.));
#7469=DIRECTION('center_axis',(1.,-1.22464679914735E-16,0.));
#7470=DIRECTION('ref_axis',(0.,-0.707106781186548,0.707106781186547));
#7471=DIRECTION('center_axis',(0.,-1.,0.));
#7472=DIRECTION('ref_axis',(-1.,0.,0.));
#7473=DIRECTION('',(0.,0.,-1.));
#7474=DIRECTION('',(0.,0.,-1.));
#7475=DIRECTION('',(1.,0.,0.));
#7476=DIRECTION('',(0.,0.,-1.));
#7477=DIRECTION('',(1.,0.,0.));
#7478=DIRECTION('',(0.,0.,-1.));
#7479=DIRECTION('',(-1.,0.,0.));
#7480=DIRECTION('',(0.,0.,-1.));
#7481=DIRECTION('',(-1.,0.,0.));
#7482=DIRECTION('',(0.,0.,-1.));
#7483=DIRECTION('',(-1.,0.,0.));
#7484=DIRECTION('center_axis',(1.,-5.78241158658935E-17,0.));
#7485=DIRECTION('ref_axis',(0.,0.707106781186548,0.707106781186547));
#7486=DIRECTION('center_axis',(-1.,-7.0490350769851E-16,0.));
#7487=DIRECTION('ref_axis',(0.,0.707106781186548,0.707106781186547));
#7488=DIRECTION('center_axis',(1.,-7.0490350769851E-16,0.));
#7489=DIRECTION('ref_axis',(0.,0.707106781186548,0.707106781186547));
#7490=DIRECTION('',(-1.,5.78241158658935E-17,0.));
#7491=DIRECTION('center_axis',(-1.,0.,0.));
#7492=DIRECTION('ref_axis',(0.,-0.707106781186556,0.707106781186539));
#7493=DIRECTION('center_axis',(1.,0.,0.));
#7494=DIRECTION('ref_axis',(0.,0.,1.));
#7495=DIRECTION('',(1.,0.,0.));
#7496=DIRECTION('center_axis',(-1.,0.,0.));
#7497=DIRECTION('ref_axis',(0.,-1.,0.));
#7498=DIRECTION('center_axis',(0.,0.,-1.));
#7499=DIRECTION('ref_axis',(0.,-1.,0.));
#7500=DIRECTION('center_axis',(0.,0.,1.));
#7501=DIRECTION('ref_axis',(0.,-1.,0.));
#7502=DIRECTION('center_axis',(0.,-1.,0.));
#7503=DIRECTION('ref_axis',(0.,0.,-1.));
#7504=DIRECTION('',(-1.,0.,0.));
#7505=DIRECTION('',(0.,0.,-1.));
#7506=DIRECTION('',(1.,0.,0.));
#7507=DIRECTION('',(0.,0.,-1.));
#7508=DIRECTION('',(1.,0.,0.));
#7509=DIRECTION('center_axis',(0.,0.,-1.));
#7510=DIRECTION('ref_axis',(-1.,0.,0.));
#7511=DIRECTION('center_axis',(0.,0.,-1.));
#7512=DIRECTION('ref_axis',(-0.707106781186548,-0.707106781186547,0.));
#7513=DIRECTION('center_axis',(0.,-1.,0.));
#7514=DIRECTION('ref_axis',(1.,0.,0.));
#7515=DIRECTION('center_axis',(0.,-1.,0.));
#7516=DIRECTION('ref_axis',(0.707106781186556,0.,0.707106781186539));
#7517=DIRECTION('center_axis',(0.,-1.,0.));
#7518=DIRECTION('ref_axis',(1.,0.,6.93889390390722E-16));
#7519=DIRECTION('',(0.,1.,0.));
#7520=DIRECTION('center_axis',(0.,0.,-1.));
#7521=DIRECTION('ref_axis',(-1.,0.,0.));
#7522=DIRECTION('center_axis',(1.,1.11022302462518E-14,0.));
#7523=DIRECTION('ref_axis',(-1.11022302462518E-14,1.,0.));
#7524=DIRECTION('center_axis',(0.,0.,1.));
#7525=DIRECTION('ref_axis',(0.707106781186547,0.707106781186547,0.));
#7526=DIRECTION('center_axis',(1.,-2.46032803241032E-16,0.));
#7527=DIRECTION('ref_axis',(0.,0.707106781186556,0.707106781186539));
#7528=DIRECTION('center_axis',(1.,0.,0.));
#7529=DIRECTION('ref_axis',(0.,1.,0.));
#7530=DIRECTION('',(-1.,2.46032803241032E-16,0.));
#7531=DIRECTION('center_axis',(0.,0.,1.));
#7532=DIRECTION('ref_axis',(1.,0.,0.));
#7533=DIRECTION('center_axis',(-1.11022302462518E-14,1.,0.));
#7534=DIRECTION('ref_axis',(-1.,-1.11022302462518E-14,0.));
#7535=DIRECTION('center_axis',(0.,0.,1.));
#7536=DIRECTION('ref_axis',(-0.707106781186547,0.707106781186547,0.));
#7537=DIRECTION('center_axis',(0.,-1.,0.));
#7538=DIRECTION('ref_axis',(-0.707106781186556,0.,0.707106781186539));
#7539=DIRECTION('center_axis',(-5.55111512312578E-15,1.,0.));
#7540=DIRECTION('ref_axis',(-1.,-5.55111512312578E-15,0.));
#7541=DIRECTION('',(0.,-1.,0.));
#7542=DIRECTION('center_axis',(0.,0.,1.));
#7543=DIRECTION('ref_axis',(1.,0.,0.));
#7544=DIRECTION('center_axis',(0.,0.,-1.));
#7545=DIRECTION('ref_axis',(0.707106781186548,-0.707106781186547,0.));
#7546=DIRECTION('center_axis',(0.,0.,1.));
#7547=DIRECTION('ref_axis',(0.707106781186547,-0.707106781186548,0.));
#7548=DIRECTION('',(0.,0.,1.));
#7549=DIRECTION('center_axis',(0.,0.,-1.));
#7550=DIRECTION('ref_axis',(0.707106781186547,-0.707106781186548,0.));
#7551=DIRECTION('',(0.,0.,-1.));
#7552=DIRECTION('center_axis',(1.,0.,0.));
#7553=DIRECTION('ref_axis',(0.,-1.,0.));
#7554=DIRECTION('',(0.,0.,-1.));
#7555=DIRECTION('',(0.,-1.,0.));
#7556=DIRECTION('center_axis',(0.,0.,1.));
#7557=DIRECTION('ref_axis',(0.,1.,0.));
#7558=DIRECTION('',(0.,0.,1.));
#7559=DIRECTION('center_axis',(0.,0.,1.));
#7560=DIRECTION('ref_axis',(0.,1.,0.));
#7561=DIRECTION('center_axis',(2.46032803241032E-16,1.,0.));
#7562=DIRECTION('ref_axis',(1.,-2.46032803241032E-16,0.));
#7563=DIRECTION('',(0.,0.,1.));
#7564=DIRECTION('',(-1.,-2.46032803241032E-16,0.));
#7565=DIRECTION('center_axis',(0.,0.,-1.));
#7566=DIRECTION('ref_axis',(0.,1.,0.));
#7567=DIRECTION('',(0.,0.,-1.));
#7568=DIRECTION('center_axis',(0.,0.,-1.));
#7569=DIRECTION('ref_axis',(0.,1.,0.));
#7570=DIRECTION('center_axis',(1.,0.,0.));
#7571=DIRECTION('ref_axis',(0.,-1.,0.));
#7572=DIRECTION('',(0.,0.,1.));
#7573=DIRECTION('',(0.,-1.,0.));
#7574=DIRECTION('center_axis',(0.,0.,-1.));
#7575=DIRECTION('ref_axis',(-0.707106781186547,-0.707106781186548,0.));
#7576=DIRECTION('',(0.,0.,-1.));
#7577=DIRECTION('center_axis',(0.,0.,1.));
#7578=DIRECTION('ref_axis',(-0.707106781186547,-0.707106781186548,0.));
#7579=DIRECTION('',(0.,0.,1.));
#7580=DIRECTION('',(0.,0.,1.));
#7581=DIRECTION('',(0.,0.,1.));
#7582=DIRECTION('',(0.,0.,1.));
#7583=DIRECTION('',(0.,0.,1.));
#7584=DIRECTION('center_axis',(0.,1.,0.));
#7585=DIRECTION('ref_axis',(-1.,0.,0.));
#7586=DIRECTION('',(-1.,0.,0.));
#7587=DIRECTION('',(-1.,0.,0.));
#7588=DIRECTION('',(0.,0.,1.));
#7589=DIRECTION('center_axis',(0.,0.,-1.));
#7590=DIRECTION('ref_axis',(1.,0.,0.));
#7591=DIRECTION('',(-1.,2.46032803241032E-16,0.));
#7592=DIRECTION('center_axis',(0.,0.,1.));
#7593=DIRECTION('ref_axis',(0.,1.,0.));
#7594=DIRECTION('',(0.,1.,0.));
#7595=DIRECTION('center_axis',(0.,0.,-1.));
#7596=DIRECTION('ref_axis',(-0.707106781186547,-0.707106781186548,0.));
#7597=DIRECTION('',(-1.,0.,0.));
#7598=DIRECTION('center_axis',(0.,0.,1.));
#7599=DIRECTION('ref_axis',(0.707106781186546,0.707106781186549,0.));
#7600=DIRECTION('',(0.,1.,0.));
#7601=DIRECTION('center_axis',(0.,0.,1.));
#7602=DIRECTION('ref_axis',(0.707106781186544,-0.707106781186551,0.));
#7603=DIRECTION('',(-1.,0.,0.));
#7604=DIRECTION('center_axis',(0.,0.,-1.));
#7605=DIRECTION('ref_axis',(-0.707106781186544,-0.707106781186551,0.));
#7606=DIRECTION('',(0.,1.,0.));
#7607=DIRECTION('center_axis',(0.,0.,-1.));
#7608=DIRECTION('ref_axis',(-0.707106781186546,0.707106781186549,0.));
#7609=DIRECTION('',(1.,0.,0.));
#7610=DIRECTION('center_axis',(0.,0.,1.));
#7611=DIRECTION('ref_axis',(0.707106781186547,-0.707106781186548,0.));
#7612=DIRECTION('',(0.,1.,0.));
#7613=DIRECTION('center_axis',(0.,0.,-1.));
#7614=DIRECTION('ref_axis',(0.,1.,0.));
#7615=DIRECTION('',(0.736888445599893,0.676014362821807,0.));
#7616=DIRECTION('',(0.729869096361976,0.683586938271756,0.));
#7617=DIRECTION('',(-1.,3.05533159119904E-16,0.));
#7618=DIRECTION('',(-1.,0.,0.));
#7619=DIRECTION('',(-0.999997610176173,-0.00218623922342861,0.));
#7620=DIRECTION('',(-1.,0.,0.));
#7621=DIRECTION('center_axis',(0.,0.,-1.));
#7622=DIRECTION('ref_axis',(-1.,0.,0.));
#7623=DIRECTION('center_axis',(0.,0.,-1.));
#7624=DIRECTION('ref_axis',(-1.,0.,0.));
#7625=DIRECTION('center_axis',(0.,0.,-1.));
#7626=DIRECTION('ref_axis',(1.,0.,0.));
#7627=DIRECTION('center_axis',(0.,0.,-1.));
#7628=DIRECTION('ref_axis',(1.,0.,0.));
#7629=DIRECTION('center_axis',(-0.00218623922342861,0.999997610176173,0.));
#7630=DIRECTION('ref_axis',(-0.999997610176173,-0.00218623922342861,0.));
#7631=DIRECTION('',(-0.999997610176173,-0.00218623922342861,0.));
#7632=DIRECTION('',(0.,0.,1.));
#7633=DIRECTION('center_axis',(0.676014362821807,-0.736888445599893,0.));
#7634=DIRECTION('ref_axis',(0.736888445599893,0.676014362821807,0.));
#7635=DIRECTION('',(0.736888445599893,0.676014362821807,0.));
#7636=DIRECTION('',(0.,0.,1.));
#7637=DIRECTION('center_axis',(0.683586938271756,-0.729869096361976,0.));
#7638=DIRECTION('ref_axis',(0.729869096361976,0.683586938271756,0.));
#7639=DIRECTION('',(0.729869096361976,0.683586938271756,0.));
#7640=DIRECTION('',(0.,0.,1.));
#7641=DIRECTION('center_axis',(0.,1.,0.));
#7642=DIRECTION('ref_axis',(-1.,0.,0.));
#7643=DIRECTION('',(-1.,0.,0.));
#7644=DIRECTION('',(0.,0.,1.));
#7645=DIRECTION('',(0.,0.,1.));
#7646=DIRECTION('',(0.,0.,1.));
#7647=DIRECTION('',(0.,0.,1.));
#7648=DIRECTION('',(0.,0.,1.));
#7649=DIRECTION('',(0.,0.,1.));
#7650=DIRECTION('center_axis',(3.05533159119904E-16,1.,0.));
#7651=DIRECTION('ref_axis',(-1.,3.05533159119904E-16,0.));
#7652=DIRECTION('',(-1.,3.05533159119904E-16,0.));
#7653=DIRECTION('center_axis',(0.,0.,-1.));
#7654=DIRECTION('ref_axis',(-1.,0.,0.));
#7655=DIRECTION('',(0.,0.,1.));
#7656=DIRECTION('',(0.,0.,1.));
#7657=DIRECTION('',(0.,0.,1.));
#7658=DIRECTION('',(0.,0.,1.));
#7659=DIRECTION('',(0.,0.,1.));
#7660=DIRECTION('',(0.,0.,1.));
#7661=DIRECTION('center_axis',(0.,1.,0.));
#7662=DIRECTION('ref_axis',(-1.,0.,0.));
#7663=DIRECTION('',(-1.,0.,0.));
#7664=DIRECTION('center_axis',(0.,0.,-1.));
#7665=DIRECTION('ref_axis',(-1.,0.,0.));
#7666=DIRECTION('center_axis',(0.,0.,1.));
#7667=DIRECTION('ref_axis',(-0.707106781186546,0.707106781186549,0.));
#7668=DIRECTION('',(-0.707106781186546,0.,0.707106781186549));
#7669=DIRECTION('center_axis',(0.,0.,1.));
#7670=DIRECTION('ref_axis',(-0.707106781186546,0.707106781186549,0.));
#7671=DIRECTION('',(0.,0.707106781186548,0.707106781186547));
#7672=DIRECTION('center_axis',(0.,-0.707106781186546,0.707106781186549));
#7673=DIRECTION('ref_axis',(1.,0.,0.));
#7674=DIRECTION('',(-1.,0.,0.));
#7675=DIRECTION('',(0.,0.707106781186549,0.707106781186546));
#7676=DIRECTION('center_axis',(0.,0.,-1.));
#7677=DIRECTION('ref_axis',(0.707106781186547,-0.707106781186548,0.));
#7678=DIRECTION('',(-0.707106781186549,0.,0.707106781186546));
#7679=DIRECTION('center_axis',(0.707106781186549,0.,0.707106781186546));
#7680=DIRECTION('ref_axis',(0.707106781186546,0.,-0.707106781186549));
#7681=DIRECTION('',(-0.707106781186546,0.,0.707106781186549));
#7682=DIRECTION('center_axis',(0.,0.,1.));
#7683=DIRECTION('ref_axis',(0.,1.,0.));
#7684=DIRECTION('',(0.,0.707106781186546,0.707106781186549));
#7685=DIRECTION('center_axis',(0.707106781186549,0.,0.707106781186546));
#7686=DIRECTION('ref_axis',(0.707106781186546,0.,-0.707106781186549));
#7687=DIRECTION('',(0.707106781186546,0.,-0.707106781186549));
#7688=DIRECTION('',(0.,-1.,0.));
#7689=DIRECTION('center_axis',(0.707106781186549,0.,0.707106781186546));
#7690=DIRECTION('ref_axis',(0.707106781186546,3.70304825161268E-17,-0.707106781186549));
#7691=DIRECTION('',(-0.644710818692432,-0.410726089409799,0.644710818692434));
#7692=DIRECTION('',(0.473306150771123,-0.74294183842643,-0.473306150771125));
#7693=DIRECTION('',(-0.621514878291988,-0.476905139543901,0.62151487829199));
#7694=DIRECTION('',(0.51998794185302,-0.677661479394334,-0.519987941853022));
#7695=DIRECTION('',(-0.593426057451646,-0.543774795917197,0.593426057451648));
#7696=DIRECTION('',(0.559808787677353,-0.610924088965579,-0.559808787677355));
#7697=DIRECTION('',(-0.559808787677353,-0.610924088965578,0.559808787677355));
#7698=DIRECTION('',(0.593426057451646,-0.543774795917197,-0.593426057451648));
#7699=DIRECTION('',(-0.519987941853021,-0.677661479394334,0.519987941853022));
#7700=DIRECTION('',(0.621514878291988,-0.476905139543901,-0.62151487829199));
#7701=DIRECTION('',(-0.473306150771124,-0.74294183842643,0.473306150771125));
#7702=DIRECTION('',(0.644710818692432,-0.410726089409799,-0.644710818692434));
#7703=DIRECTION('',(-0.419215459841757,-0.805305405706014,0.419215459841758));
#7704=DIRECTION('center_axis',(0.707106781186549,0.,0.707106781186546));
#7705=DIRECTION('ref_axis',(0.707106781186546,3.70304825161268E-17,-0.707106781186549));
#7706=DIRECTION('',(0.,-1.,0.));
#7707=DIRECTION('center_axis',(0.,0.,1.));
#7708=DIRECTION('ref_axis',(-0.707106781186544,-0.707106781186551,0.));
#7709=DIRECTION('',(0.,0.707106781186546,-0.707106781186549));
#7710=DIRECTION('center_axis',(0.,0.,1.));
#7711=DIRECTION('ref_axis',(-0.707106781186544,-0.707106781186551,0.));
#7712=DIRECTION('center_axis',(-0.707106781186548,0.683012701892219,-0.183012701892219));
#7713=DIRECTION('ref_axis',(-0.707106781186548,-0.683012701892219,0.183012701892219));
#7714=DIRECTION('',(0.0868265938642476,0.340728483766235,0.936143815312741));
#7715=DIRECTION('',(0.,-0.258819045102521,-0.965925826289068));
#7716=DIRECTION('center_axis',(0.707106781186548,0.683012701892219,-0.18301270189222));
#7717=DIRECTION('ref_axis',(-0.707106781186548,0.683012701892219,-0.18301270189222));
#7718=DIRECTION('center_axis',(-1.,0.,0.));
#7719=DIRECTION('ref_axis',(0.,-0.173648177666931,-0.984807753012208));
#7720=DIRECTION('center_axis',(1.,0.,0.));
#7721=DIRECTION('ref_axis',(0.,-0.173648177666931,-0.984807753012208));
#7722=DIRECTION('center_axis',(-0.707106781186548,0.704416026402759,-0.0616284167162196));
#7723=DIRECTION('ref_axis',(-0.707106781186547,-0.704416026402759,0.0616284167162196));
#7724=DIRECTION('',(0.,-0.0871557427476585,-0.996194698091746));
#7725=DIRECTION('center_axis',(0.707106781186548,0.704416026402759,-0.0616284167162195));
#7726=DIRECTION('ref_axis',(-0.707106781186547,0.704416026402759,-0.0616284167162194));
#7727=DIRECTION('center_axis',(-1.,0.,0.));
#7728=DIRECTION('ref_axis',(0.,-1.22464679914735E-16,-1.));
#7729=DIRECTION('center_axis',(1.,0.,0.));
#7730=DIRECTION('ref_axis',(0.,-1.22464679914735E-16,-1.));
#7731=DIRECTION('center_axis',(-0.707106781186548,0.704416026402759,0.0616284167162193));
#7732=DIRECTION('ref_axis',(-0.707106781186548,-0.704416026402759,-0.0616284167162193));
#7733=DIRECTION('',(0.,0.0871557427476581,-0.996194698091746));
#7734=DIRECTION('center_axis',(0.707106781186548,0.704416026402759,0.0616284167162192));
#7735=DIRECTION('ref_axis',(-0.707106781186548,0.704416026402759,0.0616284167162191));
#7736=DIRECTION('center_axis',(-1.,0.,0.));
#7737=DIRECTION('ref_axis',(0.,0.17364817766693,-0.984807753012208));
#7738=DIRECTION('center_axis',(1.,0.,0.));
#7739=DIRECTION('ref_axis',(0.,0.17364817766693,-0.984807753012208));
#7740=DIRECTION('center_axis',(-0.707106781186548,0.683012701892219,0.183012701892219));
#7741=DIRECTION('ref_axis',(-0.707106781186547,-0.683012701892219,-0.183012701892219));
#7742=DIRECTION('',(0.,0.25881904510252,-0.965925826289068));
#7743=DIRECTION('center_axis',(0.707106781186548,0.683012701892219,0.183012701892219));
#7744=DIRECTION('ref_axis',(-0.707106781186547,0.683012701892219,0.183012701892219));
#7745=DIRECTION('',(0.0868265938642476,-0.340728483766235,0.936143815312741));
#7746=DIRECTION('center_axis',(-0.707106781186548,0.640856382055789,0.29883623873012));
#7747=DIRECTION('ref_axis',(-0.707106781186548,-0.640856382055789,-0.29883623873012));
#7748=DIRECTION('',(0.,0.422618261740699,-0.90630778703665));
#7749=DIRECTION('center_axis',(0.707106781186548,0.640856382055789,0.29883623873012));
#7750=DIRECTION('ref_axis',(-0.707106781186547,0.640856382055789,0.29883623873012));
#7751=DIRECTION('',(0.0868265938642476,-0.498111720048307,0.862754806969193));
#7752=DIRECTION('center_axis',(-0.707106781186548,0.579227965339569,0.405579787672639));
#7753=DIRECTION('ref_axis',(-0.707106781186547,-0.579227965339569,-0.405579787672639));
#7754=DIRECTION('',(0.,0.573576436351046,-0.819152044288992));
#7755=DIRECTION('center_axis',(-0.707106781186548,0.579227965339569,0.405579787672639));
#7756=DIRECTION('ref_axis',(-0.707106781186548,-0.579227965339569,-0.405579787672639));
#7757=DIRECTION('center_axis',(0.,0.,1.));
#7758=DIRECTION('ref_axis',(-0.707106781186544,-0.707106781186551,0.));
#7759=DIRECTION('',(0.,0.,1.));
#7760=DIRECTION('center_axis',(1.,0.,0.));
#7761=DIRECTION('ref_axis',(0.,0.,1.));
#7762=DIRECTION('center_axis',(1.,0.,0.));
#7763=DIRECTION('ref_axis',(0.,4.1895208476421E-16,1.));
#7764=DIRECTION('center_axis',(-1.,0.,0.));
#7765=DIRECTION('ref_axis',(0.,4.1895208476421E-16,1.));
#7766=DIRECTION('center_axis',(-1.,0.,0.));
#7767=DIRECTION('ref_axis',(0.,-1.04738021191052E-15,1.));
#7768=DIRECTION('',(-1.,0.,0.));
#7769=DIRECTION('center_axis',(-1.,0.,0.));
#7770=DIRECTION('ref_axis',(0.,0.766044443118978,-0.642787609686539));
#7771=DIRECTION('center_axis',(0.707106781186548,0.5,0.5));
#7772=DIRECTION('ref_axis',(-0.707106781186547,0.5,0.5));
#7773=DIRECTION('center_axis',(-0.707106781186548,0.405579787672639,0.579227965339569));
#7774=DIRECTION('ref_axis',(-0.707106781186547,-0.405579787672639,-0.579227965339569));
#7775=DIRECTION('center_axis',(0.707106781186548,0.405579787672639,0.579227965339569));
#7776=DIRECTION('ref_axis',(-0.707106781186548,0.405579787672639,0.579227965339569));
#7777=DIRECTION('center_axis',(-0.707106781186548,0.29883623873012,0.640856382055788));
#7778=DIRECTION('ref_axis',(-0.707106781186548,-0.29883623873012,-0.640856382055788));
#7779=DIRECTION('center_axis',(0.707106781186548,0.29883623873012,0.640856382055788));
#7780=DIRECTION('ref_axis',(-0.707106781186547,0.29883623873012,0.640856382055788));
#7781=DIRECTION('center_axis',(-0.707106781186548,0.18301270189222,0.683012701892219));
#7782=DIRECTION('ref_axis',(-0.707106781186548,-0.18301270189222,-0.683012701892219));
#7783=DIRECTION('center_axis',(0.707106781186548,0.183012701892219,0.683012701892219));
#7784=DIRECTION('ref_axis',(-0.707106781186548,0.183012701892219,0.683012701892219));
#7785=DIRECTION('center_axis',(-0.707106781186548,0.0616284167162193,0.704416026402759));
#7786=DIRECTION('ref_axis',(-0.707106781186547,-0.0616284167162194,-0.704416026402759));
#7787=DIRECTION('center_axis',(0.707106781186548,0.0616284167162195,0.704416026402759));
#7788=DIRECTION('ref_axis',(-0.707106781186548,0.0616284167162195,0.704416026402759));
#7789=DIRECTION('center_axis',(-0.707106781186548,-0.0616284167162192,0.704416026402759));
#7790=DIRECTION('ref_axis',(-0.707106781186548,0.0616284167162192,-0.704416026402759));
#7791=DIRECTION('center_axis',(0.707106781186548,-0.0616284167162191,0.704416026402759));
#7792=DIRECTION('ref_axis',(0.707106781186548,0.0616284167162192,-0.704416026402759));
#7793=DIRECTION('center_axis',(-0.707106781186548,-0.183012701892219,0.683012701892219));
#7794=DIRECTION('ref_axis',(-0.707106781186548,0.183012701892219,-0.683012701892219));
#7795=DIRECTION('center_axis',(0.707106781186548,-0.183012701892219,0.683012701892219));
#7796=DIRECTION('ref_axis',(0.707106781186548,0.183012701892219,-0.68301270189222));
#7797=DIRECTION('center_axis',(-0.707106781186547,-0.298836238730119,0.640856382055789));
#7798=DIRECTION('ref_axis',(-0.707106781186548,0.298836238730119,-0.640856382055789));
#7799=DIRECTION('center_axis',(0.707106781186548,-0.29883623873012,0.640856382055789));
#7800=DIRECTION('ref_axis',(0.707106781186548,0.29883623873012,-0.640856382055789));
#7801=DIRECTION('center_axis',(-0.707106781186548,-0.405579787672639,0.579227965339569));
#7802=DIRECTION('ref_axis',(-0.707106781186548,0.405579787672639,-0.579227965339569));
#7803=DIRECTION('center_axis',(0.707106781186548,-0.405579787672639,0.579227965339569));
#7804=DIRECTION('ref_axis',(0.707106781186548,0.405579787672639,-0.579227965339569));
#7805=DIRECTION('center_axis',(-0.707106781186548,-0.5,0.5));
#7806=DIRECTION('ref_axis',(-0.707106781186547,0.5,-0.5));
#7807=DIRECTION('center_axis',(0.707106781186548,-0.5,0.5));
#7808=DIRECTION('ref_axis',(0.707106781186547,0.5,-0.5));
#7809=DIRECTION('center_axis',(-0.707106781186548,-0.579227965339569,0.405579787672639));
#7810=DIRECTION('ref_axis',(-0.707106781186547,0.579227965339569,-0.405579787672639));
#7811=DIRECTION('center_axis',(0.707106781186547,-0.579227965339569,0.405579787672639));
#7812=DIRECTION('ref_axis',(0.707106781186547,0.579227965339569,-0.405579787672639));
#7813=DIRECTION('center_axis',(-0.707106781186548,-0.640856382055788,0.29883623873012));
#7814=DIRECTION('ref_axis',(-0.707106781186548,0.640856382055788,-0.29883623873012));
#7815=DIRECTION('center_axis',(0.707106781186548,-0.640856382055788,0.29883623873012));
#7816=DIRECTION('ref_axis',(0.707106781186548,0.640856382055788,-0.29883623873012));
#7817=DIRECTION('center_axis',(-0.707106781186547,-0.683012701892219,0.18301270189222));
#7818=DIRECTION('ref_axis',(-0.707106781186548,0.683012701892219,-0.18301270189222));
#7819=DIRECTION('center_axis',(0.707106781186548,-0.683012701892219,0.183012701892219));
#7820=DIRECTION('ref_axis',(0.707106781186548,0.683012701892219,-0.183012701892219));
#7821=DIRECTION('center_axis',(-0.707106781186548,-0.704416026402759,0.0616284167162194));
#7822=DIRECTION('ref_axis',(-0.707106781186548,0.704416026402759,-0.0616284167162194));
#7823=DIRECTION('center_axis',(0.707106781186548,-0.704416026402759,0.0616284167162194));
#7824=DIRECTION('ref_axis',(0.707106781186548,0.704416026402759,-0.0616284167162194));
#7825=DIRECTION('center_axis',(-0.707106781186548,-0.704416026402759,-0.0616284167162194));
#7826=DIRECTION('ref_axis',(-0.707106781186548,0.704416026402759,0.0616284167162194));
#7827=DIRECTION('center_axis',(0.707106781186548,-0.704416026402759,-0.0616284167162193));
#7828=DIRECTION('ref_axis',(0.707106781186548,0.704416026402759,0.0616284167162193));
#7829=DIRECTION('center_axis',(-0.707106781186548,-0.683012701892219,-0.183012701892219));
#7830=DIRECTION('ref_axis',(-0.707106781186548,0.683012701892219,0.183012701892219));
#7831=DIRECTION('center_axis',(0.707106781186548,-0.683012701892219,-0.183012701892219));
#7832=DIRECTION('ref_axis',(0.707106781186547,0.683012701892219,0.183012701892219));
#7833=DIRECTION('center_axis',(-0.707106781186548,-0.640856382055789,-0.29883623873012));
#7834=DIRECTION('ref_axis',(-0.707106781186548,0.640856382055789,0.29883623873012));
#7835=DIRECTION('center_axis',(0.707106781186548,-0.640856382055789,-0.29883623873012));
#7836=DIRECTION('ref_axis',(0.707106781186548,0.640856382055789,0.29883623873012));
#7837=DIRECTION('center_axis',(-0.707106781186548,-0.579227965339569,-0.405579787672639));
#7838=DIRECTION('ref_axis',(-0.707106781186547,0.579227965339569,0.405579787672639));
#7839=DIRECTION('center_axis',(0.707106781186548,-0.579227965339569,-0.405579787672639));
#7840=DIRECTION('ref_axis',(0.707106781186548,0.579227965339569,0.405579787672639));
#7841=DIRECTION('center_axis',(-0.707106781186548,-0.5,-0.5));
#7842=DIRECTION('ref_axis',(-0.707106781186547,0.5,0.5));
#7843=DIRECTION('center_axis',(0.707106781186548,-0.5,-0.5));
#7844=DIRECTION('ref_axis',(0.707106781186547,0.5,0.5));
#7845=DIRECTION('center_axis',(-0.707106781186548,-0.405579787672639,-0.579227965339569));
#7846=DIRECTION('ref_axis',(-0.707106781186548,0.405579787672639,0.579227965339569));
#7847=DIRECTION('center_axis',(0.707106781186548,-0.405579787672639,-0.579227965339569));
#7848=DIRECTION('ref_axis',(0.707106781186548,0.405579787672639,0.579227965339569));
#7849=DIRECTION('center_axis',(-0.707106781186548,-0.29883623873012,-0.640856382055789));
#7850=DIRECTION('ref_axis',(-0.707106781186548,0.29883623873012,0.640856382055789));
#7851=DIRECTION('center_axis',(0.707106781186548,-0.29883623873012,-0.640856382055789));
#7852=DIRECTION('ref_axis',(0.707106781186548,0.29883623873012,0.640856382055789));
#7853=DIRECTION('center_axis',(-0.707106781186548,-0.183012701892219,-0.683012701892219));
#7854=DIRECTION('ref_axis',(-0.707106781186548,0.183012701892219,0.683012701892219));
#7855=DIRECTION('center_axis',(0.707106781186548,-0.183012701892219,-0.683012701892219));
#7856=DIRECTION('ref_axis',(0.707106781186548,0.183012701892219,0.683012701892219));
#7857=DIRECTION('center_axis',(-0.707106781186548,-0.0616284167162194,-0.704416026402759));
#7858=DIRECTION('ref_axis',(-0.707106781186547,0.0616284167162193,0.704416026402759));
#7859=DIRECTION('center_axis',(0.707106781186548,-0.0616284167162194,-0.704416026402759));
#7860=DIRECTION('ref_axis',(0.707106781186548,0.0616284167162195,0.704416026402759));
#7861=DIRECTION('center_axis',(-0.707106781186548,0.0616284167162193,-0.704416026402759));
#7862=DIRECTION('ref_axis',(0.707106781186548,0.0616284167162193,-0.704416026402759));
#7863=DIRECTION('center_axis',(0.707106781186548,0.0616284167162193,-0.704416026402759));
#7864=DIRECTION('ref_axis',(-0.707106781186547,0.0616284167162194,-0.704416026402759));
#7865=DIRECTION('center_axis',(-0.707106781186548,0.183012701892219,-0.683012701892219));
#7866=DIRECTION('ref_axis',(-0.707106781186548,-0.183012701892219,0.683012701892219));
#7867=DIRECTION('center_axis',(0.707106781186548,0.183012701892219,-0.683012701892219));
#7868=DIRECTION('ref_axis',(-0.707106781186547,0.183012701892219,-0.683012701892219));
#7869=DIRECTION('center_axis',(-0.707106781186548,0.29883623873012,-0.640856382055789));
#7870=DIRECTION('ref_axis',(-0.707106781186547,-0.29883623873012,0.640856382055789));
#7871=DIRECTION('center_axis',(0.707106781186548,0.29883623873012,-0.640856382055789));
#7872=DIRECTION('ref_axis',(-0.707106781186547,0.29883623873012,-0.640856382055789));
#7873=DIRECTION('center_axis',(-0.707106781186548,0.405579787672639,-0.579227965339569));
#7874=DIRECTION('ref_axis',(-0.707106781186547,-0.405579787672639,0.579227965339569));
#7875=DIRECTION('center_axis',(0.707106781186548,0.405579787672639,-0.579227965339569));
#7876=DIRECTION('ref_axis',(-0.707106781186548,0.405579787672639,-0.579227965339569));
#7877=DIRECTION('center_axis',(-0.707106781186548,0.5,-0.5));
#7878=DIRECTION('ref_axis',(-0.707106781186547,-0.5,0.5));
#7879=DIRECTION('center_axis',(-1.,0.,0.));
#7880=DIRECTION('ref_axis',(0.,-0.766044443118978,-0.642787609686539));
#7881=DIRECTION('center_axis',(0.,0.,-1.));
#7882=DIRECTION('ref_axis',(-0.707106781186546,0.707106781186549,0.));
#7883=DIRECTION('',(0.,0.,-1.));
#7884=DIRECTION('',(0.,0.,1.));
#7885=DIRECTION('center_axis',(-0.707106781186548,-0.704416026402759,0.0616284167162194));
#7886=DIRECTION('ref_axis',(-0.707106781186548,0.704416026402759,-0.0616284167162194));
#7887=DIRECTION('',(0.0868265938642476,-0.172992384921858,-0.981088567539639));
#7888=DIRECTION('',(0.,-0.0871557427476582,-0.996194698091746));
#7889=DIRECTION('center_axis',(-1.,0.,0.));
#7890=DIRECTION('ref_axis',(0.,0.17364817766693,0.984807753012208));
#7891=DIRECTION('center_axis',(1.,0.,0.));
#7892=DIRECTION('ref_axis',(0.,0.17364817766693,0.984807753012208));
#7893=DIRECTION('center_axis',(0.707106781186548,-0.683012701892219,0.183012701892219));
#7894=DIRECTION('ref_axis',(-0.707106781186547,-0.683012701892219,0.183012701892219));
#7895=DIRECTION('',(0.,0.258819045102521,0.965925826289068));
#7896=DIRECTION('center_axis',(1.,0.,0.));
#7897=DIRECTION('ref_axis',(0.,0.,-1.));
#7898=DIRECTION('center_axis',(1.,0.,0.));
#7899=DIRECTION('ref_axis',(0.,0.342020143325669,0.939692620785908));
#7900=DIRECTION('center_axis',(1.,0.,0.));
#7901=DIRECTION('ref_axis',(0.,0.5,0.866025403784438));
#7902=DIRECTION('center_axis',(1.,0.,0.));
#7903=DIRECTION('ref_axis',(0.,0.64278760968654,0.766044443118978));
#7904=DIRECTION('center_axis',(1.,0.,0.));
#7905=DIRECTION('ref_axis',(0.,0.766044443118978,0.642787609686539));
#7906=DIRECTION('center_axis',(1.,0.,0.));
#7907=DIRECTION('ref_axis',(0.,0.866025403784439,0.5));
#7908=DIRECTION('center_axis',(1.,0.,0.));
#7909=DIRECTION('ref_axis',(0.,0.939692620785909,0.342020143325668));
#7910=DIRECTION('center_axis',(1.,0.,0.));
#7911=DIRECTION('ref_axis',(0.,0.984807753012208,0.17364817766693));
#7912=DIRECTION('center_axis',(1.,0.,0.));
#7913=DIRECTION('ref_axis',(0.,1.,-1.83697019872103E-16));
#7914=DIRECTION('center_axis',(1.,0.,0.));
#7915=DIRECTION('ref_axis',(0.,0.984807753012208,-0.17364817766693));
#7916=DIRECTION('center_axis',(1.,0.,0.));
#7917=DIRECTION('ref_axis',(0.,0.939692620785908,-0.342020143325669));
#7918=DIRECTION('center_axis',(1.,0.,0.));
#7919=DIRECTION('ref_axis',(0.,0.866025403784438,-0.5));
#7920=DIRECTION('center_axis',(1.,0.,0.));
#7921=DIRECTION('ref_axis',(0.,0.766044443118978,-0.642787609686539));
#7922=DIRECTION('center_axis',(1.,0.,0.));
#7923=DIRECTION('ref_axis',(0.,0.642787609686539,-0.766044443118978));
#7924=DIRECTION('center_axis',(1.,0.,0.));
#7925=DIRECTION('ref_axis',(0.,0.5,-0.866025403784439));
#7926=DIRECTION('center_axis',(1.,0.,0.));
#7927=DIRECTION('ref_axis',(0.,0.342020143325669,-0.939692620785908));
#7928=DIRECTION('center_axis',(1.,0.,0.));
#7929=DIRECTION('ref_axis',(0.,-0.342020143325669,-0.939692620785908));
#7930=DIRECTION('center_axis',(1.,0.,0.));
#7931=DIRECTION('ref_axis',(0.,-0.5,-0.866025403784439));
#7932=DIRECTION('center_axis',(1.,0.,0.));
#7933=DIRECTION('ref_axis',(0.,-0.642787609686539,-0.766044443118978));
#7934=DIRECTION('center_axis',(1.,0.,0.));
#7935=DIRECTION('ref_axis',(0.,-0.766044443118978,-0.642787609686539));
#7936=DIRECTION('center_axis',(1.,0.,0.));
#7937=DIRECTION('ref_axis',(0.,-0.866025403784439,-0.5));
#7938=DIRECTION('center_axis',(1.,0.,0.));
#7939=DIRECTION('ref_axis',(0.,-0.939692620785908,-0.342020143325669));
#7940=DIRECTION('center_axis',(1.,0.,0.));
#7941=DIRECTION('ref_axis',(0.,-0.984807753012208,-0.17364817766693));
#7942=DIRECTION('center_axis',(1.,0.,0.));
#7943=DIRECTION('ref_axis',(0.,-1.,6.12323399573677E-17));
#7944=DIRECTION('center_axis',(1.,0.,0.));
#7945=DIRECTION('ref_axis',(0.,-0.984807753012208,0.17364817766693));
#7946=DIRECTION('center_axis',(1.,0.,0.));
#7947=DIRECTION('ref_axis',(0.,-0.939692620785908,0.342020143325669));
#7948=DIRECTION('center_axis',(1.,0.,0.));
#7949=DIRECTION('ref_axis',(0.,-0.866025403784439,0.5));
#7950=DIRECTION('center_axis',(1.,0.,0.));
#7951=DIRECTION('ref_axis',(0.,-0.766044443118978,0.642787609686539));
#7952=DIRECTION('center_axis',(1.,0.,0.));
#7953=DIRECTION('ref_axis',(0.,-0.642787609686539,0.766044443118978));
#7954=DIRECTION('center_axis',(1.,0.,0.));
#7955=DIRECTION('ref_axis',(0.,-0.5,0.866025403784439));
#7956=DIRECTION('center_axis',(1.,0.,0.));
#7957=DIRECTION('ref_axis',(0.,-0.342020143325669,0.939692620785908));
#7958=DIRECTION('center_axis',(1.,0.,0.));
#7959=DIRECTION('ref_axis',(0.,-0.17364817766693,0.984807753012208));
#7960=DIRECTION('center_axis',(1.,0.,0.));
#7961=DIRECTION('ref_axis',(0.,0.,1.));
#7962=DIRECTION('center_axis',(-1.,0.,0.));
#7963=DIRECTION('ref_axis',(0.,1.,0.));
#7964=DIRECTION('center_axis',(-0.707106781186547,-0.683012701892219,0.18301270189222));
#7965=DIRECTION('ref_axis',(-0.707106781186548,0.683012701892219,-0.18301270189222));
#7966=DIRECTION('',(0.0868265938642476,-0.340728483766235,-0.936143815312741));
#7967=DIRECTION('center_axis',(-1.,0.,0.));
#7968=DIRECTION('ref_axis',(0.,0.342020143325669,0.939692620785908));
#7969=DIRECTION('center_axis',(0.707106781186548,-0.640856382055788,0.29883623873012));
#7970=DIRECTION('ref_axis',(-0.707106781186548,-0.640856382055788,0.29883623873012));
#7971=DIRECTION('',(0.,0.4226182617407,0.90630778703665));
#7972=DIRECTION('center_axis',(-0.707106781186548,-0.640856382055788,0.29883623873012));
#7973=DIRECTION('ref_axis',(-0.707106781186547,0.640856382055788,-0.29883623873012));
#7974=DIRECTION('',(0.0868265938642476,-0.498111720048308,-0.862754806969193));
#7975=DIRECTION('center_axis',(-1.,0.,0.));
#7976=DIRECTION('ref_axis',(0.,0.500000000000001,0.866025403784438));
#7977=DIRECTION('center_axis',(0.707106781186547,-0.579227965339569,0.405579787672639));
#7978=DIRECTION('ref_axis',(-0.707106781186548,-0.579227965339569,0.405579787672639));
#7979=DIRECTION('',(0.,0.573576436351046,0.819152044288992));
#7980=DIRECTION('center_axis',(-0.707106781186548,-0.579227965339569,0.405579787672639));
#7981=DIRECTION('ref_axis',(-0.707106781186548,0.579227965339569,-0.405579787672639));
#7982=DIRECTION('',(0.0868265938642476,-0.640360083773404,-0.763151430390884));
#7983=DIRECTION('center_axis',(-1.,0.,0.));
#7984=DIRECTION('ref_axis',(0.,0.64278760968654,0.766044443118978));
#7985=DIRECTION('center_axis',(0.707106781186548,-0.5,0.5));
#7986=DIRECTION('ref_axis',(-0.707106781186548,-0.5,0.5));
#7987=DIRECTION('',(0.,0.707106781186548,0.707106781186547));
#7988=DIRECTION('center_axis',(-0.707106781186548,-0.5,0.5));
#7989=DIRECTION('ref_axis',(-0.707106781186548,0.5,-0.5));
#7990=DIRECTION('',(0.0868265938642475,-0.763151430390884,-0.640360083773404));
#7991=DIRECTION('center_axis',(-1.,0.,0.));
#7992=DIRECTION('ref_axis',(0.,0.766044443118978,0.642787609686539));
#7993=DIRECTION('center_axis',(0.707106781186548,-0.405579787672639,0.579227965339569));
#7994=DIRECTION('ref_axis',(-0.707106781186547,-0.405579787672639,0.579227965339569));
#7995=DIRECTION('',(0.,0.819152044288992,0.573576436351046));
#7996=DIRECTION('center_axis',(-0.707106781186548,-0.405579787672639,0.579227965339569));
#7997=DIRECTION('ref_axis',(-0.707106781186548,0.405579787672639,-0.579227965339569));
#7998=DIRECTION('',(0.0868265938642475,-0.862754806969193,-0.498111720048307));
#7999=DIRECTION('center_axis',(-1.,0.,0.));
#8000=DIRECTION('ref_axis',(0.,0.866025403784438,0.5));
#8001=DIRECTION('center_axis',(0.707106781186548,-0.29883623873012,0.640856382055789));
#8002=DIRECTION('ref_axis',(-0.707106781186548,-0.29883623873012,0.640856382055789));
#8003=DIRECTION('',(0.,0.90630778703665,0.422618261740699));
#8004=DIRECTION('center_axis',(-0.707106781186547,-0.298836238730119,0.640856382055789));
#8005=DIRECTION('ref_axis',(-0.707106781186548,0.298836238730119,-0.640856382055789));
#8006=DIRECTION('',(0.0868265938642476,-0.936143815312741,-0.340728483766234));
#8007=DIRECTION('center_axis',(-1.,0.,0.));
#8008=DIRECTION('ref_axis',(0.,0.939692620785909,0.342020143325668));
#8009=DIRECTION('center_axis',(0.707106781186548,-0.183012701892219,0.683012701892219));
#8010=DIRECTION('ref_axis',(-0.707106781186547,-0.183012701892219,0.683012701892219));
#8011=DIRECTION('',(0.,0.965925826289068,0.25881904510252));
#8012=DIRECTION('center_axis',(-0.707106781186548,-0.183012701892219,0.683012701892219));
#8013=DIRECTION('ref_axis',(-0.707106781186547,0.183012701892219,-0.683012701892219));
#8014=DIRECTION('',(0.0868265938642476,-0.981088567539639,-0.172992384921857));
#8015=DIRECTION('center_axis',(-1.,0.,0.));
#8016=DIRECTION('ref_axis',(0.,0.984807753012208,0.17364817766693));
#8017=DIRECTION('center_axis',(0.707106781186548,-0.0616284167162191,0.704416026402759));
#8018=DIRECTION('ref_axis',(-0.707106781186548,-0.0616284167162191,0.704416026402759));
#8019=DIRECTION('',(0.,0.996194698091746,0.087155742747658));
#8020=DIRECTION('center_axis',(-0.707106781186548,-0.0616284167162192,0.704416026402759));
#8021=DIRECTION('ref_axis',(-0.707106781186548,0.0616284167162192,-0.704416026402759));
#8022=DIRECTION('',(0.0868265938642476,-0.996223440096615,1.66538258482783E-16));
#8023=DIRECTION('center_axis',(-1.,0.,0.));
#8024=DIRECTION('ref_axis',(0.,1.,-1.83697019872103E-16));
#8025=DIRECTION('center_axis',(0.707106781186548,0.0616284167162195,0.704416026402759));
#8026=DIRECTION('ref_axis',(-0.707106781186548,0.0616284167162195,0.704416026402759));
#8027=DIRECTION('',(0.,0.996194698091746,-0.0871557427476581));
#8028=DIRECTION('center_axis',(-0.707106781186548,0.0616284167162193,0.704416026402759));
#8029=DIRECTION('ref_axis',(-0.707106781186547,-0.0616284167162193,-0.704416026402759));
#8030=DIRECTION('',(0.0868265938642476,-0.981088567539639,0.172992384921857));
#8031=DIRECTION('center_axis',(-1.,0.,0.));
#8032=DIRECTION('ref_axis',(0.,0.984807753012208,-0.17364817766693));
#8033=DIRECTION('center_axis',(0.707106781186548,0.183012701892219,0.683012701892219));
#8034=DIRECTION('ref_axis',(-0.707106781186547,0.183012701892219,0.683012701892219));
#8035=DIRECTION('',(0.,0.965925826289068,-0.258819045102521));
#8036=DIRECTION('center_axis',(-0.707106781186548,0.18301270189222,0.683012701892219));
#8037=DIRECTION('ref_axis',(-0.707106781186547,-0.18301270189222,-0.683012701892219));
#8038=DIRECTION('',(0.0868265938642476,-0.936143815312741,0.340728483766235));
#8039=DIRECTION('center_axis',(-1.,0.,0.));
#8040=DIRECTION('ref_axis',(0.,0.939692620785908,-0.342020143325669));
#8041=DIRECTION('center_axis',(0.707106781186548,0.29883623873012,0.640856382055788));
#8042=DIRECTION('ref_axis',(-0.707106781186547,0.29883623873012,0.640856382055788));
#8043=DIRECTION('',(0.,0.90630778703665,-0.4226182617407));
#8044=DIRECTION('center_axis',(-0.707106781186548,0.29883623873012,0.640856382055788));
#8045=DIRECTION('ref_axis',(-0.707106781186547,-0.29883623873012,-0.640856382055788));
#8046=DIRECTION('',(0.0868265938642476,-0.862754806969193,0.498111720048308));
#8047=DIRECTION('center_axis',(-1.,0.,0.));
#8048=DIRECTION('ref_axis',(0.,0.866025403784438,-0.500000000000001));
#8049=DIRECTION('center_axis',(0.707106781186548,0.405579787672639,0.579227965339569));
#8050=DIRECTION('ref_axis',(-0.707106781186548,0.405579787672639,0.579227965339569));
#8051=DIRECTION('',(0.,0.819152044288992,-0.573576436351046));
#8052=DIRECTION('center_axis',(-0.707106781186548,0.405579787672639,0.579227965339569));
#8053=DIRECTION('ref_axis',(-0.707106781186548,-0.405579787672639,-0.579227965339569));
#8054=DIRECTION('',(0.0868265938642475,-0.763151430390884,0.640360083773404));
#8055=DIRECTION('center_axis',(-1.,0.,0.));
#8056=DIRECTION('ref_axis',(0.,0.766044443118978,-0.642787609686539));
#8057=DIRECTION('center_axis',(0.707106781186548,0.5,0.5));
#8058=DIRECTION('ref_axis',(-0.707106781186548,0.5,0.5));
#8059=DIRECTION('',(0.,0.707106781186547,-0.707106781186548));
#8060=DIRECTION('center_axis',(-0.707106781186548,0.5,0.5));
#8061=DIRECTION('ref_axis',(-0.707106781186548,-0.5,-0.5));
#8062=DIRECTION('',(0.0868265938642476,-0.640360083773404,0.763151430390884));
#8063=DIRECTION('center_axis',(-0.707106781186548,0.5,0.5));
#8064=DIRECTION('ref_axis',(-0.707106781186548,-0.5,-0.5));
#8065=DIRECTION('center_axis',(-1.,0.,0.));
#8066=DIRECTION('ref_axis',(0.,0.642787609686539,-0.766044443118978));
#8067=DIRECTION('center_axis',(-1.,0.,0.));
#8068=DIRECTION('ref_axis',(0.,0.642787609686539,-0.766044443118978));
#8069=DIRECTION('center_axis',(0.707106781186548,0.579227965339569,0.405579787672639));
#8070=DIRECTION('ref_axis',(-0.707106781186548,0.579227965339569,0.405579787672639));
#8071=DIRECTION('center_axis',(-1.,0.,0.));
#8072=DIRECTION('ref_axis',(0.,0.642787609686539,-0.766044443118978));
#8073=DIRECTION('center_axis',(0.707106781186548,0.579227965339569,0.405579787672639));
#8074=DIRECTION('ref_axis',(-0.707106781186547,0.579227965339569,0.405579787672639));
#8075=DIRECTION('center_axis',(-1.,0.,0.));
#8076=DIRECTION('ref_axis',(0.,0.5,-0.866025403784439));
#8077=DIRECTION('center_axis',(-1.,0.,0.));
#8078=DIRECTION('ref_axis',(0.,0.5,-0.866025403784439));
#8079=DIRECTION('center_axis',(-1.,0.,0.));
#8080=DIRECTION('ref_axis',(0.,0.5,-0.866025403784439));
#8081=DIRECTION('center_axis',(-1.,0.,0.));
#8082=DIRECTION('ref_axis',(0.,0.342020143325669,-0.939692620785909));
#8083=DIRECTION('center_axis',(1.,0.,0.));
#8084=DIRECTION('ref_axis',(0.,0.,-1.));
#8085=DIRECTION('center_axis',(-1.,0.,0.));
#8086=DIRECTION('ref_axis',(0.,-0.342020143325669,-0.939692620785908));
#8087=DIRECTION('center_axis',(0.707106781186548,0.640856382055789,-0.29883623873012));
#8088=DIRECTION('ref_axis',(-0.707106781186548,0.640856382055789,-0.29883623873012));
#8089=DIRECTION('',(0.,-0.422618261740699,-0.90630778703665));
#8090=DIRECTION('center_axis',(-0.707106781186548,0.640856382055789,-0.29883623873012));
#8091=DIRECTION('ref_axis',(-0.707106781186548,-0.640856382055789,0.29883623873012));
#8092=DIRECTION('',(0.0868265938642476,0.498111720048307,0.862754806969193));
#8093=DIRECTION('center_axis',(-0.707106781186548,0.640856382055789,-0.29883623873012));
#8094=DIRECTION('ref_axis',(-0.707106781186548,-0.640856382055789,0.29883623873012));
#8095=DIRECTION('center_axis',(-1.,0.,0.));
#8096=DIRECTION('ref_axis',(0.,-0.5,-0.866025403784439));
#8097=DIRECTION('center_axis',(-1.,0.,0.));
#8098=DIRECTION('ref_axis',(0.,-0.5,-0.866025403784439));
#8099=DIRECTION('center_axis',(0.707106781186548,0.579227965339569,-0.405579787672639));
#8100=DIRECTION('ref_axis',(-0.707106781186547,0.579227965339569,-0.405579787672639));
#8101=DIRECTION('center_axis',(-1.,0.,0.));
#8102=DIRECTION('ref_axis',(0.,-0.5,-0.866025403784439));
#8103=DIRECTION('center_axis',(0.707106781186548,0.579227965339569,-0.405579787672639));
#8104=DIRECTION('ref_axis',(-0.707106781186547,0.579227965339569,-0.405579787672639));
#8105=DIRECTION('',(0.,-0.573576436351046,-0.819152044288992));
#8106=DIRECTION('center_axis',(-0.707106781186548,0.579227965339569,-0.405579787672639));
#8107=DIRECTION('ref_axis',(-0.707106781186547,-0.579227965339569,0.405579787672639));
#8108=DIRECTION('',(0.0868265938642475,0.640360083773404,0.763151430390884));
#8109=DIRECTION('center_axis',(-0.707106781186548,0.579227965339569,-0.405579787672639));
#8110=DIRECTION('ref_axis',(-0.707106781186547,-0.579227965339569,0.405579787672639));
#8111=DIRECTION('center_axis',(-1.,0.,0.));
#8112=DIRECTION('ref_axis',(0.,-0.642787609686539,-0.766044443118978));
#8113=DIRECTION('center_axis',(-1.,0.,0.));
#8114=DIRECTION('ref_axis',(0.,-0.642787609686539,-0.766044443118978));
#8115=DIRECTION('center_axis',(0.707106781186548,0.5,-0.5));
#8116=DIRECTION('ref_axis',(-0.707106781186547,0.5,-0.5));
#8117=DIRECTION('center_axis',(-1.,0.,0.));
#8118=DIRECTION('ref_axis',(0.,-0.642787609686539,-0.766044443118978));
#8119=DIRECTION('center_axis',(0.707106781186548,0.5,-0.5));
#8120=DIRECTION('ref_axis',(-0.707106781186548,0.5,-0.5));
#8121=DIRECTION('',(0.,-0.707106781186548,-0.707106781186548));
#8122=DIRECTION('center_axis',(-0.707106781186548,0.5,-0.5));
#8123=DIRECTION('ref_axis',(-0.707106781186547,-0.5,0.5));
#8124=DIRECTION('',(0.0868265938642476,0.763151430390884,0.640360083773404));
#8125=DIRECTION('center_axis',(-1.,0.,0.));
#8126=DIRECTION('ref_axis',(0.,-0.766044443118978,-0.642787609686539));
#8127=DIRECTION('center_axis',(0.707106781186548,0.405579787672639,-0.579227965339569));
#8128=DIRECTION('ref_axis',(-0.707106781186548,0.405579787672639,-0.579227965339569));
#8129=DIRECTION('',(0.,-0.819152044288992,-0.573576436351046));
#8130=DIRECTION('center_axis',(-0.707106781186548,0.405579787672639,-0.579227965339569));
#8131=DIRECTION('ref_axis',(-0.707106781186547,-0.405579787672639,0.579227965339569));
#8132=DIRECTION('',(0.0868265938642476,0.862754806969193,0.498111720048307));
#8133=DIRECTION('center_axis',(-1.,0.,0.));
#8134=DIRECTION('ref_axis',(0.,-0.866025403784439,-0.5));
#8135=DIRECTION('center_axis',(0.707106781186548,0.29883623873012,-0.640856382055789));
#8136=DIRECTION('ref_axis',(-0.707106781186547,0.29883623873012,-0.640856382055789));
#8137=DIRECTION('',(0.,-0.90630778703665,-0.422618261740699));
#8138=DIRECTION('center_axis',(-0.707106781186548,0.29883623873012,-0.640856382055789));
#8139=DIRECTION('ref_axis',(-0.707106781186547,-0.29883623873012,0.640856382055789));
#8140=DIRECTION('',(0.0868265938642476,0.936143815312741,0.340728483766235));
#8141=DIRECTION('center_axis',(-1.,0.,0.));
#8142=DIRECTION('ref_axis',(0.,-0.939692620785908,-0.342020143325669));
#8143=DIRECTION('center_axis',(0.707106781186548,0.183012701892219,-0.683012701892219));
#8144=DIRECTION('ref_axis',(-0.707106781186547,0.183012701892219,-0.683012701892219));
#8145=DIRECTION('',(0.,-0.965925826289068,-0.258819045102521));
#8146=DIRECTION('center_axis',(-0.707106781186548,0.183012701892219,-0.683012701892219));
#8147=DIRECTION('ref_axis',(-0.707106781186547,-0.183012701892219,0.683012701892219));
#8148=DIRECTION('',(0.0868265938642476,0.981088567539639,0.172992384921857));
#8149=DIRECTION('center_axis',(-1.,0.,0.));
#8150=DIRECTION('ref_axis',(0.,-0.984807753012208,-0.17364817766693));
#8151=DIRECTION('center_axis',(0.707106781186548,0.0616284167162193,-0.704416026402759));
#8152=DIRECTION('ref_axis',(-0.707106781186547,0.0616284167162193,-0.704416026402759));
#8153=DIRECTION('',(0.,-0.996194698091746,-0.0871557427476581));
#8154=DIRECTION('center_axis',(-0.707106781186548,0.0616284167162193,-0.704416026402759));
#8155=DIRECTION('ref_axis',(-0.707106781186548,-0.0616284167162193,0.704416026402759));
#8156=DIRECTION('',(0.0868265938642476,0.996223440096615,-5.55127528275944E-17));
#8157=DIRECTION('center_axis',(-1.,0.,0.));
#8158=DIRECTION('ref_axis',(0.,-1.,6.12323399573677E-17));
#8159=DIRECTION('center_axis',(0.707106781186548,-0.0616284167162194,-0.704416026402759));
#8160=DIRECTION('ref_axis',(-0.707106781186548,-0.0616284167162194,-0.704416026402759));
#8161=DIRECTION('',(0.,-0.996194698091746,0.0871557427476582));
#8162=DIRECTION('center_axis',(-0.707106781186548,-0.0616284167162194,-0.704416026402759));
#8163=DIRECTION('ref_axis',(-0.707106781186547,0.0616284167162194,0.704416026402759));
#8164=DIRECTION('',(0.0868265938642476,0.981088567539639,-0.172992384921858));
#8165=DIRECTION('center_axis',(-1.,0.,0.));
#8166=DIRECTION('ref_axis',(0.,-0.984807753012208,0.17364817766693));
#8167=DIRECTION('center_axis',(0.707106781186548,-0.183012701892219,-0.683012701892219));
#8168=DIRECTION('ref_axis',(-0.707106781186547,-0.183012701892219,-0.683012701892219));
#8169=DIRECTION('',(0.,-0.965925826289068,0.258819045102521));
#8170=DIRECTION('center_axis',(1.,0.,0.));
#8171=DIRECTION('ref_axis',(0.,0.,-1.));
#8172=DIRECTION('center_axis',(-0.707106781186548,-0.183012701892219,-0.683012701892219));
#8173=DIRECTION('ref_axis',(-0.707106781186547,0.183012701892219,0.683012701892219));
#8174=DIRECTION('',(0.0868265938642476,0.936143815312741,-0.340728483766235));
#8175=DIRECTION('center_axis',(-1.,0.,0.));
#8176=DIRECTION('ref_axis',(0.,-0.939692620785908,0.342020143325669));
#8177=DIRECTION('center_axis',(0.707106781186548,-0.29883623873012,-0.640856382055789));
#8178=DIRECTION('ref_axis',(-0.707106781186548,-0.29883623873012,-0.640856382055789));
#8179=DIRECTION('',(0.,-0.90630778703665,0.4226182617407));
#8180=DIRECTION('center_axis',(-0.707106781186548,-0.29883623873012,-0.640856382055789));
#8181=DIRECTION('ref_axis',(-0.707106781186548,0.29883623873012,0.640856382055789));
#8182=DIRECTION('',(0.0868265938642475,0.862754806969193,-0.498111720048307));
#8183=DIRECTION('center_axis',(-1.,0.,0.));
#8184=DIRECTION('ref_axis',(0.,-0.866025403784438,0.5));
#8185=DIRECTION('center_axis',(0.707106781186548,-0.405579787672639,-0.579227965339569));
#8186=DIRECTION('ref_axis',(-0.707106781186548,-0.405579787672639,-0.579227965339569));
#8187=DIRECTION('',(0.,-0.819152044288992,0.573576436351046));
#8188=DIRECTION('center_axis',(-0.707106781186548,-0.405579787672639,-0.579227965339569));
#8189=DIRECTION('ref_axis',(-0.707106781186548,0.405579787672639,0.579227965339569));
#8190=DIRECTION('',(0.0868265938642476,0.763151430390884,-0.640360083773404));
#8191=DIRECTION('center_axis',(-1.,0.,0.));
#8192=DIRECTION('ref_axis',(0.,-0.766044443118978,0.642787609686539));
#8193=DIRECTION('center_axis',(0.707106781186548,-0.5,-0.5));
#8194=DIRECTION('ref_axis',(-0.707106781186547,-0.5,-0.5));
#8195=DIRECTION('',(0.,-0.707106781186547,0.707106781186548));
#8196=DIRECTION('center_axis',(-0.707106781186548,-0.5,-0.5));
#8197=DIRECTION('ref_axis',(-0.707106781186548,0.5,0.5));
#8198=DIRECTION('',(0.0868265938642476,0.640360083773404,-0.763151430390884));
#8199=DIRECTION('center_axis',(-1.,0.,0.));
#8200=DIRECTION('ref_axis',(0.,-0.642787609686539,0.766044443118978));
#8201=DIRECTION('center_axis',(0.707106781186548,-0.579227965339569,-0.405579787672639));
#8202=DIRECTION('ref_axis',(-0.707106781186547,-0.579227965339569,-0.405579787672639));
#8203=DIRECTION('',(0.,-0.573576436351046,0.819152044288992));
#8204=DIRECTION('center_axis',(-0.707106781186548,-0.579227965339569,-0.405579787672639));
#8205=DIRECTION('ref_axis',(-0.707106781186547,0.579227965339569,0.405579787672639));
#8206=DIRECTION('',(0.0868265938642476,0.498111720048307,-0.862754806969193));
#8207=DIRECTION('center_axis',(-1.,0.,0.));
#8208=DIRECTION('ref_axis',(0.,-0.5,0.866025403784439));
#8209=DIRECTION('center_axis',(0.707106781186548,-0.640856382055789,-0.29883623873012));
#8210=DIRECTION('ref_axis',(-0.707106781186548,-0.640856382055789,-0.29883623873012));
#8211=DIRECTION('',(0.,-0.422618261740699,0.90630778703665));
#8212=DIRECTION('center_axis',(-0.707106781186548,-0.640856382055789,-0.29883623873012));
#8213=DIRECTION('ref_axis',(-0.707106781186548,0.640856382055789,0.29883623873012));
#8214=DIRECTION('',(0.0868265938642476,0.340728483766235,-0.936143815312741));
#8215=DIRECTION('center_axis',(-1.,0.,0.));
#8216=DIRECTION('ref_axis',(0.,-0.342020143325669,0.939692620785908));
#8217=DIRECTION('center_axis',(0.707106781186548,-0.683012701892219,-0.183012701892219));
#8218=DIRECTION('ref_axis',(-0.707106781186547,-0.683012701892219,-0.183012701892219));
#8219=DIRECTION('',(0.,-0.258819045102521,0.965925826289068));
#8220=DIRECTION('center_axis',(-0.707106781186548,-0.683012701892219,-0.183012701892219));
#8221=DIRECTION('ref_axis',(-0.707106781186547,0.683012701892219,0.183012701892219));
#8222=DIRECTION('',(0.0868265938642476,0.172992384921857,-0.981088567539639));
#8223=DIRECTION('center_axis',(-1.,0.,0.));
#8224=DIRECTION('ref_axis',(0.,-0.17364817766693,0.984807753012208));
#8225=DIRECTION('center_axis',(0.707106781186548,-0.704416026402759,-0.0616284167162193));
#8226=DIRECTION('ref_axis',(-0.707106781186548,-0.704416026402759,-0.0616284167162193));
#8227=DIRECTION('',(0.,-0.0871557427476582,0.996194698091746));
#8228=DIRECTION('center_axis',(-0.707106781186548,-0.704416026402759,-0.0616284167162194));
#8229=DIRECTION('ref_axis',(-0.707106781186548,0.704416026402759,0.0616284167162194));
#8230=DIRECTION('',(0.0868265938642476,0.,-0.996223440096615));
#8231=DIRECTION('center_axis',(-1.,0.,0.));
#8232=DIRECTION('ref_axis',(0.,0.,1.));
#8233=DIRECTION('center_axis',(0.707106781186548,-0.704416026402759,0.0616284167162194));
#8234=DIRECTION('ref_axis',(-0.707106781186548,-0.704416026402759,0.0616284167162194));
#8235=DIRECTION('center_axis',(0.,-1.,0.));
#8236=DIRECTION('ref_axis',(0.,0.,1.));
#8237=DIRECTION('center_axis',(1.,0.,0.));
#8238=DIRECTION('ref_axis',(0.,0.,-1.));
#8239=DIRECTION('center_axis',(1.,0.,0.));
#8240=DIRECTION('ref_axis',(0.,1.,0.));
#8241=DIRECTION('center_axis',(1.,0.,0.));
#8242=DIRECTION('ref_axis',(0.,1.,0.));
#8243=DIRECTION('',(-1.,0.,0.));
#8244=DIRECTION('center_axis',(-1.,0.,0.));
#8245=DIRECTION('ref_axis',(0.,1.,0.));
#8246=DIRECTION('center_axis',(-1.,0.,0.));
#8247=DIRECTION('ref_axis',(0.,0.,1.));
#8248=DIRECTION('center_axis',(-1.,0.,0.));
#8249=DIRECTION('ref_axis',(0.,0.,1.));
#8250=DIRECTION('center_axis',(-1.,0.,0.));
#8251=DIRECTION('ref_axis',(0.,1.,0.));
#8252=DIRECTION('center_axis',(1.,0.,0.));
#8253=DIRECTION('ref_axis',(0.,1.,0.));
#8254=DIRECTION('',(1.,0.,0.));
#8255=DIRECTION('center_axis',(0.,0.,1.));
#8256=DIRECTION('ref_axis',(-1.,0.,0.));
#8257=DIRECTION('',(0.,0.,1.));
#8258=DIRECTION('center_axis',(0.,0.,1.));
#8259=DIRECTION('ref_axis',(-1.,0.,0.));
#8260=DIRECTION('center_axis',(0.,0.,1.));
#8261=DIRECTION('ref_axis',(-1.,0.,0.));
#8262=DIRECTION('',(0.,0.,1.));
#8263=DIRECTION('center_axis',(0.,0.,1.));
#8264=DIRECTION('ref_axis',(-1.,0.,0.));
#8265=DIRECTION('center_axis',(0.,0.,-1.));
#8266=DIRECTION('ref_axis',(-1.,0.,0.));
#8267=DIRECTION('center_axis',(0.,0.,1.));
#8268=DIRECTION('ref_axis',(-1.,0.,0.));
#8269=DIRECTION('center_axis',(0.,0.,-1.));
#8270=DIRECTION('ref_axis',(-1.,0.,0.));
#8271=DIRECTION('center_axis',(0.,0.,1.));
#8272=DIRECTION('ref_axis',(-1.,0.,0.));
#8273=DIRECTION('center_axis',(1.,1.22464679914735E-16,0.));
#8274=DIRECTION('ref_axis',(-1.22464679914735E-16,1.,0.));
#8275=DIRECTION('',(1.22464679914735E-16,-1.,0.));
#8276=DIRECTION('',(0.,0.,1.));
#8277=DIRECTION('center_axis',(0.,0.,-1.));
#8278=DIRECTION('ref_axis',(-1.,0.,0.));
#8279=DIRECTION('',(1.,-2.1984614349013E-16,0.));
#8280=DIRECTION('center_axis',(0.,0.,1.));
#8281=DIRECTION('ref_axis',(-0.707106781186548,0.707106781186547,0.));
#8282=DIRECTION('',(-1.09923071745065E-15,1.,0.));
#8283=DIRECTION('',(-1.,-7.66135847655878E-16,0.));
#8284=DIRECTION('center_axis',(0.,0.,-1.));
#8285=DIRECTION('ref_axis',(-0.707106781186548,0.707106781186548,0.));
#8286=DIRECTION('center_axis',(2.1984614349013E-16,1.,0.));
#8287=DIRECTION('ref_axis',(1.,-2.1984614349013E-16,0.));
#8288=DIRECTION('',(0.,0.,1.));
#8289=DIRECTION('center_axis',(-6.12323399573677E-17,1.,0.));
#8290=DIRECTION('ref_axis',(-1.,-6.12323399573677E-17,0.));
#8291=DIRECTION('',(0.,0.,1.));
#8292=DIRECTION('',(1.,6.12323399573677E-17,0.));
#8293=DIRECTION('center_axis',(7.66135847655878E-16,-1.,0.));
#8294=DIRECTION('ref_axis',(1.,7.66135847655878E-16,0.));
#8295=DIRECTION('',(0.,0.,-1.));
#8296=DIRECTION('center_axis',(-1.,-1.09923071745065E-15,0.));
#8297=DIRECTION('ref_axis',(-1.09923071745065E-15,1.,0.));
#8298=DIRECTION('',(0.,0.,1.));
#8299=DIRECTION('',(-1.09923071745065E-15,1.,0.));
#8300=DIRECTION('center_axis',(0.,0.,-1.));
#8301=DIRECTION('ref_axis',(-1.,0.,0.));
#8302=DIRECTION('center_axis',(0.,0.,1.));
#8303=DIRECTION('ref_axis',(-0.707106781186549,-0.707106781186546,0.));
#8304=DIRECTION('',(-1.,9.89307645705586E-16,0.));
#8305=DIRECTION('',(7.0490350769851E-16,-1.,0.));
#8306=DIRECTION('',(-1.,-5.78241158658935E-17,0.));
#8307=DIRECTION('center_axis',(0.,0.,-1.));
#8308=DIRECTION('ref_axis',(-0.707106781186549,-0.707106781186546,0.));
#8309=DIRECTION('center_axis',(1.,7.0490350769851E-16,0.));
#8310=DIRECTION('ref_axis',(-7.0490350769851E-16,1.,0.));
#8311=DIRECTION('',(0.,0.,-1.));
#8312=DIRECTION('',(0.,0.,1.));
#8313=DIRECTION('center_axis',(0.,0.,1.));
#8314=DIRECTION('ref_axis',(-0.707106781186548,0.707106781186547,0.));
#8315=DIRECTION('',(0.,0.,-1.));
#8316=DIRECTION('center_axis',(-1.,-1.09923071745065E-15,0.));
#8317=DIRECTION('ref_axis',(-1.09923071745065E-15,1.,0.));
#8318=DIRECTION('center_axis',(0.,0.,1.));
#8319=DIRECTION('ref_axis',(-0.707106781186549,-0.707106781186546,0.));
#8320=DIRECTION('',(0.,0.,-1.));
#8321=DIRECTION('center_axis',(-9.89307645705586E-16,-1.,0.));
#8322=DIRECTION('ref_axis',(-1.,9.89307645705586E-16,0.));
#8323=DIRECTION('center_axis',(0.,0.,1.));
#8324=DIRECTION('ref_axis',(0.707106781186547,0.707106781186547,0.));
#8325=DIRECTION('center_axis',(0.,0.,-1.));
#8326=DIRECTION('ref_axis',(0.707106781186547,0.707106781186547,0.));
#8327=DIRECTION('',(0.,0.,-1.));
#8328=DIRECTION('center_axis',(0.,0.,1.));
#8329=DIRECTION('ref_axis',(0.707106781186547,0.707106781186547,0.));
#8330=DIRECTION('',(0.,0.,1.));
#8331=DIRECTION('center_axis',(0.,-1.,0.));
#8332=DIRECTION('ref_axis',(-1.,0.,0.));
#8333=DIRECTION('',(-1.,0.,0.));
#8334=DIRECTION('',(1.,0.,0.));
#8335=DIRECTION('center_axis',(0.,0.,-1.));
#8336=DIRECTION('ref_axis',(-1.,0.,0.));
#8337=DIRECTION('center_axis',(0.,0.,-1.));
#8338=DIRECTION('ref_axis',(-0.707106781186549,-0.707106781186546,0.));
#8339=DIRECTION('',(-1.,-5.78241158658935E-17,0.));
#8340=DIRECTION('',(-4.31154572669962E-16,-1.,0.));
#8341=DIRECTION('center_axis',(0.,0.,1.));
#8342=DIRECTION('ref_axis',(-1.,0.,0.));
#8343=DIRECTION('center_axis',(0.,0.,1.));
#8344=DIRECTION('ref_axis',(0.707106781186547,-0.707106781186548,0.));
#8345=DIRECTION('center_axis',(0.,0.,-1.));
#8346=DIRECTION('ref_axis',(0.707106781186547,-0.707106781186548,0.));
#8347=DIRECTION('',(0.,0.,-1.));
#8348=DIRECTION('center_axis',(0.,0.,1.));
#8349=DIRECTION('ref_axis',(0.707106781186547,-0.707106781186548,0.));
#8350=DIRECTION('',(0.,0.,1.));
#8351=DIRECTION('center_axis',(-1.,3.01808200868973E-15,0.));
#8352=DIRECTION('ref_axis',(3.01808200868973E-15,1.,0.));
#8353=DIRECTION('',(3.01808200868973E-15,1.,0.));
#8354=DIRECTION('',(-3.01808200868973E-15,-1.,0.));
#8355=DIRECTION('center_axis',(0.,0.,-1.));
#8356=DIRECTION('ref_axis',(-1.,0.,0.));
#8357=DIRECTION('center_axis',(0.,0.,-1.));
#8358=DIRECTION('ref_axis',(-0.707106781186548,0.707106781186548,0.));
#8359=DIRECTION('',(-1.,-1.29346371800988E-15,0.));
#8360=DIRECTION('center_axis',(0.,0.,1.));
#8361=DIRECTION('ref_axis',(-1.,0.,0.));
#8362=DIRECTION('center_axis',(0.,0.,-1.));
#8363=DIRECTION('ref_axis',(-0.707106781186549,-0.707106781186546,0.));
#8364=DIRECTION('',(0.,0.,1.));
#8365=DIRECTION('center_axis',(0.,0.,-1.));
#8366=DIRECTION('ref_axis',(-0.707106781186548,0.707106781186548,0.));
#8367=DIRECTION('center_axis',(0.,0.,1.));
#8368=DIRECTION('ref_axis',(-1.,0.,0.));
#8369=DIRECTION('',(0.,0.,1.));
#8370=DIRECTION('center_axis',(-1.29346371800988E-15,1.,0.));
#8371=DIRECTION('ref_axis',(1.,1.29346371800988E-15,0.));
#8372=DIRECTION('',(1.,1.29346371800988E-15,0.));
#8373=DIRECTION('center_axis',(-1.,4.31154572669962E-16,0.));
#8374=DIRECTION('ref_axis',(4.31154572669962E-16,1.,0.));
#8375=DIRECTION('',(0.,0.,-1.));
#8376=DIRECTION('',(4.31154572669962E-16,1.,0.));
#8377=DIRECTION('center_axis',(0.,0.,1.));
#8378=DIRECTION('ref_axis',(-1.,0.,0.));
#8379=DIRECTION('',(0.,0.,1.));
#8380=DIRECTION('center_axis',(0.,0.,1.));
#8381=DIRECTION('ref_axis',(0.707106781186546,0.707106781186549,0.));
#8382=DIRECTION('',(0.707106781186546,0.,0.707106781186549));
#8383=DIRECTION('',(0.,0.707106781186548,0.707106781186547));
#8384=DIRECTION('center_axis',(0.,0.,-1.));
#8385=DIRECTION('ref_axis',(0.707106781186546,0.707106781186549,0.));
#8386=DIRECTION('center_axis',(0.,0.707106781186546,-0.707106781186549));
#8387=DIRECTION('ref_axis',(-1.,0.,0.));
#8388=DIRECTION('',(0.,0.707106781186549,0.707106781186546));
#8389=DIRECTION('',(1.,0.,0.));
#8390=DIRECTION('center_axis',(0.,0.,-1.));
#8391=DIRECTION('ref_axis',(-0.707106781186547,-0.707106781186548,0.));
#8392=DIRECTION('',(0.707106781186549,0.,0.707106781186546));
#8393=DIRECTION('center_axis',(0.707106781186549,0.,-0.707106781186546));
#8394=DIRECTION('ref_axis',(-0.707106781186546,0.,-0.707106781186549));
#8395=DIRECTION('',(0.707106781186546,0.,0.707106781186549));
#8396=DIRECTION('center_axis',(0.,0.,1.));
#8397=DIRECTION('ref_axis',(0.,1.,0.));
#8398=DIRECTION('',(0.,0.707106781186546,0.707106781186549));
#8399=DIRECTION('center_axis',(1.73971463566069E-16,0.707106781186549,-0.707106781186546));
#8400=DIRECTION('ref_axis',(-1.,0.,-2.46032803241033E-16));
#8401=DIRECTION('center_axis',(0.707106781186549,0.,-0.707106781186546));
#8402=DIRECTION('ref_axis',(-0.707106781186546,0.,-0.707106781186549));
#8403=DIRECTION('',(0.,-1.,0.));
#8404=DIRECTION('center_axis',(0.707106781186549,0.,-0.707106781186546));
#8405=DIRECTION('ref_axis',(-0.707106781186546,3.70304825161268E-17,-0.707106781186549));
#8406=DIRECTION('',(0.419215459841757,-0.805305405706014,0.419215459841758));
#8407=DIRECTION('',(-0.644710818692432,-0.410726089409799,-0.644710818692434));
#8408=DIRECTION('',(0.473306150771124,-0.74294183842643,0.473306150771125));
#8409=DIRECTION('',(-0.621514878291988,-0.476905139543901,-0.62151487829199));
#8410=DIRECTION('',(0.519987941853021,-0.677661479394334,0.519987941853022));
#8411=DIRECTION('',(-0.593426057451646,-0.543774795917197,-0.593426057451648));
#8412=DIRECTION('',(0.559808787677353,-0.610924088965578,0.559808787677355));
#8413=DIRECTION('',(-0.559808787677353,-0.610924088965579,-0.559808787677355));
#8414=DIRECTION('',(0.593426057451646,-0.543774795917197,0.593426057451648));
#8415=DIRECTION('',(-0.51998794185302,-0.677661479394334,-0.519987941853022));
#8416=DIRECTION('',(0.621514878291988,-0.476905139543901,0.62151487829199));
#8417=DIRECTION('',(-0.473306150771123,-0.74294183842643,-0.473306150771125));
#8418=DIRECTION('',(0.644710818692432,-0.410726089409799,0.644710818692434));
#8419=DIRECTION('center_axis',(0.707106781186549,0.,-0.707106781186546));
#8420=DIRECTION('ref_axis',(-0.707106781186546,3.70304825161268E-17,-0.707106781186549));
#8421=DIRECTION('',(0.,-1.,0.));
#8422=DIRECTION('',(-0.707106781186546,0.,-0.707106781186549));
#8423=DIRECTION('center_axis',(0.,0.,1.));
#8424=DIRECTION('ref_axis',(0.707106781186544,-0.707106781186551,0.));
#8425=DIRECTION('center_axis',(0.,0.,-1.));
#8426=DIRECTION('ref_axis',(0.707106781186544,-0.707106781186551,0.));
#8427=DIRECTION('',(0.,0.707106781186546,-0.707106781186549));
#8428=DIRECTION('center_axis',(0.,-0.707106781186555,-0.70710678118654));
#8429=DIRECTION('ref_axis',(-1.,0.,0.));
#8430=DIRECTION('center_axis',(-0.707106781186548,-0.683012701892219,0.183012701892219));
#8431=DIRECTION('ref_axis',(0.707106781186548,-0.683012701892219,0.183012701892219));
#8432=DIRECTION('',(0.,-0.258819045102521,-0.965925826289068));
#8433=DIRECTION('',(-0.0868265938642476,0.340728483766235,0.936143815312741));
#8434=DIRECTION('center_axis',(0.707106781186548,-0.683012701892219,0.18301270189222));
#8435=DIRECTION('ref_axis',(0.707106781186548,0.683012701892219,-0.18301270189222));
#8436=DIRECTION('center_axis',(1.,0.,0.));
#8437=DIRECTION('ref_axis',(0.,-0.173648177666931,-0.984807753012208));
#8438=DIRECTION('center_axis',(1.,0.,0.));
#8439=DIRECTION('ref_axis',(0.,-0.173648177666931,-0.984807753012208));
#8440=DIRECTION('center_axis',(-0.707106781186548,-0.704416026402759,0.0616284167162196));
#8441=DIRECTION('ref_axis',(0.707106781186547,-0.704416026402759,0.0616284167162196));
#8442=DIRECTION('',(0.,-0.0871557427476585,-0.996194698091746));
#8443=DIRECTION('center_axis',(0.707106781186548,-0.704416026402759,0.0616284167162195));
#8444=DIRECTION('ref_axis',(0.707106781186547,0.704416026402759,-0.0616284167162194));
#8445=DIRECTION('center_axis',(1.,0.,0.));
#8446=DIRECTION('ref_axis',(0.,-1.22464679914735E-16,-1.));
#8447=DIRECTION('center_axis',(1.,0.,0.));
#8448=DIRECTION('ref_axis',(0.,-1.22464679914735E-16,-1.));
#8449=DIRECTION('center_axis',(-0.707106781186548,-0.704416026402759,-0.0616284167162193));
#8450=DIRECTION('ref_axis',(0.707106781186548,-0.704416026402759,-0.0616284167162193));
#8451=DIRECTION('',(0.,0.0871557427476581,-0.996194698091746));
#8452=DIRECTION('center_axis',(0.707106781186548,-0.704416026402759,-0.0616284167162192));
#8453=DIRECTION('ref_axis',(0.707106781186548,0.704416026402759,0.0616284167162191));
#8454=DIRECTION('center_axis',(1.,0.,0.));
#8455=DIRECTION('ref_axis',(0.,0.17364817766693,-0.984807753012208));
#8456=DIRECTION('center_axis',(1.,0.,0.));
#8457=DIRECTION('ref_axis',(0.,0.17364817766693,-0.984807753012208));
#8458=DIRECTION('center_axis',(-0.707106781186548,-0.683012701892219,-0.183012701892219));
#8459=DIRECTION('ref_axis',(0.707106781186547,-0.683012701892219,-0.183012701892219));
#8460=DIRECTION('',(0.,0.25881904510252,-0.965925826289068));
#8461=DIRECTION('center_axis',(0.707106781186548,-0.683012701892219,-0.183012701892219));
#8462=DIRECTION('ref_axis',(0.707106781186547,0.683012701892219,0.183012701892219));
#8463=DIRECTION('',(-0.0868265938642476,-0.340728483766235,0.936143815312741));
#8464=DIRECTION('center_axis',(-0.707106781186548,-0.640856382055789,-0.29883623873012));
#8465=DIRECTION('ref_axis',(0.707106781186548,-0.640856382055789,-0.29883623873012));
#8466=DIRECTION('',(0.,0.422618261740699,-0.90630778703665));
#8467=DIRECTION('center_axis',(0.707106781186548,-0.640856382055789,-0.29883623873012));
#8468=DIRECTION('ref_axis',(0.707106781186547,0.640856382055789,0.29883623873012));
#8469=DIRECTION('',(-0.0868265938642476,-0.498111720048307,0.862754806969193));
#8470=DIRECTION('center_axis',(-0.707106781186548,-0.579227965339569,-0.405579787672639));
#8471=DIRECTION('ref_axis',(0.707106781186547,-0.579227965339569,-0.405579787672639));
#8472=DIRECTION('center_axis',(-0.707106781186548,-0.579227965339569,-0.405579787672639));
#8473=DIRECTION('ref_axis',(0.707106781186548,-0.579227965339569,-0.405579787672639));
#8474=DIRECTION('',(0.,0.573576436351046,-0.819152044288992));
#8475=DIRECTION('center_axis',(0.,0.,-1.));
#8476=DIRECTION('ref_axis',(0.707106781186544,-0.707106781186551,0.));
#8477=DIRECTION('',(0.,0.,1.));
#8478=DIRECTION('center_axis',(-1.,0.,0.));
#8479=DIRECTION('ref_axis',(0.,0.,1.));
#8480=DIRECTION('center_axis',(-1.,0.,0.));
#8481=DIRECTION('ref_axis',(0.,4.1895208476421E-16,1.));
#8482=DIRECTION('center_axis',(1.,0.,0.));
#8483=DIRECTION('ref_axis',(0.,4.1895208476421E-16,1.));
#8484=DIRECTION('center_axis',(-1.,0.,0.));
#8485=DIRECTION('ref_axis',(0.,-1.04738021191052E-15,1.));
#8486=DIRECTION('center_axis',(-1.,0.,0.));
#8487=DIRECTION('ref_axis',(0.,-0.766044443118978,-0.642787609686539));
#8488=DIRECTION('center_axis',(-0.707106781186548,-0.5,0.5));
#8489=DIRECTION('ref_axis',(0.707106781186547,-0.5,0.5));
#8490=DIRECTION('center_axis',(0.707106781186548,-0.405579787672639,0.579227965339569));
#8491=DIRECTION('ref_axis',(0.707106781186548,0.405579787672639,-0.579227965339569));
#8492=DIRECTION('center_axis',(-0.707106781186548,-0.405579787672639,0.579227965339569));
#8493=DIRECTION('ref_axis',(0.707106781186547,-0.405579787672639,0.579227965339569));
#8494=DIRECTION('center_axis',(0.707106781186548,-0.29883623873012,0.640856382055789));
#8495=DIRECTION('ref_axis',(0.707106781186547,0.29883623873012,-0.640856382055789));
#8496=DIRECTION('center_axis',(-0.707106781186548,-0.29883623873012,0.640856382055789));
#8497=DIRECTION('ref_axis',(0.707106781186547,-0.29883623873012,0.640856382055789));
#8498=DIRECTION('center_axis',(0.707106781186548,-0.183012701892219,0.683012701892219));
#8499=DIRECTION('ref_axis',(0.707106781186547,0.183012701892219,-0.683012701892219));
#8500=DIRECTION('center_axis',(-0.707106781186548,-0.183012701892219,0.683012701892219));
#8501=DIRECTION('ref_axis',(0.707106781186548,-0.183012701892219,0.683012701892219));
#8502=DIRECTION('center_axis',(0.707106781186548,-0.0616284167162193,0.704416026402759));
#8503=DIRECTION('ref_axis',(0.707106781186547,0.0616284167162194,-0.704416026402759));
#8504=DIRECTION('center_axis',(-0.707106781186548,-0.0616284167162193,0.704416026402759));
#8505=DIRECTION('ref_axis',(-0.707106781186548,0.0616284167162193,-0.704416026402759));
#8506=DIRECTION('center_axis',(0.707106781186548,0.0616284167162194,0.704416026402759));
#8507=DIRECTION('ref_axis',(-0.707106781186548,0.0616284167162195,0.704416026402759));
#8508=DIRECTION('center_axis',(-0.707106781186548,0.0616284167162194,0.704416026402759));
#8509=DIRECTION('ref_axis',(0.707106781186547,0.0616284167162193,0.704416026402759));
#8510=DIRECTION('center_axis',(0.707106781186548,0.183012701892219,0.683012701892219));
#8511=DIRECTION('ref_axis',(-0.707106781186548,0.183012701892219,0.683012701892219));
#8512=DIRECTION('center_axis',(-0.707106781186548,0.183012701892219,0.683012701892219));
#8513=DIRECTION('ref_axis',(0.707106781186548,0.183012701892219,0.683012701892219));
#8514=DIRECTION('center_axis',(0.707106781186548,0.29883623873012,0.640856382055789));
#8515=DIRECTION('ref_axis',(-0.707106781186548,0.29883623873012,0.640856382055789));
#8516=DIRECTION('center_axis',(-0.707106781186548,0.29883623873012,0.640856382055789));
#8517=DIRECTION('ref_axis',(0.707106781186548,0.29883623873012,0.640856382055789));
#8518=DIRECTION('center_axis',(0.707106781186548,0.405579787672639,0.579227965339569));
#8519=DIRECTION('ref_axis',(-0.707106781186548,0.405579787672639,0.579227965339569));
#8520=DIRECTION('center_axis',(-0.707106781186548,0.405579787672639,0.579227965339569));
#8521=DIRECTION('ref_axis',(0.707106781186548,0.405579787672639,0.579227965339569));
#8522=DIRECTION('center_axis',(0.707106781186548,0.5,0.5));
#8523=DIRECTION('ref_axis',(-0.707106781186547,0.5,0.5));
#8524=DIRECTION('center_axis',(-0.707106781186548,0.5,0.5));
#8525=DIRECTION('ref_axis',(0.707106781186547,0.5,0.5));
#8526=DIRECTION('center_axis',(0.707106781186548,0.579227965339569,0.405579787672639));
#8527=DIRECTION('ref_axis',(-0.707106781186548,0.579227965339569,0.405579787672639));
#8528=DIRECTION('center_axis',(-0.707106781186548,0.579227965339569,0.405579787672639));
#8529=DIRECTION('ref_axis',(0.707106781186547,0.579227965339569,0.405579787672639));
#8530=DIRECTION('center_axis',(0.707106781186548,0.640856382055789,0.29883623873012));
#8531=DIRECTION('ref_axis',(-0.707106781186548,0.640856382055789,0.29883623873012));
#8532=DIRECTION('center_axis',(-0.707106781186548,0.640856382055789,0.29883623873012));
#8533=DIRECTION('ref_axis',(0.707106781186548,0.640856382055789,0.29883623873012));
#8534=DIRECTION('center_axis',(0.707106781186548,0.683012701892219,0.183012701892219));
#8535=DIRECTION('ref_axis',(-0.707106781186547,0.683012701892219,0.183012701892219));
#8536=DIRECTION('center_axis',(-0.707106781186548,0.683012701892219,0.183012701892219));
#8537=DIRECTION('ref_axis',(0.707106781186548,0.683012701892219,0.183012701892219));
#8538=DIRECTION('center_axis',(0.707106781186548,0.704416026402759,0.0616284167162193));
#8539=DIRECTION('ref_axis',(-0.707106781186548,0.704416026402759,0.0616284167162193));
#8540=DIRECTION('center_axis',(-0.707106781186548,0.704416026402759,0.0616284167162194));
#8541=DIRECTION('ref_axis',(0.707106781186548,0.704416026402759,0.0616284167162194));
#8542=DIRECTION('center_axis',(0.707106781186548,0.704416026402759,-0.0616284167162194));
#8543=DIRECTION('ref_axis',(-0.707106781186548,0.704416026402759,-0.0616284167162194));
#8544=DIRECTION('center_axis',(-0.707106781186548,0.704416026402759,-0.0616284167162194));
#8545=DIRECTION('ref_axis',(0.707106781186548,0.704416026402759,-0.0616284167162194));
#8546=DIRECTION('center_axis',(0.707106781186548,0.683012701892219,-0.183012701892219));
#8547=DIRECTION('ref_axis',(-0.707106781186548,0.683012701892219,-0.183012701892219));
#8548=DIRECTION('center_axis',(-0.707106781186547,0.683012701892219,-0.18301270189222));
#8549=DIRECTION('ref_axis',(0.707106781186548,0.683012701892219,-0.18301270189222));
#8550=DIRECTION('center_axis',(0.707106781186548,0.640856382055788,-0.29883623873012));
#8551=DIRECTION('ref_axis',(-0.707106781186548,0.640856382055788,-0.29883623873012));
#8552=DIRECTION('center_axis',(-0.707106781186548,0.640856382055788,-0.29883623873012));
#8553=DIRECTION('ref_axis',(0.707106781186548,0.640856382055788,-0.29883623873012));
#8554=DIRECTION('center_axis',(0.707106781186547,0.579227965339569,-0.405579787672639));
#8555=DIRECTION('ref_axis',(-0.707106781186547,0.579227965339569,-0.405579787672639));
#8556=DIRECTION('center_axis',(-0.707106781186548,0.579227965339569,-0.405579787672639));
#8557=DIRECTION('ref_axis',(0.707106781186547,0.579227965339569,-0.405579787672639));
#8558=DIRECTION('center_axis',(0.707106781186548,0.5,-0.5));
#8559=DIRECTION('ref_axis',(-0.707106781186547,0.5,-0.5));
#8560=DIRECTION('center_axis',(-0.707106781186548,0.5,-0.5));
#8561=DIRECTION('ref_axis',(0.707106781186547,0.5,-0.5));
#8562=DIRECTION('center_axis',(0.707106781186548,0.405579787672639,-0.579227965339569));
#8563=DIRECTION('ref_axis',(-0.707106781186548,0.405579787672639,-0.579227965339569));
#8564=DIRECTION('center_axis',(-0.707106781186548,0.405579787672639,-0.579227965339569));
#8565=DIRECTION('ref_axis',(0.707106781186548,0.405579787672639,-0.579227965339569));
#8566=DIRECTION('center_axis',(0.707106781186548,0.29883623873012,-0.640856382055789));
#8567=DIRECTION('ref_axis',(-0.707106781186548,0.29883623873012,-0.640856382055789));
#8568=DIRECTION('center_axis',(-0.707106781186547,0.298836238730119,-0.640856382055789));
#8569=DIRECTION('ref_axis',(0.707106781186548,0.298836238730119,-0.640856382055789));
#8570=DIRECTION('center_axis',(0.707106781186548,0.183012701892219,-0.683012701892219));
#8571=DIRECTION('ref_axis',(-0.707106781186548,0.183012701892219,-0.68301270189222));
#8572=DIRECTION('center_axis',(-0.707106781186548,0.183012701892219,-0.683012701892219));
#8573=DIRECTION('ref_axis',(0.707106781186548,0.183012701892219,-0.683012701892219));
#8574=DIRECTION('center_axis',(0.707106781186548,0.0616284167162191,-0.704416026402759));
#8575=DIRECTION('ref_axis',(-0.707106781186548,0.0616284167162192,-0.704416026402759));
#8576=DIRECTION('center_axis',(-0.707106781186548,0.0616284167162192,-0.704416026402759));
#8577=DIRECTION('ref_axis',(0.707106781186548,0.0616284167162192,-0.704416026402759));
#8578=DIRECTION('center_axis',(0.707106781186548,-0.0616284167162195,-0.704416026402759));
#8579=DIRECTION('ref_axis',(0.707106781186548,0.0616284167162195,0.704416026402759));
#8580=DIRECTION('center_axis',(-0.707106781186548,-0.0616284167162193,-0.704416026402759));
#8581=DIRECTION('ref_axis',(0.707106781186547,-0.0616284167162194,-0.704416026402759));
#8582=DIRECTION('center_axis',(0.707106781186548,-0.183012701892219,-0.683012701892219));
#8583=DIRECTION('ref_axis',(0.707106781186548,0.183012701892219,0.683012701892219));
#8584=DIRECTION('center_axis',(-0.707106781186548,-0.18301270189222,-0.683012701892219));
#8585=DIRECTION('ref_axis',(0.707106781186548,-0.18301270189222,-0.683012701892219));
#8586=DIRECTION('center_axis',(0.707106781186548,-0.29883623873012,-0.640856382055788));
#8587=DIRECTION('ref_axis',(0.707106781186547,0.29883623873012,0.640856382055788));
#8588=DIRECTION('center_axis',(-0.707106781186548,-0.29883623873012,-0.640856382055788));
#8589=DIRECTION('ref_axis',(0.707106781186548,-0.29883623873012,-0.640856382055788));
#8590=DIRECTION('center_axis',(0.707106781186548,-0.405579787672639,-0.579227965339569));
#8591=DIRECTION('ref_axis',(0.707106781186548,0.405579787672639,0.579227965339569));
#8592=DIRECTION('center_axis',(-0.707106781186548,-0.405579787672639,-0.579227965339569));
#8593=DIRECTION('ref_axis',(0.707106781186547,-0.405579787672639,-0.579227965339569));
#8594=DIRECTION('center_axis',(0.707106781186548,-0.5,-0.5));
#8595=DIRECTION('ref_axis',(0.707106781186547,0.5,0.5));
#8596=DIRECTION('center_axis',(-1.,0.,0.));
#8597=DIRECTION('ref_axis',(0.,0.766044443118978,-0.642787609686539));
#8598=DIRECTION('',(1.,0.,0.));
#8599=DIRECTION('center_axis',(0.,0.,1.));
#8600=DIRECTION('ref_axis',(0.707106781186546,0.707106781186549,0.));
#8601=DIRECTION('',(0.,0.,1.));
#8602=DIRECTION('',(0.,0.,-1.));
#8603=DIRECTION('center_axis',(-0.707106781186548,0.704416026402759,-0.0616284167162194));
#8604=DIRECTION('ref_axis',(0.707106781186548,0.704416026402759,-0.0616284167162194));
#8605=DIRECTION('',(-0.0868265938642476,-0.172992384921858,-0.981088567539639));
#8606=DIRECTION('',(0.,-0.0871557427476582,-0.996194698091746));
#8607=DIRECTION('center_axis',(1.,0.,0.));
#8608=DIRECTION('ref_axis',(0.,0.17364817766693,0.984807753012208));
#8609=DIRECTION('center_axis',(1.,0.,0.));
#8610=DIRECTION('ref_axis',(0.,0.17364817766693,0.984807753012208));
#8611=DIRECTION('center_axis',(0.707106781186548,0.683012701892219,-0.183012701892219));
#8612=DIRECTION('ref_axis',(0.707106781186547,-0.683012701892219,0.183012701892219));
#8613=DIRECTION('',(0.,0.258819045102521,0.965925826289068));
#8614=DIRECTION('center_axis',(1.,0.,0.));
#8615=DIRECTION('ref_axis',(0.,0.,-1.));
#8616=DIRECTION('center_axis',(1.,0.,0.));
#8617=DIRECTION('ref_axis',(0.,0.,1.));
#8618=DIRECTION('center_axis',(1.,0.,0.));
#8619=DIRECTION('ref_axis',(0.,-0.17364817766693,0.984807753012208));
#8620=DIRECTION('center_axis',(1.,0.,0.));
#8621=DIRECTION('ref_axis',(0.,-0.342020143325669,0.939692620785908));
#8622=DIRECTION('center_axis',(1.,0.,0.));
#8623=DIRECTION('ref_axis',(0.,-0.5,0.866025403784439));
#8624=DIRECTION('center_axis',(1.,0.,0.));
#8625=DIRECTION('ref_axis',(0.,-0.642787609686539,0.766044443118978));
#8626=DIRECTION('center_axis',(1.,0.,0.));
#8627=DIRECTION('ref_axis',(0.,-0.766044443118978,0.642787609686539));
#8628=DIRECTION('center_axis',(1.,0.,0.));
#8629=DIRECTION('ref_axis',(0.,-0.866025403784439,0.5));
#8630=DIRECTION('center_axis',(1.,0.,0.));
#8631=DIRECTION('ref_axis',(0.,-0.939692620785908,0.342020143325669));
#8632=DIRECTION('center_axis',(1.,0.,0.));
#8633=DIRECTION('ref_axis',(0.,-0.984807753012208,0.17364817766693));
#8634=DIRECTION('center_axis',(1.,0.,0.));
#8635=DIRECTION('ref_axis',(0.,-1.,6.12323399573677E-17));
#8636=DIRECTION('center_axis',(1.,0.,0.));
#8637=DIRECTION('ref_axis',(0.,-0.984807753012208,-0.17364817766693));
#8638=DIRECTION('center_axis',(1.,0.,0.));
#8639=DIRECTION('ref_axis',(0.,-0.939692620785908,-0.342020143325669));
#8640=DIRECTION('center_axis',(1.,0.,0.));
#8641=DIRECTION('ref_axis',(0.,-0.866025403784439,-0.5));
#8642=DIRECTION('center_axis',(1.,0.,0.));
#8643=DIRECTION('ref_axis',(0.,-0.766044443118978,-0.642787609686539));
#8644=DIRECTION('center_axis',(1.,0.,0.));
#8645=DIRECTION('ref_axis',(0.,-0.642787609686539,-0.766044443118978));
#8646=DIRECTION('center_axis',(1.,0.,0.));
#8647=DIRECTION('ref_axis',(0.,-0.5,-0.866025403784439));
#8648=DIRECTION('center_axis',(1.,0.,0.));
#8649=DIRECTION('ref_axis',(0.,-0.342020143325669,-0.939692620785908));
#8650=DIRECTION('center_axis',(1.,0.,0.));
#8651=DIRECTION('ref_axis',(0.,0.342020143325669,-0.939692620785908));
#8652=DIRECTION('center_axis',(1.,0.,0.));
#8653=DIRECTION('ref_axis',(0.,0.5,-0.866025403784439));
#8654=DIRECTION('center_axis',(1.,0.,0.));
#8655=DIRECTION('ref_axis',(0.,0.642787609686539,-0.766044443118978));
#8656=DIRECTION('center_axis',(1.,0.,0.));
#8657=DIRECTION('ref_axis',(0.,0.766044443118978,-0.642787609686539));
#8658=DIRECTION('center_axis',(1.,0.,0.));
#8659=DIRECTION('ref_axis',(0.,0.866025403784438,-0.5));
#8660=DIRECTION('center_axis',(1.,0.,0.));
#8661=DIRECTION('ref_axis',(0.,0.939692620785908,-0.342020143325669));
#8662=DIRECTION('center_axis',(1.,0.,0.));
#8663=DIRECTION('ref_axis',(0.,0.984807753012208,-0.17364817766693));
#8664=DIRECTION('center_axis',(1.,0.,0.));
#8665=DIRECTION('ref_axis',(0.,1.,-1.83697019872103E-16));
#8666=DIRECTION('center_axis',(1.,0.,0.));
#8667=DIRECTION('ref_axis',(0.,0.984807753012208,0.17364817766693));
#8668=DIRECTION('center_axis',(1.,0.,0.));
#8669=DIRECTION('ref_axis',(0.,0.939692620785909,0.342020143325668));
#8670=DIRECTION('center_axis',(1.,0.,0.));
#8671=DIRECTION('ref_axis',(0.,0.866025403784439,0.5));
#8672=DIRECTION('center_axis',(1.,0.,0.));
#8673=DIRECTION('ref_axis',(0.,0.766044443118978,0.642787609686539));
#8674=DIRECTION('center_axis',(1.,0.,0.));
#8675=DIRECTION('ref_axis',(0.,0.64278760968654,0.766044443118978));
#8676=DIRECTION('center_axis',(1.,0.,0.));
#8677=DIRECTION('ref_axis',(0.,0.5,0.866025403784438));
#8678=DIRECTION('center_axis',(1.,0.,0.));
#8679=DIRECTION('ref_axis',(0.,0.342020143325669,0.939692620785908));
#8680=DIRECTION('center_axis',(-1.,0.,0.));
#8681=DIRECTION('ref_axis',(0.,1.,0.));
#8682=DIRECTION('center_axis',(-0.707106781186547,0.683012701892219,-0.18301270189222));
#8683=DIRECTION('ref_axis',(0.707106781186548,0.683012701892219,-0.18301270189222));
#8684=DIRECTION('',(-0.0868265938642476,-0.340728483766235,-0.936143815312741));
#8685=DIRECTION('center_axis',(1.,0.,0.));
#8686=DIRECTION('ref_axis',(0.,0.342020143325669,0.939692620785908));
#8687=DIRECTION('center_axis',(0.707106781186548,0.640856382055788,-0.29883623873012));
#8688=DIRECTION('ref_axis',(0.707106781186548,-0.640856382055788,0.29883623873012));
#8689=DIRECTION('',(0.,0.4226182617407,0.90630778703665));
#8690=DIRECTION('center_axis',(-0.707106781186548,0.640856382055788,-0.29883623873012));
#8691=DIRECTION('ref_axis',(0.707106781186547,0.640856382055788,-0.29883623873012));
#8692=DIRECTION('',(-0.0868265938642476,-0.498111720048308,-0.862754806969193));
#8693=DIRECTION('center_axis',(1.,0.,0.));
#8694=DIRECTION('ref_axis',(0.,0.500000000000001,0.866025403784438));
#8695=DIRECTION('center_axis',(0.707106781186547,0.579227965339569,-0.405579787672639));
#8696=DIRECTION('ref_axis',(0.707106781186548,-0.579227965339569,0.405579787672639));
#8697=DIRECTION('',(0.,0.573576436351046,0.819152044288992));
#8698=DIRECTION('center_axis',(-0.707106781186548,0.579227965339569,-0.405579787672639));
#8699=DIRECTION('ref_axis',(0.707106781186548,0.579227965339569,-0.405579787672639));
#8700=DIRECTION('',(-0.0868265938642476,-0.640360083773404,-0.763151430390884));
#8701=DIRECTION('center_axis',(1.,0.,0.));
#8702=DIRECTION('ref_axis',(0.,0.64278760968654,0.766044443118978));
#8703=DIRECTION('center_axis',(0.707106781186548,0.5,-0.5));
#8704=DIRECTION('ref_axis',(0.707106781186548,-0.5,0.5));
#8705=DIRECTION('',(0.,0.707106781186548,0.707106781186547));
#8706=DIRECTION('center_axis',(-0.707106781186548,0.5,-0.5));
#8707=DIRECTION('ref_axis',(0.707106781186548,0.5,-0.5));
#8708=DIRECTION('',(-0.0868265938642475,-0.763151430390884,-0.640360083773404));
#8709=DIRECTION('center_axis',(1.,0.,0.));
#8710=DIRECTION('ref_axis',(0.,0.766044443118978,0.642787609686539));
#8711=DIRECTION('center_axis',(0.707106781186548,0.405579787672639,-0.579227965339569));
#8712=DIRECTION('ref_axis',(0.707106781186547,-0.405579787672639,0.579227965339569));
#8713=DIRECTION('',(0.,0.819152044288992,0.573576436351046));
#8714=DIRECTION('center_axis',(-0.707106781186548,0.405579787672639,-0.579227965339569));
#8715=DIRECTION('ref_axis',(0.707106781186548,0.405579787672639,-0.579227965339569));
#8716=DIRECTION('',(-0.0868265938642475,-0.862754806969193,-0.498111720048307));
#8717=DIRECTION('center_axis',(1.,0.,0.));
#8718=DIRECTION('ref_axis',(0.,0.866025403784438,0.5));
#8719=DIRECTION('center_axis',(0.707106781186548,0.29883623873012,-0.640856382055789));
#8720=DIRECTION('ref_axis',(0.707106781186548,-0.29883623873012,0.640856382055789));
#8721=DIRECTION('',(0.,0.90630778703665,0.422618261740699));
#8722=DIRECTION('center_axis',(-0.707106781186547,0.298836238730119,-0.640856382055789));
#8723=DIRECTION('ref_axis',(0.707106781186548,0.298836238730119,-0.640856382055789));
#8724=DIRECTION('',(-0.0868265938642476,-0.936143815312741,-0.340728483766234));
#8725=DIRECTION('center_axis',(1.,0.,0.));
#8726=DIRECTION('ref_axis',(0.,0.939692620785909,0.342020143325668));
#8727=DIRECTION('center_axis',(0.707106781186548,0.183012701892219,-0.683012701892219));
#8728=DIRECTION('ref_axis',(0.707106781186547,-0.183012701892219,0.683012701892219));
#8729=DIRECTION('',(0.,0.965925826289068,0.25881904510252));
#8730=DIRECTION('center_axis',(-0.707106781186548,0.183012701892219,-0.683012701892219));
#8731=DIRECTION('ref_axis',(0.707106781186547,0.183012701892219,-0.683012701892219));
#8732=DIRECTION('',(-0.0868265938642476,-0.981088567539639,-0.172992384921857));
#8733=DIRECTION('center_axis',(1.,0.,0.));
#8734=DIRECTION('ref_axis',(0.,0.984807753012208,0.17364817766693));
#8735=DIRECTION('center_axis',(0.707106781186548,0.0616284167162191,-0.704416026402759));
#8736=DIRECTION('ref_axis',(0.707106781186548,-0.0616284167162191,0.704416026402759));
#8737=DIRECTION('',(0.,0.996194698091746,0.087155742747658));
#8738=DIRECTION('center_axis',(-0.707106781186548,0.0616284167162192,-0.704416026402759));
#8739=DIRECTION('ref_axis',(0.707106781186548,0.0616284167162192,-0.704416026402759));
#8740=DIRECTION('',(-0.0868265938642476,-0.996223440096615,1.66538258482783E-16));
#8741=DIRECTION('center_axis',(1.,0.,0.));
#8742=DIRECTION('ref_axis',(0.,1.,-1.83697019872103E-16));
#8743=DIRECTION('center_axis',(0.707106781186548,-0.0616284167162195,-0.704416026402759));
#8744=DIRECTION('ref_axis',(0.707106781186548,0.0616284167162195,0.704416026402759));
#8745=DIRECTION('',(0.,0.996194698091746,-0.0871557427476581));
#8746=DIRECTION('center_axis',(-0.707106781186548,-0.0616284167162193,-0.704416026402759));
#8747=DIRECTION('ref_axis',(0.707106781186547,-0.0616284167162193,-0.704416026402759));
#8748=DIRECTION('',(-0.0868265938642476,-0.981088567539639,0.172992384921857));
#8749=DIRECTION('center_axis',(1.,0.,0.));
#8750=DIRECTION('ref_axis',(0.,0.984807753012208,-0.17364817766693));
#8751=DIRECTION('center_axis',(0.707106781186548,-0.183012701892219,-0.683012701892219));
#8752=DIRECTION('ref_axis',(0.707106781186547,0.183012701892219,0.683012701892219));
#8753=DIRECTION('',(0.,0.965925826289068,-0.258819045102521));
#8754=DIRECTION('center_axis',(-0.707106781186548,-0.18301270189222,-0.683012701892219));
#8755=DIRECTION('ref_axis',(0.707106781186547,-0.18301270189222,-0.683012701892219));
#8756=DIRECTION('',(-0.0868265938642476,-0.936143815312741,0.340728483766235));
#8757=DIRECTION('center_axis',(1.,0.,0.));
#8758=DIRECTION('ref_axis',(0.,0.939692620785908,-0.342020143325669));
#8759=DIRECTION('center_axis',(0.707106781186548,-0.29883623873012,-0.640856382055788));
#8760=DIRECTION('ref_axis',(0.707106781186547,0.29883623873012,0.640856382055788));
#8761=DIRECTION('',(0.,0.90630778703665,-0.4226182617407));
#8762=DIRECTION('center_axis',(-0.707106781186548,-0.29883623873012,-0.640856382055788));
#8763=DIRECTION('ref_axis',(0.707106781186547,-0.29883623873012,-0.640856382055788));
#8764=DIRECTION('',(-0.0868265938642476,-0.862754806969193,0.498111720048308));
#8765=DIRECTION('center_axis',(1.,0.,0.));
#8766=DIRECTION('ref_axis',(0.,0.866025403784438,-0.500000000000001));
#8767=DIRECTION('center_axis',(0.707106781186548,-0.405579787672639,-0.579227965339569));
#8768=DIRECTION('ref_axis',(0.707106781186548,0.405579787672639,0.579227965339569));
#8769=DIRECTION('',(0.,0.819152044288992,-0.573576436351046));
#8770=DIRECTION('center_axis',(-0.707106781186548,-0.405579787672639,-0.579227965339569));
#8771=DIRECTION('ref_axis',(0.707106781186548,-0.405579787672639,-0.579227965339569));
#8772=DIRECTION('',(-0.0868265938642475,-0.763151430390884,0.640360083773404));
#8773=DIRECTION('center_axis',(1.,0.,0.));
#8774=DIRECTION('ref_axis',(0.,0.766044443118978,-0.642787609686539));
#8775=DIRECTION('center_axis',(0.707106781186548,-0.5,-0.5));
#8776=DIRECTION('ref_axis',(0.707106781186548,0.5,0.5));
#8777=DIRECTION('',(0.,0.707106781186547,-0.707106781186548));
#8778=DIRECTION('center_axis',(-0.707106781186548,-0.5,-0.5));
#8779=DIRECTION('ref_axis',(0.707106781186548,-0.5,-0.5));
#8780=DIRECTION('',(-0.0868265938642476,-0.640360083773404,0.763151430390884));
#8781=DIRECTION('center_axis',(-0.707106781186548,-0.5,-0.5));
#8782=DIRECTION('ref_axis',(0.707106781186548,-0.5,-0.5));
#8783=DIRECTION('center_axis',(-1.,0.,0.));
#8784=DIRECTION('ref_axis',(0.,0.642787609686539,-0.766044443118978));
#8785=DIRECTION('center_axis',(0.707106781186548,-0.579227965339569,-0.405579787672639));
#8786=DIRECTION('ref_axis',(0.707106781186548,0.579227965339569,0.405579787672639));
#8787=DIRECTION('center_axis',(-1.,0.,0.));
#8788=DIRECTION('ref_axis',(0.,0.642787609686539,-0.766044443118978));
#8789=DIRECTION('center_axis',(1.,0.,0.));
#8790=DIRECTION('ref_axis',(0.,0.642787609686539,-0.766044443118978));
#8791=DIRECTION('center_axis',(0.707106781186548,-0.579227965339569,-0.405579787672639));
#8792=DIRECTION('ref_axis',(0.707106781186547,0.579227965339569,0.405579787672639));
#8793=DIRECTION('center_axis',(-1.,0.,0.));
#8794=DIRECTION('ref_axis',(0.,0.5,-0.866025403784439));
#8795=DIRECTION('center_axis',(-1.,0.,0.));
#8796=DIRECTION('ref_axis',(0.,0.5,-0.866025403784439));
#8797=DIRECTION('center_axis',(1.,0.,0.));
#8798=DIRECTION('ref_axis',(0.,0.5,-0.866025403784439));
#8799=DIRECTION('center_axis',(1.,0.,0.));
#8800=DIRECTION('ref_axis',(0.,0.342020143325669,-0.939692620785909));
#8801=DIRECTION('center_axis',(1.,0.,0.));
#8802=DIRECTION('ref_axis',(0.,0.,-1.));
#8803=DIRECTION('center_axis',(1.,0.,0.));
#8804=DIRECTION('ref_axis',(0.,-0.342020143325669,-0.939692620785908));
#8805=DIRECTION('center_axis',(0.707106781186548,-0.640856382055789,0.29883623873012));
#8806=DIRECTION('ref_axis',(0.707106781186548,0.640856382055789,-0.29883623873012));
#8807=DIRECTION('',(0.,-0.422618261740699,-0.90630778703665));
#8808=DIRECTION('center_axis',(-0.707106781186548,-0.640856382055789,0.29883623873012));
#8809=DIRECTION('ref_axis',(0.707106781186548,-0.640856382055789,0.29883623873012));
#8810=DIRECTION('',(-0.0868265938642476,0.498111720048307,0.862754806969193));
#8811=DIRECTION('center_axis',(-0.707106781186548,-0.640856382055789,0.29883623873012));
#8812=DIRECTION('ref_axis',(0.707106781186548,-0.640856382055789,0.29883623873012));
#8813=DIRECTION('center_axis',(-1.,0.,0.));
#8814=DIRECTION('ref_axis',(0.,-0.5,-0.866025403784439));
#8815=DIRECTION('center_axis',(0.707106781186548,-0.579227965339569,0.405579787672639));
#8816=DIRECTION('ref_axis',(0.707106781186547,0.579227965339569,-0.405579787672639));
#8817=DIRECTION('center_axis',(-1.,0.,0.));
#8818=DIRECTION('ref_axis',(0.,-0.5,-0.866025403784439));
#8819=DIRECTION('center_axis',(1.,0.,0.));
#8820=DIRECTION('ref_axis',(0.,-0.5,-0.866025403784439));
#8821=DIRECTION('center_axis',(0.707106781186548,-0.579227965339569,0.405579787672639));
#8822=DIRECTION('ref_axis',(0.707106781186547,0.579227965339569,-0.405579787672639));
#8823=DIRECTION('',(0.,-0.573576436351046,-0.819152044288992));
#8824=DIRECTION('center_axis',(-0.707106781186548,-0.579227965339569,0.405579787672639));
#8825=DIRECTION('ref_axis',(0.707106781186547,-0.579227965339569,0.405579787672639));
#8826=DIRECTION('',(-0.0868265938642475,0.640360083773404,0.763151430390884));
#8827=DIRECTION('center_axis',(-0.707106781186548,-0.579227965339569,0.405579787672639));
#8828=DIRECTION('ref_axis',(0.707106781186547,-0.579227965339569,0.405579787672639));
#8829=DIRECTION('center_axis',(-1.,0.,0.));
#8830=DIRECTION('ref_axis',(0.,-0.642787609686539,-0.766044443118978));
#8831=DIRECTION('center_axis',(0.707106781186548,-0.5,0.5));
#8832=DIRECTION('ref_axis',(0.707106781186547,0.5,-0.5));
#8833=DIRECTION('center_axis',(-1.,0.,0.));
#8834=DIRECTION('ref_axis',(0.,-0.642787609686539,-0.766044443118978));
#8835=DIRECTION('center_axis',(1.,0.,0.));
#8836=DIRECTION('ref_axis',(0.,-0.642787609686539,-0.766044443118978));
#8837=DIRECTION('center_axis',(0.707106781186548,-0.5,0.5));
#8838=DIRECTION('ref_axis',(0.707106781186548,0.5,-0.5));
#8839=DIRECTION('',(0.,-0.707106781186548,-0.707106781186548));
#8840=DIRECTION('center_axis',(-0.707106781186548,-0.5,0.5));
#8841=DIRECTION('ref_axis',(0.707106781186547,-0.5,0.5));
#8842=DIRECTION('',(-0.0868265938642476,0.763151430390884,0.640360083773404));
#8843=DIRECTION('center_axis',(1.,0.,0.));
#8844=DIRECTION('ref_axis',(0.,-0.766044443118978,-0.642787609686539));
#8845=DIRECTION('center_axis',(0.707106781186548,-0.405579787672639,0.579227965339569));
#8846=DIRECTION('ref_axis',(0.707106781186548,0.405579787672639,-0.579227965339569));
#8847=DIRECTION('',(0.,-0.819152044288992,-0.573576436351046));
#8848=DIRECTION('center_axis',(-0.707106781186548,-0.405579787672639,0.579227965339569));
#8849=DIRECTION('ref_axis',(0.707106781186547,-0.405579787672639,0.579227965339569));
#8850=DIRECTION('',(-0.0868265938642476,0.862754806969193,0.498111720048307));
#8851=DIRECTION('center_axis',(1.,0.,0.));
#8852=DIRECTION('ref_axis',(0.,-0.866025403784439,-0.5));
#8853=DIRECTION('center_axis',(0.707106781186548,-0.29883623873012,0.640856382055789));
#8854=DIRECTION('ref_axis',(0.707106781186547,0.29883623873012,-0.640856382055789));
#8855=DIRECTION('',(0.,-0.90630778703665,-0.422618261740699));
#8856=DIRECTION('center_axis',(-0.707106781186548,-0.29883623873012,0.640856382055789));
#8857=DIRECTION('ref_axis',(0.707106781186547,-0.29883623873012,0.640856382055789));
#8858=DIRECTION('',(-0.0868265938642476,0.936143815312741,0.340728483766235));
#8859=DIRECTION('center_axis',(1.,0.,0.));
#8860=DIRECTION('ref_axis',(0.,-0.939692620785908,-0.342020143325669));
#8861=DIRECTION('center_axis',(0.707106781186548,-0.183012701892219,0.683012701892219));
#8862=DIRECTION('ref_axis',(0.707106781186547,0.183012701892219,-0.683012701892219));
#8863=DIRECTION('',(0.,-0.965925826289068,-0.258819045102521));
#8864=DIRECTION('center_axis',(-0.707106781186548,-0.183012701892219,0.683012701892219));
#8865=DIRECTION('ref_axis',(0.707106781186547,-0.183012701892219,0.683012701892219));
#8866=DIRECTION('',(-0.0868265938642476,0.981088567539639,0.172992384921857));
#8867=DIRECTION('center_axis',(1.,0.,0.));
#8868=DIRECTION('ref_axis',(0.,-0.984807753012208,-0.17364817766693));
#8869=DIRECTION('center_axis',(0.707106781186548,-0.0616284167162193,0.704416026402759));
#8870=DIRECTION('ref_axis',(0.707106781186547,0.0616284167162193,-0.704416026402759));
#8871=DIRECTION('',(0.,-0.996194698091746,-0.0871557427476581));
#8872=DIRECTION('center_axis',(-0.707106781186548,-0.0616284167162193,0.704416026402759));
#8873=DIRECTION('ref_axis',(0.707106781186548,-0.0616284167162193,0.704416026402759));
#8874=DIRECTION('',(-0.0868265938642476,0.996223440096615,-5.55127528275944E-17));
#8875=DIRECTION('center_axis',(1.,0.,0.));
#8876=DIRECTION('ref_axis',(0.,-1.,6.12323399573677E-17));
#8877=DIRECTION('center_axis',(0.707106781186548,0.0616284167162194,0.704416026402759));
#8878=DIRECTION('ref_axis',(0.707106781186548,-0.0616284167162194,-0.704416026402759));
#8879=DIRECTION('',(0.,-0.996194698091746,0.0871557427476582));
#8880=DIRECTION('center_axis',(-0.707106781186548,0.0616284167162194,0.704416026402759));
#8881=DIRECTION('ref_axis',(0.707106781186547,0.0616284167162194,0.704416026402759));
#8882=DIRECTION('',(-0.0868265938642476,0.981088567539639,-0.172992384921858));
#8883=DIRECTION('center_axis',(1.,0.,0.));
#8884=DIRECTION('ref_axis',(0.,-0.984807753012208,0.17364817766693));
#8885=DIRECTION('center_axis',(0.707106781186548,0.183012701892219,0.683012701892219));
#8886=DIRECTION('ref_axis',(0.707106781186547,-0.183012701892219,-0.683012701892219));
#8887=DIRECTION('',(0.,-0.965925826289068,0.258819045102521));
#8888=DIRECTION('center_axis',(1.,0.,0.));
#8889=DIRECTION('ref_axis',(0.,0.,-1.));
#8890=DIRECTION('center_axis',(-0.707106781186548,0.183012701892219,0.683012701892219));
#8891=DIRECTION('ref_axis',(0.707106781186547,0.183012701892219,0.683012701892219));
#8892=DIRECTION('',(-0.0868265938642476,0.936143815312741,-0.340728483766235));
#8893=DIRECTION('center_axis',(1.,0.,0.));
#8894=DIRECTION('ref_axis',(0.,-0.939692620785908,0.342020143325669));
#8895=DIRECTION('center_axis',(0.707106781186548,0.29883623873012,0.640856382055789));
#8896=DIRECTION('ref_axis',(0.707106781186548,-0.29883623873012,-0.640856382055789));
#8897=DIRECTION('',(0.,-0.90630778703665,0.4226182617407));
#8898=DIRECTION('center_axis',(-0.707106781186548,0.29883623873012,0.640856382055789));
#8899=DIRECTION('ref_axis',(0.707106781186548,0.29883623873012,0.640856382055789));
#8900=DIRECTION('',(-0.0868265938642475,0.862754806969193,-0.498111720048307));
#8901=DIRECTION('center_axis',(1.,0.,0.));
#8902=DIRECTION('ref_axis',(0.,-0.866025403784438,0.5));
#8903=DIRECTION('center_axis',(0.707106781186548,0.405579787672639,0.579227965339569));
#8904=DIRECTION('ref_axis',(0.707106781186548,-0.405579787672639,-0.579227965339569));
#8905=DIRECTION('',(0.,-0.819152044288992,0.573576436351046));
#8906=DIRECTION('center_axis',(-0.707106781186548,0.405579787672639,0.579227965339569));
#8907=DIRECTION('ref_axis',(0.707106781186548,0.405579787672639,0.579227965339569));
#8908=DIRECTION('',(-0.0868265938642476,0.763151430390884,-0.640360083773404));
#8909=DIRECTION('center_axis',(1.,0.,0.));
#8910=DIRECTION('ref_axis',(0.,-0.766044443118978,0.642787609686539));
#8911=DIRECTION('center_axis',(0.707106781186548,0.5,0.5));
#8912=DIRECTION('ref_axis',(0.707106781186547,-0.5,-0.5));
#8913=DIRECTION('',(0.,-0.707106781186547,0.707106781186548));
#8914=DIRECTION('center_axis',(-0.707106781186548,0.5,0.5));
#8915=DIRECTION('ref_axis',(0.707106781186548,0.5,0.5));
#8916=DIRECTION('',(-0.0868265938642476,0.640360083773404,-0.763151430390884));
#8917=DIRECTION('center_axis',(1.,0.,0.));
#8918=DIRECTION('ref_axis',(0.,-0.642787609686539,0.766044443118978));
#8919=DIRECTION('center_axis',(0.707106781186548,0.579227965339569,0.405579787672639));
#8920=DIRECTION('ref_axis',(0.707106781186547,-0.579227965339569,-0.405579787672639));
#8921=DIRECTION('',(0.,-0.573576436351046,0.819152044288992));
#8922=DIRECTION('center_axis',(-0.707106781186548,0.579227965339569,0.405579787672639));
#8923=DIRECTION('ref_axis',(0.707106781186547,0.579227965339569,0.405579787672639));
#8924=DIRECTION('',(-0.0868265938642476,0.498111720048307,-0.862754806969193));
#8925=DIRECTION('center_axis',(1.,0.,0.));
#8926=DIRECTION('ref_axis',(0.,-0.5,0.866025403784439));
#8927=DIRECTION('center_axis',(0.707106781186548,0.640856382055789,0.29883623873012));
#8928=DIRECTION('ref_axis',(0.707106781186548,-0.640856382055789,-0.29883623873012));
#8929=DIRECTION('',(0.,-0.422618261740699,0.90630778703665));
#8930=DIRECTION('center_axis',(-0.707106781186548,0.640856382055789,0.29883623873012));
#8931=DIRECTION('ref_axis',(0.707106781186548,0.640856382055789,0.29883623873012));
#8932=DIRECTION('',(-0.0868265938642476,0.340728483766235,-0.936143815312741));
#8933=DIRECTION('center_axis',(1.,0.,0.));
#8934=DIRECTION('ref_axis',(0.,-0.342020143325669,0.939692620785908));
#8935=DIRECTION('center_axis',(0.707106781186548,0.683012701892219,0.183012701892219));
#8936=DIRECTION('ref_axis',(0.707106781186547,-0.683012701892219,-0.183012701892219));
#8937=DIRECTION('',(0.,-0.258819045102521,0.965925826289068));
#8938=DIRECTION('center_axis',(-0.707106781186548,0.683012701892219,0.183012701892219));
#8939=DIRECTION('ref_axis',(0.707106781186547,0.683012701892219,0.183012701892219));
#8940=DIRECTION('',(-0.0868265938642476,0.172992384921857,-0.981088567539639));
#8941=DIRECTION('center_axis',(1.,0.,0.));
#8942=DIRECTION('ref_axis',(0.,-0.17364817766693,0.984807753012208));
#8943=DIRECTION('center_axis',(0.707106781186548,0.704416026402759,0.0616284167162193));
#8944=DIRECTION('ref_axis',(0.707106781186548,-0.704416026402759,-0.0616284167162193));
#8945=DIRECTION('',(0.,-0.0871557427476582,0.996194698091746));
#8946=DIRECTION('center_axis',(-0.707106781186548,0.704416026402759,0.0616284167162194));
#8947=DIRECTION('ref_axis',(0.707106781186548,0.704416026402759,0.0616284167162194));
#8948=DIRECTION('',(-0.0868265938642476,0.,-0.996223440096615));
#8949=DIRECTION('center_axis',(1.,0.,0.));
#8950=DIRECTION('ref_axis',(0.,0.,1.));
#8951=DIRECTION('center_axis',(0.707106781186548,0.704416026402759,-0.0616284167162194));
#8952=DIRECTION('ref_axis',(0.707106781186548,-0.704416026402759,0.0616284167162194));
#8953=DIRECTION('center_axis',(0.,1.,0.));
#8954=DIRECTION('ref_axis',(0.,0.,1.));
#8955=DIRECTION('center_axis',(1.,0.,0.));
#8956=DIRECTION('ref_axis',(0.,0.,-1.));
#8957=DIRECTION('center_axis',(1.,0.,0.));
#8958=DIRECTION('ref_axis',(0.,1.,0.));
#8959=DIRECTION('center_axis',(1.,0.,0.));
#8960=DIRECTION('ref_axis',(0.,1.,0.));
#8961=DIRECTION('',(1.,0.,0.));
#8962=DIRECTION('center_axis',(-1.,0.,0.));
#8963=DIRECTION('ref_axis',(0.,1.,0.));
#8964=DIRECTION('center_axis',(-1.,0.,0.));
#8965=DIRECTION('ref_axis',(0.,0.,1.));
#8966=DIRECTION('center_axis',(-1.,0.,0.));
#8967=DIRECTION('ref_axis',(0.,0.,1.));
#8968=DIRECTION('center_axis',(-1.,0.,0.));
#8969=DIRECTION('ref_axis',(0.,1.,0.));
#8970=DIRECTION('center_axis',(1.,0.,0.));
#8971=DIRECTION('ref_axis',(0.,1.,0.));
#8972=DIRECTION('',(-1.,0.,0.));
#8973=DIRECTION('center_axis',(0.,0.,-1.));
#8974=DIRECTION('ref_axis',(1.,0.,0.));
#8975=DIRECTION('',(1.,-5.78241158658935E-17,0.));
#8976=DIRECTION('',(-4.31154572669962E-16,1.,0.));
#8977=DIRECTION('center_axis',(0.,0.,1.));
#8978=DIRECTION('ref_axis',(-0.707106781186547,0.707106781186547,0.));
#8979=DIRECTION('',(1.,0.,0.));
#8980=DIRECTION('',(-3.46944695195361E-16,1.,0.));
#8981=DIRECTION('',(-1.,1.29346371800988E-15,0.));
#8982=DIRECTION('center_axis',(0.,0.,1.));
#8983=DIRECTION('ref_axis',(-0.707106781186547,-0.707106781186548,0.));
#8984=DIRECTION('',(-3.01808200868973E-15,1.,0.));
#8985=DIRECTION('center_axis',(5.78241158658935E-17,1.,0.));
#8986=DIRECTION('ref_axis',(1.,-5.78241158658935E-17,0.));
#8987=DIRECTION('',(0.,0.,1.));
#8988=DIRECTION('',(1.,-5.78241158658935E-17,0.));
#8989=DIRECTION('',(0.,0.,1.));
#8990=DIRECTION('',(1.,-5.78241158658935E-17,0.));
#8991=DIRECTION('',(0.,0.,-1.));
#8992=DIRECTION('center_axis',(0.,0.,-1.));
#8993=DIRECTION('ref_axis',(1.,0.,0.));
#8994=DIRECTION('',(0.,0.,1.));
#8995=DIRECTION('center_axis',(0.,0.,1.));
#8996=DIRECTION('ref_axis',(1.,0.,0.));
#8997=DIRECTION('center_axis',(0.,0.,-1.));
#8998=DIRECTION('ref_axis',(1.,0.,0.));
#8999=DIRECTION('',(0.,0.,1.));
#9000=DIRECTION('center_axis',(0.,0.,1.));
#9001=DIRECTION('ref_axis',(1.,0.,0.));
#9002=DIRECTION('center_axis',(0.,0.,1.));
#9003=DIRECTION('ref_axis',(1.,0.,0.));
#9004=DIRECTION('center_axis',(0.,0.,1.));
#9005=DIRECTION('ref_axis',(1.,0.,0.));
#9006=DIRECTION('center_axis',(0.,0.,1.));
#9007=DIRECTION('ref_axis',(1.,0.,0.));
#9008=DIRECTION('center_axis',(0.,0.,1.));
#9009=DIRECTION('ref_axis',(1.,0.,0.));
#9010=DIRECTION('center_axis',(1.,-1.22464679914735E-16,0.));
#9011=DIRECTION('ref_axis',(1.22464679914735E-16,1.,0.));
#9012=DIRECTION('',(-1.22464679914735E-16,-1.,0.));
#9013=DIRECTION('',(0.,0.,1.));
#9014=DIRECTION('center_axis',(0.,0.,1.));
#9015=DIRECTION('ref_axis',(1.,0.,0.));
#9016=DIRECTION('center_axis',(0.,0.,1.));
#9017=DIRECTION('ref_axis',(0.707106781186548,0.707106781186548,0.));
#9018=DIRECTION('',(-3.46944695195361E-16,1.,0.));
#9019=DIRECTION('',(1.,-7.66135847655878E-16,0.));
#9020=DIRECTION('',(1.09923071745065E-15,1.,0.));
#9021=DIRECTION('center_axis',(0.,0.,-1.));
#9022=DIRECTION('ref_axis',(0.707106781186548,0.707106781186547,0.));
#9023=DIRECTION('',(-1.,-2.1984614349013E-16,0.));
#9024=DIRECTION('center_axis',(2.1984614349013E-16,-1.,0.));
#9025=DIRECTION('ref_axis',(-1.,-2.1984614349013E-16,0.));
#9026=DIRECTION('',(0.,0.,1.));
#9027=DIRECTION('center_axis',(-6.12323399573677E-17,-1.,0.));
#9028=DIRECTION('ref_axis',(1.,-6.12323399573677E-17,0.));
#9029=DIRECTION('',(0.,0.,1.));
#9030=DIRECTION('',(0.,0.,-1.));
#9031=DIRECTION('',(-1.,6.12323399573677E-17,0.));
#9032=DIRECTION('center_axis',(7.66135847655878E-16,1.,0.));
#9033=DIRECTION('ref_axis',(-1.,7.66135847655878E-16,0.));
#9034=DIRECTION('',(0.,0.,-1.));
#9035=DIRECTION('',(0.,0.,1.));
#9036=DIRECTION('center_axis',(-1.,1.09923071745065E-15,0.));
#9037=DIRECTION('ref_axis',(1.09923071745065E-15,1.,0.));
#9038=DIRECTION('',(1.09923071745065E-15,1.,0.));
#9039=DIRECTION('',(0.,0.,1.));
#9040=DIRECTION('center_axis',(0.,0.,1.));
#9041=DIRECTION('ref_axis',(1.,0.,0.));
#9042=DIRECTION('',(-3.46944695195361E-16,1.,0.));
#9043=DIRECTION('center_axis',(0.,0.,1.));
#9044=DIRECTION('ref_axis',(0.707106781186549,-0.707106781186546,0.));
#9045=DIRECTION('',(-7.0490350769851E-16,-1.,0.));
#9046=DIRECTION('',(1.,9.89307645705586E-16,0.));
#9047=DIRECTION('center_axis',(0.,0.,-1.));
#9048=DIRECTION('ref_axis',(0.707106781186549,-0.707106781186546,0.));
#9049=DIRECTION('center_axis',(1.,-7.0490350769851E-16,0.));
#9050=DIRECTION('ref_axis',(7.0490350769851E-16,1.,0.));
#9051=DIRECTION('',(0.,0.,-1.));
#9052=DIRECTION('center_axis',(0.,0.,-1.));
#9053=DIRECTION('ref_axis',(0.707106781186548,0.707106781186547,0.));
#9054=DIRECTION('',(0.,0.,-1.));
#9055=DIRECTION('center_axis',(-1.,1.09923071745065E-15,0.));
#9056=DIRECTION('ref_axis',(1.09923071745065E-15,1.,0.));
#9057=DIRECTION('center_axis',(0.,0.,-1.));
#9058=DIRECTION('ref_axis',(0.707106781186549,-0.707106781186546,0.));
#9059=DIRECTION('',(0.,0.,-1.));
#9060=DIRECTION('center_axis',(-9.89307645705586E-16,1.,0.));
#9061=DIRECTION('ref_axis',(1.,9.89307645705586E-16,0.));
#9062=DIRECTION('center_axis',(0.,0.,-1.));
#9063=DIRECTION('ref_axis',(-0.707106781186547,0.707106781186547,0.));
#9064=DIRECTION('',(0.,0.,1.));
#9065=DIRECTION('center_axis',(0.,0.,-1.));
#9066=DIRECTION('ref_axis',(-0.707106781186547,0.707106781186547,0.));
#9067=DIRECTION('',(0.,0.,-1.));
#9068=DIRECTION('center_axis',(0.,1.,0.));
#9069=DIRECTION('ref_axis',(1.,0.,0.));
#9070=DIRECTION('',(-1.,0.,0.));
#9071=DIRECTION('',(0.,0.,-1.));
#9072=DIRECTION('center_axis',(0.,0.,1.));
#9073=DIRECTION('ref_axis',(1.,0.,0.));
#9074=DIRECTION('',(4.31154572669962E-16,-1.,0.));
#9075=DIRECTION('center_axis',(0.,0.,1.));
#9076=DIRECTION('ref_axis',(0.707106781186549,-0.707106781186546,0.));
#9077=DIRECTION('',(-3.46944695195361E-16,1.,0.));
#9078=DIRECTION('center_axis',(0.,0.,1.));
#9079=DIRECTION('ref_axis',(1.,0.,0.));
#9080=DIRECTION('center_axis',(0.,0.,-1.));
#9081=DIRECTION('ref_axis',(-0.707106781186547,-0.707106781186548,0.));
#9082=DIRECTION('',(0.,0.,1.));
#9083=DIRECTION('center_axis',(0.,0.,-1.));
#9084=DIRECTION('ref_axis',(-0.707106781186547,-0.707106781186548,0.));
#9085=DIRECTION('',(0.,0.,-1.));
#9086=DIRECTION('center_axis',(-1.,-3.01808200868973E-15,0.));
#9087=DIRECTION('ref_axis',(-3.01808200868973E-15,1.,0.));
#9088=DIRECTION('',(3.01808200868973E-15,-1.,0.));
#9089=DIRECTION('center_axis',(0.,0.,1.));
#9090=DIRECTION('ref_axis',(1.,0.,0.));
#9091=DIRECTION('',(1.,-1.29346371800988E-15,0.));
#9092=DIRECTION('',(-3.46944695195361E-16,1.,0.));
#9093=DIRECTION('center_axis',(0.,0.,1.));
#9094=DIRECTION('ref_axis',(0.707106781186548,0.707106781186548,0.));
#9095=DIRECTION('center_axis',(0.,0.,1.));
#9096=DIRECTION('ref_axis',(1.,0.,0.));
#9097=DIRECTION('center_axis',(0.,0.,1.));
#9098=DIRECTION('ref_axis',(0.707106781186549,-0.707106781186546,0.));
#9099=DIRECTION('',(0.,0.,-1.));
#9100=DIRECTION('center_axis',(-1.,-3.46944695195361E-16,0.));
#9101=DIRECTION('ref_axis',(-3.46944695195361E-16,1.,0.));
#9102=DIRECTION('',(0.,0.,1.));
#9103=DIRECTION('',(0.,0.,-1.));
#9104=DIRECTION('center_axis',(0.,0.,1.));
#9105=DIRECTION('ref_axis',(0.707106781186548,0.707106781186548,0.));
#9106=DIRECTION('center_axis',(0.,0.,-1.));
#9107=DIRECTION('ref_axis',(1.,0.,0.));
#9108=DIRECTION('',(0.,0.,1.));
#9109=DIRECTION('center_axis',(-1.29346371800988E-15,-1.,0.));
#9110=DIRECTION('ref_axis',(-1.,1.29346371800988E-15,0.));
#9111=DIRECTION('center_axis',(-1.,-4.31154572669962E-16,0.));
#9112=DIRECTION('ref_axis',(-4.31154572669962E-16,1.,0.));
#9113=DIRECTION('center_axis',(0.,0.,-1.));
#9114=DIRECTION('ref_axis',(1.,0.,0.));
#9115=DIRECTION('',(0.,0.,1.));
#9116=CARTESIAN_POINT('',(0.,0.,0.));
#9117=CARTESIAN_POINT('Origin',(-8.76002177454528,9.06718906427841,-5.));
#9118=CARTESIAN_POINT('',(-8.76002177454528,9.06718906427841,-4.6));
#9119=CARTESIAN_POINT('',(-14.8376474115997,9.05390188897135,-4.6));
#9120=CARTESIAN_POINT('',(-6.67731533525782,9.07174236966846,-4.6));
#9121=CARTESIAN_POINT('',(-8.76002177454528,9.06718906427841,-5.));
#9122=CARTESIAN_POINT('',(-8.76002177454528,9.06718906427841,-5.));
#9123=CARTESIAN_POINT('',(-14.8376474115997,9.05390188897135,-5.));
#9124=CARTESIAN_POINT('',(-14.8376474115997,9.05390188897135,-5.));
#9125=CARTESIAN_POINT('',(-14.8376474115997,9.05390188897135,-5.));
#9126=CARTESIAN_POINT('Origin',(5.68408567212525,-4.4150051972725,-5.));
#9127=CARTESIAN_POINT('',(5.68408567212526,-4.4150051972725,-4.6));
#9128=CARTESIAN_POINT('',(1.6113578726426,-0.613502918936786,-4.6));
#9129=CARTESIAN_POINT('',(5.68408567212526,-4.4150051972725,-5.));
#9130=CARTESIAN_POINT('',(5.68408567212526,-4.4150051972725,-5.));
#9131=CARTESIAN_POINT('',(-8.76002177454528,9.06718906427841,-5.));
#9132=CARTESIAN_POINT('Origin',(2.62228854916994,-7.22386838887711,-5.));
#9133=CARTESIAN_POINT('',(2.62228854916994,-7.22386838887711,-4.6));
#9134=CARTESIAN_POINT('',(2.69656076549823,-7.15573177295331,-4.6));
#9135=CARTESIAN_POINT('',(2.62228854916994,-7.22386838887711,-5.));
#9136=CARTESIAN_POINT('',(2.62228854916994,-7.22386838887711,-5.));
#9137=CARTESIAN_POINT('',(5.68408567212526,-4.4150051972725,-5.));
#9138=CARTESIAN_POINT('Origin',(-14.8376474115997,9.05390188897136,-5.));
#9139=CARTESIAN_POINT('',(-10.0648072326847,4.60421798521439,-4.6));
#9140=CARTESIAN_POINT('',(2.62228854916994,-7.22386838887711,-5.));
#9141=CARTESIAN_POINT('Origin',(-4.57678086973723,0.921660337700647,-5.));
#9142=CARTESIAN_POINT('Origin',(-4.57678086973723,0.921660337700647,-4.6));
#9143=CARTESIAN_POINT('Origin',(5.68408567212526,-4.4150051972725,-5.));
#9144=CARTESIAN_POINT('',(5.68408567212526,-4.4150051972725,-4.6));
#9145=CARTESIAN_POINT('',(20.0790900113434,9.0671890642784,-4.6));
#9146=CARTESIAN_POINT('',(5.50818231297051,-4.57975424517119,-4.6));
#9147=CARTESIAN_POINT('',(5.68408567212526,-4.4150051972725,-5.));
#9148=CARTESIAN_POINT('',(5.68408567212526,-4.4150051972725,-5.));
#9149=CARTESIAN_POINT('',(20.0790900113434,9.0671890642784,-5.));
#9150=CARTESIAN_POINT('',(20.0790900113434,9.0671890642784,-5.));
#9151=CARTESIAN_POINT('',(20.0790900113434,9.0671890642784,-5.));
#9152=CARTESIAN_POINT('Origin',(-8.76002177454528,9.06718906427841,-5.));
#9153=CARTESIAN_POINT('',(-8.76002177454528,9.06718906427841,-4.6));
#9154=CARTESIAN_POINT('',(-3.87482787854161,4.50732731065748,-4.6));
#9155=CARTESIAN_POINT('',(-8.76002177454528,9.06718906427841,-5.));
#9156=CARTESIAN_POINT('',(-8.76002177454528,9.06718906427841,-5.));
#9157=CARTESIAN_POINT('',(-8.76002177454528,9.06718906427841,-5.));
#9158=CARTESIAN_POINT('Origin',(-3.36813916422423,9.06718906427841,-5.));
#9159=CARTESIAN_POINT('',(-3.36813916422423,9.06718906427841,-4.6));
#9160=CARTESIAN_POINT('',(-1.19698837973173,9.06718906427841,-4.6));
#9161=CARTESIAN_POINT('',(-3.36813916422423,9.06718906427841,-5.));
#9162=CARTESIAN_POINT('',(-3.36813916422423,9.06718906427841,-5.));
#9163=CARTESIAN_POINT('Ctrl Pts',(-8.76002177454527,9.06718906427841,-5.));
#9164=CARTESIAN_POINT('Ctrl Pts',(-5.55650849558409,9.06718906427841,-5.));
#9165=CARTESIAN_POINT('Ctrl Pts',(-3.75921267725523,9.06718906427841,-5.));
#9166=CARTESIAN_POINT('Ctrl Pts',(-3.36813916422423,9.06718906427841,-5.));
#9167=CARTESIAN_POINT('Ctrl Pts',(-2.07555817820128,8.57151297743539,-5.));
#9168=CARTESIAN_POINT('Ctrl Pts',(-2.07555817820128,8.57151297743539,-4.56));
#9169=CARTESIAN_POINT('Ctrl Pts',(-2.47550227381285,8.92616452212552,-5.));
#9170=CARTESIAN_POINT('Ctrl Pts',(-2.47550227381285,8.92616452212552,-4.56));
#9171=CARTESIAN_POINT('Ctrl Pts',(-2.78152768351134,9.06718906427841,-5.));
#9172=CARTESIAN_POINT('Ctrl Pts',(-2.78152768351134,9.06718906427841,-4.56));
#9173=CARTESIAN_POINT('Ctrl Pts',(-3.36813916422423,9.06718906427841,-5.));
#9174=CARTESIAN_POINT('Ctrl Pts',(-3.36813916422423,9.06718906427841,-4.56));
#9175=CARTESIAN_POINT('',(-2.07555817820128,8.57151297743539,-4.6));
#9176=CARTESIAN_POINT('Ctrl Pts',(-2.07555817820128,8.57151297743539,-4.6));
#9177=CARTESIAN_POINT('Ctrl Pts',(-2.47550227381285,8.92616452212552,-4.6));
#9178=CARTESIAN_POINT('Ctrl Pts',(-2.78152768351134,9.06718906427841,-4.6));
#9179=CARTESIAN_POINT('Ctrl Pts',(-3.36813916422423,9.06718906427841,-4.6));
#9180=CARTESIAN_POINT('',(-2.07555817820128,8.57151297743539,-5.));
#9181=CARTESIAN_POINT('',(-2.07555817820128,8.57151297743539,-5.));
#9182=CARTESIAN_POINT('Ctrl Pts',(-3.36813916422423,9.06718906427841,-5.));
#9183=CARTESIAN_POINT('Ctrl Pts',(-2.78152768351134,9.06718906427841,-5.));
#9184=CARTESIAN_POINT('Ctrl Pts',(-2.47550227381285,8.92616452212552,-5.));
#9185=CARTESIAN_POINT('Ctrl Pts',(-2.07555817820128,8.57151297743539,-5.));
#9186=CARTESIAN_POINT('Ctrl Pts',(4.37711481831972,2.55443070913772,-5.));
#9187=CARTESIAN_POINT('Ctrl Pts',(4.37711481831972,2.55443070913772,-4.56));
#9188=CARTESIAN_POINT('Ctrl Pts',(3.86631993077699,3.05299160505752,-5.));
#9189=CARTESIAN_POINT('Ctrl Pts',(3.86631993077699,3.05299160505752,-4.56));
#9190=CARTESIAN_POINT('Ctrl Pts',(-1.67561408258971,8.21686139489631,-5.));
#9191=CARTESIAN_POINT('Ctrl Pts',(-1.67561408258971,8.21686139489631,-4.56));
#9192=CARTESIAN_POINT('Ctrl Pts',(-2.07555817820128,8.57151297743539,-5.));
#9193=CARTESIAN_POINT('Ctrl Pts',(-2.07555817820128,8.57151297743539,-4.56));
#9194=CARTESIAN_POINT('',(4.37711481831972,2.55443070913772,-4.6));
#9195=CARTESIAN_POINT('Ctrl Pts',(4.37711481831972,2.55443070913772,-4.6));
#9196=CARTESIAN_POINT('Ctrl Pts',(3.86631993077699,3.05299160505752,-4.6));
#9197=CARTESIAN_POINT('Ctrl Pts',(-1.67561408258971,8.21686139489631,-4.6));
#9198=CARTESIAN_POINT('Ctrl Pts',(-2.07555817820128,8.57151297743539,-4.6));
#9199=CARTESIAN_POINT('',(4.37711481831972,2.55443070913772,-5.));
#9200=CARTESIAN_POINT('',(4.37711481831972,2.55443070913772,-5.));
#9201=CARTESIAN_POINT('Ctrl Pts',(-2.07555817820128,8.57151297743539,-5.));
#9202=CARTESIAN_POINT('Ctrl Pts',(-1.67561408258971,8.21686139489631,-5.));
#9203=CARTESIAN_POINT('Ctrl Pts',(3.86631993077699,3.05299160505752,-5.));
#9204=CARTESIAN_POINT('Ctrl Pts',(4.37711481831972,2.55443070913772,-5.));
#9205=CARTESIAN_POINT('Ctrl Pts',(6.45451829694216,2.51416063810805,-5.));
#9206=CARTESIAN_POINT('Ctrl Pts',(6.45451829694216,2.51416063810805,-4.56));
#9207=CARTESIAN_POINT('Ctrl Pts',(5.9686371018738,2.05586981321792,-5.));
#9208=CARTESIAN_POINT('Ctrl Pts',(5.9686371018738,2.05586981321792,-4.56));
#9209=CARTESIAN_POINT('Ctrl Pts',(4.88790970586244,2.05586981321792,-5.));
#9210=CARTESIAN_POINT('Ctrl Pts',(4.88790970586244,2.05586981321792,-4.56));
#9211=CARTESIAN_POINT('Ctrl Pts',(4.37711481831972,2.55443070913772,-5.));
#9212=CARTESIAN_POINT('Ctrl Pts',(4.37711481831972,2.55443070913772,-4.56));
#9213=CARTESIAN_POINT('',(6.45451829694216,2.51416063810805,-4.6));
#9214=CARTESIAN_POINT('Ctrl Pts',(6.45451829694216,2.51416063810805,-4.6));
#9215=CARTESIAN_POINT('Ctrl Pts',(5.9686371018738,2.05586981321792,-4.6));
#9216=CARTESIAN_POINT('Ctrl Pts',(4.88790970586244,2.05586981321792,-4.6));
#9217=CARTESIAN_POINT('Ctrl Pts',(4.37711481831972,2.55443070913772,-4.6));
#9218=CARTESIAN_POINT('',(6.45451829694216,2.51416063810805,-5.));
#9219=CARTESIAN_POINT('',(6.45451829694216,2.51416063810805,-5.));
#9220=CARTESIAN_POINT('Ctrl Pts',(4.37711481831972,2.55443070913772,-5.));
#9221=CARTESIAN_POINT('Ctrl Pts',(4.88790970586244,2.05586981321792,-5.));
#9222=CARTESIAN_POINT('Ctrl Pts',(5.9686371018738,2.05586981321792,-5.));
#9223=CARTESIAN_POINT('Ctrl Pts',(6.45451829694216,2.51416063810805,-5.));
#9224=CARTESIAN_POINT('Ctrl Pts',(13.0661562754959,8.65913427944402,-5.));
#9225=CARTESIAN_POINT('Ctrl Pts',(13.0661562754959,8.65913427944402,-4.56));
#9226=CARTESIAN_POINT('Ctrl Pts',(12.8535681130737,8.47704756344775,-5.));
#9227=CARTESIAN_POINT('Ctrl Pts',(12.8535681130737,8.47704756344775,-4.56));
#9228=CARTESIAN_POINT('Ctrl Pts',(6.9404007031769,2.972450857415,-5.));
#9229=CARTESIAN_POINT('Ctrl Pts',(6.9404007031769,2.972450857415,-4.56));
#9230=CARTESIAN_POINT('Ctrl Pts',(6.45451829694216,2.51416063810805,-5.));
#9231=CARTESIAN_POINT('Ctrl Pts',(6.45451829694216,2.51416063810805,-4.56));
#9232=CARTESIAN_POINT('',(13.0661562754959,8.65913427944402,-4.6));
#9233=CARTESIAN_POINT('Ctrl Pts',(13.0661562754959,8.65913427944402,-4.6));
#9234=CARTESIAN_POINT('Ctrl Pts',(12.8535681130737,8.47704756344775,-4.6));
#9235=CARTESIAN_POINT('Ctrl Pts',(6.9404007031769,2.972450857415,-4.6));
#9236=CARTESIAN_POINT('Ctrl Pts',(6.45451829694216,2.51416063810806,-4.6));
#9237=CARTESIAN_POINT('',(13.0661562754959,8.65913427944402,-5.));
#9238=CARTESIAN_POINT('',(13.0661562754959,8.65913427944402,-5.));
#9239=CARTESIAN_POINT('Ctrl Pts',(6.45451829694216,2.51416063810805,-5.));
#9240=CARTESIAN_POINT('Ctrl Pts',(6.9404007031769,2.972450857415,-5.));
#9241=CARTESIAN_POINT('Ctrl Pts',(12.8535681130737,8.47704756344775,-5.));
#9242=CARTESIAN_POINT('Ctrl Pts',(13.0661562754959,8.65913427944402,-5.));
#9243=CARTESIAN_POINT('Ctrl Pts',(14.1193798997254,9.0671890642784,-5.));
#9244=CARTESIAN_POINT('Ctrl Pts',(14.1193798997254,9.0671890642784,-4.56));
#9245=CARTESIAN_POINT('Ctrl Pts',(13.6102558162064,9.0671890642784,-5.));
#9246=CARTESIAN_POINT('Ctrl Pts',(13.6102558162064,9.0671890642784,-4.56));
#9247=CARTESIAN_POINT('Ctrl Pts',(13.2787438323349,8.84122103328923,-5.));
#9248=CARTESIAN_POINT('Ctrl Pts',(13.2787438323349,8.84122103328923,-4.56));
#9249=CARTESIAN_POINT('Ctrl Pts',(13.0661562754959,8.65913427944402,-5.));
#9250=CARTESIAN_POINT('Ctrl Pts',(13.0661562754959,8.65913427944402,-4.56));
#9251=CARTESIAN_POINT('',(14.1193798997254,9.0671890642784,-4.6));
#9252=CARTESIAN_POINT('Ctrl Pts',(14.1193798997254,9.0671890642784,-4.6));
#9253=CARTESIAN_POINT('Ctrl Pts',(13.6102558162064,9.0671890642784,-4.6));
#9254=CARTESIAN_POINT('Ctrl Pts',(13.2787438323349,8.84122103328923,-4.6));
#9255=CARTESIAN_POINT('Ctrl Pts',(13.0661562754959,8.65913427944402,-4.6));
#9256=CARTESIAN_POINT('',(14.1193798997254,9.0671890642784,-5.));
#9257=CARTESIAN_POINT('',(14.1193798997254,9.0671890642784,-5.));
#9258=CARTESIAN_POINT('Ctrl Pts',(13.0661562754959,8.65913427944402,-5.));
#9259=CARTESIAN_POINT('Ctrl Pts',(13.2787438323349,8.84122103328923,-5.));
#9260=CARTESIAN_POINT('Ctrl Pts',(13.6102558162064,9.0671890642784,-5.));
#9261=CARTESIAN_POINT('Ctrl Pts',(14.1193798997254,9.0671890642784,-5.));
#9262=CARTESIAN_POINT('Origin',(20.0790900113434,9.0671890642784,-5.));
#9263=CARTESIAN_POINT('',(10.5266262080521,9.06718906427841,-4.6));
#9264=CARTESIAN_POINT('Ctrl Pts',(14.1193798997254,9.0671890642784,-5.));
#9265=CARTESIAN_POINT('Ctrl Pts',(14.4587965609879,9.0671890642784,-5.));
#9266=CARTESIAN_POINT('Ctrl Pts',(16.4453664972634,9.0671890642784,-5.));
#9267=CARTESIAN_POINT('Ctrl Pts',(20.0790900113434,9.0671890642784,-5.));
#9268=CARTESIAN_POINT('Origin',(5.65953411839906,2.32609193350295,-5.));
#9269=CARTESIAN_POINT('Origin',(0.974162404760759,-0.0913210723259028,-4.6));
#9270=CARTESIAN_POINT('Origin',(2.62228854916994,-7.22386838887711,-5.));
#9271=CARTESIAN_POINT('',(2.62228854916994,-7.22386838887711,-4.6));
#9272=CARTESIAN_POINT('',(-14.8376474115997,9.05390188897136,-4.6));
#9273=CARTESIAN_POINT('',(0.402653790385876,-5.15451917789513,-4.6));
#9274=CARTESIAN_POINT('',(2.62228854916994,-7.22386838887711,-5.));
#9275=CARTESIAN_POINT('',(2.62228854916994,-7.22386838887711,-5.));
#9276=CARTESIAN_POINT('',(-14.8376474115997,9.05390188897136,-5.));
#9277=CARTESIAN_POINT('',(2.62228854916994,-7.22386838887711,-5.));
#9278=CARTESIAN_POINT('',(-14.8376474115997,9.05390188897136,-5.));
#9279=CARTESIAN_POINT('Ctrl Pts',(0.921565082296767,-8.79805524800797,-5.));
#9280=CARTESIAN_POINT('Ctrl Pts',(0.921565082296767,-8.79805524800797,-4.56));
#9281=CARTESIAN_POINT('Ctrl Pts',(1.20014546178285,-8.56618350003739,-5.));
#9282=CARTESIAN_POINT('Ctrl Pts',(1.20014546178285,-8.56618350003739,-4.56));
#9283=CARTESIAN_POINT('Ctrl Pts',(1.76705247662965,-8.04145535443802,-5.));
#9284=CARTESIAN_POINT('Ctrl Pts',(1.76705247662965,-8.04145535443802,-4.56));
#9285=CARTESIAN_POINT('Ctrl Pts',(2.62228854916994,-7.22386838887711,-5.));
#9286=CARTESIAN_POINT('Ctrl Pts',(2.62228854916994,-7.22386838887711,-4.56));
#9287=CARTESIAN_POINT('',(0.921565082296767,-8.79805524800797,-4.6));
#9288=CARTESIAN_POINT('Ctrl Pts',(0.921565082296767,-8.79805524800797,-4.6));
#9289=CARTESIAN_POINT('Ctrl Pts',(1.20014546178285,-8.56618350003739,-4.6));
#9290=CARTESIAN_POINT('Ctrl Pts',(1.76705247662965,-8.04145535443802,-4.6));
#9291=CARTESIAN_POINT('Ctrl Pts',(2.62228854916994,-7.22386838887711,-4.6));
#9292=CARTESIAN_POINT('',(0.921565082296767,-8.79805524800797,-5.));
#9293=CARTESIAN_POINT('',(0.921565082296767,-8.79805524800797,-5.));
#9294=CARTESIAN_POINT('Ctrl Pts',(0.921565082296767,-8.79805524800797,-5.));
#9295=CARTESIAN_POINT('Ctrl Pts',(1.20014546178285,-8.56618350003739,-5.));
#9296=CARTESIAN_POINT('Ctrl Pts',(1.76705247662965,-8.04145535443802,-5.));
#9297=CARTESIAN_POINT('Ctrl Pts',(2.62228854916994,-7.22386838887711,-5.));
#9298=CARTESIAN_POINT('Ctrl Pts',(-1.11928418375548,-8.65342139218827,-5.));
#9299=CARTESIAN_POINT('Ctrl Pts',(-1.11928418375548,-8.65342139218827,-4.56));
#9300=CARTESIAN_POINT('Ctrl Pts',(-0.493038494363392,-9.24983120893021,
-5.));
#9301=CARTESIAN_POINT('Ctrl Pts',(-0.493038494363392,-9.24983120893021,
-4.56));
#9302=CARTESIAN_POINT('Ctrl Pts',(0.503694513067641,-9.14586105321427,-5.));
#9303=CARTESIAN_POINT('Ctrl Pts',(0.503694513067641,-9.14586105321427,-4.56));
#9304=CARTESIAN_POINT('Ctrl Pts',(0.921565082296767,-8.79805524800797,-5.));
#9305=CARTESIAN_POINT('Ctrl Pts',(0.921565082296767,-8.79805524800797,-4.56));
#9306=CARTESIAN_POINT('',(-1.11928418375548,-8.65342139218827,-4.6));
#9307=CARTESIAN_POINT('Ctrl Pts',(-1.11928418375548,-8.65342139218827,-4.6));
#9308=CARTESIAN_POINT('Ctrl Pts',(-0.493038494363392,-9.24983120893021,
-4.6));
#9309=CARTESIAN_POINT('Ctrl Pts',(0.503694513067641,-9.14586105321427,-4.6));
#9310=CARTESIAN_POINT('Ctrl Pts',(0.921565082296767,-8.79805524800797,-4.6));
#9311=CARTESIAN_POINT('',(-1.11928418375548,-8.65342139218827,-5.));
#9312=CARTESIAN_POINT('',(-1.11928418375548,-8.65342139218827,-5.));
#9313=CARTESIAN_POINT('Ctrl Pts',(-1.11928418375548,-8.65342139218827,-5.));
#9314=CARTESIAN_POINT('Ctrl Pts',(-0.493038494363391,-9.24983120893021,
-5.));
#9315=CARTESIAN_POINT('Ctrl Pts',(0.503694513067641,-9.14586105321427,-5.));
#9316=CARTESIAN_POINT('Ctrl Pts',(0.921565082296767,-8.79805524800797,-5.));
#9317=CARTESIAN_POINT('Ctrl Pts',(-17.1381295702606,6.32266848112564,-5.));
#9318=CARTESIAN_POINT('Ctrl Pts',(-17.1381295702606,6.32266848112564,-4.56));
#9319=CARTESIAN_POINT('Ctrl Pts',(-16.1454963610321,5.35494866157989,-5.));
#9320=CARTESIAN_POINT('Ctrl Pts',(-16.1454963610321,5.35494866157989,-4.56));
#9321=CARTESIAN_POINT('Ctrl Pts',(-1.74552987314757,-8.05701278661271,-5.));
#9322=CARTESIAN_POINT('Ctrl Pts',(-1.74552987314757,-8.05701278661271,-4.56));
#9323=CARTESIAN_POINT('Ctrl Pts',(-1.11928418375548,-8.65342139218827,-5.));
#9324=CARTESIAN_POINT('Ctrl Pts',(-1.11928418375548,-8.65342139218827,-4.56));
#9325=CARTESIAN_POINT('',(-17.1381295702606,6.32266848112564,-4.6));
#9326=CARTESIAN_POINT('Ctrl Pts',(-17.1381295702606,6.32266848112564,-4.6));
#9327=CARTESIAN_POINT('Ctrl Pts',(-16.1454963610321,5.35494866157989,-4.6));
#9328=CARTESIAN_POINT('Ctrl Pts',(-1.74552987314757,-8.05701278661271,-4.6));
#9329=CARTESIAN_POINT('Ctrl Pts',(-1.11928418375548,-8.65342139218827,-4.6));
#9330=CARTESIAN_POINT('',(-17.1381295702606,6.32266848112564,-5.));
#9331=CARTESIAN_POINT('',(-17.1381295702606,6.32266848112564,-5.));
#9332=CARTESIAN_POINT('Ctrl Pts',(-17.1381295702606,6.32266848112564,-5.));
#9333=CARTESIAN_POINT('Ctrl Pts',(-16.1454963610321,5.35494866157989,-5.));
#9334=CARTESIAN_POINT('Ctrl Pts',(-1.74552987314757,-8.05701278661271,-5.));
#9335=CARTESIAN_POINT('Ctrl Pts',(-1.11928418375548,-8.65342139218827,-5.));
#9336=CARTESIAN_POINT('Ctrl Pts',(-16.1064023325592,9.05390188897136,-5.));
#9337=CARTESIAN_POINT('Ctrl Pts',(-16.1064023325592,9.05390188897136,-4.56));
#9338=CARTESIAN_POINT('Ctrl Pts',(-17.3152796099335,9.05390188897136,-5.));
#9339=CARTESIAN_POINT('Ctrl Pts',(-17.3152796099335,9.05390188897136,-4.56));
#9340=CARTESIAN_POINT('Ctrl Pts',(-18.1307652018219,7.29038814927558,-5.));
#9341=CARTESIAN_POINT('Ctrl Pts',(-18.1307652018219,7.29038814927558,-4.56));
#9342=CARTESIAN_POINT('Ctrl Pts',(-17.1381295702606,6.32266848112564,-5.));
#9343=CARTESIAN_POINT('Ctrl Pts',(-17.1381295702606,6.32266848112564,-4.56));
#9344=CARTESIAN_POINT('',(-16.1064023325592,9.05390188897136,-4.6));
#9345=CARTESIAN_POINT('Ctrl Pts',(-16.1064023325592,9.05390188897136,-4.6));
#9346=CARTESIAN_POINT('Ctrl Pts',(-17.3152796099335,9.05390188897136,-4.6));
#9347=CARTESIAN_POINT('Ctrl Pts',(-18.1307652018219,7.29038814927558,-4.6));
#9348=CARTESIAN_POINT('Ctrl Pts',(-17.1381295702606,6.32266848112564,-4.6));
#9349=CARTESIAN_POINT('',(-16.1064023325592,9.05390188897136,-5.));
#9350=CARTESIAN_POINT('',(-16.1064023325592,9.05390188897136,-5.));
#9351=CARTESIAN_POINT('Ctrl Pts',(-16.1064023325592,9.05390188897136,-5.));
#9352=CARTESIAN_POINT('Ctrl Pts',(-17.3152796099335,9.05390188897136,-5.));
#9353=CARTESIAN_POINT('Ctrl Pts',(-18.1307652018219,7.29038814927558,-5.));
#9354=CARTESIAN_POINT('Ctrl Pts',(-17.1381295702606,6.32266848112564,-5.));
#9355=CARTESIAN_POINT('Origin',(-14.8376474115997,9.05390188897135,-5.));
#9356=CARTESIAN_POINT('',(-6.93174250341948,9.05390188897135,-4.6));
#9357=CARTESIAN_POINT('Ctrl Pts',(-14.8376474115997,9.05390188897135,-5.));
#9358=CARTESIAN_POINT('Ctrl Pts',(-14.877567455545,9.05390188897135,-5.));
#9359=CARTESIAN_POINT('Ctrl Pts',(-15.3004849550873,9.05390188897135,-5.));
#9360=CARTESIAN_POINT('Ctrl Pts',(-16.1064023325592,9.05390188897136,-5.));
#9361=CARTESIAN_POINT('Origin',(-7.75423832632597,-0.0979646599794282,-5.));
#9362=CARTESIAN_POINT('Origin',(0.974162404760759,-0.0913210723259028,-4.6));
#9363=CARTESIAN_POINT('Ctrl Pts',(10.4773922946304,8.69007541711549,-5.));
#9364=CARTESIAN_POINT('Ctrl Pts',(10.4773922946304,8.69007541711549,-4.56));
#9365=CARTESIAN_POINT('Ctrl Pts',(10.5961084010452,8.82707843269328,-5.));
#9366=CARTESIAN_POINT('Ctrl Pts',(10.5961084010452,8.82707843269328,-4.56));
#9367=CARTESIAN_POINT('Ctrl Pts',(10.5131834723801,8.98790733355204,-5.));
#9368=CARTESIAN_POINT('Ctrl Pts',(10.5131834723801,8.98790733355204,-4.56));
#9369=CARTESIAN_POINT('Ctrl Pts',(10.2805844189972,8.98790733355204,-5.));
#9370=CARTESIAN_POINT('Ctrl Pts',(10.2805844189972,8.98790733355204,-4.56));
#9371=CARTESIAN_POINT('',(10.4773922946304,8.69007541711549,-4.6));
#9372=CARTESIAN_POINT('',(10.2805844189972,8.98790733355204,-4.6));
#9373=CARTESIAN_POINT('Ctrl Pts',(10.4773922946304,8.69007541711549,-4.6));
#9374=CARTESIAN_POINT('Ctrl Pts',(10.5961084010452,8.82707843269328,-4.6));
#9375=CARTESIAN_POINT('Ctrl Pts',(10.5131834723801,8.98790733355204,-4.6));
#9376=CARTESIAN_POINT('Ctrl Pts',(10.2805844189972,8.98790733355204,-4.6));
#9377=CARTESIAN_POINT('',(10.4773922946304,8.69007541711549,-5.));
#9378=CARTESIAN_POINT('',(10.4773922946304,8.69007541711549,-5.));
#9379=CARTESIAN_POINT('',(10.2805844189972,8.98790733355204,-5.));
#9380=CARTESIAN_POINT('Ctrl Pts',(10.4773922946304,8.69007541711549,-5.));
#9381=CARTESIAN_POINT('Ctrl Pts',(10.5961084010452,8.82707843269328,-5.));
#9382=CARTESIAN_POINT('Ctrl Pts',(10.5131834723801,8.98790733355204,-5.));
#9383=CARTESIAN_POINT('Ctrl Pts',(10.2805844189972,8.98790733355204,-5.));
#9384=CARTESIAN_POINT('',(10.2805844189972,8.98790733355204,-5.));
#9385=CARTESIAN_POINT('Ctrl Pts',(6.83318219922487,5.28305836702804,-5.));
#9386=CARTESIAN_POINT('Ctrl Pts',(6.83318219922487,5.28305836702804,-4.56));
#9387=CARTESIAN_POINT('Ctrl Pts',(7.15802671216433,5.58723493124465,-5.));
#9388=CARTESIAN_POINT('Ctrl Pts',(7.15802671216433,5.58723493124465,-4.56));
#9389=CARTESIAN_POINT('Ctrl Pts',(10.3586755826325,8.55307243938664,-5.));
#9390=CARTESIAN_POINT('Ctrl Pts',(10.3586755826325,8.55307243938664,-4.56));
#9391=CARTESIAN_POINT('Ctrl Pts',(10.4773922946304,8.69007541711549,-5.));
#9392=CARTESIAN_POINT('Ctrl Pts',(10.4773922946304,8.69007541711549,-4.56));
#9393=CARTESIAN_POINT('',(6.83318219922487,5.28305836702804,-4.6));
#9394=CARTESIAN_POINT('Ctrl Pts',(6.83318219922487,5.28305836702804,-4.6));
#9395=CARTESIAN_POINT('Ctrl Pts',(7.15802671216433,5.58723493124465,-4.6));
#9396=CARTESIAN_POINT('Ctrl Pts',(10.3586755826325,8.55307243938664,-4.6));
#9397=CARTESIAN_POINT('Ctrl Pts',(10.4773922946304,8.69007541711549,-4.6));
#9398=CARTESIAN_POINT('',(6.83318219922487,5.28305836702804,-5.));
#9399=CARTESIAN_POINT('',(6.83318219922487,5.28305836702804,-5.));
#9400=CARTESIAN_POINT('Ctrl Pts',(6.83318219922487,5.28305836702804,-5.));
#9401=CARTESIAN_POINT('Ctrl Pts',(7.15802671216433,5.58723493124465,-5.));
#9402=CARTESIAN_POINT('Ctrl Pts',(10.3586755826325,8.55307243938664,-5.));
#9403=CARTESIAN_POINT('Ctrl Pts',(10.4773922946304,8.69007541711549,-5.));
#9404=CARTESIAN_POINT('Ctrl Pts',(5.83318752072756,5.23755514885406,-5.));
#9405=CARTESIAN_POINT('Ctrl Pts',(5.83318752072756,5.23755514885406,-4.56));
#9406=CARTESIAN_POINT('Ctrl Pts',(6.10579927228395,4.97888180281142,-5.));
#9407=CARTESIAN_POINT('Ctrl Pts',(6.10579927228395,4.97888180281142,-4.56));
#9408=CARTESIAN_POINT('Ctrl Pts',(6.50833768628542,4.97888180281142,-5.));
#9409=CARTESIAN_POINT('Ctrl Pts',(6.50833768628542,4.97888180281142,-4.56));
#9410=CARTESIAN_POINT('Ctrl Pts',(6.83318219922487,5.28305836702804,-5.));
#9411=CARTESIAN_POINT('Ctrl Pts',(6.83318219922487,5.28305836702804,-4.56));
#9412=CARTESIAN_POINT('',(5.83318752072756,5.23755514885406,-4.6));
#9413=CARTESIAN_POINT('Ctrl Pts',(5.83318752072756,5.23755514885406,-4.6));
#9414=CARTESIAN_POINT('Ctrl Pts',(6.10579927228395,4.97888180281142,-4.6));
#9415=CARTESIAN_POINT('Ctrl Pts',(6.50833768628542,4.97888180281142,-4.6));
#9416=CARTESIAN_POINT('Ctrl Pts',(6.83318219922487,5.28305836702804,-4.6));
#9417=CARTESIAN_POINT('',(5.83318752072756,5.23755514885406,-5.));
#9418=CARTESIAN_POINT('',(5.83318752072756,5.23755514885406,-5.));
#9419=CARTESIAN_POINT('Ctrl Pts',(5.83318752072756,5.23755514885406,-5.));
#9420=CARTESIAN_POINT('Ctrl Pts',(6.10579927228395,4.97888180281142,-5.));
#9421=CARTESIAN_POINT('Ctrl Pts',(6.50833768628542,4.97888180281142,-5.));
#9422=CARTESIAN_POINT('Ctrl Pts',(6.83318219922487,5.28305836702804,-5.));
#9423=CARTESIAN_POINT('Ctrl Pts',(2.20421329282228,8.67150248344163,-5.));
#9424=CARTESIAN_POINT('Ctrl Pts',(2.20421329282228,8.67150248344163,-4.56));
#9425=CARTESIAN_POINT('Ctrl Pts',(2.35388923428957,8.53222194518069,-5.));
#9426=CARTESIAN_POINT('Ctrl Pts',(2.35388923428957,8.53222194518069,-4.56));
#9427=CARTESIAN_POINT('Ctrl Pts',(5.56057698033754,5.49622849489669,-5.));
#9428=CARTESIAN_POINT('Ctrl Pts',(5.56057698033754,5.49622849489669,-4.56));
#9429=CARTESIAN_POINT('Ctrl Pts',(5.83318752072756,5.23755514885406,-5.));
#9430=CARTESIAN_POINT('Ctrl Pts',(5.83318752072756,5.23755514885406,-4.56));
#9431=CARTESIAN_POINT('',(2.20421329282228,8.67150248344163,-4.6));
#9432=CARTESIAN_POINT('Ctrl Pts',(2.20421329282228,8.67150248344163,-4.6));
#9433=CARTESIAN_POINT('Ctrl Pts',(2.35388923428957,8.53222194518069,-4.6));
#9434=CARTESIAN_POINT('Ctrl Pts',(5.56057698033754,5.49622849489669,-4.6));
#9435=CARTESIAN_POINT('Ctrl Pts',(5.83318752072756,5.23755514885406,-4.6));
#9436=CARTESIAN_POINT('',(2.20421329282228,8.67150248344163,-5.));
#9437=CARTESIAN_POINT('',(2.20421329282228,8.67150248344163,-5.));
#9438=CARTESIAN_POINT('Ctrl Pts',(2.20421329282228,8.67150248344163,-5.));
#9439=CARTESIAN_POINT('Ctrl Pts',(2.35388923428957,8.53222194518069,-5.));
#9440=CARTESIAN_POINT('Ctrl Pts',(5.56057698033754,5.49622849489669,-5.));
#9441=CARTESIAN_POINT('Ctrl Pts',(5.83318752072756,5.23755514885406,-5.));
#9442=CARTESIAN_POINT('Ctrl Pts',(2.3942816331238,8.98790733355204,-5.));
#9443=CARTESIAN_POINT('Ctrl Pts',(2.3942816331238,8.98790733355204,-4.56));
#9444=CARTESIAN_POINT('Ctrl Pts',(2.15326679013674,8.98790733355204,-5.));
#9445=CARTESIAN_POINT('Ctrl Pts',(2.15326679013674,8.98790733355204,-4.56));
#9446=CARTESIAN_POINT('Ctrl Pts',(2.054537351355,8.81078304062704,-5.));
#9447=CARTESIAN_POINT('Ctrl Pts',(2.054537351355,8.81078304062704,-4.56));
#9448=CARTESIAN_POINT('Ctrl Pts',(2.20421329282228,8.67150248344163,-5.));
#9449=CARTESIAN_POINT('Ctrl Pts',(2.20421329282228,8.67150248344163,-4.56));
#9450=CARTESIAN_POINT('',(2.3942816331238,8.98790733355204,-4.6));
#9451=CARTESIAN_POINT('Ctrl Pts',(2.3942816331238,8.98790733355204,-4.6));
#9452=CARTESIAN_POINT('Ctrl Pts',(2.15326679013674,8.98790733355204,-4.6));
#9453=CARTESIAN_POINT('Ctrl Pts',(2.054537351355,8.81078304062704,-4.6));
#9454=CARTESIAN_POINT('Ctrl Pts',(2.20421329282228,8.67150248344163,-4.6));
#9455=CARTESIAN_POINT('',(2.3942816331238,8.98790733355204,-5.));
#9456=CARTESIAN_POINT('',(2.3942816331238,8.98790733355204,-5.));
#9457=CARTESIAN_POINT('Ctrl Pts',(2.3942816331238,8.98790733355204,-5.));
#9458=CARTESIAN_POINT('Ctrl Pts',(2.15326679013674,8.98790733355204,-5.));
#9459=CARTESIAN_POINT('Ctrl Pts',(2.054537351355,8.81078304062704,-5.));
#9460=CARTESIAN_POINT('Ctrl Pts',(2.20421329282228,8.67150248344163,-5.));
#9461=CARTESIAN_POINT('Origin',(10.2805844189972,8.98790733355204,-5.));
#9462=CARTESIAN_POINT('',(5.62737341187898,8.98790733355204,-4.6));
#9463=CARTESIAN_POINT('Ctrl Pts',(10.2805844189972,8.98790733355204,-5.));
#9464=CARTESIAN_POINT('Ctrl Pts',(10.0479859711975,8.98790733355204,-5.));
#9465=CARTESIAN_POINT('Ctrl Pts',(2.63529647611086,8.98790733355204,-5.));
#9466=CARTESIAN_POINT('Ctrl Pts',(2.3942816331238,8.98790733355204,-5.));
#9467=CARTESIAN_POINT('Origin',(6.32532287620012,6.98339456818173,-5.));
#9468=CARTESIAN_POINT('Origin',(0.974162404760759,-0.0913210723259028,-4.6));
#9469=CARTESIAN_POINT('Origin',(19.8,-7.02499999999999,-0.3));
#9470=CARTESIAN_POINT('',(19.2,-5.74999999999999,-0.3));
#9471=CARTESIAN_POINT('',(19.8,-5.74999999999999,0.3));
#9472=CARTESIAN_POINT('Origin',(19.8,-5.74999999999999,-0.3));
#9473=CARTESIAN_POINT('',(19.8,5.74999999999999,0.3));
#9474=CARTESIAN_POINT('',(19.8,-7.02499999999999,0.3));
#9475=CARTESIAN_POINT('',(19.2,5.74999999999999,-0.3));
#9476=CARTESIAN_POINT('Origin',(19.8,5.74999999999999,-0.3));
#9477=CARTESIAN_POINT('',(19.2,-7.02499999999999,-0.3));
#9478=CARTESIAN_POINT('Origin',(0.,4.44089209850063E-15,0.3));
#9479=CARTESIAN_POINT('',(22.8,-22.,0.3));
#9480=CARTESIAN_POINT('',(-22.8,-22.,0.3));
#9481=CARTESIAN_POINT('',(11.1,-22.,0.3));
#9482=CARTESIAN_POINT('',(22.4,-21.2,0.3));
#9483=CARTESIAN_POINT('Origin',(23.4,-21.2,0.3));
#9484=CARTESIAN_POINT('',(22.4,-12.6,0.3));
#9485=CARTESIAN_POINT('',(22.4,-8.45,0.3));
#9486=CARTESIAN_POINT('',(23.4,-11.6,0.3));
#9487=CARTESIAN_POINT('Origin',(23.4,-12.6,0.3));
#9488=CARTESIAN_POINT('',(24.086447127434,-11.6,0.3));
#9489=CARTESIAN_POINT('',(22.2,-11.6,0.3));
#9490=CARTESIAN_POINT('',(22.,-8.60000000000001,0.3));
#9491=CARTESIAN_POINT('Origin',(25.2,-8.60000000000001,0.3));
#9492=CARTESIAN_POINT('',(22.,18.05,0.3));
#9493=CARTESIAN_POINT('',(22.,9.02500000000001,0.3));
#9494=CARTESIAN_POINT('',(18.05,22.,0.3));
#9495=CARTESIAN_POINT('Origin',(18.05,18.05,0.3));
#9496=CARTESIAN_POINT('',(-18.05,22.,0.3));
#9497=CARTESIAN_POINT('',(-9.02500000000001,22.,0.3));
#9498=CARTESIAN_POINT('',(-22.,18.05,0.3));
#9499=CARTESIAN_POINT('Origin',(-18.05,18.05,0.3));
#9500=CARTESIAN_POINT('',(-22.,-8.60000000000001,0.3));
#9501=CARTESIAN_POINT('',(-22.,9.02500000000001,0.3));
#9502=CARTESIAN_POINT('',(-24.086447127434,-11.6,0.3));
#9503=CARTESIAN_POINT('Origin',(-25.2,-8.60000000000001,0.3));
#9504=CARTESIAN_POINT('',(-23.4,-11.6,0.3));
#9505=CARTESIAN_POINT('',(-22.2,-11.6,0.3));
#9506=CARTESIAN_POINT('',(-22.4,-12.6,0.3));
#9507=CARTESIAN_POINT('Origin',(-23.4,-12.6,0.3));
#9508=CARTESIAN_POINT('',(-22.4,-21.2,0.3));
#9509=CARTESIAN_POINT('',(-22.4,-8.45,0.3));
#9510=CARTESIAN_POINT('Origin',(-23.4,-21.2,0.3));
#9511=CARTESIAN_POINT('',(20.2,-5.74999999999999,0.3));
#9512=CARTESIAN_POINT('',(19.95,-5.74999999999999,0.3));
#9513=CARTESIAN_POINT('',(20.2,-18.2,0.3));
#9514=CARTESIAN_POINT('',(20.2,10.1,0.3));
#9515=CARTESIAN_POINT('',(18.2,-20.2,0.3));
#9516=CARTESIAN_POINT('Origin',(18.2,-18.2,0.3));
#9517=CARTESIAN_POINT('',(5.74999999999999,-20.2,0.3));
#9518=CARTESIAN_POINT('',(10.1,-20.2,0.3));
#9519=CARTESIAN_POINT('',(5.74999999999999,-19.8,0.3));
#9520=CARTESIAN_POINT('',(5.74999999999999,-21.45,0.3));
#9521=CARTESIAN_POINT('',(-5.74999999999999,-19.8,0.3));
#9522=CARTESIAN_POINT('',(-7.02500000000001,-19.8,0.3));
#9523=CARTESIAN_POINT('',(-5.74999999999999,-20.2,0.3));
#9524=CARTESIAN_POINT('',(-5.74999999999999,-21.45,0.3));
#9525=CARTESIAN_POINT('',(-18.2,-20.2,0.3));
#9526=CARTESIAN_POINT('',(-10.1,-20.2,0.3));
#9527=CARTESIAN_POINT('',(-20.2,-18.2,0.3));
#9528=CARTESIAN_POINT('Origin',(-18.2,-18.2,0.3));
#9529=CARTESIAN_POINT('',(-20.2,-5.74999999999999,0.3));
#9530=CARTESIAN_POINT('',(-20.2,10.1,0.3));
#9531=CARTESIAN_POINT('',(-19.8,-5.74999999999999,0.3));
#9532=CARTESIAN_POINT('',(-19.95,-5.74999999999999,0.3));
#9533=CARTESIAN_POINT('',(-19.8,5.74999999999999,0.3));
#9534=CARTESIAN_POINT('',(-19.8,-7.02499999999999,0.3));
#9535=CARTESIAN_POINT('',(-20.2,5.74999999999999,0.3));
#9536=CARTESIAN_POINT('',(-21.45,5.74999999999999,0.3));
#9537=CARTESIAN_POINT('',(-20.2,18.2,0.3));
#9538=CARTESIAN_POINT('',(-20.2,10.1,0.3));
#9539=CARTESIAN_POINT('',(-18.2,20.2,0.3));
#9540=CARTESIAN_POINT('Origin',(-18.2,18.2,0.3));
#9541=CARTESIAN_POINT('',(-5.74999999999999,20.2,0.3));
#9542=CARTESIAN_POINT('',(10.1,20.2,0.3));
#9543=CARTESIAN_POINT('',(-5.74999999999999,19.8,0.3));
#9544=CARTESIAN_POINT('',(-5.74999999999999,19.95,0.3));
#9545=CARTESIAN_POINT('',(5.74999999999999,19.8,0.3));
#9546=CARTESIAN_POINT('',(7.02499999999998,19.8,0.3));
#9547=CARTESIAN_POINT('',(5.74999999999999,20.2,0.3));
#9548=CARTESIAN_POINT('',(5.74999999999999,19.95,0.3));
#9549=CARTESIAN_POINT('',(18.2,20.2,0.3));
#9550=CARTESIAN_POINT('',(-10.1,20.2,0.3));
#9551=CARTESIAN_POINT('',(20.2,18.2,0.3));
#9552=CARTESIAN_POINT('Origin',(18.2,18.2,0.3));
#9553=CARTESIAN_POINT('',(20.2,5.74999999999999,0.3));
#9554=CARTESIAN_POINT('',(20.2,10.1,0.3));
#9555=CARTESIAN_POINT('',(21.45,5.74999999999999,0.3));
#9556=CARTESIAN_POINT('Origin',(-19.8,-7.02499999999999,-0.3));
#9557=CARTESIAN_POINT('',(-19.2,-5.74999999999999,-0.3));
#9558=CARTESIAN_POINT('Origin',(-19.8,-5.74999999999999,-0.3));
#9559=CARTESIAN_POINT('',(-19.2,5.74999999999999,-0.3));
#9560=CARTESIAN_POINT('',(-19.2,-7.02499999999999,-0.3));
#9561=CARTESIAN_POINT('Origin',(-19.8,5.74999999999999,-0.3));
#9562=CARTESIAN_POINT('Origin',(-19.2,-14.05,0.));
#9563=CARTESIAN_POINT('',(-19.2,5.74999999999999,1.3));
#9564=CARTESIAN_POINT('',(-19.2,5.74999999999999,0.15));
#9565=CARTESIAN_POINT('',(-19.2,-5.74999999999999,1.3));
#9566=CARTESIAN_POINT('',(-19.2,-5.74999999999999,0.15));
#9567=CARTESIAN_POINT('',(-19.2,-18.2,1.3));
#9568=CARTESIAN_POINT('',(-19.2,9.60000000000001,1.3));
#9569=CARTESIAN_POINT('',(-19.2,-18.2,0.));
#9570=CARTESIAN_POINT('',(-19.2,-18.2,0.));
#9571=CARTESIAN_POINT('',(-19.2,-14.05,0.));
#9572=CARTESIAN_POINT('',(-19.2,9.60000000000001,0.));
#9573=CARTESIAN_POINT('',(-19.2,-14.05,-2.));
#9574=CARTESIAN_POINT('',(-19.2,-14.05,0.));
#9575=CARTESIAN_POINT('',(-19.2,14.05,-2.));
#9576=CARTESIAN_POINT('',(-19.2,19.2,-2.));
#9577=CARTESIAN_POINT('',(-19.2,14.05,0.));
#9578=CARTESIAN_POINT('',(-19.2,14.05,0.));
#9579=CARTESIAN_POINT('',(-19.2,18.2,0.));
#9580=CARTESIAN_POINT('',(-19.2,9.60000000000001,0.));
#9581=CARTESIAN_POINT('',(-19.2,18.2,1.3));
#9582=CARTESIAN_POINT('',(-19.2,18.2,0.));
#9583=CARTESIAN_POINT('',(-19.2,9.60000000000001,1.3));
#9584=CARTESIAN_POINT('Origin',(7.02499999999998,19.8,-0.3));
#9585=CARTESIAN_POINT('',(-5.74999999999999,19.2,-0.3));
#9586=CARTESIAN_POINT('Origin',(-5.74999999999999,19.8,-0.3));
#9587=CARTESIAN_POINT('',(5.74999999999999,19.2,-0.3));
#9588=CARTESIAN_POINT('',(7.02499999999998,19.2,-0.3));
#9589=CARTESIAN_POINT('Origin',(5.74999999999999,19.8,-0.3));
#9590=CARTESIAN_POINT('Origin',(14.05,19.2,0.));
#9591=CARTESIAN_POINT('',(5.74999999999999,19.2,1.3));
#9592=CARTESIAN_POINT('',(5.74999999999999,19.2,0.15));
#9593=CARTESIAN_POINT('',(-5.74999999999999,19.2,1.3));
#9594=CARTESIAN_POINT('',(-5.74999999999999,19.2,0.15));
#9595=CARTESIAN_POINT('',(-18.2,19.2,1.3));
#9596=CARTESIAN_POINT('',(9.6,19.2,1.3));
#9597=CARTESIAN_POINT('',(-18.2,19.2,0.));
#9598=CARTESIAN_POINT('',(-18.2,19.2,0.));
#9599=CARTESIAN_POINT('',(-14.05,19.2,0.));
#9600=CARTESIAN_POINT('',(9.6,19.2,0.));
#9601=CARTESIAN_POINT('',(-14.05,19.2,-2.));
#9602=CARTESIAN_POINT('',(-14.05,19.2,0.));
#9603=CARTESIAN_POINT('',(14.05,19.2,-2.));
#9604=CARTESIAN_POINT('',(-19.2,19.2,-2.));
#9605=CARTESIAN_POINT('',(14.05,19.2,0.));
#9606=CARTESIAN_POINT('',(14.05,19.2,0.));
#9607=CARTESIAN_POINT('',(18.2,19.2,0.));
#9608=CARTESIAN_POINT('',(-9.6,19.2,0.));
#9609=CARTESIAN_POINT('',(18.2,19.2,1.3));
#9610=CARTESIAN_POINT('',(18.2,19.2,0.));
#9611=CARTESIAN_POINT('',(-9.6,19.2,1.3));
#9612=CARTESIAN_POINT('Origin',(-7.02500000000001,-19.8,-0.3));
#9613=CARTESIAN_POINT('',(-5.74999999999999,-19.2,-0.3));
#9614=CARTESIAN_POINT('Origin',(-5.74999999999999,-19.8,-0.3));
#9615=CARTESIAN_POINT('',(5.74999999999999,-19.2,-0.3));
#9616=CARTESIAN_POINT('Origin',(5.74999999999999,-19.8,-0.3));
#9617=CARTESIAN_POINT('',(-7.02500000000001,-19.2,-0.3));
#9618=CARTESIAN_POINT('Origin',(11.1,-22.,0.1));
#9619=CARTESIAN_POINT('',(-22.8,-22.2,0.1));
#9620=CARTESIAN_POINT('Origin',(-22.8,-22.,0.1));
#9621=CARTESIAN_POINT('',(22.8,-22.2,0.1));
#9622=CARTESIAN_POINT('',(11.1,-22.2,0.1));
#9623=CARTESIAN_POINT('Origin',(22.8,-22.,0.1));
#9624=CARTESIAN_POINT('Ctrl Pts',(23.4,-22.2,0.3));
#9625=CARTESIAN_POINT('Ctrl Pts',(23.3985092907495,-22.2,0.3));
#9626=CARTESIAN_POINT('Ctrl Pts',(23.397025232153,-22.1999911294945,0.3));
#9627=CARTESIAN_POINT('Ctrl Pts',(23.1581894168123,-22.2001897460387,0.299999999999996));
#9628=CARTESIAN_POINT('Ctrl Pts',(22.9349992821019,-22.1012494615765,0.3));
#9629=CARTESIAN_POINT('Ctrl Pts',(22.8,-22.,0.3));
#9630=CARTESIAN_POINT('Ctrl Pts',(23.4,-22.2,0.3));
#9631=CARTESIAN_POINT('Ctrl Pts',(23.3988735177511,-22.1999258926251,0.29971837327991));
#9632=CARTESIAN_POINT('Ctrl Pts',(23.3969655759621,-22.2000671896241,0.299682942219015));
#9633=CARTESIAN_POINT('Ctrl Pts',(23.1819961659858,-22.1979249769971,0.265728184573128));
#9634=CARTESIAN_POINT('Ctrl Pts',(22.9443448012297,-22.1707331180037,0.242465611497661));
#9635=CARTESIAN_POINT('Ctrl Pts',(22.8,-22.1047197551197,0.3));
#9636=CARTESIAN_POINT('Ctrl Pts',(23.4,-22.2,0.3));
#9637=CARTESIAN_POINT('Ctrl Pts',(23.3987817354486,-22.2,0.299541474673307));
#9638=CARTESIAN_POINT('Ctrl Pts',(23.3973409656489,-22.2,0.299258628850033));
#9639=CARTESIAN_POINT('Ctrl Pts',(23.1945273111298,-22.1999999999999,0.235610624194664));
#9640=CARTESIAN_POINT('Ctrl Pts',(22.9741285109485,-22.2,0.167470276071496));
#9641=CARTESIAN_POINT('Ctrl Pts',(22.8,-22.2,0.20471975511966));
#9642=CARTESIAN_POINT('Ctrl Pts',(23.4,-22.2,0.3));
#9643=CARTESIAN_POINT('Ctrl Pts',(23.3988074325992,-22.2,0.299403716300055));
#9644=CARTESIAN_POINT('Ctrl Pts',(23.3976112851897,-22.2,0.298802146967));
#9645=CARTESIAN_POINT('Ctrl Pts',(23.208553818429,-22.1999999999999,0.205071134159919));
#9646=CARTESIAN_POINT('Ctrl Pts',(23.0109363782842,-22.2,0.1));
#9647=CARTESIAN_POINT('Ctrl Pts',(22.8,-22.2,0.1));
#9648=CARTESIAN_POINT('',(23.4,-22.2,0.300000000000001));
#9649=CARTESIAN_POINT('Ctrl Pts',(22.8,-22.2,0.1));
#9650=CARTESIAN_POINT('Ctrl Pts',(23.0109363782842,-22.2,0.1));
#9651=CARTESIAN_POINT('Ctrl Pts',(23.208553818429,-22.1999999999999,0.205071134159919));
#9652=CARTESIAN_POINT('Ctrl Pts',(23.3976112851897,-22.2,0.298802146967));
#9653=CARTESIAN_POINT('Ctrl Pts',(23.3988074325992,-22.2,0.299403716300055));
#9654=CARTESIAN_POINT('Ctrl Pts',(23.4,-22.2,0.3));
#9655=CARTESIAN_POINT('Origin',(23.4,-21.2,0.3));
#9656=CARTESIAN_POINT('Ctrl Pts',(-22.8,-22.,0.3));
#9657=CARTESIAN_POINT('Ctrl Pts',(-22.9349992821019,-22.1012494615765,0.3));
#9658=CARTESIAN_POINT('Ctrl Pts',(-23.1585009805232,-22.199902453984,0.299999999999993));
#9659=CARTESIAN_POINT('Ctrl Pts',(-23.3970238882587,-22.1999923743693,0.3));
#9660=CARTESIAN_POINT('Ctrl Pts',(-23.3985092907495,-22.2,0.3));
#9661=CARTESIAN_POINT('Ctrl Pts',(-23.4,-22.2,0.3));
#9662=CARTESIAN_POINT('Ctrl Pts',(-22.8,-22.0523598775598,0.3));
#9663=CARTESIAN_POINT('Ctrl Pts',(-22.9348406668635,-22.1367959152156,0.272898664498629));
#9664=CARTESIAN_POINT('Ctrl Pts',(-23.1681045865118,-22.1997439518981,0.283399693828697));
#9665=CARTESIAN_POINT('Ctrl Pts',(-23.3971161742549,-22.1999957568034,0.299803817248276));
#9666=CARTESIAN_POINT('Ctrl Pts',(-23.3985589810577,-22.2,0.299900619383343));
#9667=CARTESIAN_POINT('Ctrl Pts',(-23.4,-22.2,0.3));
#9668=CARTESIAN_POINT('Ctrl Pts',(-22.8,-22.1565611362885,0.25656113628853));
#9669=CARTESIAN_POINT('Ctrl Pts',(-22.9515318647351,-22.1861668255587,0.206960807493143));
#9670=CARTESIAN_POINT('Ctrl Pts',(-23.1856575402045,-22.1997997045126,0.251713047299424));
#9671=CARTESIAN_POINT('Ctrl Pts',(-23.3973081013233,-22.1999995484504,0.299404753533789));
#9672=CARTESIAN_POINT('Ctrl Pts',(-23.3986583616743,-22.2,0.299701858150027));
#9673=CARTESIAN_POINT('Ctrl Pts',(-23.4,-22.2,0.3));
#9674=CARTESIAN_POINT('Ctrl Pts',(-22.8,-22.2,0.15235987755983));
#9675=CARTESIAN_POINT('Ctrl Pts',(-22.9910236314623,-22.1994489935946,0.135334966654584));
#9676=CARTESIAN_POINT('Ctrl Pts',(-23.2008478248469,-22.199957454043,0.220469099000416));
#9677=CARTESIAN_POINT('Ctrl Pts',(-23.3975105513393,-22.2000001722175,0.29900366286526));
#9678=CARTESIAN_POINT('Ctrl Pts',(-23.3987577422909,-22.2,0.299503096916712));
#9679=CARTESIAN_POINT('Ctrl Pts',(-23.4,-22.2,0.3));
#9680=CARTESIAN_POINT('Ctrl Pts',(-22.8,-22.2,0.1));
#9681=CARTESIAN_POINT('Ctrl Pts',(-23.0109363782842,-22.2,0.1));
#9682=CARTESIAN_POINT('Ctrl Pts',(-23.2084228174732,-22.2000000000001,0.204839440160024));
#9683=CARTESIAN_POINT('Ctrl Pts',(-23.397611866539,-22.2,0.298803159012792));
#9684=CARTESIAN_POINT('Ctrl Pts',(-23.3988074325992,-22.2,0.299403716300055));
#9685=CARTESIAN_POINT('Ctrl Pts',(-23.4,-22.2,0.3));
#9686=CARTESIAN_POINT('',(-23.4,-22.2,0.300000000000001));
#9687=CARTESIAN_POINT('Origin',(-23.4,-21.2,0.3));
#9688=CARTESIAN_POINT('Ctrl Pts',(-23.4,-22.2,0.3));
#9689=CARTESIAN_POINT('Ctrl Pts',(-23.3988074325992,-22.2,0.299403716300055));
#9690=CARTESIAN_POINT('Ctrl Pts',(-23.397611866539,-22.2,0.298803159012792));
#9691=CARTESIAN_POINT('Ctrl Pts',(-23.2084228174732,-22.2000000000001,0.204839440160024));
#9692=CARTESIAN_POINT('Ctrl Pts',(-23.0109363782842,-22.2,0.1));
#9693=CARTESIAN_POINT('Ctrl Pts',(-22.8,-22.2,0.1));
#9694=CARTESIAN_POINT('Origin',(22.2,-22.2,0.300000000000001));
#9695=CARTESIAN_POINT('',(-27.2,-22.2,0.300000000000001));
#9696=CARTESIAN_POINT('',(-22.2,-22.2,0.300000000000001));
#9697=CARTESIAN_POINT('',(-27.2,-22.2,-4.5));
#9698=CARTESIAN_POINT('',(-27.2,-22.2,0.300000000000001));
#9699=CARTESIAN_POINT('',(27.2,-22.2,-4.5));
#9700=CARTESIAN_POINT('',(-11.1,-22.2,-4.5));
#9701=CARTESIAN_POINT('',(27.2,-22.2,0.300000000000001));
#9702=CARTESIAN_POINT('',(27.2,-22.2,0.300000000000001));
#9703=CARTESIAN_POINT('',(22.2,-22.2,0.300000000000001));
#9704=CARTESIAN_POINT('Origin',(25.2,-8.60000000000001,0.1));
#9705=CARTESIAN_POINT('',(25.2,-11.6,0.1));
#9706=CARTESIAN_POINT('Ctrl Pts',(25.2,-11.6,0.1));
#9707=CARTESIAN_POINT('Ctrl Pts',(24.8552070200781,-11.6,0.189025164608446));
#9708=CARTESIAN_POINT('Ctrl Pts',(24.4425477858678,-11.6,0.300000000000001));
#9709=CARTESIAN_POINT('Ctrl Pts',(24.086447127434,-11.6,0.3));
#9710=CARTESIAN_POINT('',(22.2,-8.60000000000001,0.1));
#9711=CARTESIAN_POINT('Origin',(25.2,-8.60000000000001,0.1));
#9712=CARTESIAN_POINT('Origin',(22.,-8.60000000000001,0.1));
#9713=CARTESIAN_POINT('Origin',(22.,9.02500000000001,0.1));
#9714=CARTESIAN_POINT('',(22.2,18.05,0.1));
#9715=CARTESIAN_POINT('Origin',(22.,18.05,0.1));
#9716=CARTESIAN_POINT('',(22.2,9.02500000000001,0.1));
#9717=CARTESIAN_POINT('Origin',(18.05,18.05,0.1));
#9718=CARTESIAN_POINT('',(18.05,22.2,0.1));
#9719=CARTESIAN_POINT('Origin',(18.05,22.,0.1));
#9720=CARTESIAN_POINT('Origin',(18.05,18.05,0.1));
#9721=CARTESIAN_POINT('Origin',(-9.02500000000001,22.,0.1));
#9722=CARTESIAN_POINT('',(-18.05,22.2,0.1));
#9723=CARTESIAN_POINT('Origin',(-18.05,22.,0.1));
#9724=CARTESIAN_POINT('',(-9.02500000000001,22.2,0.1));
#9725=CARTESIAN_POINT('Origin',(-18.05,18.05,0.1));
#9726=CARTESIAN_POINT('',(-22.2,18.05,0.1));
#9727=CARTESIAN_POINT('Origin',(-22.,18.05,0.1));
#9728=CARTESIAN_POINT('Origin',(-18.05,18.05,0.1));
#9729=CARTESIAN_POINT('Origin',(-22.,9.02500000000001,0.1));
#9730=CARTESIAN_POINT('',(-22.2,-8.60000000000001,0.1));
#9731=CARTESIAN_POINT('Origin',(-22.,-8.60000000000001,0.1));
#9732=CARTESIAN_POINT('',(-22.2,9.02500000000001,0.1));
#9733=CARTESIAN_POINT('Origin',(-25.2,-8.60000000000001,0.1));
#9734=CARTESIAN_POINT('',(-25.2,-11.6,0.1));
#9735=CARTESIAN_POINT('Ctrl Pts',(-24.086447127434,-11.6,0.3));
#9736=CARTESIAN_POINT('Ctrl Pts',(-24.4425477858678,-11.6,0.300000000000001));
#9737=CARTESIAN_POINT('Ctrl Pts',(-24.8552070200781,-11.6,0.189025164608446));
#9738=CARTESIAN_POINT('Ctrl Pts',(-25.2,-11.6,0.1));
#9739=CARTESIAN_POINT('Origin',(-25.2,-8.60000000000001,0.1));
#9740=CARTESIAN_POINT('Origin',(-25.2,-8.60000000000001,-3.5));
#9741=CARTESIAN_POINT('',(-22.2,-8.60000000000001,-4.5));
#9742=CARTESIAN_POINT('',(-22.2,-8.60000000000001,-3.5));
#9743=CARTESIAN_POINT('',(-25.2,-11.6,-4.5));
#9744=CARTESIAN_POINT('Origin',(-25.2,-8.60000000000001,-4.5));
#9745=CARTESIAN_POINT('',(-25.2,-11.6,-3.5));
#9746=CARTESIAN_POINT('Origin',(-22.2,18.05,-2.));
#9747=CARTESIAN_POINT('',(-22.2,18.05,-4.5));
#9748=CARTESIAN_POINT('',(-22.2,18.05,-2.));
#9749=CARTESIAN_POINT('',(-22.2,9.02500000000001,-4.5));
#9750=CARTESIAN_POINT('Origin',(-18.05,18.05,-2.));
#9751=CARTESIAN_POINT('',(-18.05,22.2,-4.5));
#9752=CARTESIAN_POINT('',(-18.05,22.2,0.));
#9753=CARTESIAN_POINT('Origin',(-18.05,18.05,-4.5));
#9754=CARTESIAN_POINT('Origin',(-18.05,22.2,-2.));
#9755=CARTESIAN_POINT('',(18.05,22.2,-4.5));
#9756=CARTESIAN_POINT('',(18.05,22.2,0.));
#9757=CARTESIAN_POINT('',(9.02500000000001,22.2,-4.5));
#9758=CARTESIAN_POINT('Origin',(18.05,18.05,-2.));
#9759=CARTESIAN_POINT('',(22.2,18.05,-4.5));
#9760=CARTESIAN_POINT('',(22.2,18.05,-2.));
#9761=CARTESIAN_POINT('Origin',(18.05,18.05,-4.5));
#9762=CARTESIAN_POINT('Origin',(22.2,18.05,-2.));
#9763=CARTESIAN_POINT('',(22.2,-8.60000000000001,-4.5));
#9764=CARTESIAN_POINT('',(22.2,-8.60000000000001,-3.5));
#9765=CARTESIAN_POINT('',(22.2,9.02500000000001,-4.5));
#9766=CARTESIAN_POINT('Origin',(25.2,-8.60000000000001,-3.5));
#9767=CARTESIAN_POINT('',(25.2,-11.6,-4.5));
#9768=CARTESIAN_POINT('',(25.2,-11.6,-3.5));
#9769=CARTESIAN_POINT('Origin',(25.2,-8.60000000000001,-4.5));
#9770=CARTESIAN_POINT('Ctrl Pts',(0.921565082296767,-8.79805524800797,-5.));
#9771=CARTESIAN_POINT('Ctrl Pts',(0.921565082296767,-8.79805524800797,-4.56));
#9772=CARTESIAN_POINT('Ctrl Pts',(1.20014546178285,-8.56618350003739,-5.));
#9773=CARTESIAN_POINT('Ctrl Pts',(1.20014546178285,-8.56618350003739,-4.56));
#9774=CARTESIAN_POINT('Ctrl Pts',(1.76705247662965,-8.04145535443802,-5.));
#9775=CARTESIAN_POINT('Ctrl Pts',(1.76705247662965,-8.04145535443802,-4.56));
#9776=CARTESIAN_POINT('Ctrl Pts',(2.62228854916994,-7.22386838887711,-5.));
#9777=CARTESIAN_POINT('Ctrl Pts',(2.62228854916994,-7.22386838887711,-4.56));
#9778=CARTESIAN_POINT('',(0.921565082296767,-8.79805524800797,-4.6));
#9779=CARTESIAN_POINT('',(2.62228854916994,-7.22386838887711,-4.6));
#9780=CARTESIAN_POINT('Ctrl Pts',(0.921565082296767,-8.79805524800797,-4.6));
#9781=CARTESIAN_POINT('Ctrl Pts',(1.20014546178285,-8.56618350003739,-4.6));
#9782=CARTESIAN_POINT('Ctrl Pts',(1.76705247662965,-8.04145535443802,-4.6));
#9783=CARTESIAN_POINT('Ctrl Pts',(2.62228854916994,-7.22386838887711,-4.6));
#9784=CARTESIAN_POINT('',(2.62228854916994,-7.22386838887711,-5.));
#9785=CARTESIAN_POINT('',(2.62228854916994,-7.22386838887711,-5.));
#9786=CARTESIAN_POINT('',(0.921565082296767,-8.79805524800797,-5.));
#9787=CARTESIAN_POINT('Ctrl Pts',(0.921565082296767,-8.79805524800797,-5.));
#9788=CARTESIAN_POINT('Ctrl Pts',(1.20014546178285,-8.56618350003739,-5.));
#9789=CARTESIAN_POINT('Ctrl Pts',(1.76705247662965,-8.04145535443802,-5.));
#9790=CARTESIAN_POINT('Ctrl Pts',(2.62228854916994,-7.22386838887711,-5.));
#9791=CARTESIAN_POINT('',(0.921565082296767,-8.79805524800797,-5.));
#9792=CARTESIAN_POINT('Ctrl Pts',(-1.11928418375548,-8.65342139218827,-5.));
#9793=CARTESIAN_POINT('Ctrl Pts',(-1.11928418375548,-8.65342139218827,-4.56));
#9794=CARTESIAN_POINT('Ctrl Pts',(-0.493038494363392,-9.24983120893021,
-5.));
#9795=CARTESIAN_POINT('Ctrl Pts',(-0.493038494363392,-9.24983120893021,
-4.56));
#9796=CARTESIAN_POINT('Ctrl Pts',(0.503694513067641,-9.14586105321427,-5.));
#9797=CARTESIAN_POINT('Ctrl Pts',(0.503694513067641,-9.14586105321427,-4.56));
#9798=CARTESIAN_POINT('Ctrl Pts',(0.921565082296767,-8.79805524800797,-5.));
#9799=CARTESIAN_POINT('Ctrl Pts',(0.921565082296767,-8.79805524800797,-4.56));
#9800=CARTESIAN_POINT('',(-1.11928418375548,-8.65342139218827,-4.6));
#9801=CARTESIAN_POINT('Ctrl Pts',(-1.11928418375548,-8.65342139218827,-4.6));
#9802=CARTESIAN_POINT('Ctrl Pts',(-0.493038494363392,-9.24983120893021,
-4.6));
#9803=CARTESIAN_POINT('Ctrl Pts',(0.503694513067641,-9.14586105321427,-4.6));
#9804=CARTESIAN_POINT('Ctrl Pts',(0.921565082296767,-8.79805524800797,-4.6));
#9805=CARTESIAN_POINT('',(-1.11928418375548,-8.65342139218827,-5.));
#9806=CARTESIAN_POINT('Ctrl Pts',(-1.11928418375548,-8.65342139218827,-5.));
#9807=CARTESIAN_POINT('Ctrl Pts',(-0.493038494363391,-9.24983120893021,
-5.));
#9808=CARTESIAN_POINT('Ctrl Pts',(0.503694513067641,-9.14586105321427,-5.));
#9809=CARTESIAN_POINT('Ctrl Pts',(0.921565082296767,-8.79805524800797,-5.));
#9810=CARTESIAN_POINT('',(-1.11928418375548,-8.65342139218827,-5.));
#9811=CARTESIAN_POINT('Ctrl Pts',(-17.1381295702606,6.32266848112564,-5.));
#9812=CARTESIAN_POINT('Ctrl Pts',(-17.1381295702606,6.32266848112564,-4.56));
#9813=CARTESIAN_POINT('Ctrl Pts',(-16.1454963610321,5.35494866157989,-5.));
#9814=CARTESIAN_POINT('Ctrl Pts',(-16.1454963610321,5.35494866157989,-4.56));
#9815=CARTESIAN_POINT('Ctrl Pts',(-1.74552987314757,-8.05701278661271,-5.));
#9816=CARTESIAN_POINT('Ctrl Pts',(-1.74552987314757,-8.05701278661271,-4.56));
#9817=CARTESIAN_POINT('Ctrl Pts',(-1.11928418375548,-8.65342139218827,-5.));
#9818=CARTESIAN_POINT('Ctrl Pts',(-1.11928418375548,-8.65342139218827,-4.56));
#9819=CARTESIAN_POINT('',(-17.1381295702606,6.32266848112564,-4.6));
#9820=CARTESIAN_POINT('Ctrl Pts',(-17.1381295702606,6.32266848112564,-4.6));
#9821=CARTESIAN_POINT('Ctrl Pts',(-16.1454963610321,5.35494866157989,-4.6));
#9822=CARTESIAN_POINT('Ctrl Pts',(-1.74552987314757,-8.05701278661271,-4.6));
#9823=CARTESIAN_POINT('Ctrl Pts',(-1.11928418375548,-8.65342139218827,-4.6));
#9824=CARTESIAN_POINT('',(-17.1381295702606,6.32266848112564,-5.));
#9825=CARTESIAN_POINT('Ctrl Pts',(-17.1381295702606,6.32266848112564,-5.));
#9826=CARTESIAN_POINT('Ctrl Pts',(-16.1454963610321,5.35494866157989,-5.));
#9827=CARTESIAN_POINT('Ctrl Pts',(-1.74552987314757,-8.05701278661271,-5.));
#9828=CARTESIAN_POINT('Ctrl Pts',(-1.11928418375548,-8.65342139218827,-5.));
#9829=CARTESIAN_POINT('',(-17.1381295702606,6.32266848112564,-5.));
#9830=CARTESIAN_POINT('Ctrl Pts',(-16.1064023325592,9.05390188897136,-5.));
#9831=CARTESIAN_POINT('Ctrl Pts',(-16.1064023325592,9.05390188897136,-4.56));
#9832=CARTESIAN_POINT('Ctrl Pts',(-17.3152796099335,9.05390188897136,-5.));
#9833=CARTESIAN_POINT('Ctrl Pts',(-17.3152796099335,9.05390188897136,-4.56));
#9834=CARTESIAN_POINT('Ctrl Pts',(-18.1307652018219,7.29038814927558,-5.));
#9835=CARTESIAN_POINT('Ctrl Pts',(-18.1307652018219,7.29038814927558,-4.56));
#9836=CARTESIAN_POINT('Ctrl Pts',(-17.1381295702606,6.32266848112564,-5.));
#9837=CARTESIAN_POINT('Ctrl Pts',(-17.1381295702606,6.32266848112564,-4.56));
#9838=CARTESIAN_POINT('',(-16.1064023325592,9.05390188897136,-4.6));
#9839=CARTESIAN_POINT('Ctrl Pts',(-16.1064023325592,9.05390188897136,-4.6));
#9840=CARTESIAN_POINT('Ctrl Pts',(-17.3152796099335,9.05390188897136,-4.6));
#9841=CARTESIAN_POINT('Ctrl Pts',(-18.1307652018219,7.29038814927558,-4.6));
#9842=CARTESIAN_POINT('Ctrl Pts',(-17.1381295702606,6.32266848112564,-4.6));
#9843=CARTESIAN_POINT('',(-16.1064023325592,9.05390188897136,-5.));
#9844=CARTESIAN_POINT('Ctrl Pts',(-16.1064023325592,9.05390188897136,-5.));
#9845=CARTESIAN_POINT('Ctrl Pts',(-17.3152796099335,9.05390188897136,-5.));
#9846=CARTESIAN_POINT('Ctrl Pts',(-18.1307652018219,7.29038814927558,-5.));
#9847=CARTESIAN_POINT('Ctrl Pts',(-17.1381295702606,6.32266848112564,-5.));
#9848=CARTESIAN_POINT('',(-16.1064023325592,9.05390188897136,-5.));
#9849=CARTESIAN_POINT('Origin',(-14.8376474115997,9.05390188897135,-5.));
#9850=CARTESIAN_POINT('',(-14.8376474115997,9.05390188897135,-4.6));
#9851=CARTESIAN_POINT('',(-6.93174250341948,9.05390188897135,-4.6));
#9852=CARTESIAN_POINT('',(-14.8376474115997,9.05390188897135,-5.));
#9853=CARTESIAN_POINT('',(-7.41882370579986,9.05390188897135,-5.));
#9854=CARTESIAN_POINT('',(-14.8376474115997,9.05390188897135,-5.));
#9855=CARTESIAN_POINT('Origin',(0.,4.44089209850063E-15,-5.));
#9856=CARTESIAN_POINT('',(18.05,21.7,-5.));
#9857=CARTESIAN_POINT('',(-18.05,21.7,-5.));
#9858=CARTESIAN_POINT('',(-9.02500000000001,21.7,-5.));
#9859=CARTESIAN_POINT('',(21.7,18.05,-5.));
#9860=CARTESIAN_POINT('Origin',(18.05,18.05,-5.));
#9861=CARTESIAN_POINT('',(21.7,-8.60000000000001,-5.));
#9862=CARTESIAN_POINT('',(21.7,9.02500000000001,-5.));
#9863=CARTESIAN_POINT('',(25.2,-12.1,-5.));
#9864=CARTESIAN_POINT('Origin',(25.2,-8.60000000000001,-5.));
#9865=CARTESIAN_POINT('',(27.2,-12.1,-5.));
#9866=CARTESIAN_POINT('',(11.1,-12.1,-5.));
#9867=CARTESIAN_POINT('',(27.7,-12.6,-5.));
#9868=CARTESIAN_POINT('Origin',(27.2,-12.6,-5.));
#9869=CARTESIAN_POINT('',(27.7,-21.2,-5.));
#9870=CARTESIAN_POINT('',(27.7,-8.45,-5.));
#9871=CARTESIAN_POINT('',(27.2,-21.7,-5.));
#9872=CARTESIAN_POINT('Origin',(27.2,-21.2,-5.));
#9873=CARTESIAN_POINT('',(-27.2,-21.7,-5.));
#9874=CARTESIAN_POINT('',(-11.1,-21.7,-5.));
#9875=CARTESIAN_POINT('',(-27.7,-21.2,-5.));
#9876=CARTESIAN_POINT('Origin',(-27.2,-21.2,-5.));
#9877=CARTESIAN_POINT('',(-27.7,-12.6,-5.));
#9878=CARTESIAN_POINT('',(-27.7,-8.45,-5.));
#9879=CARTESIAN_POINT('',(-27.2,-12.1,-5.));
#9880=CARTESIAN_POINT('Origin',(-27.2,-12.6,-5.));
#9881=CARTESIAN_POINT('',(-25.2,-12.1,-5.));
#9882=CARTESIAN_POINT('',(-11.1,-12.1,-5.));
#9883=CARTESIAN_POINT('',(-21.7,-8.60000000000001,-5.));
#9884=CARTESIAN_POINT('Origin',(-25.2,-8.60000000000001,-5.));
#9885=CARTESIAN_POINT('',(-21.7,18.05,-5.));
#9886=CARTESIAN_POINT('',(-21.7,9.02500000000001,-5.));
#9887=CARTESIAN_POINT('Origin',(-18.05,18.05,-5.));
#9888=CARTESIAN_POINT('',(5.68408567212526,-4.4150051972725,-5.));
#9889=CARTESIAN_POINT('',(3.70960600948382,-6.22637382303313,-5.));
#9890=CARTESIAN_POINT('',(20.0790900113434,9.0671890642784,-5.));
#9891=CARTESIAN_POINT('',(5.27149118727565,-4.80143641083121,-5.));
#9892=CARTESIAN_POINT('',(14.1193798997254,9.0671890642784,-5.));
#9893=CARTESIAN_POINT('',(10.0395450056717,9.06718906427841,-5.));
#9894=CARTESIAN_POINT('',(13.0661562754959,8.65913427944402,-5.));
#9895=CARTESIAN_POINT('Ctrl Pts',(14.1193798997254,9.0671890642784,-5.));
#9896=CARTESIAN_POINT('Ctrl Pts',(13.6102558162064,9.0671890642784,-5.));
#9897=CARTESIAN_POINT('Ctrl Pts',(13.2787438323349,8.84122103328923,-5.));
#9898=CARTESIAN_POINT('Ctrl Pts',(13.0661562754959,8.65913427944402,-5.));
#9899=CARTESIAN_POINT('',(6.45451829694216,2.51416063810805,-5.));
#9900=CARTESIAN_POINT('Ctrl Pts',(13.0661562754959,8.65913427944402,-5.));
#9901=CARTESIAN_POINT('Ctrl Pts',(12.8535681130737,8.47704756344775,-5.));
#9902=CARTESIAN_POINT('Ctrl Pts',(6.9404007031769,2.972450857415,-5.));
#9903=CARTESIAN_POINT('Ctrl Pts',(6.45451829694216,2.51416063810805,-5.));
#9904=CARTESIAN_POINT('',(4.37711481831972,2.55443070913772,-5.));
#9905=CARTESIAN_POINT('Ctrl Pts',(6.45451829694216,2.51416063810805,-5.));
#9906=CARTESIAN_POINT('Ctrl Pts',(5.9686371018738,2.05586981321792,-5.));
#9907=CARTESIAN_POINT('Ctrl Pts',(4.88790970586244,2.05586981321792,-5.));
#9908=CARTESIAN_POINT('Ctrl Pts',(4.37711481831972,2.55443070913772,-5.));
#9909=CARTESIAN_POINT('',(-2.07555817820128,8.57151297743539,-5.));
#9910=CARTESIAN_POINT('Ctrl Pts',(4.37711481831972,2.55443070913772,-5.));
#9911=CARTESIAN_POINT('Ctrl Pts',(3.86631993077699,3.05299160505752,-5.));
#9912=CARTESIAN_POINT('Ctrl Pts',(-1.67561408258971,8.21686139489631,-5.));
#9913=CARTESIAN_POINT('Ctrl Pts',(-2.07555817820128,8.57151297743539,-5.));
#9914=CARTESIAN_POINT('',(-3.36813916422423,9.06718906427841,-5.));
#9915=CARTESIAN_POINT('Ctrl Pts',(-2.07555817820128,8.57151297743539,-5.));
#9916=CARTESIAN_POINT('Ctrl Pts',(-2.47550227381285,8.92616452212552,-5.));
#9917=CARTESIAN_POINT('Ctrl Pts',(-2.78152768351134,9.06718906427841,-5.));
#9918=CARTESIAN_POINT('Ctrl Pts',(-3.36813916422423,9.06718906427841,-5.));
#9919=CARTESIAN_POINT('',(-8.76002177454528,9.06718906427841,-5.));
#9920=CARTESIAN_POINT('',(-1.68406958211211,9.06718906427841,-5.));
#9921=CARTESIAN_POINT('',(-4.38994332065887,9.07674312403627,-5.));
#9922=CARTESIAN_POINT('',(10.4773922946304,8.69007541711549,-5.));
#9923=CARTESIAN_POINT('',(10.2805844189972,8.98790733355204,-5.));
#9924=CARTESIAN_POINT('Ctrl Pts',(10.4773922946304,8.69007541711549,-5.));
#9925=CARTESIAN_POINT('Ctrl Pts',(10.5961084010452,8.82707843269328,-5.));
#9926=CARTESIAN_POINT('Ctrl Pts',(10.5131834723801,8.98790733355204,-5.));
#9927=CARTESIAN_POINT('Ctrl Pts',(10.2805844189972,8.98790733355204,-5.));
#9928=CARTESIAN_POINT('',(2.3942816331238,8.98790733355204,-5.));
#9929=CARTESIAN_POINT('',(5.1402922094986,8.98790733355204,-5.));
#9930=CARTESIAN_POINT('',(2.20421329282228,8.67150248344163,-5.));
#9931=CARTESIAN_POINT('Ctrl Pts',(2.3942816331238,8.98790733355204,-5.));
#9932=CARTESIAN_POINT('Ctrl Pts',(2.15326679013674,8.98790733355204,-5.));
#9933=CARTESIAN_POINT('Ctrl Pts',(2.054537351355,8.81078304062704,-5.));
#9934=CARTESIAN_POINT('Ctrl Pts',(2.20421329282228,8.67150248344163,-5.));
#9935=CARTESIAN_POINT('',(5.83318752072756,5.23755514885406,-5.));
#9936=CARTESIAN_POINT('Ctrl Pts',(2.20421329282228,8.67150248344163,-5.));
#9937=CARTESIAN_POINT('Ctrl Pts',(2.35388923428957,8.53222194518069,-5.));
#9938=CARTESIAN_POINT('Ctrl Pts',(5.56057698033754,5.49622849489669,-5.));
#9939=CARTESIAN_POINT('Ctrl Pts',(5.83318752072756,5.23755514885406,-5.));
#9940=CARTESIAN_POINT('',(6.83318219922487,5.28305836702804,-5.));
#9941=CARTESIAN_POINT('Ctrl Pts',(5.83318752072756,5.23755514885406,-5.));
#9942=CARTESIAN_POINT('Ctrl Pts',(6.10579927228395,4.97888180281142,-5.));
#9943=CARTESIAN_POINT('Ctrl Pts',(6.50833768628542,4.97888180281142,-5.));
#9944=CARTESIAN_POINT('Ctrl Pts',(6.83318219922487,5.28305836702804,-5.));
#9945=CARTESIAN_POINT('Ctrl Pts',(6.83318219922487,5.28305836702804,-5.));
#9946=CARTESIAN_POINT('Ctrl Pts',(7.15802671216433,5.58723493124465,-5.));
#9947=CARTESIAN_POINT('Ctrl Pts',(10.3586755826325,8.55307243938664,-5.));
#9948=CARTESIAN_POINT('Ctrl Pts',(10.4773922946304,8.69007541711549,-5.));
#9949=CARTESIAN_POINT('',(-15.25,-16.75,-5.));
#9950=CARTESIAN_POINT('Origin',(-16.75,-16.75,-5.));
#9951=CARTESIAN_POINT('',(-15.25,16.75,-5.));
#9952=CARTESIAN_POINT('Origin',(-16.75,16.75,-5.));
#9953=CARTESIAN_POINT('',(15.25,16.75,-5.));
#9954=CARTESIAN_POINT('Origin',(16.75,16.75,-5.));
#9955=CARTESIAN_POINT('',(15.25,-16.75,-5.));
#9956=CARTESIAN_POINT('Origin',(16.75,-16.75,-5.));
#9957=CARTESIAN_POINT('Origin',(-8.76002177454528,9.06718906427841,-5.));
#9958=CARTESIAN_POINT('',(-8.76002177454528,9.06718906427841,-4.6));
#9959=CARTESIAN_POINT('',(-6.67731533525782,9.07174236966846,-4.6));
#9960=CARTESIAN_POINT('',(-8.76002177454528,9.06718906427841,-5.));
#9961=CARTESIAN_POINT('Origin',(2.62228854916994,-7.22386838887711,-5.));
#9962=CARTESIAN_POINT('',(5.68408567212526,-4.4150051972725,-4.6));
#9963=CARTESIAN_POINT('',(2.69656076549823,-7.15573177295331,-4.6));
#9964=CARTESIAN_POINT('',(5.68408567212526,-4.4150051972725,-5.));
#9965=CARTESIAN_POINT('Origin',(5.68408567212526,-4.4150051972725,-5.));
#9966=CARTESIAN_POINT('',(20.0790900113434,9.0671890642784,-4.6));
#9967=CARTESIAN_POINT('',(5.50818231297051,-4.57975424517119,-4.6));
#9968=CARTESIAN_POINT('',(20.0790900113434,9.0671890642784,-5.));
#9969=CARTESIAN_POINT('Origin',(-3.36813916422423,9.06718906427841,-5.));
#9970=CARTESIAN_POINT('',(-3.36813916422423,9.06718906427841,-4.6));
#9971=CARTESIAN_POINT('',(-1.19698837973173,9.06718906427841,-4.6));
#9972=CARTESIAN_POINT('',(-3.36813916422423,9.06718906427841,-5.));
#9973=CARTESIAN_POINT('Ctrl Pts',(-2.07555817820128,8.57151297743539,-5.));
#9974=CARTESIAN_POINT('Ctrl Pts',(-2.07555817820128,8.57151297743539,-4.56));
#9975=CARTESIAN_POINT('Ctrl Pts',(-2.47550227381285,8.92616452212552,-5.));
#9976=CARTESIAN_POINT('Ctrl Pts',(-2.47550227381285,8.92616452212552,-4.56));
#9977=CARTESIAN_POINT('Ctrl Pts',(-2.78152768351134,9.06718906427841,-5.));
#9978=CARTESIAN_POINT('Ctrl Pts',(-2.78152768351134,9.06718906427841,-4.56));
#9979=CARTESIAN_POINT('Ctrl Pts',(-3.36813916422423,9.06718906427841,-5.));
#9980=CARTESIAN_POINT('Ctrl Pts',(-3.36813916422423,9.06718906427841,-4.56));
#9981=CARTESIAN_POINT('',(-2.07555817820128,8.57151297743539,-4.6));
#9982=CARTESIAN_POINT('Ctrl Pts',(-2.07555817820128,8.57151297743539,-4.6));
#9983=CARTESIAN_POINT('Ctrl Pts',(-2.47550227381285,8.92616452212552,-4.6));
#9984=CARTESIAN_POINT('Ctrl Pts',(-2.78152768351134,9.06718906427841,-4.6));
#9985=CARTESIAN_POINT('Ctrl Pts',(-3.36813916422423,9.06718906427841,-4.6));
#9986=CARTESIAN_POINT('',(-2.07555817820128,8.57151297743539,-5.));
#9987=CARTESIAN_POINT('Ctrl Pts',(4.37711481831972,2.55443070913772,-5.));
#9988=CARTESIAN_POINT('Ctrl Pts',(4.37711481831972,2.55443070913772,-4.56));
#9989=CARTESIAN_POINT('Ctrl Pts',(3.86631993077699,3.05299160505752,-5.));
#9990=CARTESIAN_POINT('Ctrl Pts',(3.86631993077699,3.05299160505752,-4.56));
#9991=CARTESIAN_POINT('Ctrl Pts',(-1.67561408258971,8.21686139489631,-5.));
#9992=CARTESIAN_POINT('Ctrl Pts',(-1.67561408258971,8.21686139489631,-4.56));
#9993=CARTESIAN_POINT('Ctrl Pts',(-2.07555817820128,8.57151297743539,-5.));
#9994=CARTESIAN_POINT('Ctrl Pts',(-2.07555817820128,8.57151297743539,-4.56));
#9995=CARTESIAN_POINT('',(4.37711481831972,2.55443070913772,-4.6));
#9996=CARTESIAN_POINT('Ctrl Pts',(4.37711481831972,2.55443070913772,-4.6));
#9997=CARTESIAN_POINT('Ctrl Pts',(3.86631993077699,3.05299160505752,-4.6));
#9998=CARTESIAN_POINT('Ctrl Pts',(-1.67561408258971,8.21686139489631,-4.6));
#9999=CARTESIAN_POINT('Ctrl Pts',(-2.07555817820128,8.57151297743539,-4.6));
#10000=CARTESIAN_POINT('',(4.37711481831972,2.55443070913772,-5.));
#10001=CARTESIAN_POINT('Ctrl Pts',(6.45451829694216,2.51416063810805,-5.));
#10002=CARTESIAN_POINT('Ctrl Pts',(6.45451829694216,2.51416063810805,-4.56));
#10003=CARTESIAN_POINT('Ctrl Pts',(5.9686371018738,2.05586981321792,-5.));
#10004=CARTESIAN_POINT('Ctrl Pts',(5.9686371018738,2.05586981321792,-4.56));
#10005=CARTESIAN_POINT('Ctrl Pts',(4.88790970586244,2.05586981321792,-5.));
#10006=CARTESIAN_POINT('Ctrl Pts',(4.88790970586244,2.05586981321792,-4.56));
#10007=CARTESIAN_POINT('Ctrl Pts',(4.37711481831972,2.55443070913772,-5.));
#10008=CARTESIAN_POINT('Ctrl Pts',(4.37711481831972,2.55443070913772,-4.56));
#10009=CARTESIAN_POINT('',(6.45451829694216,2.51416063810805,-4.6));
#10010=CARTESIAN_POINT('Ctrl Pts',(6.45451829694216,2.51416063810805,-4.6));
#10011=CARTESIAN_POINT('Ctrl Pts',(5.9686371018738,2.05586981321792,-4.6));
#10012=CARTESIAN_POINT('Ctrl Pts',(4.88790970586244,2.05586981321792,-4.6));
#10013=CARTESIAN_POINT('Ctrl Pts',(4.37711481831972,2.55443070913772,-4.6));
#10014=CARTESIAN_POINT('',(6.45451829694216,2.51416063810805,-5.));
#10015=CARTESIAN_POINT('Ctrl Pts',(13.0661562754959,8.65913427944402,-5.));
#10016=CARTESIAN_POINT('Ctrl Pts',(13.0661562754959,8.65913427944402,-4.56));
#10017=CARTESIAN_POINT('Ctrl Pts',(12.8535681130737,8.47704756344775,-5.));
#10018=CARTESIAN_POINT('Ctrl Pts',(12.8535681130737,8.47704756344775,-4.56));
#10019=CARTESIAN_POINT('Ctrl Pts',(6.9404007031769,2.972450857415,-5.));
#10020=CARTESIAN_POINT('Ctrl Pts',(6.9404007031769,2.972450857415,-4.56));
#10021=CARTESIAN_POINT('Ctrl Pts',(6.45451829694216,2.51416063810805,-5.));
#10022=CARTESIAN_POINT('Ctrl Pts',(6.45451829694216,2.51416063810805,-4.56));
#10023=CARTESIAN_POINT('',(13.0661562754959,8.65913427944402,-4.6));
#10024=CARTESIAN_POINT('Ctrl Pts',(13.0661562754959,8.65913427944402,-4.6));
#10025=CARTESIAN_POINT('Ctrl Pts',(12.8535681130737,8.47704756344775,-4.6));
#10026=CARTESIAN_POINT('Ctrl Pts',(6.9404007031769,2.972450857415,-4.6));
#10027=CARTESIAN_POINT('Ctrl Pts',(6.45451829694216,2.51416063810806,-4.6));
#10028=CARTESIAN_POINT('',(13.0661562754959,8.65913427944402,-5.));
#10029=CARTESIAN_POINT('Ctrl Pts',(14.1193798997254,9.0671890642784,-5.));
#10030=CARTESIAN_POINT('Ctrl Pts',(14.1193798997254,9.0671890642784,-4.56));
#10031=CARTESIAN_POINT('Ctrl Pts',(13.6102558162064,9.0671890642784,-5.));
#10032=CARTESIAN_POINT('Ctrl Pts',(13.6102558162064,9.0671890642784,-4.56));
#10033=CARTESIAN_POINT('Ctrl Pts',(13.2787438323349,8.84122103328923,-5.));
#10034=CARTESIAN_POINT('Ctrl Pts',(13.2787438323349,8.84122103328923,-4.56));
#10035=CARTESIAN_POINT('Ctrl Pts',(13.0661562754959,8.65913427944402,-5.));
#10036=CARTESIAN_POINT('Ctrl Pts',(13.0661562754959,8.65913427944402,-4.56));
#10037=CARTESIAN_POINT('',(14.1193798997254,9.0671890642784,-4.6));
#10038=CARTESIAN_POINT('Ctrl Pts',(14.1193798997254,9.0671890642784,-4.6));
#10039=CARTESIAN_POINT('Ctrl Pts',(13.6102558162064,9.0671890642784,-4.6));
#10040=CARTESIAN_POINT('Ctrl Pts',(13.2787438323349,8.84122103328923,-4.6));
#10041=CARTESIAN_POINT('Ctrl Pts',(13.0661562754959,8.65913427944402,-4.6));
#10042=CARTESIAN_POINT('',(14.1193798997254,9.0671890642784,-5.));
#10043=CARTESIAN_POINT('Origin',(20.0790900113434,9.0671890642784,-5.));
#10044=CARTESIAN_POINT('',(10.5266262080521,9.06718906427841,-4.6));
#10045=CARTESIAN_POINT('Origin',(0.974162404760759,-0.0913210723259028,
-4.6));
#10046=CARTESIAN_POINT('Ctrl Pts',(10.4773922946304,8.69007541711549,-5.));
#10047=CARTESIAN_POINT('Ctrl Pts',(10.4773922946304,8.69007541711549,-4.56));
#10048=CARTESIAN_POINT('Ctrl Pts',(10.5961084010452,8.82707843269328,-5.));
#10049=CARTESIAN_POINT('Ctrl Pts',(10.5961084010452,8.82707843269328,-4.56));
#10050=CARTESIAN_POINT('Ctrl Pts',(10.5131834723801,8.98790733355204,-5.));
#10051=CARTESIAN_POINT('Ctrl Pts',(10.5131834723801,8.98790733355204,-4.56));
#10052=CARTESIAN_POINT('Ctrl Pts',(10.2805844189972,8.98790733355204,-5.));
#10053=CARTESIAN_POINT('Ctrl Pts',(10.2805844189972,8.98790733355204,-4.56));
#10054=CARTESIAN_POINT('',(10.4773922946304,8.69007541711549,-4.6));
#10055=CARTESIAN_POINT('',(10.2805844189972,8.98790733355204,-4.6));
#10056=CARTESIAN_POINT('Ctrl Pts',(10.4773922946304,8.69007541711549,-4.6));
#10057=CARTESIAN_POINT('Ctrl Pts',(10.5961084010452,8.82707843269328,-4.6));
#10058=CARTESIAN_POINT('Ctrl Pts',(10.5131834723801,8.98790733355204,-4.6));
#10059=CARTESIAN_POINT('Ctrl Pts',(10.2805844189972,8.98790733355204,-4.6));
#10060=CARTESIAN_POINT('',(10.2805844189972,8.98790733355204,-5.));
#10061=CARTESIAN_POINT('',(10.4773922946304,8.69007541711549,-5.));
#10062=CARTESIAN_POINT('Ctrl Pts',(6.83318219922487,5.28305836702804,-5.));
#10063=CARTESIAN_POINT('Ctrl Pts',(6.83318219922487,5.28305836702804,-4.56));
#10064=CARTESIAN_POINT('Ctrl Pts',(7.15802671216433,5.58723493124465,-5.));
#10065=CARTESIAN_POINT('Ctrl Pts',(7.15802671216433,5.58723493124465,-4.56));
#10066=CARTESIAN_POINT('Ctrl Pts',(10.3586755826325,8.55307243938664,-5.));
#10067=CARTESIAN_POINT('Ctrl Pts',(10.3586755826325,8.55307243938664,-4.56));
#10068=CARTESIAN_POINT('Ctrl Pts',(10.4773922946304,8.69007541711549,-5.));
#10069=CARTESIAN_POINT('Ctrl Pts',(10.4773922946304,8.69007541711549,-4.56));
#10070=CARTESIAN_POINT('',(6.83318219922487,5.28305836702804,-4.6));
#10071=CARTESIAN_POINT('Ctrl Pts',(6.83318219922487,5.28305836702804,-4.6));
#10072=CARTESIAN_POINT('Ctrl Pts',(7.15802671216433,5.58723493124465,-4.6));
#10073=CARTESIAN_POINT('Ctrl Pts',(10.3586755826325,8.55307243938664,-4.6));
#10074=CARTESIAN_POINT('Ctrl Pts',(10.4773922946304,8.69007541711549,-4.6));
#10075=CARTESIAN_POINT('',(6.83318219922487,5.28305836702804,-5.));
#10076=CARTESIAN_POINT('Ctrl Pts',(5.83318752072756,5.23755514885406,-5.));
#10077=CARTESIAN_POINT('Ctrl Pts',(5.83318752072756,5.23755514885406,-4.56));
#10078=CARTESIAN_POINT('Ctrl Pts',(6.10579927228395,4.97888180281142,-5.));
#10079=CARTESIAN_POINT('Ctrl Pts',(6.10579927228395,4.97888180281142,-4.56));
#10080=CARTESIAN_POINT('Ctrl Pts',(6.50833768628542,4.97888180281142,-5.));
#10081=CARTESIAN_POINT('Ctrl Pts',(6.50833768628542,4.97888180281142,-4.56));
#10082=CARTESIAN_POINT('Ctrl Pts',(6.83318219922487,5.28305836702804,-5.));
#10083=CARTESIAN_POINT('Ctrl Pts',(6.83318219922487,5.28305836702804,-4.56));
#10084=CARTESIAN_POINT('',(5.83318752072756,5.23755514885406,-4.6));
#10085=CARTESIAN_POINT('Ctrl Pts',(5.83318752072756,5.23755514885406,-4.6));
#10086=CARTESIAN_POINT('Ctrl Pts',(6.10579927228395,4.97888180281142,-4.6));
#10087=CARTESIAN_POINT('Ctrl Pts',(6.50833768628542,4.97888180281142,-4.6));
#10088=CARTESIAN_POINT('Ctrl Pts',(6.83318219922487,5.28305836702804,-4.6));
#10089=CARTESIAN_POINT('',(5.83318752072756,5.23755514885406,-5.));
#10090=CARTESIAN_POINT('Ctrl Pts',(2.20421329282228,8.67150248344163,-5.));
#10091=CARTESIAN_POINT('Ctrl Pts',(2.20421329282228,8.67150248344163,-4.56));
#10092=CARTESIAN_POINT('Ctrl Pts',(2.35388923428957,8.53222194518069,-5.));
#10093=CARTESIAN_POINT('Ctrl Pts',(2.35388923428957,8.53222194518069,-4.56));
#10094=CARTESIAN_POINT('Ctrl Pts',(5.56057698033754,5.49622849489669,-5.));
#10095=CARTESIAN_POINT('Ctrl Pts',(5.56057698033754,5.49622849489669,-4.56));
#10096=CARTESIAN_POINT('Ctrl Pts',(5.83318752072756,5.23755514885406,-5.));
#10097=CARTESIAN_POINT('Ctrl Pts',(5.83318752072756,5.23755514885406,-4.56));
#10098=CARTESIAN_POINT('',(2.20421329282228,8.67150248344163,-4.6));
#10099=CARTESIAN_POINT('Ctrl Pts',(2.20421329282228,8.67150248344163,-4.6));
#10100=CARTESIAN_POINT('Ctrl Pts',(2.35388923428957,8.53222194518069,-4.6));
#10101=CARTESIAN_POINT('Ctrl Pts',(5.56057698033754,5.49622849489669,-4.6));
#10102=CARTESIAN_POINT('Ctrl Pts',(5.83318752072756,5.23755514885406,-4.6));
#10103=CARTESIAN_POINT('',(2.20421329282228,8.67150248344163,-5.));
#10104=CARTESIAN_POINT('Ctrl Pts',(2.3942816331238,8.98790733355204,-5.));
#10105=CARTESIAN_POINT('Ctrl Pts',(2.3942816331238,8.98790733355204,-4.56));
#10106=CARTESIAN_POINT('Ctrl Pts',(2.15326679013674,8.98790733355204,-5.));
#10107=CARTESIAN_POINT('Ctrl Pts',(2.15326679013674,8.98790733355204,-4.56));
#10108=CARTESIAN_POINT('Ctrl Pts',(2.054537351355,8.81078304062704,-5.));
#10109=CARTESIAN_POINT('Ctrl Pts',(2.054537351355,8.81078304062704,-4.56));
#10110=CARTESIAN_POINT('Ctrl Pts',(2.20421329282228,8.67150248344163,-5.));
#10111=CARTESIAN_POINT('Ctrl Pts',(2.20421329282228,8.67150248344163,-4.56));
#10112=CARTESIAN_POINT('',(2.3942816331238,8.98790733355204,-4.6));
#10113=CARTESIAN_POINT('Ctrl Pts',(2.3942816331238,8.98790733355204,-4.6));
#10114=CARTESIAN_POINT('Ctrl Pts',(2.15326679013674,8.98790733355204,-4.6));
#10115=CARTESIAN_POINT('Ctrl Pts',(2.054537351355,8.81078304062704,-4.6));
#10116=CARTESIAN_POINT('Ctrl Pts',(2.20421329282228,8.67150248344163,-4.6));
#10117=CARTESIAN_POINT('',(2.3942816331238,8.98790733355204,-5.));
#10118=CARTESIAN_POINT('Origin',(10.2805844189972,8.98790733355204,-5.));
#10119=CARTESIAN_POINT('',(5.62737341187898,8.98790733355204,-4.6));
#10120=CARTESIAN_POINT('Origin',(0.974162404760759,-0.0913210723259028,
-4.6));
#10121=CARTESIAN_POINT('Origin',(-27.2,-12.6,-4.75));
#10122=CARTESIAN_POINT('',(-28.2,-12.6,-4.5));
#10123=CARTESIAN_POINT('',(-27.95,-12.6,-4.75));
#10124=CARTESIAN_POINT('',(-27.2,-11.6,-4.5));
#10125=CARTESIAN_POINT('Origin',(-27.2,-12.6,-4.5));
#10126=CARTESIAN_POINT('',(-27.2,-12.1,-5.));
#10127=CARTESIAN_POINT('Origin',(-11.1,-11.85,-4.75));
#10128=CARTESIAN_POINT('',(-11.1,-11.6,-4.5));
#10129=CARTESIAN_POINT('',(-25.2,-12.1,-5.));
#10130=CARTESIAN_POINT('Origin',(-25.2,-8.60000000000001,-4.75));
#10131=CARTESIAN_POINT('',(-21.7,-8.60000000000001,-5.));
#10132=CARTESIAN_POINT('Origin',(-21.95,9.02500000000001,-4.75));
#10133=CARTESIAN_POINT('',(-21.7,18.05,-5.));
#10134=CARTESIAN_POINT('Origin',(-18.05,18.05,-4.75));
#10135=CARTESIAN_POINT('',(-18.05,21.7,-5.));
#10136=CARTESIAN_POINT('Origin',(-27.95,-8.45,-4.75));
#10137=CARTESIAN_POINT('',(-28.2,-21.2,-4.5));
#10138=CARTESIAN_POINT('',(-28.2,-21.2,-4.5));
#10139=CARTESIAN_POINT('',(-28.2,-19.1472205054244,-4.5));
#10140=CARTESIAN_POINT('',(-28.2,-8.45,-4.5));
#10141=CARTESIAN_POINT('',(-28.1940624083891,-19.1344940961078,-4.50593759161096));
#10142=CARTESIAN_POINT('Origin',(-33.,-16.9,0.3));
#10143=CARTESIAN_POINT('',(-28.2,-19.138276759144,-4.5));
#10144=CARTESIAN_POINT('',(-26.9208931259129,-18.3233958092686,-5.77910687408715));
#10145=CARTESIAN_POINT('',(-28.6074092923995,-18.4987722688809,-4.09259070760052));
#10146=CARTESIAN_POINT('',(-30.2722507726332,-15.8854946091711,-2.42774922736677));
#10147=CARTESIAN_POINT('',(-28.2,-18.1861561236694,-4.5));
#10148=CARTESIAN_POINT('',(-26.8638818326649,-17.1609165947442,-5.83611816733513));
#10149=CARTESIAN_POINT('',(-28.5866467258181,-17.6822682999352,-4.1133532741819));
#10150=CARTESIAN_POINT('',(-30.0495091361165,-15.7758288901807,-2.65049086388348));
#10151=CARTESIAN_POINT('',(-28.5863476152631,-17.6739679489303,-4.11365238473689));
#10152=CARTESIAN_POINT('Ctrl Pts',(-28.5863476152631,-17.6739679489303,
-4.11365238473689));
#10153=CARTESIAN_POINT('Ctrl Pts',(-28.5864963728714,-17.6781177307899,
-4.1135036271286));
#10154=CARTESIAN_POINT('Ctrl Pts',(-28.5866467258181,-17.6822682999352,
-4.1133532741819));
#10155=CARTESIAN_POINT('',(-28.2,-17.3199455849245,-4.5));
#10156=CARTESIAN_POINT('',(-26.8633752551739,-16.0951546632772,-5.83662474482608));
#10157=CARTESIAN_POINT('',(-28.57241806558,-16.9135225841314,-4.12758193442001));
#10158=CARTESIAN_POINT('',(-29.8191819445124,-15.5529185641002,-2.88081805548758));
#10159=CARTESIAN_POINT('',(-28.5724180654884,-16.8864774159002,-4.12758193451158));
#10160=CARTESIAN_POINT('Ctrl Pts',(-28.5724180654884,-16.8864774159002,
-4.12758193451158));
#10161=CARTESIAN_POINT('Ctrl Pts',(-28.5724095207304,-16.9000000000164,
-4.12759047926961));
#10162=CARTESIAN_POINT('Ctrl Pts',(-28.57241806558,-16.9135225841314,-4.12758193442001));
#10163=CARTESIAN_POINT('',(-28.2,-16.4800544150756,-4.5));
#10164=CARTESIAN_POINT('',(-26.9292762525357,-15.0933027869572,-5.77072374746431));
#10165=CARTESIAN_POINT('',(-28.5863476152656,-16.1260320509911,-4.11365238473444));
#10166=CARTESIAN_POINT('',(-29.5901068814129,-15.2062561444208,-3.10989311858712));
#10167=CARTESIAN_POINT('',(-28.5866467258257,-16.1177316998476,-4.11335327417429));
#10168=CARTESIAN_POINT('Ctrl Pts',(-28.5866467258257,-16.1177316998476,
-4.11335327417429));
#10169=CARTESIAN_POINT('Ctrl Pts',(-28.5864963728769,-16.1218822690622,
-4.1135036271231));
#10170=CARTESIAN_POINT('Ctrl Pts',(-28.5863476152656,-16.1260320509911,
-4.11365238473444));
#10171=CARTESIAN_POINT('',(-28.2,-15.6138438763306,-4.5));
#10172=CARTESIAN_POINT('',(-27.0719336434954,-14.1437191782852,-5.62806635650466));
#10173=CARTESIAN_POINT('',(-28.6074092923995,-15.3012277311191,-4.09259070760053));
#10174=CARTESIAN_POINT('',(-29.3684925886407,-14.7172279778132,-3.3315074113593));
#10175=CARTESIAN_POINT('',(-28.2,-14.661723240856,-4.5));
#10176=CARTESIAN_POINT('',(-27.3009017144871,-13.2504216296754,-5.39909828551287));
#10177=CARTESIAN_POINT('',(-28.6388961811832,-14.3821155362422,-4.06110381881679));
#10178=CARTESIAN_POINT('',(-29.1584493518195,-14.0511236623216,-3.5415506481805));
#10179=CARTESIAN_POINT('',(-28.4956672697224,-14.1069753572605,-4.20433273027759));
#10180=CARTESIAN_POINT('',(-27.6229275359779,-12.4304579272397,-5.07707246402211));
#10181=CARTESIAN_POINT('',(-28.2,-14.6527794945756,-4.5));
#10182=CARTESIAN_POINT('Origin',(-33.,-16.9,0.3));
#10183=CARTESIAN_POINT('',(-28.2,-12.675,-4.5));
#10184=CARTESIAN_POINT('Origin',(-27.2,-21.2,-4.75));
#10185=CARTESIAN_POINT('',(-27.2,-22.2,-4.5));
#10186=CARTESIAN_POINT('Origin',(-27.2,-21.2,-4.5));
#10187=CARTESIAN_POINT('Origin',(-28.412132034356,-18.1790028477431,-3.65368836853197));
#10188=CARTESIAN_POINT('',(-28.5926506319052,-18.4408557273011,-3.93346631778278));
#10189=CARTESIAN_POINT('',(-28.5608020341109,-18.3158741527346,-3.59008226342782));
#10190=CARTESIAN_POINT('',(-28.2,-17.6764571353076,-2.59777747886721));
#10191=CARTESIAN_POINT('Ctrl Pts',(-28.5926506319051,-18.440855727301,-3.93346631778258));
#10192=CARTESIAN_POINT('Ctrl Pts',(-28.3573115892776,-17.9844835307963,
-3.13954233009785));
#10193=CARTESIAN_POINT('Ctrl Pts',(-28.1999999999621,-17.6764571351306,
-2.59777747897886));
#10194=CARTESIAN_POINT('',(-28.2,-17.4370495185877,-1.70429608954982));
#10195=CARTESIAN_POINT('Origin',(-28.412132034356,-17.7691952266078,-3.7634959896673));
#10196=CARTESIAN_POINT('Ctrl Pts',(-28.5866467258181,-17.6822682999352,
-4.1133532741819));
#10197=CARTESIAN_POINT('Ctrl Pts',(-28.3553747016083,-17.6805301036538,
-3.21329975301679));
#10198=CARTESIAN_POINT('Ctrl Pts',(-28.1999999999342,-17.6764571350585,
-2.59777747888547));
#10199=CARTESIAN_POINT('Origin',(-28.5,-16.9,0.3));
#10200=CARTESIAN_POINT('',(-28.2,-17.161467228243,-2.68858409427524));
#10201=CARTESIAN_POINT('Origin',(-28.2,-16.9,0.3));
#10202=CARTESIAN_POINT('Ctrl Pts',(-28.5863476152631,-17.6739679489303,
-4.11365238473689));
#10203=CARTESIAN_POINT('Ctrl Pts',(-28.3552779027154,-17.3680321354256,
-3.26801765662297));
#10204=CARTESIAN_POINT('Ctrl Pts',(-28.1999999999455,-17.1614672283201,
-2.68858409426238));
#10205=CARTESIAN_POINT('Origin',(-28.412132034356,-17.4730211403236,-3.81571947206588));
#10206=CARTESIAN_POINT('',(-28.2,-17.0808481662014,-1.76710399854037));
#10207=CARTESIAN_POINT('Origin',(-28.412132034356,-17.050371524482,-3.85269652209561));
#10208=CARTESIAN_POINT('Ctrl Pts',(-28.57241806558,-16.9135225841314,-4.12758193442001));
#10209=CARTESIAN_POINT('Ctrl Pts',(-28.3507376455528,-17.0616641823036,
-3.27735057817175));
#10210=CARTESIAN_POINT('Ctrl Pts',(-28.2000000000545,-17.1614672283142,
-2.68858409427335));
#10211=CARTESIAN_POINT('Origin',(-28.5,-16.9,0.3));
#10212=CARTESIAN_POINT('',(-28.2,-16.638532771757,-2.68858409427524));
#10213=CARTESIAN_POINT('Origin',(-28.2,-16.9,0.3));
#10214=CARTESIAN_POINT('Ctrl Pts',(-28.5724180654884,-16.8864774159002,
-4.12758193451158));
#10215=CARTESIAN_POINT('Ctrl Pts',(-28.3507376454541,-16.7383358177243,
-3.27735057822312));
#10216=CARTESIAN_POINT('Ctrl Pts',(-28.199999999953,-16.6385327717135,-2.68858409429465));
#10217=CARTESIAN_POINT('Origin',(-28.412132034356,-16.7496284755181,-3.85269652209561));
#10218=CARTESIAN_POINT('',(-28.2,-16.7191518337986,-1.76710399854037));
#10219=CARTESIAN_POINT('Origin',(-28.412132034356,-16.3269788596764,-3.81571947206588));
#10220=CARTESIAN_POINT('Ctrl Pts',(-28.5863476152656,-16.1260320509911,
-4.11365238473444));
#10221=CARTESIAN_POINT('Ctrl Pts',(-28.3552779027128,-16.4319678645023,
-3.26801765660464));
#10222=CARTESIAN_POINT('Ctrl Pts',(-28.1999999999406,-16.6385327716106,
-2.68858409423895));
#10223=CARTESIAN_POINT('Origin',(-28.5,-16.9,0.3));
#10224=CARTESIAN_POINT('',(-28.2,-16.1235428646925,-2.5977774788672));
#10225=CARTESIAN_POINT('Origin',(-28.2,-16.9,0.3));
#10226=CARTESIAN_POINT('Ctrl Pts',(-28.5866467258257,-16.1177316998476,
-4.11335327417429));
#10227=CARTESIAN_POINT('Ctrl Pts',(-28.3553747016196,-16.1194698961308,
-3.21329975301616));
#10228=CARTESIAN_POINT('Ctrl Pts',(-28.199999999947,-16.1235428647288,-2.59777747888082));
#10229=CARTESIAN_POINT('Origin',(-28.412132034356,-16.0308047733922,-3.7634959896673));
#10230=CARTESIAN_POINT('',(-28.2,-16.3629504814123,-1.70429608954982));
#10231=CARTESIAN_POINT('Origin',(-28.412132034356,-15.6209971522569,-3.65368836853197));
#10232=CARTESIAN_POINT('',(-28.5926506316538,-15.3591442728452,-3.93346631680583));
#10233=CARTESIAN_POINT('Ctrl Pts',(-28.5926506316538,-15.3591442728453,
-3.93346631680563));
#10234=CARTESIAN_POINT('Ctrl Pts',(-28.3573115891826,-15.815516469045,-3.13954232965478));
#10235=CARTESIAN_POINT('Ctrl Pts',(-28.1999999999414,-16.1235428645605,
-2.59777747880921));
#10236=CARTESIAN_POINT('',(-28.5608020341109,-15.4841258472654,-3.59008226342782));
#10237=CARTESIAN_POINT('Origin',(-28.412132034356,-15.3383911283928,-3.55082818782113));
#10238=CARTESIAN_POINT('',(-28.2,-15.6321452147779,-2.41892336110995));
#10239=CARTESIAN_POINT('Ctrl Pts',(-28.5926506317627,-15.3591442728549,
-3.93346631677889));
#10240=CARTESIAN_POINT('Ctrl Pts',(-28.3573115892918,-15.5198673899312,
-3.03193486505068));
#10241=CARTESIAN_POINT('Ctrl Pts',(-28.20000000005,-15.6321452147941,-2.41892336110009));
#10242=CARTESIAN_POINT('',(-28.2,-16.0230671068881,-1.58058865810105));
#10243=CARTESIAN_POINT('Origin',(-28.412132034356,-14.9538772991594,-3.37152644458306));
#10244=CARTESIAN_POINT('',(-28.5926506315507,-14.6474196226877,-3.60158366149312));
#10245=CARTESIAN_POINT('Ctrl Pts',(-28.5926506316596,-14.6474196227021,
-3.60158366146833));
#10246=CARTESIAN_POINT('Ctrl Pts',(-28.35731158925,-15.2347219531936,-2.89896936402507));
#10247=CARTESIAN_POINT('Ctrl Pts',(-28.2000000000374,-15.6321452146202,
-2.41892336096716));
#10248=CARTESIAN_POINT('',(-28.5608020341109,-14.8301304610787,-3.28511920645092));
#10249=CARTESIAN_POINT('Origin',(-28.412132034356,-14.693426178745,-3.22115492010111));
#10250=CARTESIAN_POINT('',(-28.2,-15.1792706909469,-2.15745613286698));
#10251=CARTESIAN_POINT('Ctrl Pts',(-28.5926506315506,-14.6474196226878,
-3.60158366149291));
#10252=CARTESIAN_POINT('Ctrl Pts',(-28.3573115891519,-14.9622502880866,
-2.74165777488785));
#10253=CARTESIAN_POINT('Ctrl Pts',(-28.1999999999451,-15.1792706910148,
-2.15745613290697));
#10254=CARTESIAN_POINT('',(-28.2,-13.8600448873395,-4.04150583473166));
#10255=CARTESIAN_POINT('',(-28.2,-15.7098288945716,-1.39974049189966));
#10256=CARTESIAN_POINT('Origin',(-28.2,-16.9,0.3));
#10257=CARTESIAN_POINT('Origin',(-27.2,-21.2,0.300000000000001));
#10258=CARTESIAN_POINT('',(-28.2,-21.2,-2.79838667696594));
#10259=CARTESIAN_POINT('Ctrl Pts',(-27.2,-22.2,0.3));
#10260=CARTESIAN_POINT('Ctrl Pts',(-27.4223906110749,-22.2,-0.211981635060864));
#10261=CARTESIAN_POINT('Ctrl Pts',(-27.6648216959318,-22.1218659842997,
-0.765549065903842));
#10262=CARTESIAN_POINT('Ctrl Pts',(-28.0512813527708,-21.7840798255465,
-1.83286605612842));
#10263=CARTESIAN_POINT('Ctrl Pts',(-28.2,-21.5263220869744,-2.34551067397335));
#10264=CARTESIAN_POINT('Ctrl Pts',(-28.2,-21.2,-2.79838667696594));
#10265=CARTESIAN_POINT('',(-28.2,-21.2,0.300000000000001));
#10266=CARTESIAN_POINT('Origin',(-23.4,-16.9,0.3));
#10267=CARTESIAN_POINT('Origin',(-22.4,-16.9,0.3));
#10268=CARTESIAN_POINT('Origin',(-23.4,-16.9,0.3));
#10269=CARTESIAN_POINT('Origin',(-28.5,-16.9,0.3));
#10270=CARTESIAN_POINT('',(-27.2,-11.6,0.3));
#10271=CARTESIAN_POINT('',(-22.2,-11.6,0.3));
#10272=CARTESIAN_POINT('',(-28.2,-12.6,-2.79838667696593));
#10273=CARTESIAN_POINT('Ctrl Pts',(-28.2,-12.6,-2.79838667696593));
#10274=CARTESIAN_POINT('Ctrl Pts',(-28.2,-12.3104686991501,-2.39656962717348));
#10275=CARTESIAN_POINT('Ctrl Pts',(-28.0613892647125,-12.0471757023394,
-1.88210416043488));
#10276=CARTESIAN_POINT('Ctrl Pts',(-27.7207122300587,-11.7064986676856,
-0.900341149513855));
#10277=CARTESIAN_POINT('Ctrl Pts',(-27.4383867381586,-11.6,-0.248807485124371));
#10278=CARTESIAN_POINT('Ctrl Pts',(-27.2,-11.6,0.3));
#10279=CARTESIAN_POINT('',(-28.2,-13.1523340597113,-3.4476659402887));
#10280=CARTESIAN_POINT('Origin',(-28.2,-16.9,0.3));
#10281=CARTESIAN_POINT('',(-28.6619254365626,-12.8399644514694,-3.10677433133866));
#10282=CARTESIAN_POINT('Origin',(-28.2,-16.9,0.3));
#10283=CARTESIAN_POINT('',(-28.2,-12.5584941652684,-2.73995511266055));
#10284=CARTESIAN_POINT('Origin',(-28.2,-16.9,0.3));
#10285=CARTESIAN_POINT('',(-28.6619254365626,-12.3100653599425,-2.35));
#10286=CARTESIAN_POINT('Origin',(-28.2,-16.9,0.3));
#10287=CARTESIAN_POINT('',(-28.2,-12.0965687287058,-1.93987678722571));
#10288=CARTESIAN_POINT('Origin',(-28.2,-16.9,0.3));
#10289=CARTESIAN_POINT('',(-28.6619254365626,-11.9196291098347,-1.51270675962605));
#10290=CARTESIAN_POINT('Origin',(-28.2,-16.9,0.3));
#10291=CARTESIAN_POINT('',(-28.2,-11.7805931206679,-1.07174093904336));
#10292=CARTESIAN_POINT('Origin',(-28.2,-16.9,0.3));
#10293=CARTESIAN_POINT('',(-28.6619254365626,-11.6805189090353,-0.620335341634729));
#10294=CARTESIAN_POINT('Origin',(-28.2,-16.9,0.3));
#10295=CARTESIAN_POINT('',(-28.2,-11.6201681001138,-0.161925436562587));
#10296=CARTESIAN_POINT('Origin',(-28.2,-16.9,0.3));
#10297=CARTESIAN_POINT('',(-28.6619254365626,-11.6,0.299999999999993));
#10298=CARTESIAN_POINT('Origin',(-28.2,-16.9,0.3));
#10299=CARTESIAN_POINT('',(-28.2,-11.6201681001138,0.761925436562589));
#10300=CARTESIAN_POINT('Origin',(-28.2,-16.9,0.3));
#10301=CARTESIAN_POINT('',(-28.6619254365626,-11.6805189090353,1.22033534163473));
#10302=CARTESIAN_POINT('Origin',(-28.2,-16.9,0.3));
#10303=CARTESIAN_POINT('',(-28.2,-11.7805931206679,1.67174093904336));
#10304=CARTESIAN_POINT('Origin',(-28.2,-16.9,0.3));
#10305=CARTESIAN_POINT('',(-28.6619254365626,-11.9196291098347,2.11270675962604));
#10306=CARTESIAN_POINT('Origin',(-28.2,-16.9,0.3));
#10307=CARTESIAN_POINT('',(-28.2,-12.0965687287058,2.53987678722571));
#10308=CARTESIAN_POINT('Origin',(-28.2,-16.9,0.3));
#10309=CARTESIAN_POINT('',(-28.6619254365626,-12.3100653599425,2.95));
#10310=CARTESIAN_POINT('Origin',(-28.2,-16.9,0.3));
#10311=CARTESIAN_POINT('',(-28.2,-12.5584941652684,3.33995511266055));
#10312=CARTESIAN_POINT('Origin',(-28.2,-16.9,0.3));
#10313=CARTESIAN_POINT('',(-28.6619254365626,-12.8399644514694,3.70677433133866));
#10314=CARTESIAN_POINT('Origin',(-28.2,-16.9,0.3));
#10315=CARTESIAN_POINT('',(-28.2,-13.1523340597113,4.0476659402887));
#10316=CARTESIAN_POINT('Origin',(-28.2,-16.9,0.3));
#10317=CARTESIAN_POINT('',(-28.6619254365626,-13.4932256686613,4.36003554853058));
#10318=CARTESIAN_POINT('Origin',(-28.2,-16.9,0.3));
#10319=CARTESIAN_POINT('',(-28.2,-13.8600448873395,4.64150583473166));
#10320=CARTESIAN_POINT('Origin',(-28.2,-16.9,0.3));
#10321=CARTESIAN_POINT('',(-28.6619254365626,-14.25,4.88993464005752));
#10322=CARTESIAN_POINT('Origin',(-28.2,-16.9,0.3));
#10323=CARTESIAN_POINT('',(-28.2,-14.6601232127743,5.10343127129424));
#10324=CARTESIAN_POINT('Origin',(-28.2,-16.9,0.3));
#10325=CARTESIAN_POINT('',(-28.6619254365626,-15.087293240374,5.28037089016532));
#10326=CARTESIAN_POINT('Origin',(-28.2,-16.9,0.3));
#10327=CARTESIAN_POINT('',(-28.2,-15.5282590609567,5.41940687933206));
#10328=CARTESIAN_POINT('Origin',(-28.2,-16.9,0.3));
#10329=CARTESIAN_POINT('',(-28.6619254365626,-15.9796646583653,5.51948109096471));
#10330=CARTESIAN_POINT('Origin',(-28.2,-16.9,0.3));
#10331=CARTESIAN_POINT('',(-28.2,-16.4380745634374,5.57983189988625));
#10332=CARTESIAN_POINT('Origin',(-28.2,-16.9,0.3));
#10333=CARTESIAN_POINT('',(-28.6619254365626,-16.9,5.6));
#10334=CARTESIAN_POINT('Origin',(-28.2,-16.9,0.3));
#10335=CARTESIAN_POINT('',(-28.2,-17.3619254365626,5.57983189988625));
#10336=CARTESIAN_POINT('Origin',(-28.2,-16.9,0.3));
#10337=CARTESIAN_POINT('',(-28.6619254365626,-17.8203353416347,5.51948109096471));
#10338=CARTESIAN_POINT('Origin',(-28.2,-16.9,0.3));
#10339=CARTESIAN_POINT('',(-28.2,-18.2717409390434,5.41940687933207));
#10340=CARTESIAN_POINT('Origin',(-28.2,-16.9,0.3));
#10341=CARTESIAN_POINT('',(-28.6619254365626,-18.7127067596261,5.28037089016532));
#10342=CARTESIAN_POINT('Origin',(-28.2,-16.9,0.3));
#10343=CARTESIAN_POINT('',(-28.2,-19.1398767872257,5.10343127129425));
#10344=CARTESIAN_POINT('Origin',(-28.2,-16.9,0.3));
#10345=CARTESIAN_POINT('',(-28.6619254365626,-19.55,4.88993464005753));
#10346=CARTESIAN_POINT('Origin',(-28.2,-16.9,0.3));
#10347=CARTESIAN_POINT('',(-28.2,-19.9399551126606,4.64150583473166));
#10348=CARTESIAN_POINT('Origin',(-28.2,-16.9,0.3));
#10349=CARTESIAN_POINT('',(-28.6619254365626,-20.3067743313387,4.36003554853059));
#10350=CARTESIAN_POINT('Origin',(-28.2,-16.9,0.3));
#10351=CARTESIAN_POINT('',(-28.2,-20.6476659402887,4.0476659402887));
#10352=CARTESIAN_POINT('Origin',(-28.2,-16.9,0.3));
#10353=CARTESIAN_POINT('',(-28.6619254365626,-20.9600355485306,3.70677433133866));
#10354=CARTESIAN_POINT('Origin',(-28.2,-16.9,0.3));
#10355=CARTESIAN_POINT('',(-28.2,-21.2415058347317,3.33995511266055));
#10356=CARTESIAN_POINT('Origin',(-28.2,-16.9,0.3));
#10357=CARTESIAN_POINT('',(-28.6619254365626,-21.4899346400575,2.95000000000001));
#10358=CARTESIAN_POINT('Origin',(-28.2,-16.9,0.3));
#10359=CARTESIAN_POINT('',(-28.2,-21.7034312712943,2.53987678722571));
#10360=CARTESIAN_POINT('Origin',(-28.2,-16.9,0.3));
#10361=CARTESIAN_POINT('',(-28.6619254365626,-21.8803708901653,2.11270675962604));
#10362=CARTESIAN_POINT('Origin',(-28.2,-16.9,0.3));
#10363=CARTESIAN_POINT('',(-28.2,-22.0194068793321,1.67174093904336));
#10364=CARTESIAN_POINT('Origin',(-28.2,-16.9,0.3));
#10365=CARTESIAN_POINT('',(-28.6619254365626,-22.1194810909647,1.22033534163473));
#10366=CARTESIAN_POINT('Origin',(-28.2,-16.9,0.3));
#10367=CARTESIAN_POINT('',(-28.2,-22.1798318998863,0.761925436562587));
#10368=CARTESIAN_POINT('Origin',(-28.2,-16.9,0.3));
#10369=CARTESIAN_POINT('',(-28.6619254365626,-22.2,0.300000000000002));
#10370=CARTESIAN_POINT('Origin',(-28.2,-16.9,0.3));
#10371=CARTESIAN_POINT('',(-28.2,-22.1798318998863,-0.161925436562589));
#10372=CARTESIAN_POINT('Origin',(-28.2,-16.9,0.3));
#10373=CARTESIAN_POINT('',(-28.6619254365626,-22.1194810909647,-0.620335341634733));
#10374=CARTESIAN_POINT('Origin',(-28.2,-16.9,0.3));
#10375=CARTESIAN_POINT('',(-28.2,-22.0194068793321,-1.07174093904336));
#10376=CARTESIAN_POINT('Origin',(-28.2,-16.9,0.3));
#10377=CARTESIAN_POINT('',(-28.6619254365626,-21.8803708901653,-1.51270675962604));
#10378=CARTESIAN_POINT('Origin',(-28.2,-16.9,0.3));
#10379=CARTESIAN_POINT('',(-28.2,-21.7034312712943,-1.93987678722571));
#10380=CARTESIAN_POINT('Origin',(-28.2,-16.9,0.3));
#10381=CARTESIAN_POINT('',(-28.6619254365626,-21.4899346400575,-2.35000000000001));
#10382=CARTESIAN_POINT('Origin',(-28.2,-16.9,0.3));
#10383=CARTESIAN_POINT('',(-28.2,-21.2415058347317,-2.73995511266055));
#10384=CARTESIAN_POINT('Origin',(-28.2,-16.9,0.3));
#10385=CARTESIAN_POINT('',(-28.6619254365626,-20.9600355485306,-3.10677433133866));
#10386=CARTESIAN_POINT('Origin',(-28.2,-16.9,0.3));
#10387=CARTESIAN_POINT('',(-28.2,-20.6476659402887,-3.4476659402887));
#10388=CARTESIAN_POINT('Origin',(-28.2,-16.9,0.3));
#10389=CARTESIAN_POINT('Origin',(-28.2,-16.9,0.3));
#10390=CARTESIAN_POINT('Origin',(-27.2,-12.6,-2.35));
#10391=CARTESIAN_POINT('',(-28.2,-12.6,-2.35));
#10392=CARTESIAN_POINT('',(-27.2,-11.6,-2.35));
#10393=CARTESIAN_POINT('Origin',(-28.412132034356,-16.3269788596764,4.41571947206588));
#10394=CARTESIAN_POINT('',(-28.5926506315782,-16.1176870448455,4.7367172396976));
#10395=CARTESIAN_POINT('',(-28.5608020341109,-16.1811418531161,4.37684713930708));
#10396=CARTESIAN_POINT('',(-28.2,-16.638532771757,3.28858409427524));
#10397=CARTESIAN_POINT('Ctrl Pts',(-28.5926506315774,-16.1176870448456,
4.73671723969757));
#10398=CARTESIAN_POINT('Ctrl Pts',(-28.357311589157,-16.4292624682803,3.87560654182556));
#10399=CARTESIAN_POINT('Ctrl Pts',(-28.19999999994,-16.6385327716109,3.28858409423922));
#10400=CARTESIAN_POINT('',(-28.2,-16.7191518337986,2.36710399854037));
#10401=CARTESIAN_POINT('Origin',(-28.5,-16.9,0.3));
#10402=CARTESIAN_POINT('',(-28.2,-16.1235428646924,3.1977774788672));
#10403=CARTESIAN_POINT('Ctrl Pts',(-28.5926506315782,-16.1176870448455,
4.73671723969737));
#10404=CARTESIAN_POINT('Ctrl Pts',(-28.3573115891595,-16.1194191229315,
3.82097280025265));
#10405=CARTESIAN_POINT('Ctrl Pts',(-28.1999999999432,-16.1235428648015,
3.19777747888226));
#10406=CARTESIAN_POINT('Origin',(-28.2,-16.9,0.3));
#10407=CARTESIAN_POINT('Origin',(-28.412132034356,-16.0308047733922,4.3634959896673));
#10408=CARTESIAN_POINT('',(-28.2,-16.3629504814123,2.30429608954982));
#10409=CARTESIAN_POINT('Origin',(-28.2,-16.9,0.300000000000001));
#10410=CARTESIAN_POINT('',(-28.2,-15.6321452147779,3.01892336110995));
#10411=CARTESIAN_POINT('Origin',(-28.2,-16.9,0.3));
#10412=CARTESIAN_POINT('',(-28.2,-15.1792706909469,2.75745613286698));
#10413=CARTESIAN_POINT('Origin',(-28.2,-16.9,0.3));
#10414=CARTESIAN_POINT('',(-28.2,-14.7786796564404,2.42132034355964));
#10415=CARTESIAN_POINT('Origin',(-28.2,-16.9,0.3));
#10416=CARTESIAN_POINT('',(-28.2,-14.442543867133,2.02072930905314));
#10417=CARTESIAN_POINT('Origin',(-28.2,-16.9,0.3));
#10418=CARTESIAN_POINT('',(-28.2,-14.1810766388901,1.5678547852221));
#10419=CARTESIAN_POINT('Origin',(-28.2,-16.9,0.3));
#10420=CARTESIAN_POINT('',(-28.2,-14.0022225211328,1.07645713530756));
#10421=CARTESIAN_POINT('Origin',(-28.2,-16.9,0.3));
#10422=CARTESIAN_POINT('',(-28.2,-13.9114159057248,0.561467228242976));
#10423=CARTESIAN_POINT('Origin',(-28.2,-16.9,0.3));
#10424=CARTESIAN_POINT('',(-28.2,-13.9114159057248,0.0385327717570294));
#10425=CARTESIAN_POINT('Origin',(-28.2,-16.9,0.3));
#10426=CARTESIAN_POINT('',(-28.2,-14.0022225211328,-0.476457135307564));
#10427=CARTESIAN_POINT('Origin',(-28.2,-16.9,0.3));
#10428=CARTESIAN_POINT('',(-28.2,-14.1810766388901,-0.967854785222098));
#10429=CARTESIAN_POINT('Origin',(-28.2,-16.9,0.3));
#10430=CARTESIAN_POINT('',(-28.2,-14.442543867133,-1.42072930905314));
#10431=CARTESIAN_POINT('Origin',(-28.2,-16.9,0.3));
#10432=CARTESIAN_POINT('',(-28.2,-14.7786796564404,-1.82132034355964));
#10433=CARTESIAN_POINT('Origin',(-28.2,-16.9,0.3));
#10434=CARTESIAN_POINT('Origin',(-28.2,-16.9,0.3));
#10435=CARTESIAN_POINT('Origin',(-28.2,-16.9,0.3));
#10436=CARTESIAN_POINT('Origin',(-28.2,-16.9,0.3));
#10437=CARTESIAN_POINT('',(-28.2,-18.1678547852221,-2.41892336110995));
#10438=CARTESIAN_POINT('Origin',(-28.2,-16.9,0.3));
#10439=CARTESIAN_POINT('',(-28.2,-18.6207293090532,-2.15745613286698));
#10440=CARTESIAN_POINT('Origin',(-28.2,-16.9,0.3));
#10441=CARTESIAN_POINT('',(-28.2,-19.0213203435597,-1.82132034355964));
#10442=CARTESIAN_POINT('Origin',(-28.2,-16.9,0.3));
#10443=CARTESIAN_POINT('',(-28.2,-19.357456132867,-1.42072930905314));
#10444=CARTESIAN_POINT('Origin',(-28.2,-16.9,0.3));
#10445=CARTESIAN_POINT('',(-28.2,-19.61892336111,-0.967854785222098));
#10446=CARTESIAN_POINT('Origin',(-28.2,-16.9,0.3));
#10447=CARTESIAN_POINT('',(-28.2,-19.7977774788672,-0.476457135307562));
#10448=CARTESIAN_POINT('Origin',(-28.2,-16.9,0.3));
#10449=CARTESIAN_POINT('',(-28.2,-19.8885840942753,0.038532771757025));
#10450=CARTESIAN_POINT('Origin',(-28.2,-16.9,0.3));
#10451=CARTESIAN_POINT('',(-28.2,-19.8885840942753,0.561467228242973));
#10452=CARTESIAN_POINT('Origin',(-28.2,-16.9,0.3));
#10453=CARTESIAN_POINT('',(-28.2,-19.7977774788672,1.07645713530756));
#10454=CARTESIAN_POINT('Origin',(-28.2,-16.9,0.3));
#10455=CARTESIAN_POINT('',(-28.2,-19.61892336111,1.5678547852221));
#10456=CARTESIAN_POINT('Origin',(-28.2,-16.9,0.3));
#10457=CARTESIAN_POINT('',(-28.2,-19.357456132867,2.02072930905314));
#10458=CARTESIAN_POINT('Origin',(-28.2,-16.9,0.3));
#10459=CARTESIAN_POINT('',(-28.2,-19.0213203435597,2.42132034355964));
#10460=CARTESIAN_POINT('Origin',(-28.2,-16.9,0.3));
#10461=CARTESIAN_POINT('',(-28.2,-18.6207293090532,2.75745613286697));
#10462=CARTESIAN_POINT('Origin',(-28.2,-16.9,0.3));
#10463=CARTESIAN_POINT('',(-28.2,-18.1678547852221,3.01892336110995));
#10464=CARTESIAN_POINT('Origin',(-28.2,-16.9,0.3));
#10465=CARTESIAN_POINT('',(-28.2,-17.6764571353076,3.19777747886721));
#10466=CARTESIAN_POINT('Origin',(-28.2,-16.9,0.3));
#10467=CARTESIAN_POINT('',(-28.2,-17.161467228243,3.28858409427524));
#10468=CARTESIAN_POINT('Origin',(-28.2,-16.9,0.3));
#10469=CARTESIAN_POINT('Origin',(-28.2,-16.9,0.3));
#10470=CARTESIAN_POINT('',(-28.2,-19.2,0.3));
#10471=CARTESIAN_POINT('Origin',(-28.2,-16.9,0.3));
#10472=CARTESIAN_POINT('Origin',(-28.412132034356,-15.6209971522569,4.25368836853197));
#10473=CARTESIAN_POINT('',(-28.5926506318138,-15.3591442726142,4.53346631737657));
#10474=CARTESIAN_POINT('',(-28.5608020341109,-15.4841258472654,4.19008226342782));
#10475=CARTESIAN_POINT('Ctrl Pts',(-28.5926506318138,-15.3591442726144,
4.53346631737637));
#10476=CARTESIAN_POINT('Ctrl Pts',(-28.3573115892371,-15.8155164690183,
3.73954232987077));
#10477=CARTESIAN_POINT('Ctrl Pts',(-28.199999999946,-16.1235428646328,3.19777747884896));
#10478=CARTESIAN_POINT('Origin',(-28.5,-16.9,0.3));
#10479=CARTESIAN_POINT('Ctrl Pts',(-28.5926506319223,-15.359144272624,4.53346631734972));
#10480=CARTESIAN_POINT('Ctrl Pts',(-28.3573115893479,-15.5198673897713,
3.631934865224));
#10481=CARTESIAN_POINT('Ctrl Pts',(-28.2000000000568,-15.6321452146721,
3.01892336107597));
#10482=CARTESIAN_POINT('Origin',(-28.412132034356,-15.3383911283928,4.15082818782113));
#10483=CARTESIAN_POINT('',(-28.2,-16.0230671068881,2.18058865810105));
#10484=CARTESIAN_POINT('Origin',(-28.412132034356,-14.9538772991594,3.97152644458306));
#10485=CARTESIAN_POINT('',(-28.5926506318264,-14.6474196222144,4.20158366244641));
#10486=CARTESIAN_POINT('',(-28.5608020341109,-14.8301304610787,3.88511920645092));
#10487=CARTESIAN_POINT('Ctrl Pts',(-28.5926506319371,-14.647419622229,4.20158366242121));
#10488=CARTESIAN_POINT('Ctrl Pts',(-28.35731158935,-15.2347219531645,3.49896936444582));
#10489=CARTESIAN_POINT('Ctrl Pts',(-28.200000000053,-15.6321452148098,3.01892336111895));
#10490=CARTESIAN_POINT('Origin',(-28.5,-16.9,0.3));
#10491=CARTESIAN_POINT('Ctrl Pts',(-28.5926506318264,-14.6474196222145,
4.2015836624462));
#10492=CARTESIAN_POINT('Ctrl Pts',(-28.3573115892447,-14.9622502878568,
3.34165777517414));
#10493=CARTESIAN_POINT('Ctrl Pts',(-28.199999999951,-15.1792706909082,2.75745613286582));
#10494=CARTESIAN_POINT('Origin',(-28.412132034356,-14.693426178745,3.8211549201011));
#10495=CARTESIAN_POINT('',(-28.2,-15.7098288945716,1.99974049189966));
#10496=CARTESIAN_POINT('Origin',(-28.412132034356,-14.3458893995413,3.57780704749753));
#10497=CARTESIAN_POINT('',(-28.5926506317922,-14.0041384867185,3.75115336200742));
#10498=CARTESIAN_POINT('',(-28.5608020341109,-14.2390270134276,3.47122411654386));
#10499=CARTESIAN_POINT('Ctrl Pts',(-28.5926506317922,-14.0041384867187,
3.75115336200727));
#10500=CARTESIAN_POINT('Ctrl Pts',(-28.3573115892311,-14.7045260679617,
3.16119733354568));
#10501=CARTESIAN_POINT('Ctrl Pts',(-28.1999999999473,-15.1792706909013,
2.75745613283394));
#10502=CARTESIAN_POINT('Origin',(-28.5,-16.9,0.3));
#10503=CARTESIAN_POINT('Ctrl Pts',(-28.5926506319001,-14.0041384867367,
3.75115336198565));
#10504=CARTESIAN_POINT('Ctrl Pts',(-28.3573115893394,-14.463510730351,2.95896145262609));
#10505=CARTESIAN_POINT('Ctrl Pts',(-28.2000000000549,-14.7786796563827,
2.42132034350979));
#10506=CARTESIAN_POINT('Origin',(-28.412132034356,-14.1155068580758,3.38449314192417));
#10507=CARTESIAN_POINT('',(-28.2,-15.4327534290379,1.76724657096209));
#10508=CARTESIAN_POINT('Origin',(-28.412132034356,-13.8155068580758,3.08449314192418));
#10509=CARTESIAN_POINT('',(-28.5926506315668,-13.4488466384926,3.19586151254214));
#10510=CARTESIAN_POINT('',(-28.5608020341109,-13.7287758834561,2.96097298657245));
#10511=CARTESIAN_POINT('Ctrl Pts',(-28.5926506315667,-13.4488466384928,
3.19586151254202));
#10512=CARTESIAN_POINT('Ctrl Pts',(-28.3573115891467,-14.2410385473829,
2.73648926919829));
#10513=CARTESIAN_POINT('Ctrl Pts',(-28.19999999993,-14.7786796562685,2.42132034330136));
#10514=CARTESIAN_POINT('Origin',(-28.5,-16.9,0.3));
#10515=CARTESIAN_POINT('Ctrl Pts',(-28.5926506316764,-13.4488466385147,
3.19586151252356));
#10516=CARTESIAN_POINT('Ctrl Pts',(-28.3573115892662,-14.0388026665934,
2.49547393173273));
#10517=CARTESIAN_POINT('Ctrl Pts',(-28.2000000000531,-14.4425438671102,
2.02072930901607));
#10518=CARTESIAN_POINT('Origin',(-28.412132034356,-13.6221929525025,2.85411060045871));
#10519=CARTESIAN_POINT('',(-28.2,-15.2002595081004,1.49017110542842));
#10520=CARTESIAN_POINT('Origin',(-28.412132034356,-13.3788450798989,2.50657382125498));
#10521=CARTESIAN_POINT('',(-28.5926506315543,-12.9984163384388,2.55258037722635));
#10522=CARTESIAN_POINT('',(-28.5608020341109,-13.3148807935491,2.36986953892134));
#10523=CARTESIAN_POINT('Ctrl Pts',(-28.5926506315543,-12.9984163384391,
2.55258037722626));
#10524=CARTESIAN_POINT('Ctrl Pts',(-28.3573115891485,-13.8583422250671,
2.2377497118201));
#10525=CARTESIAN_POINT('Ctrl Pts',(-28.1999999999384,-14.442543867056,2.02072930889035));
#10526=CARTESIAN_POINT('Origin',(-28.5,-16.9,0.3));
#10527=CARTESIAN_POINT('Ctrl Pts',(-28.5926506315542,-12.998416338439,2.5525803772262));
#10528=CARTESIAN_POINT('Ctrl Pts',(-28.3573115891514,-13.7010306358786,
1.96527804674382));
#10529=CARTESIAN_POINT('Ctrl Pts',(-28.1999999999426,-14.1810766389488,
1.56785478531572));
#10530=CARTESIAN_POINT('Origin',(-28.412132034356,-13.2284735554169,2.24612270084064));
#10531=CARTESIAN_POINT('',(-28.2,-15.019411341899,1.17693289311195));
#10532=CARTESIAN_POINT('Origin',(-28.412132034356,-13.0491718121789,1.86160887160717));
#10533=CARTESIAN_POINT('',(-28.5926506318013,-12.6665336826353,1.84085572727947));
#10534=CARTESIAN_POINT('',(-28.5608020341109,-13.0099177365722,1.71587415273462));
#10535=CARTESIAN_POINT('Ctrl Pts',(-28.5926506318014,-12.6665336826356,
1.84085572727941));
#10536=CARTESIAN_POINT('Ctrl Pts',(-28.357311589236,-13.5680651347363,1.68013261013366));
#10537=CARTESIAN_POINT('Ctrl Pts',(-28.1999999999501,-14.1810766388787,
1.5678547852299));
#10538=CARTESIAN_POINT('Origin',(-28.5,-16.9,0.3));
#10539=CARTESIAN_POINT('Ctrl Pts',(-28.5926506318012,-12.6665336826355,
1.84085572727935));
#10540=CARTESIAN_POINT('Ctrl Pts',(-28.3573115892367,-13.4604576701038,
1.38448353089791));
#10541=CARTESIAN_POINT('Ctrl Pts',(-28.1999999999511,-14.0022225211105,
1.07645713529331));
#10542=CARTESIAN_POINT('Origin',(-28.412132034356,-12.946311631468,1.57900284774312));
#10543=CARTESIAN_POINT('',(-28.2,-14.8957039104502,0.83704951858773));
#10544=CARTESIAN_POINT('Origin',(-28.412132034356,-12.8365040103327,1.1691952266078));
#10545=CARTESIAN_POINT('',(-28.5926506318437,-12.4632827593162,1.08231295541471));
#10546=CARTESIAN_POINT('',(-28.5608020341109,-12.8231528606929,1.01885814688396));
#10547=CARTESIAN_POINT('Ctrl Pts',(-28.5926506318437,-12.4632827593164,
1.08231295541471));
#10548=CARTESIAN_POINT('Ctrl Pts',(-28.3573115892559,-13.379027199422,1.08058087732678));
#10549=CARTESIAN_POINT('Ctrl Pts',(-28.1999999999592,-14.0022225211235,
1.07645713545132));
#10550=CARTESIAN_POINT('Origin',(-28.5,-16.9,0.3));
#10551=CARTESIAN_POINT('Ctrl Pts',(-28.5926506318436,-12.4632827593164,
1.08231295541464));
#10552=CARTESIAN_POINT('Ctrl Pts',(-28.3573115892471,-13.3243934578297,
0.770737531746995));
#10553=CARTESIAN_POINT('Ctrl Pts',(-28.1999999999465,-13.9114159057325,
0.561467228304835));
#10554=CARTESIAN_POINT('Origin',(-28.412132034356,-12.7842805279341,0.873021140323604));
#10555=CARTESIAN_POINT('',(-28.2,-14.8328960014596,0.480848166201391));
#10556=CARTESIAN_POINT('Origin',(-28.412132034356,-12.7473034779044,0.450371524481958));
#10557=CARTESIAN_POINT('',(-28.5926506318648,-12.3948392442984,0.299999999964729));
#10558=CARTESIAN_POINT('',(-28.5608020341109,-12.7602609221573,0.299999999999994));
#10559=CARTESIAN_POINT('Ctrl Pts',(-28.5926506318647,-12.3948392442986,
0.299999999964769));
#10560=CARTESIAN_POINT('Ctrl Pts',(-28.3573115892575,-13.2969722409654,
0.457311589281282));
#10561=CARTESIAN_POINT('Ctrl Pts',(-28.1999999999518,-13.9114159057093,
0.561467228261477));
#10562=CARTESIAN_POINT('Origin',(-28.5,-16.9,0.3));
#10563=CARTESIAN_POINT('Ctrl Pts',(-28.5926506319731,-12.3948392443269,
0.299999999964687));
#10564=CARTESIAN_POINT('Ctrl Pts',(-28.3573115893638,-13.2969722409901,
0.142688410645663));
#10565=CARTESIAN_POINT('Ctrl Pts',(-28.2000000000562,-13.9114159057232,
0.0385327716627421));
#10566=CARTESIAN_POINT('Origin',(-28.412132034356,-12.7473034779044,0.14962847551804));
#10567=CARTESIAN_POINT('',(-28.2,-14.8328960014596,0.11915183379861));
#10568=CARTESIAN_POINT('Origin',(-28.412132034356,-12.7842805279341,-0.273021140323602));
#10569=CARTESIAN_POINT('',(-28.5926506315275,-12.4632827604876,-0.482312955108291));
#10570=CARTESIAN_POINT('',(-28.5608020341109,-12.8231528606929,-0.418858146883956));
#10571=CARTESIAN_POINT('Ctrl Pts',(-28.5926506315275,-12.4632827604878,
-0.482312955108206));
#10572=CARTESIAN_POINT('Ctrl Pts',(-28.35731158914,-13.3243934582399,-0.170737531716942));
#10573=CARTESIAN_POINT('Ctrl Pts',(-28.1999999999386,-13.9114159057669,
0.0385327715927078));
#10574=CARTESIAN_POINT('Origin',(-28.5,-16.9,0.3));
#10575=CARTESIAN_POINT('Ctrl Pts',(-28.5926506315275,-12.4632827604878,
-0.48231295510829));
#10576=CARTESIAN_POINT('Ctrl Pts',(-28.3573115891406,-13.3790271998083,
-0.480580877022729));
#10577=CARTESIAN_POINT('Ctrl Pts',(-28.1999999999395,-14.0022225211165,
-0.476457135153682));
#10578=CARTESIAN_POINT('Origin',(-28.412132034356,-12.8365040103327,-0.569195226607797));
#10579=CARTESIAN_POINT('',(-28.2,-14.8957039104502,-0.237049518587732));
#10580=CARTESIAN_POINT('Origin',(-28.412132034356,-12.946311631468,-0.979002847743125));
#10581=CARTESIAN_POINT('',(-28.5926506318476,-12.6665336824285,-1.24085572722093));
#10582=CARTESIAN_POINT('',(-28.5608020341109,-13.0099177365722,-1.11587415273462));
#10583=CARTESIAN_POINT('Ctrl Pts',(-28.5926506318475,-12.6665336824287,
-1.24085572722082));
#10584=CARTESIAN_POINT('Ctrl Pts',(-28.3573115892585,-13.4604576699838,
-0.784483530790762));
#10585=CARTESIAN_POINT('Ctrl Pts',(-28.1999999999611,-14.0022225210383,
-0.476457135161172));
#10586=CARTESIAN_POINT('Origin',(-28.5,-16.9,0.3));
#10587=CARTESIAN_POINT('Ctrl Pts',(-28.5926506318475,-12.6665336824287,
-1.2408557272209));
#10588=CARTESIAN_POINT('Ctrl Pts',(-28.3573115892473,-13.5680651346586,
-1.08013261005325));
#10589=CARTESIAN_POINT('Ctrl Pts',(-28.199999999945,-14.1810766388609,-0.967854785139737));
#10590=CARTESIAN_POINT('Origin',(-28.412132034356,-13.0491718121789,-1.26160887160717));
#10591=CARTESIAN_POINT('',(-28.2,-15.019411341899,-0.576932893111953));
#10592=CARTESIAN_POINT('Origin',(-28.412132034356,-13.228473555417,-1.64612270084064));
#10593=CARTESIAN_POINT('',(-28.5926506317389,-12.9984163378989,-1.95258037770332));
#10594=CARTESIAN_POINT('',(-28.5608020341109,-13.3148807935491,-1.76986953892134));
#10595=CARTESIAN_POINT('Ctrl Pts',(-28.5926506318484,-12.9984163379238,
-1.95258037768889));
#10596=CARTESIAN_POINT('Ctrl Pts',(-28.3573115893147,-13.7010306357362,
-1.36527804688842));
#10597=CARTESIAN_POINT('Ctrl Pts',(-28.2000000000433,-14.1810766389779,
-0.967854785311091));
#10598=CARTESIAN_POINT('Origin',(-28.5,-16.9,0.3));
#10599=CARTESIAN_POINT('Ctrl Pts',(-28.5926506317389,-12.9984163378991,
-1.95258037770324));
#10600=CARTESIAN_POINT('Ctrl Pts',(-28.3573115892191,-13.8583422249479,
-1.63774971214168));
#10601=CARTESIAN_POINT('Ctrl Pts',(-28.1999999999547,-14.4425438671492,
-1.42072930912948));
#10602=CARTESIAN_POINT('Origin',(-28.412132034356,-13.3788450798989,-1.90657382125498));
#10603=CARTESIAN_POINT('',(-28.2,-15.2002595081004,-0.890171105428422));
#10604=CARTESIAN_POINT('Origin',(-28.412132034356,-13.6221929525025,-2.25411060045871));
#10605=CARTESIAN_POINT('',(-28.5926506314802,-13.448846638771,-2.59586151236101));
#10606=CARTESIAN_POINT('',(-28.5608020341109,-13.7287758834562,-2.36097298657245));
#10607=CARTESIAN_POINT('Ctrl Pts',(-28.5926506314801,-13.4488466387711,
-2.59586151236084));
#10608=CARTESIAN_POINT('Ctrl Pts',(-28.3573115891292,-14.0388026667118,
-1.89547393173911));
#10609=CARTESIAN_POINT('Ctrl Pts',(-28.1999999999451,-14.4425438671674,
-1.42072930910059));
#10610=CARTESIAN_POINT('Origin',(-28.5,-16.9,0.3));
#10611=CARTESIAN_POINT('Ctrl Pts',(-28.5926506314804,-13.4488466387712,
-2.59586151236085));
#10612=CARTESIAN_POINT('Ctrl Pts',(-28.3573115891181,-14.2410385474682,
-2.13648926912864));
#10613=CARTESIAN_POINT('Ctrl Pts',(-28.1999999999287,-14.7786796562598,
-1.8213203432871));
#10614=CARTESIAN_POINT('Origin',(-28.412132034356,-13.8155068580758,-2.48449314192418));
#10615=CARTESIAN_POINT('',(-28.2,-15.4327534290379,-1.16724657096209));
#10616=CARTESIAN_POINT('Origin',(-28.412132034356,-14.1155068580758,-2.78449314192417));
#10617=CARTESIAN_POINT('',(-28.6619254365626,-13.4932256686614,-3.76003554853059));
#10618=CARTESIAN_POINT('',(-28.5926506317082,-14.0041384870712,-3.15115336188968));
#10619=CARTESIAN_POINT('',(-28.5608020341109,-14.2390270134276,-2.87122411654386));
#10620=CARTESIAN_POINT('Ctrl Pts',(-28.5926506317088,-14.0041384870714,
-3.15115336188935));
#10621=CARTESIAN_POINT('Ctrl Pts',(-28.3573115891989,-14.4635107305917,
-2.35896145269566));
#10622=CARTESIAN_POINT('Ctrl Pts',(-28.1999999999395,-14.7786796565794,
-1.82132034365885));
#10623=CARTESIAN_POINT('Origin',(-28.2,-16.9,0.3));
#10624=CARTESIAN_POINT('Origin',(-28.5,-16.9,0.3));
#10625=CARTESIAN_POINT('Origin',(-28.2,-16.9,0.3));
#10626=CARTESIAN_POINT('Origin',(-28.2,-16.9,0.3));
#10627=CARTESIAN_POINT('Origin',(-28.5,-16.9,0.3));
#10628=CARTESIAN_POINT('Ctrl Pts',(-28.5926506317081,-14.0041384870714,
-3.15115336188953));
#10629=CARTESIAN_POINT('Ctrl Pts',(-28.3573115892089,-14.7045260681343,
-2.56119733357733));
#10630=CARTESIAN_POINT('Ctrl Pts',(-28.1999999999543,-15.1792706909896,
-2.15745613293502));
#10631=CARTESIAN_POINT('Origin',(-28.412132034356,-14.3458893995413,-2.97780704749753));
#10632=CARTESIAN_POINT('Origin',(-28.5,-16.9,0.3));
#10633=CARTESIAN_POINT('Origin',(-28.2,-16.9,0.3));
#10634=CARTESIAN_POINT('Origin',(-28.5,-16.9,0.3));
#10635=CARTESIAN_POINT('Origin',(-28.5,-16.9,0.3));
#10636=CARTESIAN_POINT('Origin',(-28.2,-16.9,0.300000000000001));
#10637=CARTESIAN_POINT('Origin',(-28.5,-16.9,0.3));
#10638=CARTESIAN_POINT('Ctrl Pts',(-28.592650631906,-18.4408557273009,-3.93346631778234));
#10639=CARTESIAN_POINT('Ctrl Pts',(-28.3573115892677,-18.2801326101072,
-3.03193486540599));
#10640=CARTESIAN_POINT('Ctrl Pts',(-28.1999999999472,-18.1678547851799,
-2.41892336113124));
#10641=CARTESIAN_POINT('Origin',(-28.412132034356,-18.4616088716072,-3.55082818782114));
#10642=CARTESIAN_POINT('',(-28.2,-17.776932893112,-1.58058865810105));
#10643=CARTESIAN_POINT('Origin',(-28.412132034356,-18.8461227008406,-3.37152644458306));
#10644=CARTESIAN_POINT('',(-28.6619254365626,-19.55,-4.28993464005753));
#10645=CARTESIAN_POINT('',(-28.5926506318255,-19.1525803776192,-3.60158366201907));
#10646=CARTESIAN_POINT('',(-28.5608020341109,-18.9698695389213,-3.28511920645092));
#10647=CARTESIAN_POINT('Ctrl Pts',(-28.5926506318253,-19.1525803776191,
-3.60158366201892));
#10648=CARTESIAN_POINT('Ctrl Pts',(-28.3573115893074,-18.5652780468573,
-2.89896936425233));
#10649=CARTESIAN_POINT('Ctrl Pts',(-28.2000000000434,-18.1678547852984,
-2.41892336103255));
#10650=CARTESIAN_POINT('Origin',(-28.2,-16.9,0.3));
#10651=CARTESIAN_POINT('Origin',(-28.5,-16.9,0.3));
#10652=CARTESIAN_POINT('',(-28.2,-19.9399551126606,-4.04150583473166));
#10653=CARTESIAN_POINT('Origin',(-28.2,-16.9,0.3));
#10654=CARTESIAN_POINT('Origin',(-28.2,-16.9,0.3));
#10655=CARTESIAN_POINT('Origin',(-28.5,-16.9,0.3));
#10656=CARTESIAN_POINT('Ctrl Pts',(-28.5926506318255,-19.1525803776191,
-3.60158366201885));
#10657=CARTESIAN_POINT('Ctrl Pts',(-28.3573115893137,-18.8377497120773,
-2.74165777501224));
#10658=CARTESIAN_POINT('Ctrl Pts',(-28.2000000000525,-18.6207293090828,
-2.15745613284183));
#10659=CARTESIAN_POINT('Origin',(-28.412132034356,-19.106573821255,-3.22115492010111));
#10660=CARTESIAN_POINT('',(-28.2,-18.0901711054284,-1.39974049189966));
#10661=CARTESIAN_POINT('Origin',(-28.412132034356,-19.4541106004587,-2.97780704749753));
#10662=CARTESIAN_POINT('',(-28.6619254365626,-20.3067743313387,-3.76003554853058));
#10663=CARTESIAN_POINT('',(-28.592650631461,-19.7958615123329,-3.15115336114892));
#10664=CARTESIAN_POINT('',(-28.5608020341109,-19.5609729865725,-2.87122411654386));
#10665=CARTESIAN_POINT('Ctrl Pts',(-28.5926506314609,-19.7958615123328,
-3.15115336114878));
#10666=CARTESIAN_POINT('Ctrl Pts',(-28.3573115891222,-19.095473931748,-2.56119733323964));
#10667=CARTESIAN_POINT('Ctrl Pts',(-28.1999999999439,-18.6207293091282,
-2.15745613280058));
#10668=CARTESIAN_POINT('Origin',(-28.2,-16.9,0.3));
#10669=CARTESIAN_POINT('Origin',(-28.5,-16.9,0.3));
#10670=CARTESIAN_POINT('Origin',(-28.2,-16.9,0.3));
#10671=CARTESIAN_POINT('Origin',(-28.2,-16.9,0.3));
#10672=CARTESIAN_POINT('Origin',(-28.5,-16.9,0.3));
#10673=CARTESIAN_POINT('Ctrl Pts',(-28.5926506314599,-19.795861512333,-3.15115336114893));
#10674=CARTESIAN_POINT('Ctrl Pts',(-28.3573115891121,-19.3364892691287,
-2.35896145250055));
#10675=CARTESIAN_POINT('Ctrl Pts',(-28.1999999999298,-19.0213203433004,
-1.82132034373215));
#10676=CARTESIAN_POINT('Origin',(-28.412132034356,-19.6844931419242,-2.78449314192417));
#10677=CARTESIAN_POINT('',(-28.2,-18.3672465709621,-1.16724657096209));
#10678=CARTESIAN_POINT('Origin',(-28.412132034356,-19.9844931419242,-2.48449314192417));
#10679=CARTESIAN_POINT('',(-28.5926506316316,-20.3511533616362,-2.5958615127666));
#10680=CARTESIAN_POINT('',(-28.5608020341109,-20.0712241165439,-2.36097298657245));
#10681=CARTESIAN_POINT('Ctrl Pts',(-28.5926506316305,-20.3511533616362,
-2.59586151276666));
#10682=CARTESIAN_POINT('Ctrl Pts',(-28.3573115891729,-19.5589614526172,
-2.13648926934723));
#10683=CARTESIAN_POINT('Ctrl Pts',(-28.1999999999382,-19.0213203436656,
-1.82132034340974));
#10684=CARTESIAN_POINT('Origin',(-28.5,-16.9,0.3));
#10685=CARTESIAN_POINT('Ctrl Pts',(-28.5926506316316,-20.351153361636,-2.59586151276642));
#10686=CARTESIAN_POINT('Ctrl Pts',(-28.3573115891814,-19.7611973334479,
-1.89547393185028));
#10687=CARTESIAN_POINT('Ctrl Pts',(-28.1999999999501,-19.3574561328691,
-1.42072930906787));
#10688=CARTESIAN_POINT('Origin',(-28.412132034356,-20.1778070474975,-2.25411060045871));
#10689=CARTESIAN_POINT('',(-28.2,-18.5997404918997,-0.890171105428421));
#10690=CARTESIAN_POINT('Origin',(-28.412132034356,-20.4211549201011,-1.90657382125498));
#10691=CARTESIAN_POINT('',(-28.5926506319549,-20.8015836625049,-1.9525803777729));
#10692=CARTESIAN_POINT('',(-28.5608020341109,-20.4851192064509,-1.76986953892134));
#10693=CARTESIAN_POINT('Ctrl Pts',(-28.5926506319559,-20.8015836625044,
-1.9525803777727));
#10694=CARTESIAN_POINT('Ctrl Pts',(-28.3573115893552,-19.9416577751759,
-1.63774971211402));
#10695=CARTESIAN_POINT('Ctrl Pts',(-28.2000000000518,-19.3574561328498,
-1.42072930906203));
#10696=CARTESIAN_POINT('Origin',(-28.5,-16.9,0.3));
#10697=CARTESIAN_POINT('Ctrl Pts',(-28.5926506319549,-20.8015836625047,
-1.95258037777276));
#10698=CARTESIAN_POINT('Ctrl Pts',(-28.357311589357,-20.0989693644959,-1.36527804680981));
#10699=CARTESIAN_POINT('Ctrl Pts',(-28.2000000000549,-19.6189233611512,
-0.967854785150623));
#10700=CARTESIAN_POINT('Origin',(-28.412132034356,-20.5715264445831,-1.64612270084064));
#10701=CARTESIAN_POINT('',(-28.2,-18.7805886581011,-0.576932893111948));
#10702=CARTESIAN_POINT('Origin',(-28.412132034356,-20.7508281878211,-1.26160887160717));
#10703=CARTESIAN_POINT('',(-28.5926506318078,-21.1334663173882,-1.24085572727662));
#10704=CARTESIAN_POINT('',(-28.5608020341109,-20.7900822634278,-1.11587415273462));
#10705=CARTESIAN_POINT('Ctrl Pts',(-28.5926506319155,-21.1334663173616,
-1.24085572726696));
#10706=CARTESIAN_POINT('Ctrl Pts',(-28.3573115893411,-20.2319348652394,
-1.08013261012124));
#10707=CARTESIAN_POINT('Ctrl Pts',(-28.2000000000501,-19.6189233610969,
-0.967854785222969));
#10708=CARTESIAN_POINT('Origin',(-28.5,-16.9,0.3));
#10709=CARTESIAN_POINT('Ctrl Pts',(-28.5926506318078,-21.133466317388,-1.24085572727651));
#10710=CARTESIAN_POINT('Ctrl Pts',(-28.35731158924,-20.3395423299087,-0.784483530888782));
#10711=CARTESIAN_POINT('Ctrl Pts',(-28.1999999999529,-19.797777478896,-0.476457135280976));
#10712=CARTESIAN_POINT('Origin',(-28.412132034356,-20.853688368532,-0.979002847743122));
#10713=CARTESIAN_POINT('',(-28.2,-18.9042960895498,-0.237049518587731));
#10714=CARTESIAN_POINT('Origin',(-28.412132034356,-20.9634959896673,-0.569195226607802));
#10715=CARTESIAN_POINT('',(-28.592650631527,-21.3367172395035,-0.482312955108165));
#10716=CARTESIAN_POINT('',(-28.5608020341109,-20.9768471393071,-0.418858146883961));
#10717=CARTESIAN_POINT('Ctrl Pts',(-28.5926506315269,-21.3367172395033,
-0.482312955108165));
#10718=CARTESIAN_POINT('Ctrl Pts',(-28.3573115891416,-20.4209728001887,
-0.480580877022607));
#10719=CARTESIAN_POINT('Ctrl Pts',(-28.1999999999411,-19.7977774788831,
-0.476457135153592));
#10720=CARTESIAN_POINT('Origin',(-28.5,-16.9,0.3));
#10721=CARTESIAN_POINT('Ctrl Pts',(-28.5926506315264,-21.3367172395034,
-0.482312955108109));
#10722=CARTESIAN_POINT('Ctrl Pts',(-28.3573115891403,-20.4756065417565,
-0.170737531718703));
#10723=CARTESIAN_POINT('Ctrl Pts',(-28.1999999999396,-19.888584094232,0.0385327715901273));
#10724=CARTESIAN_POINT('Origin',(-28.412132034356,-21.0157194720659,-0.273021140323606));
#10725=CARTESIAN_POINT('',(-28.2,-18.9671039985404,0.11915183379861));
#10726=CARTESIAN_POINT('Origin',(-28.412132034356,-21.0526965220956,0.14962847551804));
#10727=CARTESIAN_POINT('',(-28.5926506318163,-21.405160755518,0.299999999887117));
#10728=CARTESIAN_POINT('',(-28.5608020341109,-21.0397390778427,0.3));
#10729=CARTESIAN_POINT('Ctrl Pts',(-28.5926506318163,-21.4051607555178,
0.299999999887077));
#10730=CARTESIAN_POINT('Ctrl Pts',(-28.3573115892463,-20.5030277589886,
0.142688410595892));
#10731=CARTESIAN_POINT('Ctrl Pts',(-28.1999999999581,-19.8885840943079,
0.0385327716278311));
#10732=CARTESIAN_POINT('Origin',(-28.5,-16.9,0.3));
#10733=CARTESIAN_POINT('Ctrl Pts',(-28.5926506319248,-21.4051607554895,
0.299999999887148));
#10734=CARTESIAN_POINT('Ctrl Pts',(-28.3573115893405,-20.5030277589277,
0.457311589189833));
#10735=CARTESIAN_POINT('Ctrl Pts',(-28.2000000000451,-19.8885840942506,
0.561467228165494));
#10736=CARTESIAN_POINT('Origin',(-28.412132034356,-21.0526965220956,0.450371524481963));
#10737=CARTESIAN_POINT('',(-28.2,-18.9671039985404,0.48084816620139));
#10738=CARTESIAN_POINT('Origin',(-28.412132034356,-21.0157194720659,0.873021140323607));
#10739=CARTESIAN_POINT('',(-28.5926506316816,-21.336717240102,1.08231295513047));
#10740=CARTESIAN_POINT('',(-28.5608020341109,-20.9768471393071,1.01885814688396));
#10741=CARTESIAN_POINT('Ctrl Pts',(-28.5926506316815,-21.3367172401017,
1.0823129551304));
#10742=CARTESIAN_POINT('Ctrl Pts',(-28.357311589198,-20.4756065419958,0.770737531611893));
#10743=CARTESIAN_POINT('Ctrl Pts',(-28.199999999951,-19.8885840942892,0.561467228240627));
#10744=CARTESIAN_POINT('Origin',(-28.5,-16.9,0.3));
#10745=CARTESIAN_POINT('Ctrl Pts',(-28.5926506316808,-21.3367172401019,
1.0823129551305));
#10746=CARTESIAN_POINT('Ctrl Pts',(-28.3573115891914,-20.4209728003849,
1.08058087704492));
#10747=CARTESIAN_POINT('Ctrl Pts',(-28.1999999999416,-19.7977774788829,
1.07645713517434));
#10748=CARTESIAN_POINT('Origin',(-28.412132034356,-20.9634959896673,1.1691952266078));
#10749=CARTESIAN_POINT('',(-28.2,-18.9042960895498,0.837049518587732));
#10750=CARTESIAN_POINT('Origin',(-28.2,-16.9,0.300000000000001));
#10751=CARTESIAN_POINT('Origin',(-28.412132034356,-20.853688368532,1.57900284774313));
#10752=CARTESIAN_POINT('',(-28.5926506318581,-21.1334663175885,1.84085572730605));
#10753=CARTESIAN_POINT('',(-28.5608020341109,-20.7900822634278,1.71587415273462));
#10754=CARTESIAN_POINT('Ctrl Pts',(-28.5926506319668,-21.1334663175616,
1.84085572729623));
#10755=CARTESIAN_POINT('Ctrl Pts',(-28.3573115893621,-20.3395423299701,
1.38448353084024));
#10756=CARTESIAN_POINT('Ctrl Pts',(-28.2000000000568,-19.7977774789112,
1.07645713520116));
#10757=CARTESIAN_POINT('Origin',(-28.5,-16.9,0.3));
#10758=CARTESIAN_POINT('Ctrl Pts',(-28.5926506318581,-21.1334663175882,
1.84085572730601));
#10759=CARTESIAN_POINT('Ctrl Pts',(-28.3573115892534,-20.2319348653384,
1.68013261013413));
#10760=CARTESIAN_POINT('Ctrl Pts',(-28.1999999999488,-19.618923361124,1.56785478521733));
#10761=CARTESIAN_POINT('Origin',(-28.412132034356,-20.7508281878211,1.86160887160717));
#10762=CARTESIAN_POINT('',(-28.2,-18.7805886581011,1.17693289311195));
#10763=CARTESIAN_POINT('Origin',(-28.412132034356,-20.5715264445831,2.24612270084064));
#10764=CARTESIAN_POINT('',(-28.5926506316224,-20.8015836617732,2.55258037738579));
#10765=CARTESIAN_POINT('',(-28.5608020341109,-20.4851192064509,2.36986953892134));
#10766=CARTESIAN_POINT('Ctrl Pts',(-28.5926506316223,-20.801583661773,2.55258037738565));
#10767=CARTESIAN_POINT('Ctrl Pts',(-28.3573115891734,-20.098969364197,1.9652780467889));
#10768=CARTESIAN_POINT('Ctrl Pts',(-28.1999999999429,-19.6189233610597,
1.56785478530542));
#10769=CARTESIAN_POINT('Origin',(-28.5,-16.9,0.3));
#10770=CARTESIAN_POINT('Ctrl Pts',(-28.5926506316228,-20.8015836617729,
2.55258037738565));
#10771=CARTESIAN_POINT('Ctrl Pts',(-28.3573115891736,-19.9416577749853,
2.2377497119208));
#10772=CARTESIAN_POINT('Ctrl Pts',(-28.1999999999429,-19.3574561329168,
2.02072930896042));
#10773=CARTESIAN_POINT('Origin',(-28.412132034356,-20.4211549201011,2.50657382125498));
#10774=CARTESIAN_POINT('',(-28.2,-18.5997404918997,1.49017110542842));
#10775=CARTESIAN_POINT('Origin',(-28.412132034356,-20.1778070474976,2.85411060045871));
#10776=CARTESIAN_POINT('',(-28.5926506316295,-20.3511533616249,3.19586151277643));
#10777=CARTESIAN_POINT('',(-28.5608020341109,-20.0712241165439,2.96097298657245));
#10778=CARTESIAN_POINT('Ctrl Pts',(-28.5926506316294,-20.3511533616248,
3.19586151277625));
#10779=CARTESIAN_POINT('Ctrl Pts',(-28.3573115891791,-19.7611973334366,
2.49547393185982));
#10780=CARTESIAN_POINT('Ctrl Pts',(-28.1999999999478,-19.3574561328583,
2.02072930907779));
#10781=CARTESIAN_POINT('Origin',(-28.5,-16.9,0.3));
#10782=CARTESIAN_POINT('Ctrl Pts',(-28.5926506316305,-20.3511533616245,
3.19586151277614));
#10783=CARTESIAN_POINT('Ctrl Pts',(-28.3573115891739,-19.5589614526088,
2.73648926935846));
#10784=CARTESIAN_POINT('Ctrl Pts',(-28.1999999999398,-19.0213203436583,
2.42132034342141));
#10785=CARTESIAN_POINT('Origin',(-28.412132034356,-19.9844931419242,3.08449314192417));
#10786=CARTESIAN_POINT('',(-28.2,-18.3672465709621,1.76724657096209));
#10787=CARTESIAN_POINT('Origin',(-28.412132034356,-19.6844931419242,3.38449314192417));
#10788=CARTESIAN_POINT('',(-28.5926506315288,-19.7958615125284,3.7511533613266));
#10789=CARTESIAN_POINT('',(-28.5608020341109,-19.5609729865725,3.47122411654387));
#10790=CARTESIAN_POINT('Ctrl Pts',(-28.592650631529,-19.7958615125283,3.75115336132636));
#10791=CARTESIAN_POINT('Ctrl Pts',(-28.3573115891383,-19.3364892692392,
2.95896145253248));
#10792=CARTESIAN_POINT('Ctrl Pts',(-28.1999999999355,-19.0213203433672,
2.42132034369136));
#10793=CARTESIAN_POINT('Origin',(-28.5,-16.9,0.3));
#10794=CARTESIAN_POINT('Ctrl Pts',(-28.5926506315288,-19.7958615125283,
3.75115336132646));
#10795=CARTESIAN_POINT('Ctrl Pts',(-28.3573115891442,-19.0954739318076,
3.16119733330327));
#10796=CARTESIAN_POINT('Ctrl Pts',(-28.1999999999441,-18.6207293091219,
2.75745613280795));
#10797=CARTESIAN_POINT('Origin',(-28.412132034356,-19.4541106004587,3.57780704749753));
#10798=CARTESIAN_POINT('',(-28.2,-18.0901711054284,1.99974049189966));
#10799=CARTESIAN_POINT('Origin',(-28.412132034356,-19.106573821255,3.82115492010111));
#10800=CARTESIAN_POINT('',(-28.5926506318133,-19.1525803775913,4.20158366198169));
#10801=CARTESIAN_POINT('',(-28.5608020341109,-18.9698695389214,3.88511920645093));
#10802=CARTESIAN_POINT('Ctrl Pts',(-28.5926506318132,-19.1525803775912,
4.20158366198147));
#10803=CARTESIAN_POINT('Ctrl Pts',(-28.3573115893092,-18.8377497120596,
3.34165777500307));
#10804=CARTESIAN_POINT('Ctrl Pts',(-28.2000000000516,-18.6207293090705,
2.75745613284662));
#10805=CARTESIAN_POINT('Origin',(-28.5,-16.9,0.3));
#10806=CARTESIAN_POINT('Ctrl Pts',(-28.5926506318137,-19.152580377591,4.20158366198142));
#10807=CARTESIAN_POINT('Ctrl Pts',(-28.3573115893038,-18.5652780468493,
3.49896936423884));
#10808=CARTESIAN_POINT('Ctrl Pts',(-28.2000000000436,-18.1678547853002,
3.01892336103098));
#10809=CARTESIAN_POINT('Origin',(-28.412132034356,-18.8461227008407,3.97152644458306));
#10810=CARTESIAN_POINT('',(-28.2,-17.776932893112,2.18058865810105));
#10811=CARTESIAN_POINT('Origin',(-28.412132034356,-18.4616088716072,4.15082818782114));
#10812=CARTESIAN_POINT('',(-28.5926506317037,-18.4408557271201,4.53346631702501));
#10813=CARTESIAN_POINT('',(-28.5608020341109,-18.3158741527346,4.19008226342783));
#10814=CARTESIAN_POINT('Ctrl Pts',(-28.5926506318122,-18.4408557271104,
4.53346631699817));
#10815=CARTESIAN_POINT('Ctrl Pts',(-28.357311589304,-18.2801326100101,3.6319348651302));
#10816=CARTESIAN_POINT('Ctrl Pts',(-28.2000000000445,-18.1678547851362,
3.01892336111427));
#10817=CARTESIAN_POINT('Origin',(-28.5,-16.9,0.3));
#10818=CARTESIAN_POINT('Ctrl Pts',(-28.5926506317037,-18.44085572712,4.53346631702481));
#10819=CARTESIAN_POINT('Ctrl Pts',(-28.3573115892038,-17.9844835308639,
3.73954232977407));
#10820=CARTESIAN_POINT('Ctrl Pts',(-28.1999999999491,-17.67645713532,3.19777747887494));
#10821=CARTESIAN_POINT('Origin',(-28.412132034356,-18.1790028477431,4.25368836853197));
#10822=CARTESIAN_POINT('',(-28.2,-17.4370495185877,2.30429608954982));
#10823=CARTESIAN_POINT('Origin',(-28.412132034356,-17.7691952266078,4.3634959896673));
#10824=CARTESIAN_POINT('',(-28.5926506314744,-17.6823129550791,4.73671723930274));
#10825=CARTESIAN_POINT('',(-28.5608020341109,-17.618858146884,4.37684713930708));
#10826=CARTESIAN_POINT('Ctrl Pts',(-28.5926506314744,-17.6823129550791,
4.73671723930251));
#10827=CARTESIAN_POINT('Ctrl Pts',(-28.3573115891237,-17.6805808769937,
3.82097280012268));
#10828=CARTESIAN_POINT('Ctrl Pts',(-28.1999999999397,-17.6764571351255,
3.19777747888363));
#10829=CARTESIAN_POINT('Origin',(-28.5,-16.9,0.3));
#10830=CARTESIAN_POINT('Ctrl Pts',(-28.5926506314734,-17.6823129550791,
4.73671723930278));
#10831=CARTESIAN_POINT('Ctrl Pts',(-28.3573115891214,-17.3707375317349,
3.87560654168109));
#10832=CARTESIAN_POINT('Ctrl Pts',(-28.1999999999369,-17.1614672284479,
3.28858409421911));
#10833=CARTESIAN_POINT('Origin',(-28.412132034356,-17.4730211403236,4.41571947206588));
#10834=CARTESIAN_POINT('',(-28.2,-17.0808481662014,2.36710399854037));
#10835=CARTESIAN_POINT('Origin',(-28.412132034356,-17.050371524482,4.45269652209561));
#10836=CARTESIAN_POINT('',(-28.5926506320009,-16.8999999999638,4.8051607562268));
#10837=CARTESIAN_POINT('',(-28.5608020341109,-16.9,4.43973907784268));
#10838=CARTESIAN_POINT('Ctrl Pts',(-28.592650632001,-16.8999999999639,4.80516075622653));
#10839=CARTESIAN_POINT('Ctrl Pts',(-28.3573115893046,-17.05731158934,3.90302775921778));
#10840=CARTESIAN_POINT('Ctrl Pts',(-28.1999999999565,-17.1614672283479,
3.28858409430416));
#10841=CARTESIAN_POINT('Origin',(-28.5,-16.9,0.3));
#10842=CARTESIAN_POINT('Ctrl Pts',(-28.5926506320009,-16.8999999999638,
4.80516075622657));
#10843=CARTESIAN_POINT('Ctrl Pts',(-28.3573115893074,-16.7426884105898,
3.90302775922667));
#10844=CARTESIAN_POINT('Ctrl Pts',(-28.1999999999607,-16.6385327715832,
3.28858409431479));
#10845=CARTESIAN_POINT('Origin',(-28.412132034356,-16.7496284755181,4.45269652209561));
#10846=CARTESIAN_POINT('Origin',(-22.2,-11.6,-5.));
#10847=CARTESIAN_POINT('Origin',(-22.4,-16.9,0.300000000000001));
#10848=CARTESIAN_POINT('Origin',(-22.7,-16.9,0.3));
#10849=CARTESIAN_POINT('',(-22.7,-18.55,0.3));
#10850=CARTESIAN_POINT('Origin',(-22.7,-16.9,0.3));
#10851=CARTESIAN_POINT('',(-23.7,-18.55,0.3));
#10852=CARTESIAN_POINT('',(-22.7,-18.55,0.3));
#10853=CARTESIAN_POINT('Origin',(-23.7,-16.9,0.3));
#10854=CARTESIAN_POINT('Origin',(-22.7,-16.9,0.3));
#10855=CARTESIAN_POINT('Origin',(-23.7,-16.9,0.3));
#10856=CARTESIAN_POINT('',(-23.7,-19.2,0.3));
#10857=CARTESIAN_POINT('Origin',(-23.7,-16.9,0.3));
#10858=CARTESIAN_POINT('Origin',(-22.2,-16.9,0.3));
#10859=CARTESIAN_POINT('',(-22.2,-19.2,0.3));
#10860=CARTESIAN_POINT('Origin',(-16.75,16.75,-2.));
#10861=CARTESIAN_POINT('',(-15.25,16.75,-2.));
#10862=CARTESIAN_POINT('',(-15.25,16.75,-2.));
#10863=CARTESIAN_POINT('Origin',(-16.75,16.75,-2.));
#10864=CARTESIAN_POINT('Origin',(-16.75,-16.75,-2.));
#10865=CARTESIAN_POINT('',(-15.25,-16.75,-2.));
#10866=CARTESIAN_POINT('',(-15.25,-16.75,-2.));
#10867=CARTESIAN_POINT('Origin',(-16.75,-16.75,-2.));
#10868=CARTESIAN_POINT('Origin',(0.,4.44089209850063E-15,-2.));
#10869=CARTESIAN_POINT('',(-15.4,-16.75,-2.));
#10870=CARTESIAN_POINT('Origin',(-16.75,-16.75,-2.));
#10871=CARTESIAN_POINT('Origin',(0.,4.44089209850063E-15,-2.));
#10872=CARTESIAN_POINT('',(-15.4,16.75,-2.));
#10873=CARTESIAN_POINT('Origin',(-16.75,16.75,-2.));
#10874=CARTESIAN_POINT('Origin',(-5.74999999999999,19.2,0.3));
#10875=CARTESIAN_POINT('',(-5.74999999999999,20.2,1.3));
#10876=CARTESIAN_POINT('',(-5.74999999999999,9.60000000000001,1.3));
#10877=CARTESIAN_POINT('',(-5.74999999999999,20.2,0.8));
#10878=CARTESIAN_POINT('Origin',(0.,4.44089209850063E-15,1.3));
#10879=CARTESIAN_POINT('',(-18.2,20.2,1.3));
#10880=CARTESIAN_POINT('',(-10.1,20.2,1.3));
#10881=CARTESIAN_POINT('',(-20.2,18.2,1.3));
#10882=CARTESIAN_POINT('Origin',(-18.2,18.2,1.3));
#10883=CARTESIAN_POINT('',(-20.2,5.74999999999999,1.3));
#10884=CARTESIAN_POINT('',(-20.2,-10.1,1.3));
#10885=CARTESIAN_POINT('',(-11.1,5.74999999999999,1.3));
#10886=CARTESIAN_POINT('Origin',(-18.2,18.2,1.3));
#10887=CARTESIAN_POINT('Origin',(-20.2,20.2,1.3));
#10888=CARTESIAN_POINT('',(-18.2,20.2,1.3));
#10889=CARTESIAN_POINT('Origin',(-19.2,-5.74999999999999,0.3));
#10890=CARTESIAN_POINT('',(-20.2,-5.74999999999999,1.3));
#10891=CARTESIAN_POINT('',(-20.2,-5.74999999999999,0.8));
#10892=CARTESIAN_POINT('',(-9.60000000000001,-5.74999999999999,1.3));
#10893=CARTESIAN_POINT('Origin',(-22.2,5.74999999999999,0.3));
#10894=CARTESIAN_POINT('',(-20.2,5.74999999999999,0.8));
#10895=CARTESIAN_POINT('Origin',(-20.2,-20.2,1.3));
#10896=CARTESIAN_POINT('',(-20.2,-18.2,1.3));
#10897=CARTESIAN_POINT('',(-20.2,-18.2,1.3));
#10898=CARTESIAN_POINT('',(-20.2,-10.1,1.3));
#10899=CARTESIAN_POINT('Origin',(0.,4.44089209850063E-15,1.3));
#10900=CARTESIAN_POINT('',(-18.2,-20.2,1.3));
#10901=CARTESIAN_POINT('Origin',(-18.2,-18.2,1.3));
#10902=CARTESIAN_POINT('',(-5.74999999999999,-20.2,1.3));
#10903=CARTESIAN_POINT('',(10.1,-20.2000000000001,1.3));
#10904=CARTESIAN_POINT('',(-5.74999999999999,-19.2,1.3));
#10905=CARTESIAN_POINT('',(-5.75,-11.1,1.3));
#10906=CARTESIAN_POINT('',(-18.2,-19.2,1.3));
#10907=CARTESIAN_POINT('',(-9.60000000000001,-19.2,1.3));
#10908=CARTESIAN_POINT('Origin',(-18.2,-18.2,1.3));
#10909=CARTESIAN_POINT('Origin',(-5.74999999999999,-22.2,0.3));
#10910=CARTESIAN_POINT('',(-5.74999999999999,-20.2,0.8));
#10911=CARTESIAN_POINT('',(-5.74999999999999,-19.2,0.15));
#10912=CARTESIAN_POINT('Origin',(-18.2,18.2,1.3));
#10913=CARTESIAN_POINT('',(-20.2,18.2,1.3));
#10914=CARTESIAN_POINT('Origin',(-20.2,-20.2,1.3));
#10915=CARTESIAN_POINT('Origin',(-18.2,-18.2,1.3));
#10916=CARTESIAN_POINT('',(-18.2,-20.2,1.3));
#10917=CARTESIAN_POINT('Origin',(20.2,-20.2000000000001,1.3));
#10918=CARTESIAN_POINT('Origin',(-16.75,-16.75,0.));
#10919=CARTESIAN_POINT('',(-16.75,-14.05,-2.));
#10920=CARTESIAN_POINT('',(-14.05,-16.75,-2.));
#10921=CARTESIAN_POINT('Origin',(-16.75,-16.75,-2.));
#10922=CARTESIAN_POINT('',(-16.75,-14.05,0.));
#10923=CARTESIAN_POINT('',(-16.75,-14.05,0.));
#10924=CARTESIAN_POINT('',(-14.05,-16.75,0.));
#10925=CARTESIAN_POINT('Origin',(-16.75,-16.75,0.));
#10926=CARTESIAN_POINT('',(-14.05,-16.75,0.));
#10927=CARTESIAN_POINT('Origin',(-14.05,-14.05,0.));
#10928=CARTESIAN_POINT('',(-14.05,-14.05,-2.));
#10929=CARTESIAN_POINT('',(-14.05,-14.05,0.));
#10930=CARTESIAN_POINT('Origin',(0.,4.44089209850063E-15,0.));
#10931=CARTESIAN_POINT('',(-18.2,-19.2,0.));
#10932=CARTESIAN_POINT('Origin',(-18.2,-18.2,0.));
#10933=CARTESIAN_POINT('',(-14.05,-19.2,0.));
#10934=CARTESIAN_POINT('',(-9.60000000000001,-19.2,0.));
#10935=CARTESIAN_POINT('',(-14.05,-19.2,0.));
#10936=CARTESIAN_POINT('',(-15.4,-16.75,0.));
#10937=CARTESIAN_POINT('Origin',(-16.75,-16.75,0.));
#10938=CARTESIAN_POINT('Origin',(-16.75,16.75,0.));
#10939=CARTESIAN_POINT('',(-14.05,16.75,-2.));
#10940=CARTESIAN_POINT('',(-16.75,14.05,-2.));
#10941=CARTESIAN_POINT('Origin',(-16.75,16.75,-2.));
#10942=CARTESIAN_POINT('',(-14.05,16.75,0.));
#10943=CARTESIAN_POINT('',(-14.05,16.75,0.));
#10944=CARTESIAN_POINT('',(-16.75,14.05,0.));
#10945=CARTESIAN_POINT('Origin',(-16.75,16.75,0.));
#10946=CARTESIAN_POINT('',(-16.75,14.05,0.));
#10947=CARTESIAN_POINT('Origin',(-14.05,14.05,0.));
#10948=CARTESIAN_POINT('',(-14.05,14.05,-2.));
#10949=CARTESIAN_POINT('',(-14.05,14.05,0.));
#10950=CARTESIAN_POINT('Origin',(0.,4.44089209850063E-15,0.));
#10951=CARTESIAN_POINT('Origin',(-18.2,18.2,0.));
#10952=CARTESIAN_POINT('',(-19.2,14.05,0.));
#10953=CARTESIAN_POINT('',(-15.4,16.75,0.));
#10954=CARTESIAN_POINT('Origin',(-16.75,16.75,0.));
#10955=CARTESIAN_POINT('Origin',(-18.2,-18.2,0.));
#10956=CARTESIAN_POINT('',(-18.2,-19.2,0.));
#10957=CARTESIAN_POINT('Origin',(-18.2,18.2,0.));
#10958=CARTESIAN_POINT('Origin',(-16.75,-16.75,0.));
#10959=CARTESIAN_POINT('',(-15.4,-16.75,0.));
#10960=CARTESIAN_POINT('Origin',(-19.2,14.05,0.));
#10961=CARTESIAN_POINT('',(-19.2,14.05,-2.));
#10962=CARTESIAN_POINT('Origin',(-14.05,-19.2,0.));
#10963=CARTESIAN_POINT('',(-14.05,-19.2,-2.));
#10964=CARTESIAN_POINT('',(-14.05,-19.2,0.));
#10965=CARTESIAN_POINT('',(-14.05,-19.2,-2.));
#10966=CARTESIAN_POINT('Origin',(-16.75,16.75,0.));
#10967=CARTESIAN_POINT('',(-15.4,16.75,0.));
#10968=CARTESIAN_POINT('Origin',(27.2,-12.6,-4.75));
#10969=CARTESIAN_POINT('',(28.2,-12.6,-4.5));
#10970=CARTESIAN_POINT('',(27.95,-12.6,-4.75));
#10971=CARTESIAN_POINT('',(27.2,-11.6,-4.5));
#10972=CARTESIAN_POINT('',(27.2,-12.1,-5.));
#10973=CARTESIAN_POINT('Origin',(27.2,-12.6,-4.5));
#10974=CARTESIAN_POINT('Origin',(11.1,-11.85,-4.75));
#10975=CARTESIAN_POINT('',(25.2,-12.1,-5.));
#10976=CARTESIAN_POINT('',(11.1,-11.6,-4.5));
#10977=CARTESIAN_POINT('Origin',(25.2,-8.60000000000001,-4.75));
#10978=CARTESIAN_POINT('',(21.7,-8.60000000000001,-5.));
#10979=CARTESIAN_POINT('Origin',(21.95,9.02500000000001,-4.75));
#10980=CARTESIAN_POINT('',(21.7,18.05,-5.));
#10981=CARTESIAN_POINT('Origin',(18.05,18.05,-4.75));
#10982=CARTESIAN_POINT('',(18.05,21.7,-5.));
#10983=CARTESIAN_POINT('Origin',(-9.02500000000001,21.95,-4.75));
#10984=CARTESIAN_POINT('Origin',(27.95,-8.45,-4.75));
#10985=CARTESIAN_POINT('',(28.2,-14.6527794945756,-4.5));
#10986=CARTESIAN_POINT('',(28.2,-12.675,-4.5));
#10987=CARTESIAN_POINT('',(28.4956672697224,-14.1069753572605,-4.20433273027759));
#10988=CARTESIAN_POINT('Origin',(33.,-16.9,0.3));
#10989=CARTESIAN_POINT('',(28.6388961811832,-14.3821155362422,-4.06110381881679));
#10990=CARTESIAN_POINT('',(27.6229275359779,-12.4304579272397,-5.07707246402211));
#10991=CARTESIAN_POINT('',(28.2,-14.661723240856,-4.5));
#10992=CARTESIAN_POINT('',(29.1584493518195,-14.0511236623216,-3.5415506481805));
#10993=CARTESIAN_POINT('',(28.6074092923995,-15.3012277311191,-4.09259070760053));
#10994=CARTESIAN_POINT('',(27.3009017144871,-13.2504216296754,-5.39909828551287));
#10995=CARTESIAN_POINT('',(28.2,-15.6138438763306,-4.5));
#10996=CARTESIAN_POINT('',(29.3684925886407,-14.7172279778132,-3.3315074113593));
#10997=CARTESIAN_POINT('',(28.5866467258257,-16.1177316998476,-4.11335327417429));
#10998=CARTESIAN_POINT('',(27.0719336434954,-14.1437191782852,-5.62806635650466));
#10999=CARTESIAN_POINT('',(28.5863476152656,-16.1260320509911,-4.11365238473444));
#11000=CARTESIAN_POINT('Ctrl Pts',(28.5866467258257,-16.1177316998476,-4.11335327417429));
#11001=CARTESIAN_POINT('Ctrl Pts',(28.5864963728769,-16.1218822690622,-4.1135036271231));
#11002=CARTESIAN_POINT('Ctrl Pts',(28.5863476152656,-16.1260320509911,-4.11365238473444));
#11003=CARTESIAN_POINT('',(28.2,-16.4800544150756,-4.5));
#11004=CARTESIAN_POINT('',(29.5901068814129,-15.2062561444208,-3.10989311858712));
#11005=CARTESIAN_POINT('',(28.5724180654884,-16.8864774159002,-4.12758193451158));
#11006=CARTESIAN_POINT('',(26.9292762525357,-15.0933027869572,-5.77072374746431));
#11007=CARTESIAN_POINT('',(28.57241806558,-16.9135225841314,-4.12758193442001));
#11008=CARTESIAN_POINT('Ctrl Pts',(28.5724180654884,-16.8864774159002,-4.12758193451158));
#11009=CARTESIAN_POINT('Ctrl Pts',(28.5724095207304,-16.9000000000164,-4.12759047926961));
#11010=CARTESIAN_POINT('Ctrl Pts',(28.57241806558,-16.9135225841314,-4.12758193442001));
#11011=CARTESIAN_POINT('',(28.2,-17.3199455849245,-4.5));
#11012=CARTESIAN_POINT('',(29.8191819445124,-15.5529185641002,-2.88081805548758));
#11013=CARTESIAN_POINT('',(28.5863476152631,-17.6739679489303,-4.11365238473689));
#11014=CARTESIAN_POINT('',(26.8633752551739,-16.0951546632772,-5.83662474482608));
#11015=CARTESIAN_POINT('',(28.5866467258181,-17.6822682999352,-4.1133532741819));
#11016=CARTESIAN_POINT('Ctrl Pts',(28.5863476152631,-17.6739679489303,-4.11365238473689));
#11017=CARTESIAN_POINT('Ctrl Pts',(28.5864963728714,-17.6781177307899,-4.1135036271286));
#11018=CARTESIAN_POINT('Ctrl Pts',(28.5866467258181,-17.6822682999352,-4.1133532741819));
#11019=CARTESIAN_POINT('',(28.2,-18.1861561236694,-4.5));
#11020=CARTESIAN_POINT('',(30.0495091361165,-15.7758288901807,-2.65049086388348));
#11021=CARTESIAN_POINT('',(28.6074092923995,-18.4987722688809,-4.09259070760052));
#11022=CARTESIAN_POINT('',(26.8638818326649,-17.1609165947442,-5.83611816733513));
#11023=CARTESIAN_POINT('',(28.2,-19.138276759144,-4.5));
#11024=CARTESIAN_POINT('',(30.2722507726332,-15.8854946091711,-2.42774922736677));
#11025=CARTESIAN_POINT('',(28.1940624083891,-19.1344940961078,-4.50593759161096));
#11026=CARTESIAN_POINT('',(26.9208931259129,-18.3233958092686,-5.77910687408715));
#11027=CARTESIAN_POINT('',(28.2,-19.1472205054244,-4.5));
#11028=CARTESIAN_POINT('Origin',(33.,-16.9,0.3));
#11029=CARTESIAN_POINT('',(28.2,-21.2,-4.5));
#11030=CARTESIAN_POINT('',(28.2,-8.45,-4.5));
#11031=CARTESIAN_POINT('',(28.2,-21.2,-4.5));
#11032=CARTESIAN_POINT('Origin',(27.2,-21.2,-4.75));
#11033=CARTESIAN_POINT('Origin',(27.2,-21.2,-4.5));
#11034=CARTESIAN_POINT('',(27.2,-22.2,-4.5));
#11035=CARTESIAN_POINT('Origin',(11.1,-21.95,-4.75));
#11036=CARTESIAN_POINT('Origin',(28.412132034356,-18.1790028477431,-3.65368836853197));
#11037=CARTESIAN_POINT('',(28.2,-17.6764571353076,-2.59777747886721));
#11038=CARTESIAN_POINT('',(28.2,-17.4370495185877,-1.70429608954982));
#11039=CARTESIAN_POINT('',(28.5926506319052,-18.4408557273011,-3.93346631778278));
#11040=CARTESIAN_POINT('Ctrl Pts',(28.5926506319051,-18.440855727301,-3.93346631778258));
#11041=CARTESIAN_POINT('Ctrl Pts',(28.3573115892776,-17.9844835307963,-3.13954233009785));
#11042=CARTESIAN_POINT('Ctrl Pts',(28.1999999999621,-17.6764571351306,-2.59777747897886));
#11043=CARTESIAN_POINT('',(28.5608020341109,-18.3158741527346,-3.59008226342782));
#11044=CARTESIAN_POINT('Origin',(28.412132034356,-17.7691952266078,-3.7634959896673));
#11045=CARTESIAN_POINT('Ctrl Pts',(28.5866467258181,-17.6822682999352,-4.1133532741819));
#11046=CARTESIAN_POINT('Ctrl Pts',(28.3553747016083,-17.6805301036538,-3.21329975301679));
#11047=CARTESIAN_POINT('Ctrl Pts',(28.1999999999342,-17.6764571350585,-2.59777747888547));
#11048=CARTESIAN_POINT('Origin',(28.5,-16.9,0.3));
#11049=CARTESIAN_POINT('',(28.2,-17.161467228243,-2.68858409427524));
#11050=CARTESIAN_POINT('Ctrl Pts',(28.5863476152631,-17.6739679489303,-4.11365238473689));
#11051=CARTESIAN_POINT('Ctrl Pts',(28.3552779027154,-17.3680321354256,-3.26801765662297));
#11052=CARTESIAN_POINT('Ctrl Pts',(28.1999999999455,-17.1614672283201,-2.68858409426238));
#11053=CARTESIAN_POINT('Origin',(28.2,-16.9,0.3));
#11054=CARTESIAN_POINT('Origin',(28.412132034356,-17.4730211403236,-3.81571947206588));
#11055=CARTESIAN_POINT('',(28.2,-17.0808481662014,-1.76710399854037));
#11056=CARTESIAN_POINT('Origin',(28.412132034356,-17.050371524482,-3.85269652209561));
#11057=CARTESIAN_POINT('Ctrl Pts',(28.57241806558,-16.9135225841314,-4.12758193442001));
#11058=CARTESIAN_POINT('Ctrl Pts',(28.3507376455528,-17.0616641823036,-3.27735057817175));
#11059=CARTESIAN_POINT('Ctrl Pts',(28.2000000000545,-17.1614672283142,-2.68858409427335));
#11060=CARTESIAN_POINT('Origin',(28.5,-16.9,0.3));
#11061=CARTESIAN_POINT('',(28.2,-16.638532771757,-2.68858409427524));
#11062=CARTESIAN_POINT('Ctrl Pts',(28.5724180654884,-16.8864774159002,-4.12758193451158));
#11063=CARTESIAN_POINT('Ctrl Pts',(28.3507376454541,-16.7383358177243,-3.27735057822312));
#11064=CARTESIAN_POINT('Ctrl Pts',(28.199999999953,-16.6385327717135,-2.68858409429465));
#11065=CARTESIAN_POINT('Origin',(28.2,-16.9,0.3));
#11066=CARTESIAN_POINT('Origin',(28.412132034356,-16.7496284755181,-3.85269652209561));
#11067=CARTESIAN_POINT('',(28.2,-16.7191518337986,-1.76710399854037));
#11068=CARTESIAN_POINT('Origin',(28.412132034356,-16.3269788596764,-3.81571947206588));
#11069=CARTESIAN_POINT('Ctrl Pts',(28.5863476152656,-16.1260320509911,-4.11365238473444));
#11070=CARTESIAN_POINT('Ctrl Pts',(28.3552779027128,-16.4319678645023,-3.26801765660464));
#11071=CARTESIAN_POINT('Ctrl Pts',(28.1999999999406,-16.6385327716106,-2.68858409423895));
#11072=CARTESIAN_POINT('Origin',(28.5,-16.9,0.3));
#11073=CARTESIAN_POINT('',(28.2,-16.1235428646925,-2.5977774788672));
#11074=CARTESIAN_POINT('Ctrl Pts',(28.5866467258257,-16.1177316998476,-4.11335327417429));
#11075=CARTESIAN_POINT('Ctrl Pts',(28.3553747016196,-16.1194698961308,-3.21329975301616));
#11076=CARTESIAN_POINT('Ctrl Pts',(28.199999999947,-16.1235428647288,-2.59777747888082));
#11077=CARTESIAN_POINT('Origin',(28.2,-16.9,0.3));
#11078=CARTESIAN_POINT('Origin',(28.412132034356,-16.0308047733922,-3.7634959896673));
#11079=CARTESIAN_POINT('',(28.2,-16.3629504814123,-1.70429608954982));
#11080=CARTESIAN_POINT('Origin',(28.412132034356,-15.6209971522569,-3.65368836853197));
#11081=CARTESIAN_POINT('',(28.5926506316538,-15.3591442728452,-3.93346631680583));
#11082=CARTESIAN_POINT('',(28.5608020341109,-15.4841258472654,-3.59008226342782));
#11083=CARTESIAN_POINT('Ctrl Pts',(28.5926506316538,-15.3591442728453,-3.93346631680563));
#11084=CARTESIAN_POINT('Ctrl Pts',(28.3573115891826,-15.815516469045,-3.13954232965478));
#11085=CARTESIAN_POINT('Ctrl Pts',(28.1999999999414,-16.1235428645605,-2.59777747880921));
#11086=CARTESIAN_POINT('Origin',(28.412132034356,-15.3383911283928,-3.55082818782113));
#11087=CARTESIAN_POINT('',(28.2,-15.6321452147779,-2.41892336110995));
#11088=CARTESIAN_POINT('',(28.2,-16.0230671068881,-1.58058865810105));
#11089=CARTESIAN_POINT('Ctrl Pts',(28.5926506317627,-15.3591442728549,-3.93346631677889));
#11090=CARTESIAN_POINT('Ctrl Pts',(28.3573115892918,-15.5198673899312,-3.03193486505068));
#11091=CARTESIAN_POINT('Ctrl Pts',(28.20000000005,-15.6321452147941,-2.41892336110009));
#11092=CARTESIAN_POINT('Origin',(28.412132034356,-14.9538772991594,-3.37152644458306));
#11093=CARTESIAN_POINT('',(28.5926506315507,-14.6474196226877,-3.60158366149312));
#11094=CARTESIAN_POINT('',(28.5608020341109,-14.8301304610787,-3.28511920645092));
#11095=CARTESIAN_POINT('Ctrl Pts',(28.5926506316596,-14.6474196227021,-3.60158366146833));
#11096=CARTESIAN_POINT('Ctrl Pts',(28.35731158925,-15.2347219531936,-2.89896936402507));
#11097=CARTESIAN_POINT('Ctrl Pts',(28.2000000000374,-15.6321452146202,-2.41892336096716));
#11098=CARTESIAN_POINT('Origin',(28.412132034356,-14.693426178745,-3.22115492010111));
#11099=CARTESIAN_POINT('',(28.2,-13.8600448873395,-4.04150583473166));
#11100=CARTESIAN_POINT('Origin',(28.2,-16.9,0.3));
#11101=CARTESIAN_POINT('',(28.2,-15.1792706909469,-2.15745613286698));
#11102=CARTESIAN_POINT('',(28.2,-15.7098288945716,-1.39974049189966));
#11103=CARTESIAN_POINT('Ctrl Pts',(28.5926506315506,-14.6474196226878,-3.60158366149291));
#11104=CARTESIAN_POINT('Ctrl Pts',(28.3573115891519,-14.9622502880866,-2.74165777488785));
#11105=CARTESIAN_POINT('Ctrl Pts',(28.1999999999451,-15.1792706910148,-2.15745613290697));
#11106=CARTESIAN_POINT('Origin',(27.2,-21.2,0.300000000000001));
#11107=CARTESIAN_POINT('',(28.2,-21.2,-2.79838667696594));
#11108=CARTESIAN_POINT('',(28.2,-21.2,0.300000000000001));
#11109=CARTESIAN_POINT('Ctrl Pts',(27.2,-22.2,0.3));
#11110=CARTESIAN_POINT('Ctrl Pts',(27.4223906110749,-22.2,-0.211981635060864));
#11111=CARTESIAN_POINT('Ctrl Pts',(27.6648216959318,-22.1218659842997,-0.765549065903842));
#11112=CARTESIAN_POINT('Ctrl Pts',(28.0512813527708,-21.7840798255465,-1.83286605612842));
#11113=CARTESIAN_POINT('Ctrl Pts',(28.2,-21.5263220869744,-2.34551067397335));
#11114=CARTESIAN_POINT('Ctrl Pts',(28.2,-21.2,-2.79838667696594));
#11115=CARTESIAN_POINT('Origin',(23.4,-16.9,0.3));
#11116=CARTESIAN_POINT('Origin',(23.4,-16.9,0.3));
#11117=CARTESIAN_POINT('Origin',(22.4,-16.9,0.3));
#11118=CARTESIAN_POINT('Origin',(28.5,-16.9,0.3));
#11119=CARTESIAN_POINT('',(28.2,-20.6476659402887,-3.4476659402887));
#11120=CARTESIAN_POINT('Origin',(28.2,-16.9,0.3));
#11121=CARTESIAN_POINT('',(28.6619254365626,-20.9600355485306,-3.10677433133866));
#11122=CARTESIAN_POINT('Origin',(28.2,-16.9,0.3));
#11123=CARTESIAN_POINT('',(28.2,-21.2415058347317,-2.73995511266055));
#11124=CARTESIAN_POINT('Origin',(28.2,-16.9,0.3));
#11125=CARTESIAN_POINT('',(28.6619254365626,-21.4899346400575,-2.35000000000001));
#11126=CARTESIAN_POINT('Origin',(28.2,-16.9,0.3));
#11127=CARTESIAN_POINT('',(28.2,-21.7034312712943,-1.93987678722571));
#11128=CARTESIAN_POINT('Origin',(28.2,-16.9,0.3));
#11129=CARTESIAN_POINT('',(28.6619254365626,-21.8803708901653,-1.51270675962604));
#11130=CARTESIAN_POINT('Origin',(28.2,-16.9,0.3));
#11131=CARTESIAN_POINT('',(28.2,-22.0194068793321,-1.07174093904336));
#11132=CARTESIAN_POINT('Origin',(28.2,-16.9,0.3));
#11133=CARTESIAN_POINT('',(28.6619254365626,-22.1194810909647,-0.620335341634733));
#11134=CARTESIAN_POINT('Origin',(28.2,-16.9,0.3));
#11135=CARTESIAN_POINT('',(28.2,-22.1798318998863,-0.161925436562589));
#11136=CARTESIAN_POINT('Origin',(28.2,-16.9,0.3));
#11137=CARTESIAN_POINT('',(28.6619254365626,-22.2,0.300000000000002));
#11138=CARTESIAN_POINT('Origin',(28.2,-16.9,0.3));
#11139=CARTESIAN_POINT('',(28.2,-22.1798318998863,0.761925436562587));
#11140=CARTESIAN_POINT('Origin',(28.2,-16.9,0.3));
#11141=CARTESIAN_POINT('',(28.6619254365626,-22.1194810909647,1.22033534163473));
#11142=CARTESIAN_POINT('Origin',(28.2,-16.9,0.3));
#11143=CARTESIAN_POINT('',(28.2,-22.0194068793321,1.67174093904336));
#11144=CARTESIAN_POINT('Origin',(28.2,-16.9,0.3));
#11145=CARTESIAN_POINT('',(28.6619254365626,-21.8803708901653,2.11270675962604));
#11146=CARTESIAN_POINT('Origin',(28.2,-16.9,0.3));
#11147=CARTESIAN_POINT('',(28.2,-21.7034312712943,2.53987678722571));
#11148=CARTESIAN_POINT('Origin',(28.2,-16.9,0.3));
#11149=CARTESIAN_POINT('',(28.6619254365626,-21.4899346400575,2.95000000000001));
#11150=CARTESIAN_POINT('Origin',(28.2,-16.9,0.3));
#11151=CARTESIAN_POINT('',(28.2,-21.2415058347317,3.33995511266055));
#11152=CARTESIAN_POINT('Origin',(28.2,-16.9,0.3));
#11153=CARTESIAN_POINT('',(28.6619254365626,-20.9600355485306,3.70677433133866));
#11154=CARTESIAN_POINT('Origin',(28.2,-16.9,0.3));
#11155=CARTESIAN_POINT('',(28.2,-20.6476659402887,4.0476659402887));
#11156=CARTESIAN_POINT('Origin',(28.2,-16.9,0.3));
#11157=CARTESIAN_POINT('',(28.6619254365626,-20.3067743313387,4.36003554853059));
#11158=CARTESIAN_POINT('Origin',(28.2,-16.9,0.3));
#11159=CARTESIAN_POINT('',(28.2,-19.9399551126606,4.64150583473166));
#11160=CARTESIAN_POINT('Origin',(28.2,-16.9,0.3));
#11161=CARTESIAN_POINT('',(28.6619254365626,-19.55,4.88993464005753));
#11162=CARTESIAN_POINT('Origin',(28.2,-16.9,0.3));
#11163=CARTESIAN_POINT('',(28.2,-19.1398767872257,5.10343127129425));
#11164=CARTESIAN_POINT('Origin',(28.2,-16.9,0.3));
#11165=CARTESIAN_POINT('',(28.6619254365626,-18.7127067596261,5.28037089016532));
#11166=CARTESIAN_POINT('Origin',(28.2,-16.9,0.3));
#11167=CARTESIAN_POINT('',(28.2,-18.2717409390434,5.41940687933207));
#11168=CARTESIAN_POINT('Origin',(28.2,-16.9,0.3));
#11169=CARTESIAN_POINT('',(28.6619254365626,-17.8203353416347,5.51948109096471));
#11170=CARTESIAN_POINT('Origin',(28.2,-16.9,0.3));
#11171=CARTESIAN_POINT('',(28.2,-17.3619254365626,5.57983189988625));
#11172=CARTESIAN_POINT('Origin',(28.2,-16.9,0.3));
#11173=CARTESIAN_POINT('',(28.6619254365626,-16.9,5.6));
#11174=CARTESIAN_POINT('Origin',(28.2,-16.9,0.3));
#11175=CARTESIAN_POINT('',(28.2,-16.4380745634374,5.57983189988625));
#11176=CARTESIAN_POINT('Origin',(28.2,-16.9,0.3));
#11177=CARTESIAN_POINT('',(28.6619254365626,-15.9796646583653,5.51948109096471));
#11178=CARTESIAN_POINT('Origin',(28.2,-16.9,0.3));
#11179=CARTESIAN_POINT('',(28.2,-15.5282590609567,5.41940687933206));
#11180=CARTESIAN_POINT('Origin',(28.2,-16.9,0.3));
#11181=CARTESIAN_POINT('',(28.6619254365626,-15.087293240374,5.28037089016532));
#11182=CARTESIAN_POINT('Origin',(28.2,-16.9,0.3));
#11183=CARTESIAN_POINT('',(28.2,-14.6601232127743,5.10343127129424));
#11184=CARTESIAN_POINT('Origin',(28.2,-16.9,0.3));
#11185=CARTESIAN_POINT('',(28.6619254365626,-14.25,4.88993464005752));
#11186=CARTESIAN_POINT('Origin',(28.2,-16.9,0.3));
#11187=CARTESIAN_POINT('',(28.2,-13.8600448873395,4.64150583473166));
#11188=CARTESIAN_POINT('Origin',(28.2,-16.9,0.3));
#11189=CARTESIAN_POINT('',(28.6619254365626,-13.4932256686613,4.36003554853058));
#11190=CARTESIAN_POINT('Origin',(28.2,-16.9,0.3));
#11191=CARTESIAN_POINT('',(28.2,-13.1523340597113,4.0476659402887));
#11192=CARTESIAN_POINT('Origin',(28.2,-16.9,0.3));
#11193=CARTESIAN_POINT('',(28.6619254365626,-12.8399644514694,3.70677433133866));
#11194=CARTESIAN_POINT('Origin',(28.2,-16.9,0.3));
#11195=CARTESIAN_POINT('',(28.2,-12.5584941652684,3.33995511266055));
#11196=CARTESIAN_POINT('Origin',(28.2,-16.9,0.3));
#11197=CARTESIAN_POINT('',(28.6619254365626,-12.3100653599425,2.95));
#11198=CARTESIAN_POINT('Origin',(28.2,-16.9,0.3));
#11199=CARTESIAN_POINT('',(28.2,-12.0965687287058,2.53987678722571));
#11200=CARTESIAN_POINT('Origin',(28.2,-16.9,0.3));
#11201=CARTESIAN_POINT('',(28.6619254365626,-11.9196291098347,2.11270675962604));
#11202=CARTESIAN_POINT('Origin',(28.2,-16.9,0.3));
#11203=CARTESIAN_POINT('',(28.2,-11.7805931206679,1.67174093904336));
#11204=CARTESIAN_POINT('Origin',(28.2,-16.9,0.3));
#11205=CARTESIAN_POINT('',(28.6619254365626,-11.6805189090353,1.22033534163473));
#11206=CARTESIAN_POINT('Origin',(28.2,-16.9,0.3));
#11207=CARTESIAN_POINT('',(28.2,-11.6201681001138,0.761925436562589));
#11208=CARTESIAN_POINT('Origin',(28.2,-16.9,0.3));
#11209=CARTESIAN_POINT('',(28.6619254365626,-11.6,0.299999999999993));
#11210=CARTESIAN_POINT('Origin',(28.2,-16.9,0.3));
#11211=CARTESIAN_POINT('',(28.2,-11.6201681001138,-0.161925436562587));
#11212=CARTESIAN_POINT('Origin',(28.2,-16.9,0.3));
#11213=CARTESIAN_POINT('',(28.6619254365626,-11.6805189090353,-0.620335341634729));
#11214=CARTESIAN_POINT('Origin',(28.2,-16.9,0.3));
#11215=CARTESIAN_POINT('',(28.2,-11.7805931206679,-1.07174093904336));
#11216=CARTESIAN_POINT('Origin',(28.2,-16.9,0.3));
#11217=CARTESIAN_POINT('',(28.6619254365626,-11.9196291098347,-1.51270675962605));
#11218=CARTESIAN_POINT('Origin',(28.2,-16.9,0.3));
#11219=CARTESIAN_POINT('',(28.2,-12.0965687287058,-1.93987678722571));
#11220=CARTESIAN_POINT('Origin',(28.2,-16.9,0.3));
#11221=CARTESIAN_POINT('',(28.6619254365626,-12.3100653599425,-2.35));
#11222=CARTESIAN_POINT('Origin',(28.2,-16.9,0.3));
#11223=CARTESIAN_POINT('',(28.2,-12.5584941652684,-2.73995511266055));
#11224=CARTESIAN_POINT('Origin',(28.2,-16.9,0.3));
#11225=CARTESIAN_POINT('',(28.6619254365626,-12.8399644514694,-3.10677433133866));
#11226=CARTESIAN_POINT('Origin',(28.2,-16.9,0.3));
#11227=CARTESIAN_POINT('',(28.2,-13.1523340597113,-3.4476659402887));
#11228=CARTESIAN_POINT('Origin',(28.2,-16.9,0.3));
#11229=CARTESIAN_POINT('',(28.2,-12.6,-2.79838667696593));
#11230=CARTESIAN_POINT('Origin',(28.2,-16.9,0.3));
#11231=CARTESIAN_POINT('',(27.2,-11.6,0.3));
#11232=CARTESIAN_POINT('Ctrl Pts',(28.2,-12.6,-2.79838667696593));
#11233=CARTESIAN_POINT('Ctrl Pts',(28.2,-12.3104686991501,-2.39656962717348));
#11234=CARTESIAN_POINT('Ctrl Pts',(28.0613892647125,-12.0471757023394,-1.88210416043488));
#11235=CARTESIAN_POINT('Ctrl Pts',(27.7207122300587,-11.7064986676856,-0.900341149513855));
#11236=CARTESIAN_POINT('Ctrl Pts',(27.4383867381586,-11.6,-0.248807485124371));
#11237=CARTESIAN_POINT('Ctrl Pts',(27.2,-11.6,0.3));
#11238=CARTESIAN_POINT('',(22.2,-11.6,0.3));
#11239=CARTESIAN_POINT('Origin',(27.2,-12.6,-2.35));
#11240=CARTESIAN_POINT('',(27.2,-11.6,-2.35));
#11241=CARTESIAN_POINT('',(28.2,-12.6,-2.35));
#11242=CARTESIAN_POINT('Origin',(28.412132034356,-16.3269788596764,4.41571947206588));
#11243=CARTESIAN_POINT('',(28.5926506315782,-16.1176870448455,4.7367172396976));
#11244=CARTESIAN_POINT('',(28.5608020341109,-16.1811418531161,4.37684713930708));
#11245=CARTESIAN_POINT('',(28.2,-16.638532771757,3.28858409427524));
#11246=CARTESIAN_POINT('',(28.2,-16.7191518337986,2.36710399854037));
#11247=CARTESIAN_POINT('Ctrl Pts',(28.5926506315774,-16.1176870448456,4.73671723969757));
#11248=CARTESIAN_POINT('Ctrl Pts',(28.357311589157,-16.4292624682803,3.87560654182556));
#11249=CARTESIAN_POINT('Ctrl Pts',(28.19999999994,-16.6385327716109,3.28858409423922));
#11250=CARTESIAN_POINT('Origin',(28.5,-16.9,0.3));
#11251=CARTESIAN_POINT('',(28.2,-16.1235428646924,3.1977774788672));
#11252=CARTESIAN_POINT('Ctrl Pts',(28.5926506315782,-16.1176870448455,4.73671723969737));
#11253=CARTESIAN_POINT('Ctrl Pts',(28.3573115891595,-16.1194191229315,3.82097280025265));
#11254=CARTESIAN_POINT('Ctrl Pts',(28.1999999999432,-16.1235428648015,3.19777747888226));
#11255=CARTESIAN_POINT('Origin',(28.2,-16.9,0.3));
#11256=CARTESIAN_POINT('Origin',(28.412132034356,-16.0308047733922,4.3634959896673));
#11257=CARTESIAN_POINT('',(28.2,-16.3629504814123,2.30429608954982));
#11258=CARTESIAN_POINT('Origin',(28.2,-16.9,0.300000000000001));
#11259=CARTESIAN_POINT('',(28.2,-17.161467228243,3.28858409427524));
#11260=CARTESIAN_POINT('Origin',(28.2,-16.9,0.3));
#11261=CARTESIAN_POINT('',(28.2,-17.6764571353076,3.19777747886721));
#11262=CARTESIAN_POINT('Origin',(28.2,-16.9,0.3));
#11263=CARTESIAN_POINT('',(28.2,-18.1678547852221,3.01892336110995));
#11264=CARTESIAN_POINT('Origin',(28.2,-16.9,0.3));
#11265=CARTESIAN_POINT('',(28.2,-18.6207293090532,2.75745613286697));
#11266=CARTESIAN_POINT('Origin',(28.2,-16.9,0.3));
#11267=CARTESIAN_POINT('',(28.2,-19.0213203435597,2.42132034355964));
#11268=CARTESIAN_POINT('Origin',(28.2,-16.9,0.3));
#11269=CARTESIAN_POINT('',(28.2,-19.357456132867,2.02072930905314));
#11270=CARTESIAN_POINT('Origin',(28.2,-16.9,0.3));
#11271=CARTESIAN_POINT('',(28.2,-19.61892336111,1.5678547852221));
#11272=CARTESIAN_POINT('Origin',(28.2,-16.9,0.3));
#11273=CARTESIAN_POINT('',(28.2,-19.7977774788672,1.07645713530756));
#11274=CARTESIAN_POINT('Origin',(28.2,-16.9,0.3));
#11275=CARTESIAN_POINT('',(28.2,-19.8885840942753,0.561467228242973));
#11276=CARTESIAN_POINT('Origin',(28.2,-16.9,0.3));
#11277=CARTESIAN_POINT('',(28.2,-19.8885840942753,0.038532771757025));
#11278=CARTESIAN_POINT('Origin',(28.2,-16.9,0.3));
#11279=CARTESIAN_POINT('',(28.2,-19.7977774788672,-0.476457135307562));
#11280=CARTESIAN_POINT('Origin',(28.2,-16.9,0.3));
#11281=CARTESIAN_POINT('',(28.2,-19.61892336111,-0.967854785222098));
#11282=CARTESIAN_POINT('Origin',(28.2,-16.9,0.3));
#11283=CARTESIAN_POINT('',(28.2,-19.357456132867,-1.42072930905314));
#11284=CARTESIAN_POINT('Origin',(28.2,-16.9,0.3));
#11285=CARTESIAN_POINT('',(28.2,-19.0213203435597,-1.82132034355964));
#11286=CARTESIAN_POINT('Origin',(28.2,-16.9,0.3));
#11287=CARTESIAN_POINT('',(28.2,-18.6207293090532,-2.15745613286698));
#11288=CARTESIAN_POINT('Origin',(28.2,-16.9,0.3));
#11289=CARTESIAN_POINT('',(28.2,-18.1678547852221,-2.41892336110995));
#11290=CARTESIAN_POINT('Origin',(28.2,-16.9,0.3));
#11291=CARTESIAN_POINT('Origin',(28.2,-16.9,0.3));
#11292=CARTESIAN_POINT('Origin',(28.2,-16.9,0.3));
#11293=CARTESIAN_POINT('Origin',(28.2,-16.9,0.3));
#11294=CARTESIAN_POINT('',(28.2,-14.7786796564404,-1.82132034355964));
#11295=CARTESIAN_POINT('Origin',(28.2,-16.9,0.3));
#11296=CARTESIAN_POINT('',(28.2,-14.442543867133,-1.42072930905314));
#11297=CARTESIAN_POINT('Origin',(28.2,-16.9,0.3));
#11298=CARTESIAN_POINT('',(28.2,-14.1810766388901,-0.967854785222098));
#11299=CARTESIAN_POINT('Origin',(28.2,-16.9,0.3));
#11300=CARTESIAN_POINT('',(28.2,-14.0022225211328,-0.476457135307564));
#11301=CARTESIAN_POINT('Origin',(28.2,-16.9,0.3));
#11302=CARTESIAN_POINT('',(28.2,-13.9114159057248,0.0385327717570294));
#11303=CARTESIAN_POINT('Origin',(28.2,-16.9,0.3));
#11304=CARTESIAN_POINT('',(28.2,-13.9114159057248,0.561467228242976));
#11305=CARTESIAN_POINT('Origin',(28.2,-16.9,0.3));
#11306=CARTESIAN_POINT('',(28.2,-14.0022225211328,1.07645713530756));
#11307=CARTESIAN_POINT('Origin',(28.2,-16.9,0.3));
#11308=CARTESIAN_POINT('',(28.2,-14.1810766388901,1.5678547852221));
#11309=CARTESIAN_POINT('Origin',(28.2,-16.9,0.3));
#11310=CARTESIAN_POINT('',(28.2,-14.442543867133,2.02072930905314));
#11311=CARTESIAN_POINT('Origin',(28.2,-16.9,0.3));
#11312=CARTESIAN_POINT('',(28.2,-14.7786796564404,2.42132034355964));
#11313=CARTESIAN_POINT('Origin',(28.2,-16.9,0.3));
#11314=CARTESIAN_POINT('',(28.2,-15.1792706909469,2.75745613286698));
#11315=CARTESIAN_POINT('Origin',(28.2,-16.9,0.3));
#11316=CARTESIAN_POINT('',(28.2,-15.6321452147779,3.01892336110995));
#11317=CARTESIAN_POINT('Origin',(28.2,-16.9,0.3));
#11318=CARTESIAN_POINT('Origin',(28.2,-16.9,0.3));
#11319=CARTESIAN_POINT('',(28.2,-19.2,0.3));
#11320=CARTESIAN_POINT('Origin',(28.2,-16.9,0.3));
#11321=CARTESIAN_POINT('Origin',(28.412132034356,-15.6209971522569,4.25368836853197));
#11322=CARTESIAN_POINT('',(28.5926506318138,-15.3591442726142,4.53346631737657));
#11323=CARTESIAN_POINT('',(28.5608020341109,-15.4841258472654,4.19008226342782));
#11324=CARTESIAN_POINT('Ctrl Pts',(28.5926506318138,-15.3591442726144,4.53346631737637));
#11325=CARTESIAN_POINT('Ctrl Pts',(28.3573115892371,-15.8155164690183,3.73954232987077));
#11326=CARTESIAN_POINT('Ctrl Pts',(28.199999999946,-16.1235428646328,3.19777747884896));
#11327=CARTESIAN_POINT('Origin',(28.5,-16.9,0.3));
#11328=CARTESIAN_POINT('Ctrl Pts',(28.5926506319223,-15.359144272624,4.53346631734972));
#11329=CARTESIAN_POINT('Ctrl Pts',(28.3573115893479,-15.5198673897713,3.631934865224));
#11330=CARTESIAN_POINT('Ctrl Pts',(28.2000000000568,-15.6321452146721,3.01892336107597));
#11331=CARTESIAN_POINT('Origin',(28.412132034356,-15.3383911283928,4.15082818782113));
#11332=CARTESIAN_POINT('',(28.2,-16.0230671068881,2.18058865810105));
#11333=CARTESIAN_POINT('Origin',(28.412132034356,-14.9538772991594,3.97152644458306));
#11334=CARTESIAN_POINT('',(28.5926506318264,-14.6474196222144,4.20158366244641));
#11335=CARTESIAN_POINT('',(28.5608020341109,-14.8301304610787,3.88511920645092));
#11336=CARTESIAN_POINT('Ctrl Pts',(28.5926506319371,-14.647419622229,4.20158366242121));
#11337=CARTESIAN_POINT('Ctrl Pts',(28.35731158935,-15.2347219531645,3.49896936444582));
#11338=CARTESIAN_POINT('Ctrl Pts',(28.200000000053,-15.6321452148098,3.01892336111895));
#11339=CARTESIAN_POINT('Origin',(28.5,-16.9,0.3));
#11340=CARTESIAN_POINT('Ctrl Pts',(28.5926506318264,-14.6474196222145,4.2015836624462));
#11341=CARTESIAN_POINT('Ctrl Pts',(28.3573115892447,-14.9622502878568,3.34165777517414));
#11342=CARTESIAN_POINT('Ctrl Pts',(28.199999999951,-15.1792706909082,2.75745613286582));
#11343=CARTESIAN_POINT('Origin',(28.412132034356,-14.693426178745,3.8211549201011));
#11344=CARTESIAN_POINT('',(28.2,-15.7098288945716,1.99974049189966));
#11345=CARTESIAN_POINT('Origin',(28.412132034356,-14.3458893995413,3.57780704749753));
#11346=CARTESIAN_POINT('',(28.5926506317922,-14.0041384867185,3.75115336200742));
#11347=CARTESIAN_POINT('',(28.5608020341109,-14.2390270134276,3.47122411654386));
#11348=CARTESIAN_POINT('Ctrl Pts',(28.5926506317922,-14.0041384867187,3.75115336200727));
#11349=CARTESIAN_POINT('Ctrl Pts',(28.3573115892311,-14.7045260679617,3.16119733354568));
#11350=CARTESIAN_POINT('Ctrl Pts',(28.1999999999473,-15.1792706909013,2.75745613283394));
#11351=CARTESIAN_POINT('Origin',(28.5,-16.9,0.3));
#11352=CARTESIAN_POINT('Ctrl Pts',(28.5926506319001,-14.0041384867367,3.75115336198565));
#11353=CARTESIAN_POINT('Ctrl Pts',(28.3573115893394,-14.463510730351,2.95896145262609));
#11354=CARTESIAN_POINT('Ctrl Pts',(28.2000000000549,-14.7786796563827,2.42132034350979));
#11355=CARTESIAN_POINT('Origin',(28.412132034356,-14.1155068580758,3.38449314192417));
#11356=CARTESIAN_POINT('',(28.2,-15.4327534290379,1.76724657096209));
#11357=CARTESIAN_POINT('Origin',(28.412132034356,-13.8155068580758,3.08449314192418));
#11358=CARTESIAN_POINT('',(28.5926506315668,-13.4488466384926,3.19586151254214));
#11359=CARTESIAN_POINT('',(28.5608020341109,-13.7287758834561,2.96097298657245));
#11360=CARTESIAN_POINT('Ctrl Pts',(28.5926506315667,-13.4488466384928,3.19586151254202));
#11361=CARTESIAN_POINT('Ctrl Pts',(28.3573115891467,-14.2410385473829,2.73648926919829));
#11362=CARTESIAN_POINT('Ctrl Pts',(28.19999999993,-14.7786796562685,2.42132034330136));
#11363=CARTESIAN_POINT('Origin',(28.5,-16.9,0.3));
#11364=CARTESIAN_POINT('Ctrl Pts',(28.5926506316764,-13.4488466385147,3.19586151252356));
#11365=CARTESIAN_POINT('Ctrl Pts',(28.3573115892662,-14.0388026665934,2.49547393173273));
#11366=CARTESIAN_POINT('Ctrl Pts',(28.2000000000531,-14.4425438671102,2.02072930901607));
#11367=CARTESIAN_POINT('Origin',(28.412132034356,-13.6221929525025,2.85411060045871));
#11368=CARTESIAN_POINT('',(28.2,-15.2002595081004,1.49017110542842));
#11369=CARTESIAN_POINT('Origin',(28.412132034356,-13.3788450798989,2.50657382125498));
#11370=CARTESIAN_POINT('',(28.5926506315543,-12.9984163384388,2.55258037722635));
#11371=CARTESIAN_POINT('',(28.5608020341109,-13.3148807935491,2.36986953892134));
#11372=CARTESIAN_POINT('Ctrl Pts',(28.5926506315543,-12.9984163384391,2.55258037722626));
#11373=CARTESIAN_POINT('Ctrl Pts',(28.3573115891485,-13.8583422250671,2.2377497118201));
#11374=CARTESIAN_POINT('Ctrl Pts',(28.1999999999384,-14.442543867056,2.02072930889035));
#11375=CARTESIAN_POINT('Origin',(28.5,-16.9,0.3));
#11376=CARTESIAN_POINT('Ctrl Pts',(28.5926506315542,-12.998416338439,2.5525803772262));
#11377=CARTESIAN_POINT('Ctrl Pts',(28.3573115891514,-13.7010306358786,1.96527804674382));
#11378=CARTESIAN_POINT('Ctrl Pts',(28.1999999999426,-14.1810766389488,1.56785478531572));
#11379=CARTESIAN_POINT('Origin',(28.412132034356,-13.2284735554169,2.24612270084064));
#11380=CARTESIAN_POINT('',(28.2,-15.019411341899,1.17693289311195));
#11381=CARTESIAN_POINT('Origin',(28.412132034356,-13.0491718121789,1.86160887160717));
#11382=CARTESIAN_POINT('',(28.5926506318013,-12.6665336826353,1.84085572727947));
#11383=CARTESIAN_POINT('',(28.5608020341109,-13.0099177365722,1.71587415273462));
#11384=CARTESIAN_POINT('Ctrl Pts',(28.5926506318014,-12.6665336826356,1.84085572727941));
#11385=CARTESIAN_POINT('Ctrl Pts',(28.357311589236,-13.5680651347363,1.68013261013366));
#11386=CARTESIAN_POINT('Ctrl Pts',(28.1999999999501,-14.1810766388787,1.5678547852299));
#11387=CARTESIAN_POINT('Origin',(28.5,-16.9,0.3));
#11388=CARTESIAN_POINT('Ctrl Pts',(28.5926506318012,-12.6665336826355,1.84085572727935));
#11389=CARTESIAN_POINT('Ctrl Pts',(28.3573115892367,-13.4604576701038,1.38448353089791));
#11390=CARTESIAN_POINT('Ctrl Pts',(28.1999999999511,-14.0022225211105,1.07645713529331));
#11391=CARTESIAN_POINT('Origin',(28.412132034356,-12.946311631468,1.57900284774312));
#11392=CARTESIAN_POINT('',(28.2,-14.8957039104502,0.83704951858773));
#11393=CARTESIAN_POINT('Origin',(28.412132034356,-12.8365040103327,1.1691952266078));
#11394=CARTESIAN_POINT('',(28.5926506318437,-12.4632827593162,1.08231295541471));
#11395=CARTESIAN_POINT('',(28.5608020341109,-12.8231528606929,1.01885814688396));
#11396=CARTESIAN_POINT('Ctrl Pts',(28.5926506318437,-12.4632827593164,1.08231295541471));
#11397=CARTESIAN_POINT('Ctrl Pts',(28.3573115892559,-13.379027199422,1.08058087732678));
#11398=CARTESIAN_POINT('Ctrl Pts',(28.1999999999592,-14.0022225211235,1.07645713545132));
#11399=CARTESIAN_POINT('Origin',(28.5,-16.9,0.3));
#11400=CARTESIAN_POINT('Ctrl Pts',(28.5926506318436,-12.4632827593164,1.08231295541464));
#11401=CARTESIAN_POINT('Ctrl Pts',(28.3573115892471,-13.3243934578297,0.770737531746995));
#11402=CARTESIAN_POINT('Ctrl Pts',(28.1999999999465,-13.9114159057325,0.561467228304835));
#11403=CARTESIAN_POINT('Origin',(28.412132034356,-12.7842805279341,0.873021140323604));
#11404=CARTESIAN_POINT('',(28.2,-14.8328960014596,0.480848166201391));
#11405=CARTESIAN_POINT('Origin',(28.412132034356,-12.7473034779044,0.450371524481958));
#11406=CARTESIAN_POINT('',(28.5926506318648,-12.3948392442984,0.299999999964729));
#11407=CARTESIAN_POINT('',(28.5608020341109,-12.7602609221573,0.299999999999994));
#11408=CARTESIAN_POINT('Ctrl Pts',(28.5926506318647,-12.3948392442986,0.299999999964769));
#11409=CARTESIAN_POINT('Ctrl Pts',(28.3573115892575,-13.2969722409654,0.457311589281282));
#11410=CARTESIAN_POINT('Ctrl Pts',(28.1999999999518,-13.9114159057093,0.561467228261477));
#11411=CARTESIAN_POINT('Origin',(28.5,-16.9,0.3));
#11412=CARTESIAN_POINT('Ctrl Pts',(28.5926506319731,-12.3948392443269,0.299999999964687));
#11413=CARTESIAN_POINT('Ctrl Pts',(28.3573115893638,-13.2969722409901,0.142688410645663));
#11414=CARTESIAN_POINT('Ctrl Pts',(28.2000000000562,-13.9114159057232,0.0385327716627421));
#11415=CARTESIAN_POINT('Origin',(28.412132034356,-12.7473034779044,0.14962847551804));
#11416=CARTESIAN_POINT('',(28.2,-14.8328960014596,0.11915183379861));
#11417=CARTESIAN_POINT('Origin',(28.412132034356,-12.7842805279341,-0.273021140323602));
#11418=CARTESIAN_POINT('',(28.5926506315275,-12.4632827604876,-0.482312955108291));
#11419=CARTESIAN_POINT('',(28.5608020341109,-12.8231528606929,-0.418858146883956));
#11420=CARTESIAN_POINT('Ctrl Pts',(28.5926506315275,-12.4632827604878,-0.482312955108206));
#11421=CARTESIAN_POINT('Ctrl Pts',(28.35731158914,-13.3243934582399,-0.170737531716942));
#11422=CARTESIAN_POINT('Ctrl Pts',(28.1999999999386,-13.9114159057669,0.0385327715927078));
#11423=CARTESIAN_POINT('Origin',(28.5,-16.9,0.3));
#11424=CARTESIAN_POINT('Ctrl Pts',(28.5926506315275,-12.4632827604878,-0.48231295510829));
#11425=CARTESIAN_POINT('Ctrl Pts',(28.3573115891406,-13.3790271998083,-0.480580877022729));
#11426=CARTESIAN_POINT('Ctrl Pts',(28.1999999999395,-14.0022225211165,-0.476457135153682));
#11427=CARTESIAN_POINT('Origin',(28.412132034356,-12.8365040103327,-0.569195226607797));
#11428=CARTESIAN_POINT('',(28.2,-14.8957039104502,-0.237049518587732));
#11429=CARTESIAN_POINT('Origin',(28.412132034356,-12.946311631468,-0.979002847743125));
#11430=CARTESIAN_POINT('',(28.5926506318476,-12.6665336824285,-1.24085572722093));
#11431=CARTESIAN_POINT('',(28.5608020341109,-13.0099177365722,-1.11587415273462));
#11432=CARTESIAN_POINT('Ctrl Pts',(28.5926506318475,-12.6665336824287,-1.24085572722082));
#11433=CARTESIAN_POINT('Ctrl Pts',(28.3573115892585,-13.4604576699838,-0.784483530790762));
#11434=CARTESIAN_POINT('Ctrl Pts',(28.1999999999611,-14.0022225210383,-0.476457135161172));
#11435=CARTESIAN_POINT('Origin',(28.5,-16.9,0.3));
#11436=CARTESIAN_POINT('Ctrl Pts',(28.5926506318475,-12.6665336824287,-1.2408557272209));
#11437=CARTESIAN_POINT('Ctrl Pts',(28.3573115892473,-13.5680651346586,-1.08013261005325));
#11438=CARTESIAN_POINT('Ctrl Pts',(28.199999999945,-14.1810766388609,-0.967854785139737));
#11439=CARTESIAN_POINT('Origin',(28.412132034356,-13.0491718121789,-1.26160887160717));
#11440=CARTESIAN_POINT('',(28.2,-15.019411341899,-0.576932893111953));
#11441=CARTESIAN_POINT('Origin',(28.412132034356,-13.228473555417,-1.64612270084064));
#11442=CARTESIAN_POINT('',(28.5926506317389,-12.9984163378989,-1.95258037770332));
#11443=CARTESIAN_POINT('',(28.5608020341109,-13.3148807935491,-1.76986953892134));
#11444=CARTESIAN_POINT('Ctrl Pts',(28.5926506318484,-12.9984163379238,-1.95258037768889));
#11445=CARTESIAN_POINT('Ctrl Pts',(28.3573115893147,-13.7010306357362,-1.36527804688842));
#11446=CARTESIAN_POINT('Ctrl Pts',(28.2000000000433,-14.1810766389779,-0.967854785311091));
#11447=CARTESIAN_POINT('Origin',(28.5,-16.9,0.3));
#11448=CARTESIAN_POINT('Ctrl Pts',(28.5926506317389,-12.9984163378991,-1.95258037770324));
#11449=CARTESIAN_POINT('Ctrl Pts',(28.3573115892191,-13.8583422249479,-1.63774971214168));
#11450=CARTESIAN_POINT('Ctrl Pts',(28.1999999999547,-14.4425438671492,-1.42072930912948));
#11451=CARTESIAN_POINT('Origin',(28.412132034356,-13.3788450798989,-1.90657382125498));
#11452=CARTESIAN_POINT('',(28.2,-15.2002595081004,-0.890171105428422));
#11453=CARTESIAN_POINT('Origin',(28.412132034356,-13.6221929525025,-2.25411060045871));
#11454=CARTESIAN_POINT('',(28.5926506314802,-13.448846638771,-2.59586151236101));
#11455=CARTESIAN_POINT('',(28.5608020341109,-13.7287758834562,-2.36097298657245));
#11456=CARTESIAN_POINT('Ctrl Pts',(28.5926506314801,-13.4488466387711,-2.59586151236084));
#11457=CARTESIAN_POINT('Ctrl Pts',(28.3573115891292,-14.0388026667118,-1.89547393173911));
#11458=CARTESIAN_POINT('Ctrl Pts',(28.1999999999451,-14.4425438671674,-1.42072930910059));
#11459=CARTESIAN_POINT('Origin',(28.5,-16.9,0.3));
#11460=CARTESIAN_POINT('Ctrl Pts',(28.5926506314804,-13.4488466387712,-2.59586151236085));
#11461=CARTESIAN_POINT('Ctrl Pts',(28.3573115891181,-14.2410385474682,-2.13648926912864));
#11462=CARTESIAN_POINT('Ctrl Pts',(28.1999999999287,-14.7786796562598,-1.8213203432871));
#11463=CARTESIAN_POINT('Origin',(28.412132034356,-13.8155068580758,-2.48449314192418));
#11464=CARTESIAN_POINT('',(28.2,-15.4327534290379,-1.16724657096209));
#11465=CARTESIAN_POINT('Origin',(28.412132034356,-14.1155068580758,-2.78449314192417));
#11466=CARTESIAN_POINT('',(28.6619254365626,-13.4932256686614,-3.76003554853059));
#11467=CARTESIAN_POINT('',(28.5926506317082,-14.0041384870712,-3.15115336188968));
#11468=CARTESIAN_POINT('',(28.5608020341109,-14.2390270134276,-2.87122411654386));
#11469=CARTESIAN_POINT('Origin',(28.2,-16.9,0.3));
#11470=CARTESIAN_POINT('Ctrl Pts',(28.5926506317088,-14.0041384870714,-3.15115336188935));
#11471=CARTESIAN_POINT('Ctrl Pts',(28.3573115891989,-14.4635107305917,-2.35896145269566));
#11472=CARTESIAN_POINT('Ctrl Pts',(28.1999999999395,-14.7786796565794,-1.82132034365885));
#11473=CARTESIAN_POINT('Origin',(28.5,-16.9,0.3));
#11474=CARTESIAN_POINT('Origin',(28.2,-16.9,0.3));
#11475=CARTESIAN_POINT('Origin',(28.2,-16.9,0.3));
#11476=CARTESIAN_POINT('Origin',(28.5,-16.9,0.3));
#11477=CARTESIAN_POINT('Ctrl Pts',(28.5926506317081,-14.0041384870714,-3.15115336188953));
#11478=CARTESIAN_POINT('Ctrl Pts',(28.3573115892089,-14.7045260681343,-2.56119733357733));
#11479=CARTESIAN_POINT('Ctrl Pts',(28.1999999999543,-15.1792706909896,-2.15745613293502));
#11480=CARTESIAN_POINT('Origin',(28.412132034356,-14.3458893995413,-2.97780704749753));
#11481=CARTESIAN_POINT('Origin',(28.5,-16.9,0.3));
#11482=CARTESIAN_POINT('Origin',(28.2,-16.9,0.3));
#11483=CARTESIAN_POINT('Origin',(28.5,-16.9,0.3));
#11484=CARTESIAN_POINT('Origin',(28.5,-16.9,0.3));
#11485=CARTESIAN_POINT('Origin',(28.2,-16.9,0.300000000000001));
#11486=CARTESIAN_POINT('Origin',(28.5,-16.9,0.3));
#11487=CARTESIAN_POINT('Ctrl Pts',(28.592650631906,-18.4408557273009,-3.93346631778234));
#11488=CARTESIAN_POINT('Ctrl Pts',(28.3573115892677,-18.2801326101072,-3.03193486540599));
#11489=CARTESIAN_POINT('Ctrl Pts',(28.1999999999472,-18.1678547851799,-2.41892336113124));
#11490=CARTESIAN_POINT('Origin',(28.412132034356,-18.4616088716072,-3.55082818782114));
#11491=CARTESIAN_POINT('',(28.2,-17.776932893112,-1.58058865810105));
#11492=CARTESIAN_POINT('Origin',(28.412132034356,-18.8461227008406,-3.37152644458306));
#11493=CARTESIAN_POINT('',(28.6619254365626,-19.55,-4.28993464005753));
#11494=CARTESIAN_POINT('',(28.5926506318255,-19.1525803776192,-3.60158366201907));
#11495=CARTESIAN_POINT('',(28.5608020341109,-18.9698695389213,-3.28511920645092));
#11496=CARTESIAN_POINT('Origin',(28.2,-16.9,0.3));
#11497=CARTESIAN_POINT('Ctrl Pts',(28.5926506318253,-19.1525803776191,-3.60158366201892));
#11498=CARTESIAN_POINT('Ctrl Pts',(28.3573115893074,-18.5652780468573,-2.89896936425233));
#11499=CARTESIAN_POINT('Ctrl Pts',(28.2000000000434,-18.1678547852984,-2.41892336103255));
#11500=CARTESIAN_POINT('Origin',(28.5,-16.9,0.3));
#11501=CARTESIAN_POINT('',(28.2,-19.9399551126606,-4.04150583473166));
#11502=CARTESIAN_POINT('Origin',(28.2,-16.9,0.3));
#11503=CARTESIAN_POINT('Origin',(28.2,-16.9,0.3));
#11504=CARTESIAN_POINT('Origin',(28.5,-16.9,0.3));
#11505=CARTESIAN_POINT('Ctrl Pts',(28.5926506318255,-19.1525803776191,-3.60158366201885));
#11506=CARTESIAN_POINT('Ctrl Pts',(28.3573115893137,-18.8377497120773,-2.74165777501224));
#11507=CARTESIAN_POINT('Ctrl Pts',(28.2000000000525,-18.6207293090828,-2.15745613284183));
#11508=CARTESIAN_POINT('Origin',(28.412132034356,-19.106573821255,-3.22115492010111));
#11509=CARTESIAN_POINT('',(28.2,-18.0901711054284,-1.39974049189966));
#11510=CARTESIAN_POINT('Origin',(28.412132034356,-19.4541106004587,-2.97780704749753));
#11511=CARTESIAN_POINT('',(28.6619254365626,-20.3067743313387,-3.76003554853058));
#11512=CARTESIAN_POINT('',(28.592650631461,-19.7958615123329,-3.15115336114892));
#11513=CARTESIAN_POINT('',(28.5608020341109,-19.5609729865725,-2.87122411654386));
#11514=CARTESIAN_POINT('Origin',(28.2,-16.9,0.3));
#11515=CARTESIAN_POINT('Ctrl Pts',(28.5926506314609,-19.7958615123328,-3.15115336114878));
#11516=CARTESIAN_POINT('Ctrl Pts',(28.3573115891222,-19.095473931748,-2.56119733323964));
#11517=CARTESIAN_POINT('Ctrl Pts',(28.1999999999439,-18.6207293091282,-2.15745613280058));
#11518=CARTESIAN_POINT('Origin',(28.5,-16.9,0.3));
#11519=CARTESIAN_POINT('Origin',(28.2,-16.9,0.3));
#11520=CARTESIAN_POINT('Origin',(28.2,-16.9,0.3));
#11521=CARTESIAN_POINT('Origin',(28.5,-16.9,0.3));
#11522=CARTESIAN_POINT('Ctrl Pts',(28.5926506314599,-19.795861512333,-3.15115336114893));
#11523=CARTESIAN_POINT('Ctrl Pts',(28.3573115891121,-19.3364892691287,-2.35896145250055));
#11524=CARTESIAN_POINT('Ctrl Pts',(28.1999999999298,-19.0213203433004,-1.82132034373215));
#11525=CARTESIAN_POINT('Origin',(28.412132034356,-19.6844931419242,-2.78449314192417));
#11526=CARTESIAN_POINT('',(28.2,-18.3672465709621,-1.16724657096209));
#11527=CARTESIAN_POINT('Origin',(28.412132034356,-19.9844931419242,-2.48449314192417));
#11528=CARTESIAN_POINT('',(28.5926506316316,-20.3511533616362,-2.5958615127666));
#11529=CARTESIAN_POINT('',(28.5608020341109,-20.0712241165439,-2.36097298657245));
#11530=CARTESIAN_POINT('Ctrl Pts',(28.5926506316305,-20.3511533616362,-2.59586151276666));
#11531=CARTESIAN_POINT('Ctrl Pts',(28.3573115891729,-19.5589614526172,-2.13648926934723));
#11532=CARTESIAN_POINT('Ctrl Pts',(28.1999999999382,-19.0213203436656,-1.82132034340974));
#11533=CARTESIAN_POINT('Origin',(28.5,-16.9,0.3));
#11534=CARTESIAN_POINT('Ctrl Pts',(28.5926506316316,-20.351153361636,-2.59586151276642));
#11535=CARTESIAN_POINT('Ctrl Pts',(28.3573115891814,-19.7611973334479,-1.89547393185028));
#11536=CARTESIAN_POINT('Ctrl Pts',(28.1999999999501,-19.3574561328691,-1.42072930906787));
#11537=CARTESIAN_POINT('Origin',(28.412132034356,-20.1778070474975,-2.25411060045871));
#11538=CARTESIAN_POINT('',(28.2,-18.5997404918997,-0.890171105428421));
#11539=CARTESIAN_POINT('Origin',(28.412132034356,-20.4211549201011,-1.90657382125498));
#11540=CARTESIAN_POINT('',(28.5926506319549,-20.8015836625049,-1.9525803777729));
#11541=CARTESIAN_POINT('',(28.5608020341109,-20.4851192064509,-1.76986953892134));
#11542=CARTESIAN_POINT('Ctrl Pts',(28.5926506319559,-20.8015836625044,-1.9525803777727));
#11543=CARTESIAN_POINT('Ctrl Pts',(28.3573115893552,-19.9416577751759,-1.63774971211402));
#11544=CARTESIAN_POINT('Ctrl Pts',(28.2000000000518,-19.3574561328498,-1.42072930906203));
#11545=CARTESIAN_POINT('Origin',(28.5,-16.9,0.3));
#11546=CARTESIAN_POINT('Ctrl Pts',(28.5926506319549,-20.8015836625047,-1.95258037777276));
#11547=CARTESIAN_POINT('Ctrl Pts',(28.357311589357,-20.0989693644959,-1.36527804680981));
#11548=CARTESIAN_POINT('Ctrl Pts',(28.2000000000549,-19.6189233611512,-0.967854785150623));
#11549=CARTESIAN_POINT('Origin',(28.412132034356,-20.5715264445831,-1.64612270084064));
#11550=CARTESIAN_POINT('',(28.2,-18.7805886581011,-0.576932893111948));
#11551=CARTESIAN_POINT('Origin',(28.412132034356,-20.7508281878211,-1.26160887160717));
#11552=CARTESIAN_POINT('',(28.5926506318078,-21.1334663173882,-1.24085572727662));
#11553=CARTESIAN_POINT('',(28.5608020341109,-20.7900822634278,-1.11587415273462));
#11554=CARTESIAN_POINT('Ctrl Pts',(28.5926506319155,-21.1334663173616,-1.24085572726696));
#11555=CARTESIAN_POINT('Ctrl Pts',(28.3573115893411,-20.2319348652394,-1.08013261012124));
#11556=CARTESIAN_POINT('Ctrl Pts',(28.2000000000501,-19.6189233610969,-0.967854785222969));
#11557=CARTESIAN_POINT('Origin',(28.5,-16.9,0.3));
#11558=CARTESIAN_POINT('Ctrl Pts',(28.5926506318078,-21.133466317388,-1.24085572727651));
#11559=CARTESIAN_POINT('Ctrl Pts',(28.35731158924,-20.3395423299087,-0.784483530888782));
#11560=CARTESIAN_POINT('Ctrl Pts',(28.1999999999529,-19.797777478896,-0.476457135280976));
#11561=CARTESIAN_POINT('Origin',(28.412132034356,-20.853688368532,-0.979002847743122));
#11562=CARTESIAN_POINT('',(28.2,-18.9042960895498,-0.237049518587731));
#11563=CARTESIAN_POINT('Origin',(28.412132034356,-20.9634959896673,-0.569195226607802));
#11564=CARTESIAN_POINT('',(28.592650631527,-21.3367172395035,-0.482312955108165));
#11565=CARTESIAN_POINT('',(28.5608020341109,-20.9768471393071,-0.418858146883961));
#11566=CARTESIAN_POINT('Ctrl Pts',(28.5926506315269,-21.3367172395033,-0.482312955108165));
#11567=CARTESIAN_POINT('Ctrl Pts',(28.3573115891416,-20.4209728001887,-0.480580877022607));
#11568=CARTESIAN_POINT('Ctrl Pts',(28.1999999999411,-19.7977774788831,-0.476457135153592));
#11569=CARTESIAN_POINT('Origin',(28.5,-16.9,0.3));
#11570=CARTESIAN_POINT('Ctrl Pts',(28.5926506315264,-21.3367172395034,-0.482312955108109));
#11571=CARTESIAN_POINT('Ctrl Pts',(28.3573115891403,-20.4756065417565,-0.170737531718703));
#11572=CARTESIAN_POINT('Ctrl Pts',(28.1999999999396,-19.888584094232,0.0385327715901273));
#11573=CARTESIAN_POINT('Origin',(28.412132034356,-21.0157194720659,-0.273021140323606));
#11574=CARTESIAN_POINT('',(28.2,-18.9671039985404,0.11915183379861));
#11575=CARTESIAN_POINT('Origin',(28.412132034356,-21.0526965220956,0.14962847551804));
#11576=CARTESIAN_POINT('',(28.5926506318163,-21.405160755518,0.299999999887117));
#11577=CARTESIAN_POINT('',(28.5608020341109,-21.0397390778427,0.3));
#11578=CARTESIAN_POINT('Ctrl Pts',(28.5926506318163,-21.4051607555178,0.299999999887077));
#11579=CARTESIAN_POINT('Ctrl Pts',(28.3573115892463,-20.5030277589886,0.142688410595892));
#11580=CARTESIAN_POINT('Ctrl Pts',(28.1999999999581,-19.8885840943079,0.0385327716278311));
#11581=CARTESIAN_POINT('Origin',(28.5,-16.9,0.3));
#11582=CARTESIAN_POINT('Ctrl Pts',(28.5926506319248,-21.4051607554895,0.299999999887148));
#11583=CARTESIAN_POINT('Ctrl Pts',(28.3573115893405,-20.5030277589277,0.457311589189833));
#11584=CARTESIAN_POINT('Ctrl Pts',(28.2000000000451,-19.8885840942506,0.561467228165494));
#11585=CARTESIAN_POINT('Origin',(28.412132034356,-21.0526965220956,0.450371524481963));
#11586=CARTESIAN_POINT('',(28.2,-18.9671039985404,0.48084816620139));
#11587=CARTESIAN_POINT('Origin',(28.412132034356,-21.0157194720659,0.873021140323607));
#11588=CARTESIAN_POINT('',(28.5926506316816,-21.336717240102,1.08231295513047));
#11589=CARTESIAN_POINT('',(28.5608020341109,-20.9768471393071,1.01885814688396));
#11590=CARTESIAN_POINT('Ctrl Pts',(28.5926506316815,-21.3367172401017,1.0823129551304));
#11591=CARTESIAN_POINT('Ctrl Pts',(28.357311589198,-20.4756065419958,0.770737531611893));
#11592=CARTESIAN_POINT('Ctrl Pts',(28.199999999951,-19.8885840942892,0.561467228240627));
#11593=CARTESIAN_POINT('Origin',(28.5,-16.9,0.3));
#11594=CARTESIAN_POINT('Ctrl Pts',(28.5926506316808,-21.3367172401019,1.0823129551305));
#11595=CARTESIAN_POINT('Ctrl Pts',(28.3573115891914,-20.4209728003849,1.08058087704492));
#11596=CARTESIAN_POINT('Ctrl Pts',(28.1999999999416,-19.7977774788829,1.07645713517434));
#11597=CARTESIAN_POINT('Origin',(28.412132034356,-20.9634959896673,1.1691952266078));
#11598=CARTESIAN_POINT('',(28.2,-18.9042960895498,0.837049518587732));
#11599=CARTESIAN_POINT('Origin',(28.2,-16.9,0.300000000000001));
#11600=CARTESIAN_POINT('Origin',(28.412132034356,-20.853688368532,1.57900284774313));
#11601=CARTESIAN_POINT('',(28.5926506318581,-21.1334663175885,1.84085572730605));
#11602=CARTESIAN_POINT('',(28.5608020341109,-20.7900822634278,1.71587415273462));
#11603=CARTESIAN_POINT('Ctrl Pts',(28.5926506319668,-21.1334663175616,1.84085572729623));
#11604=CARTESIAN_POINT('Ctrl Pts',(28.3573115893621,-20.3395423299701,1.38448353084024));
#11605=CARTESIAN_POINT('Ctrl Pts',(28.2000000000568,-19.7977774789112,1.07645713520116));
#11606=CARTESIAN_POINT('Origin',(28.5,-16.9,0.3));
#11607=CARTESIAN_POINT('Ctrl Pts',(28.5926506318581,-21.1334663175882,1.84085572730601));
#11608=CARTESIAN_POINT('Ctrl Pts',(28.3573115892534,-20.2319348653384,1.68013261013413));
#11609=CARTESIAN_POINT('Ctrl Pts',(28.1999999999488,-19.618923361124,1.56785478521733));
#11610=CARTESIAN_POINT('Origin',(28.412132034356,-20.7508281878211,1.86160887160717));
#11611=CARTESIAN_POINT('',(28.2,-18.7805886581011,1.17693289311195));
#11612=CARTESIAN_POINT('Origin',(28.412132034356,-20.5715264445831,2.24612270084064));
#11613=CARTESIAN_POINT('',(28.5926506316224,-20.8015836617732,2.55258037738579));
#11614=CARTESIAN_POINT('',(28.5608020341109,-20.4851192064509,2.36986953892134));
#11615=CARTESIAN_POINT('Ctrl Pts',(28.5926506316223,-20.801583661773,2.55258037738565));
#11616=CARTESIAN_POINT('Ctrl Pts',(28.3573115891734,-20.098969364197,1.9652780467889));
#11617=CARTESIAN_POINT('Ctrl Pts',(28.1999999999429,-19.6189233610597,1.56785478530542));
#11618=CARTESIAN_POINT('Origin',(28.5,-16.9,0.3));
#11619=CARTESIAN_POINT('Ctrl Pts',(28.5926506316228,-20.8015836617729,2.55258037738565));
#11620=CARTESIAN_POINT('Ctrl Pts',(28.3573115891736,-19.9416577749853,2.2377497119208));
#11621=CARTESIAN_POINT('Ctrl Pts',(28.1999999999429,-19.3574561329168,2.02072930896042));
#11622=CARTESIAN_POINT('Origin',(28.412132034356,-20.4211549201011,2.50657382125498));
#11623=CARTESIAN_POINT('',(28.2,-18.5997404918997,1.49017110542842));
#11624=CARTESIAN_POINT('Origin',(28.412132034356,-20.1778070474976,2.85411060045871));
#11625=CARTESIAN_POINT('',(28.5926506316295,-20.3511533616249,3.19586151277643));
#11626=CARTESIAN_POINT('',(28.5608020341109,-20.0712241165439,2.96097298657245));
#11627=CARTESIAN_POINT('Ctrl Pts',(28.5926506316294,-20.3511533616248,3.19586151277625));
#11628=CARTESIAN_POINT('Ctrl Pts',(28.3573115891791,-19.7611973334366,2.49547393185982));
#11629=CARTESIAN_POINT('Ctrl Pts',(28.1999999999478,-19.3574561328583,2.02072930907779));
#11630=CARTESIAN_POINT('Origin',(28.5,-16.9,0.3));
#11631=CARTESIAN_POINT('Ctrl Pts',(28.5926506316305,-20.3511533616245,3.19586151277614));
#11632=CARTESIAN_POINT('Ctrl Pts',(28.3573115891739,-19.5589614526088,2.73648926935846));
#11633=CARTESIAN_POINT('Ctrl Pts',(28.1999999999398,-19.0213203436583,2.42132034342141));
#11634=CARTESIAN_POINT('Origin',(28.412132034356,-19.9844931419242,3.08449314192417));
#11635=CARTESIAN_POINT('',(28.2,-18.3672465709621,1.76724657096209));
#11636=CARTESIAN_POINT('Origin',(28.412132034356,-19.6844931419242,3.38449314192417));
#11637=CARTESIAN_POINT('',(28.5926506315288,-19.7958615125284,3.7511533613266));
#11638=CARTESIAN_POINT('',(28.5608020341109,-19.5609729865725,3.47122411654387));
#11639=CARTESIAN_POINT('Ctrl Pts',(28.592650631529,-19.7958615125283,3.75115336132636));
#11640=CARTESIAN_POINT('Ctrl Pts',(28.3573115891383,-19.3364892692392,2.95896145253248));
#11641=CARTESIAN_POINT('Ctrl Pts',(28.1999999999355,-19.0213203433672,2.42132034369136));
#11642=CARTESIAN_POINT('Origin',(28.5,-16.9,0.3));
#11643=CARTESIAN_POINT('Ctrl Pts',(28.5926506315288,-19.7958615125283,3.75115336132646));
#11644=CARTESIAN_POINT('Ctrl Pts',(28.3573115891442,-19.0954739318076,3.16119733330327));
#11645=CARTESIAN_POINT('Ctrl Pts',(28.1999999999441,-18.6207293091219,2.75745613280795));
#11646=CARTESIAN_POINT('Origin',(28.412132034356,-19.4541106004587,3.57780704749753));
#11647=CARTESIAN_POINT('',(28.2,-18.0901711054284,1.99974049189966));
#11648=CARTESIAN_POINT('Origin',(28.412132034356,-19.106573821255,3.82115492010111));
#11649=CARTESIAN_POINT('',(28.5926506318133,-19.1525803775913,4.20158366198169));
#11650=CARTESIAN_POINT('',(28.5608020341109,-18.9698695389214,3.88511920645093));
#11651=CARTESIAN_POINT('Ctrl Pts',(28.5926506318132,-19.1525803775912,4.20158366198147));
#11652=CARTESIAN_POINT('Ctrl Pts',(28.3573115893092,-18.8377497120596,3.34165777500307));
#11653=CARTESIAN_POINT('Ctrl Pts',(28.2000000000516,-18.6207293090705,2.75745613284662));
#11654=CARTESIAN_POINT('Origin',(28.5,-16.9,0.3));
#11655=CARTESIAN_POINT('Ctrl Pts',(28.5926506318137,-19.152580377591,4.20158366198142));
#11656=CARTESIAN_POINT('Ctrl Pts',(28.3573115893038,-18.5652780468493,3.49896936423884));
#11657=CARTESIAN_POINT('Ctrl Pts',(28.2000000000436,-18.1678547853002,3.01892336103098));
#11658=CARTESIAN_POINT('Origin',(28.412132034356,-18.8461227008407,3.97152644458306));
#11659=CARTESIAN_POINT('',(28.2,-17.776932893112,2.18058865810105));
#11660=CARTESIAN_POINT('Origin',(28.412132034356,-18.4616088716072,4.15082818782114));
#11661=CARTESIAN_POINT('',(28.5926506317037,-18.4408557271201,4.53346631702501));
#11662=CARTESIAN_POINT('',(28.5608020341109,-18.3158741527346,4.19008226342783));
#11663=CARTESIAN_POINT('Ctrl Pts',(28.5926506318122,-18.4408557271104,4.53346631699817));
#11664=CARTESIAN_POINT('Ctrl Pts',(28.357311589304,-18.2801326100101,3.6319348651302));
#11665=CARTESIAN_POINT('Ctrl Pts',(28.2000000000445,-18.1678547851362,3.01892336111427));
#11666=CARTESIAN_POINT('Origin',(28.5,-16.9,0.3));
#11667=CARTESIAN_POINT('Ctrl Pts',(28.5926506317037,-18.44085572712,4.53346631702481));
#11668=CARTESIAN_POINT('Ctrl Pts',(28.3573115892038,-17.9844835308639,3.73954232977407));
#11669=CARTESIAN_POINT('Ctrl Pts',(28.1999999999491,-17.67645713532,3.19777747887494));
#11670=CARTESIAN_POINT('Origin',(28.412132034356,-18.1790028477431,4.25368836853197));
#11671=CARTESIAN_POINT('',(28.2,-17.4370495185877,2.30429608954982));
#11672=CARTESIAN_POINT('Origin',(28.412132034356,-17.7691952266078,4.3634959896673));
#11673=CARTESIAN_POINT('',(28.5926506314744,-17.6823129550791,4.73671723930274));
#11674=CARTESIAN_POINT('',(28.5608020341109,-17.618858146884,4.37684713930708));
#11675=CARTESIAN_POINT('Ctrl Pts',(28.5926506314744,-17.6823129550791,4.73671723930251));
#11676=CARTESIAN_POINT('Ctrl Pts',(28.3573115891237,-17.6805808769937,3.82097280012268));
#11677=CARTESIAN_POINT('Ctrl Pts',(28.1999999999397,-17.6764571351255,3.19777747888363));
#11678=CARTESIAN_POINT('Origin',(28.5,-16.9,0.3));
#11679=CARTESIAN_POINT('Ctrl Pts',(28.5926506314734,-17.6823129550791,4.73671723930278));
#11680=CARTESIAN_POINT('Ctrl Pts',(28.3573115891214,-17.3707375317349,3.87560654168109));
#11681=CARTESIAN_POINT('Ctrl Pts',(28.1999999999369,-17.1614672284479,3.28858409421911));
#11682=CARTESIAN_POINT('Origin',(28.412132034356,-17.4730211403236,4.41571947206588));
#11683=CARTESIAN_POINT('',(28.2,-17.0808481662014,2.36710399854037));
#11684=CARTESIAN_POINT('Origin',(28.412132034356,-17.050371524482,4.45269652209561));
#11685=CARTESIAN_POINT('',(28.5926506320009,-16.8999999999638,4.8051607562268));
#11686=CARTESIAN_POINT('',(28.5608020341109,-16.9,4.43973907784268));
#11687=CARTESIAN_POINT('Ctrl Pts',(28.592650632001,-16.8999999999639,4.80516075622653));
#11688=CARTESIAN_POINT('Ctrl Pts',(28.3573115893046,-17.05731158934,3.90302775921778));
#11689=CARTESIAN_POINT('Ctrl Pts',(28.1999999999565,-17.1614672283479,3.28858409430416));
#11690=CARTESIAN_POINT('Origin',(28.5,-16.9,0.3));
#11691=CARTESIAN_POINT('Ctrl Pts',(28.5926506320009,-16.8999999999638,4.80516075622657));
#11692=CARTESIAN_POINT('Ctrl Pts',(28.3573115893074,-16.7426884105898,3.90302775922667));
#11693=CARTESIAN_POINT('Ctrl Pts',(28.1999999999607,-16.6385327715832,3.28858409431479));
#11694=CARTESIAN_POINT('Origin',(28.412132034356,-16.7496284755181,4.45269652209561));
#11695=CARTESIAN_POINT('Origin',(22.2,-11.6,-5.));
#11696=CARTESIAN_POINT('Origin',(22.4,-16.9,0.300000000000001));
#11697=CARTESIAN_POINT('Origin',(22.7,-16.9,0.3));
#11698=CARTESIAN_POINT('',(22.7,-18.55,0.3));
#11699=CARTESIAN_POINT('Origin',(22.7,-16.9,0.3));
#11700=CARTESIAN_POINT('',(23.7,-18.55,0.3));
#11701=CARTESIAN_POINT('',(22.7,-18.55,0.3));
#11702=CARTESIAN_POINT('Origin',(23.7,-16.9,0.3));
#11703=CARTESIAN_POINT('Origin',(22.7,-16.9,0.3));
#11704=CARTESIAN_POINT('Origin',(23.7,-16.9,0.3));
#11705=CARTESIAN_POINT('',(23.7,-19.2,0.3));
#11706=CARTESIAN_POINT('Origin',(23.7,-16.9,0.3));
#11707=CARTESIAN_POINT('Origin',(22.2,-16.9,0.3));
#11708=CARTESIAN_POINT('',(22.2,-19.2,0.3));
#11709=CARTESIAN_POINT('Origin',(0.,4.44089209850063E-15,-2.));
#11710=CARTESIAN_POINT('',(14.05,-19.2,-2.));
#11711=CARTESIAN_POINT('',(19.2,-19.2,-2.));
#11712=CARTESIAN_POINT('',(14.05,-16.75,-2.));
#11713=CARTESIAN_POINT('',(14.05,-19.2,-2.));
#11714=CARTESIAN_POINT('',(16.75,-14.05,-2.));
#11715=CARTESIAN_POINT('Origin',(16.75,-16.75,-2.));
#11716=CARTESIAN_POINT('',(19.2,-14.05,-2.));
#11717=CARTESIAN_POINT('',(14.05,-14.05,-2.));
#11718=CARTESIAN_POINT('',(19.2,14.05,-2.));
#11719=CARTESIAN_POINT('',(19.2,19.2,-2.));
#11720=CARTESIAN_POINT('',(16.75,14.05,-2.));
#11721=CARTESIAN_POINT('',(19.2,14.05,-2.));
#11722=CARTESIAN_POINT('',(14.05,16.75,-2.));
#11723=CARTESIAN_POINT('Origin',(16.75,16.75,-2.));
#11724=CARTESIAN_POINT('',(14.05,14.05,-2.));
#11725=CARTESIAN_POINT('Origin',(-14.05,-19.2,0.));
#11726=CARTESIAN_POINT('',(5.74999999999999,-19.2,1.3));
#11727=CARTESIAN_POINT('',(5.74999999999999,-19.2,0.15));
#11728=CARTESIAN_POINT('',(18.2,-19.2,1.3));
#11729=CARTESIAN_POINT('',(9.60000000000001,-19.2,1.3));
#11730=CARTESIAN_POINT('',(18.2,-19.2,0.));
#11731=CARTESIAN_POINT('',(18.2,-19.2,0.));
#11732=CARTESIAN_POINT('',(14.05,-19.2,0.));
#11733=CARTESIAN_POINT('',(9.60000000000001,-19.2,0.));
#11734=CARTESIAN_POINT('',(14.05,-19.2,0.));
#11735=CARTESIAN_POINT('Origin',(16.75,16.75,-2.));
#11736=CARTESIAN_POINT('',(15.25,16.75,-2.));
#11737=CARTESIAN_POINT('',(15.25,16.75,-2.));
#11738=CARTESIAN_POINT('Origin',(16.75,16.75,-2.));
#11739=CARTESIAN_POINT('Origin',(16.75,-16.75,-2.));
#11740=CARTESIAN_POINT('',(15.25,-16.75,-2.));
#11741=CARTESIAN_POINT('',(15.25,-16.75,-2.));
#11742=CARTESIAN_POINT('Origin',(16.75,-16.75,-2.));
#11743=CARTESIAN_POINT('Origin',(0.,4.44089209850063E-15,-2.));
#11744=CARTESIAN_POINT('',(15.4,-16.75,-2.));
#11745=CARTESIAN_POINT('Origin',(16.75,-16.75,-2.));
#11746=CARTESIAN_POINT('Origin',(0.,4.44089209850063E-15,-2.));
#11747=CARTESIAN_POINT('',(15.4,16.75,-2.));
#11748=CARTESIAN_POINT('Origin',(16.75,16.75,-2.));
#11749=CARTESIAN_POINT('Origin',(5.74999999999999,19.2,0.3));
#11750=CARTESIAN_POINT('',(5.74999999999999,20.2,1.3));
#11751=CARTESIAN_POINT('',(5.74999999999999,9.60000000000001,1.3));
#11752=CARTESIAN_POINT('',(5.74999999999999,20.2,0.8));
#11753=CARTESIAN_POINT('Origin',(0.,4.44089209850063E-15,1.3));
#11754=CARTESIAN_POINT('',(19.2,18.2,1.3));
#11755=CARTESIAN_POINT('Origin',(18.2,18.2,1.3));
#11756=CARTESIAN_POINT('',(19.2,5.74999999999999,1.3));
#11757=CARTESIAN_POINT('',(19.2,9.60000000000001,1.3));
#11758=CARTESIAN_POINT('',(20.2,5.74999999999999,1.3));
#11759=CARTESIAN_POINT('',(11.1,5.74999999999999,1.3));
#11760=CARTESIAN_POINT('',(20.2,18.2,1.3));
#11761=CARTESIAN_POINT('',(20.2,-10.1,1.3));
#11762=CARTESIAN_POINT('',(18.2,20.2,1.3));
#11763=CARTESIAN_POINT('Origin',(18.2,18.2,1.3));
#11764=CARTESIAN_POINT('',(10.1,20.2,1.3));
#11765=CARTESIAN_POINT('Origin',(20.2,20.2,1.3));
#11766=CARTESIAN_POINT('',(18.2,20.2,1.3));
#11767=CARTESIAN_POINT('Origin',(19.2,-5.74999999999999,0.3));
#11768=CARTESIAN_POINT('',(20.2,-5.74999999999999,1.3));
#11769=CARTESIAN_POINT('',(20.2,-5.74999999999999,0.8));
#11770=CARTESIAN_POINT('',(19.2,-5.74999999999999,1.3));
#11771=CARTESIAN_POINT('',(19.2,-5.74999999999999,0.15));
#11772=CARTESIAN_POINT('',(9.60000000000001,-5.74999999999999,1.3));
#11773=CARTESIAN_POINT('Origin',(22.2,5.74999999999999,0.3));
#11774=CARTESIAN_POINT('',(20.2,5.74999999999999,0.8));
#11775=CARTESIAN_POINT('',(19.2,5.74999999999999,0.15));
#11776=CARTESIAN_POINT('Origin',(20.2,-20.2,1.3));
#11777=CARTESIAN_POINT('',(20.2,-18.2,1.3));
#11778=CARTESIAN_POINT('',(20.2,-10.1,1.3));
#11779=CARTESIAN_POINT('',(20.2,-18.2,1.3));
#11780=CARTESIAN_POINT('Origin',(0.,4.44089209850063E-15,1.3));
#11781=CARTESIAN_POINT('',(19.2,-18.2,1.3));
#11782=CARTESIAN_POINT('',(19.2,9.60000000000001,1.3));
#11783=CARTESIAN_POINT('Origin',(18.2,-18.2,1.3));
#11784=CARTESIAN_POINT('',(5.74999999999999,-20.2,1.3));
#11785=CARTESIAN_POINT('',(5.75,-11.1,1.3));
#11786=CARTESIAN_POINT('',(18.2,-20.2,1.3));
#11787=CARTESIAN_POINT('',(-10.1,-20.2000000000001,1.3));
#11788=CARTESIAN_POINT('Origin',(18.2,-18.2,1.3));
#11789=CARTESIAN_POINT('Origin',(5.74999999999999,-22.2,0.3));
#11790=CARTESIAN_POINT('',(5.74999999999999,-20.2,0.8));
#11791=CARTESIAN_POINT('Origin',(18.2,18.2,1.3));
#11792=CARTESIAN_POINT('',(20.2,18.2,1.3));
#11793=CARTESIAN_POINT('Origin',(20.2,-20.2,1.3));
#11794=CARTESIAN_POINT('Origin',(18.2,-18.2,1.3));
#11795=CARTESIAN_POINT('',(18.2,-20.2,1.3));
#11796=CARTESIAN_POINT('Origin',(-20.2,-20.2000000000001,1.3));
#11797=CARTESIAN_POINT('Origin',(16.75,-16.75,0.));
#11798=CARTESIAN_POINT('',(14.05,-16.75,0.));
#11799=CARTESIAN_POINT('',(14.05,-16.75,0.));
#11800=CARTESIAN_POINT('',(16.75,-14.05,0.));
#11801=CARTESIAN_POINT('Origin',(16.75,-16.75,0.));
#11802=CARTESIAN_POINT('',(16.75,-14.05,0.));
#11803=CARTESIAN_POINT('Origin',(14.05,-14.05,0.));
#11804=CARTESIAN_POINT('',(19.2,-14.05,0.));
#11805=CARTESIAN_POINT('',(14.05,-14.05,0.));
#11806=CARTESIAN_POINT('',(19.2,-14.05,0.));
#11807=CARTESIAN_POINT('Origin',(0.,4.44089209850063E-15,0.));
#11808=CARTESIAN_POINT('',(14.05,-19.2,0.));
#11809=CARTESIAN_POINT('',(19.2,-18.2,0.));
#11810=CARTESIAN_POINT('Origin',(18.2,-18.2,0.));
#11811=CARTESIAN_POINT('',(19.2,9.60000000000001,0.));
#11812=CARTESIAN_POINT('',(15.4,-16.75,0.));
#11813=CARTESIAN_POINT('Origin',(16.75,-16.75,0.));
#11814=CARTESIAN_POINT('Origin',(16.75,16.75,0.));
#11815=CARTESIAN_POINT('',(16.75,14.05,0.));
#11816=CARTESIAN_POINT('',(16.75,14.05,0.));
#11817=CARTESIAN_POINT('',(14.05,16.75,0.));
#11818=CARTESIAN_POINT('Origin',(16.75,16.75,0.));
#11819=CARTESIAN_POINT('',(14.05,16.75,0.));
#11820=CARTESIAN_POINT('Origin',(14.05,14.05,0.));
#11821=CARTESIAN_POINT('',(14.05,14.05,0.));
#11822=CARTESIAN_POINT('Origin',(0.,4.44089209850063E-15,0.));
#11823=CARTESIAN_POINT('',(19.2,14.05,0.));
#11824=CARTESIAN_POINT('',(19.2,14.05,0.));
#11825=CARTESIAN_POINT('',(19.2,18.2,0.));
#11826=CARTESIAN_POINT('',(19.2,9.60000000000001,0.));
#11827=CARTESIAN_POINT('Origin',(18.2,18.2,0.));
#11828=CARTESIAN_POINT('',(15.4,16.75,0.));
#11829=CARTESIAN_POINT('Origin',(16.75,16.75,0.));
#11830=CARTESIAN_POINT('Origin',(18.2,-18.2,0.));
#11831=CARTESIAN_POINT('',(19.2,-18.2,0.));
#11832=CARTESIAN_POINT('Origin',(19.2,-14.05,0.));
#11833=CARTESIAN_POINT('',(19.2,18.2,0.));
#11834=CARTESIAN_POINT('',(19.2,14.05,0.));
#11835=CARTESIAN_POINT('Origin',(18.2,18.2,0.));
#11836=CARTESIAN_POINT('Origin',(16.75,-16.75,0.));
#11837=CARTESIAN_POINT('',(15.4,-16.75,0.));
#11838=CARTESIAN_POINT('Origin',(19.2,14.05,0.));
#11839=CARTESIAN_POINT('Origin',(14.05,-19.2,0.));
#11840=CARTESIAN_POINT('Origin',(16.75,16.75,0.));
#11841=CARTESIAN_POINT('',(15.4,16.75,0.));
#11842=UNCERTAINTY_MEASURE_WITH_UNIT(LENGTH_MEASURE(0.01),#11846,
'DISTANCE_ACCURACY_VALUE',
'Maximum model space distance between geometric entities at asserted c
onnectivities');
#11843=UNCERTAINTY_MEASURE_WITH_UNIT(LENGTH_MEASURE(0.01),#11846,
'DISTANCE_ACCURACY_VALUE',
'Maximum model space distance between geometric entities at asserted c
onnectivities');
#11844=(
GEOMETRIC_REPRESENTATION_CONTEXT(3)
GLOBAL_UNCERTAINTY_ASSIGNED_CONTEXT((#11842))
GLOBAL_UNIT_ASSIGNED_CONTEXT((#11846,#11848,#11849))
REPRESENTATION_CONTEXT('','3D')
);
#11845=(
GEOMETRIC_REPRESENTATION_CONTEXT(3)
GLOBAL_UNCERTAINTY_ASSIGNED_CONTEXT((#11843))
GLOBAL_UNIT_ASSIGNED_CONTEXT((#11846,#11848,#11849))
REPRESENTATION_CONTEXT('','3D')
);
#11846=(
LENGTH_UNIT()
NAMED_UNIT(*)
SI_UNIT(.MILLI.,.METRE.)
);
#11847=(
LENGTH_UNIT()
NAMED_UNIT(*)
SI_UNIT($,.METRE.)
);
#11848=(
NAMED_UNIT(*)
PLANE_ANGLE_UNIT()
SI_UNIT($,.RADIAN.)
);
#11849=(
NAMED_UNIT(*)
SI_UNIT($,.STERADIAN.)
SOLID_ANGLE_UNIT()
);
#11850=SHAPE_DEFINITION_REPRESENTATION(#11851,#11852);
#11851=PRODUCT_DEFINITION_SHAPE('',$,#11854);
#11852=SHAPE_REPRESENTATION('',(#6614),#11844);
#11853=PRODUCT_DEFINITION_CONTEXT('part definition',#11858,'design');
#11854=PRODUCT_DEFINITION('Back Plate','Back Plate',#11855,#11853);
#11855=PRODUCT_DEFINITION_FORMATION('',$,#11860);
#11856=PRODUCT_RELATED_PRODUCT_CATEGORY('Back Plate','Back Plate',(#11860));
#11857=APPLICATION_PROTOCOL_DEFINITION('international standard',
'automotive_design',2009,#11858);
#11858=APPLICATION_CONTEXT(
'Core Data for Automotive Mechanical Design Process');
#11859=PRODUCT_CONTEXT('part definition',#11858,'mechanical');
#11860=PRODUCT('Back Plate','Back Plate',$,(#11859));
#11861=PRESENTATION_STYLE_ASSIGNMENT((#11865));
#11862=PRESENTATION_STYLE_ASSIGNMENT((#11866));
#11863=PRESENTATION_STYLE_ASSIGNMENT((#11867));
#11864=PRESENTATION_STYLE_ASSIGNMENT((#11868));
#11865=SURFACE_STYLE_USAGE(.BOTH.,#11869);
#11866=SURFACE_STYLE_USAGE(.BOTH.,#11870);
#11867=SURFACE_STYLE_USAGE(.BOTH.,#11871);
#11868=SURFACE_STYLE_USAGE(.BOTH.,#11872);
#11869=SURFACE_SIDE_STYLE('',(#11873));
#11870=SURFACE_SIDE_STYLE('',(#11874));
#11871=SURFACE_SIDE_STYLE('',(#11875));
#11872=SURFACE_SIDE_STYLE('',(#11876));
#11873=SURFACE_STYLE_FILL_AREA(#11877);
#11874=SURFACE_STYLE_FILL_AREA(#11878);
#11875=SURFACE_STYLE_FILL_AREA(#11879);
#11876=SURFACE_STYLE_FILL_AREA(#11880);
#11877=FILL_AREA_STYLE('Steel - Satin',(#11881));
#11878=FILL_AREA_STYLE('Plastic - Matte (White)',(#11882));
#11879=FILL_AREA_STYLE('Plastic - Matte (Purple)',(#11883));
#11880=FILL_AREA_STYLE('Plastic - Matte (Black)',(#11884));
#11881=FILL_AREA_STYLE_COLOUR('Steel - Satin',#11885);
#11882=FILL_AREA_STYLE_COLOUR('Plastic - Matte (White)',#11886);
#11883=FILL_AREA_STYLE_COLOUR('Plastic - Matte (Purple)',#11887);
#11884=FILL_AREA_STYLE_COLOUR('Plastic - Matte (Black)',#11888);
#11885=COLOUR_RGB('Steel - Satin',0.627450980392157,0.627450980392157,0.627450980392157);
#11886=COLOUR_RGB('Plastic - Matte (White)',1.,1.,1.);
#11887=COLOUR_RGB('Plastic - Matte (Purple)',0.388235294117647,0.223529411764706,
0.796078431372549);
#11888=COLOUR_RGB('Plastic - Matte (Black)',0.0901960784313725,0.0901960784313725,
0.0901960784313725);
ENDSEC;
END-ISO-10303-21;
