ISO-10303-21;
HEADER;
/* Generated by software containing ST-Developer
 * from STEP Tools, Inc. (www.steptools.com) 
 */

FILE_DESCRIPTION(
/* description */ (''),
/* implementation_level */ '2;1');

FILE_NAME(
/* name */ 'Case Front.step',
/* time_stamp */ '2025-06-25T20:36:29-04:00',
/* author */ (''),
/* organization */ (''),
/* preprocessor_version */ 'ST-DEVELOPER v20.1',
/* originating_system */ 'Autodesk Translation Framework v14.10.0.0',
/* authorisation */ '');

FILE_SCHEMA (('AUTOMOTIVE_DESIGN { 1 0 10303 214 3 1 1 }'));
ENDSEC;

DATA;
#10=MECHANICAL_DESIGN_GEOMETRIC_PRESENTATION_REPRESENTATION('',(#13,#14,
#15),#11229);
#11=SHAPE_REPRESENTATION_RELATIONSHIP('SRR','None',#11236,#12);
#12=ADVANCED_BREP_SHAPE_REPRESENTATION('',(#16,#17,#18),#11228);
#13=STYLED_ITEM('',(#11246),#16);
#14=STYLED_ITEM('',(#11247),#17);
#15=STYLED_ITEM('',(#11247),#18);
#16=MANIFOLD_SOLID_BREP('Case Main',#6318);
#17=MANIFOLD_SOLID_BREP('Case Inlay Outer',#6319);
#18=MANIFOLD_SOLID_BREP('Case Inlay Inner',#6320);
#19=SPHERICAL_SURFACE('',#6666,0.249999999999999);
#20=SPHERICAL_SURFACE('',#6673,0.249999999999999);
#21=SPHERICAL_SURFACE('',#6677,0.249999999999999);
#22=SPHERICAL_SURFACE('',#6694,0.249999999999999);
#23=SPHERICAL_SURFACE('',#6701,0.249999999999999);
#24=SPHERICAL_SURFACE('',#6713,0.25);
#25=SPHERICAL_SURFACE('',#6716,0.25);
#26=SPHERICAL_SURFACE('',#6734,0.249999999999999);
#27=FACE_BOUND('',#674,.T.);
#28=FACE_BOUND('',#675,.T.);
#29=FACE_BOUND('',#676,.T.);
#30=FACE_BOUND('',#677,.T.);
#31=FACE_BOUND('',#678,.T.);
#32=FACE_BOUND('',#679,.T.);
#33=FACE_BOUND('',#680,.T.);
#34=FACE_BOUND('',#691,.T.);
#35=FACE_BOUND('',#779,.T.);
#36=FACE_BOUND('',#780,.T.);
#37=FACE_BOUND('',#781,.T.);
#38=FACE_BOUND('',#782,.T.);
#39=FACE_BOUND('',#819,.T.);
#40=FACE_BOUND('',#853,.T.);
#41=FACE_BOUND('',#935,.T.);
#42=FACE_BOUND('',#939,.T.);
#43=FACE_BOUND('',#1006,.T.);
#44=FACE_BOUND('',#1008,.T.);
#45=FACE_BOUND('',#1012,.T.);
#46=FACE_BOUND('',#1014,.T.);
#47=CONICAL_SURFACE('',#6406,2.3,0.785398163397448);
#48=CONICAL_SURFACE('',#6459,2.3,0.785398163397448);
#49=CONICAL_SURFACE('',#6467,2.3,0.785398163397448);
#50=CONICAL_SURFACE('',#6475,2.3,0.785398163397448);
#51=CONICAL_SURFACE('',#6483,8.8,0.785398163397448);
#52=CONICAL_SURFACE('',#6491,3.2,0.785398163397448);
#53=CONICAL_SURFACE('',#6493,0.15,0.785398163397448);
#54=CONICAL_SURFACE('',#6495,3.2,0.785398163397448);
#55=CONICAL_SURFACE('',#6497,0.15,0.785398163397448);
#56=CONICAL_SURFACE('',#6499,3.2,0.785398163397448);
#57=CONICAL_SURFACE('',#6501,0.15,0.785398163397448);
#58=CONICAL_SURFACE('',#6503,3.2,0.785398163397448);
#59=CONICAL_SURFACE('',#6505,0.15,0.785398163397448);
#60=CONICAL_SURFACE('',#6519,3.05,0.785398163397448);
#61=CONICAL_SURFACE('',#6521,0.15,0.78539816339745);
#62=CONICAL_SURFACE('',#6523,3.2,0.785398163397445);
#63=CONICAL_SURFACE('',#6525,0.15,0.785398163397448);
#64=CONICAL_SURFACE('',#6527,3.2,0.785398163397448);
#65=CONICAL_SURFACE('',#6529,0.15,0.785398163397448);
#66=CONICAL_SURFACE('',#6531,3.2,0.785398163397451);
#67=CONICAL_SURFACE('',#6533,0.15,0.78539816339745);
#68=CONICAL_SURFACE('',#6546,3.50281151192508,0.785398163397446);
#69=CONICAL_SURFACE('',#6548,3.5028115119251,0.785398163397447);
#70=CONICAL_SURFACE('',#6551,3.50281151192511,0.785398163397448);
#71=CONICAL_SURFACE('',#6554,3.50281151192509,0.785398163397447);
#72=CONICAL_SURFACE('',#6851,3.65000000000004,0.785398163397448);
#73=CONICAL_SURFACE('',#6856,3.65000000000004,0.785398163397449);
#74=CONICAL_SURFACE('',#6861,3.65000000000004,0.785398163397448);
#75=CONICAL_SURFACE('',#6866,1.52867965644039,0.785398163397449);
#76=TOROIDAL_SURFACE('',#6354,3.80281151192507,0.2);
#77=TOROIDAL_SURFACE('',#6358,3.80281151192509,0.2);
#78=TOROIDAL_SURFACE('',#6363,3.80281151192511,0.2);
#79=TOROIDAL_SURFACE('',#6367,2.2,0.2);
#80=TOROIDAL_SURFACE('',#6373,2.2,0.2);
#81=TOROIDAL_SURFACE('',#6379,2.2,0.2);
#82=TOROIDAL_SURFACE('',#6385,2.2,0.2);
#83=TOROIDAL_SURFACE('',#6390,3.80281151192509,0.2);
#84=TOROIDAL_SURFACE('',#6625,2.35000000000003,0.4);
#85=TOROIDAL_SURFACE('',#6646,2.35000000000003,0.4);
#86=TOROIDAL_SURFACE('',#6653,2.35000000000003,0.4);
#87=TOROIDAL_SURFACE('',#6661,2.35000000000004,0.4);
#88=TOROIDAL_SURFACE('',#6669,3.35,0.25);
#89=TOROIDAL_SURFACE('',#6671,3.35,0.25);
#90=TOROIDAL_SURFACE('',#6681,3.35,0.25);
#91=TOROIDAL_SURFACE('',#6684,3.35,0.25);
#92=TOROIDAL_SURFACE('',#6688,3.35,0.25);
#93=TOROIDAL_SURFACE('',#6697,3.35,0.25);
#94=TOROIDAL_SURFACE('',#6699,3.35,0.25);
#95=TOROIDAL_SURFACE('',#6705,3.35,0.25);
#96=TOROIDAL_SURFACE('',#6708,3.2,0.25);
#97=TOROIDAL_SURFACE('',#6719,3.35,0.25);
#98=TOROIDAL_SURFACE('',#6722,3.35,0.25);
#99=TOROIDAL_SURFACE('',#6724,3.2,0.25);
#100=TOROIDAL_SURFACE('',#6738,3.35,0.25);
#101=TOROIDAL_SURFACE('',#6740,3.35,0.25);
#102=TOROIDAL_SURFACE('',#6743,9.5,0.8);
#103=B_SPLINE_CURVE_WITH_KNOTS('',3,(#9160,#9161,#9162,#9163,#9164,#9165,
#9166,#9167,#9168,#9169),.UNSPECIFIED.,.F.,.F.,(4,2,2,2,4),(-0.000399517464005397,
0.,0.0215025398266371,0.0429253667801638,0.0597087277979502),
 .UNSPECIFIED.);
#104=B_SPLINE_CURVE_WITH_KNOTS('',3,(#9172,#9173,#9174,#9175,#9176,#9177,
#9178,#9179,#9180,#9181,#9182,#9183),.UNSPECIFIED.,.F.,.F.,(4,2,2,2,2,4),
(-0.062754016125376,-0.0624743483849182,-0.0546750301703181,-0.0468612189314673,
-0.0390488387364609,-0.0312371741924597),.UNSPECIFIED.);
#105=B_SPLINE_CURVE_WITH_KNOTS('',3,(#9188,#9189,#9190,#9191,#9192,#9193,
#9194,#9195,#9196,#9197),.UNSPECIFIED.,.F.,.F.,(4,2,2,2,4),(-0.000399518576417371,
0.,0.0240383427466969,0.0438099748418035,0.0593182128693442),
 .UNSPECIFIED.);
#106=B_SPLINE_CURVE_WITH_KNOTS('',3,(#9208,#9209,#9210,#9211,#9212,#9213,
#9214,#9215,#9216,#9217),.UNSPECIFIED.,.F.,.F.,(4,2,2,2,4),(-0.000399517464003807,
0.,0.0215025398266685,0.0429253667802715,0.0597087277979894),
 .UNSPECIFIED.);
#107=B_SPLINE_CURVE_WITH_KNOTS('',3,(#9222,#9223,#9224,#9225,#9226,#9227,
#9228,#9229,#9230,#9231),.UNSPECIFIED.,.F.,.F.,(4,2,2,2,4),(-0.000399518576417308,
0.,0.0240383427466308,0.0438099748416766,0.0593182128689774),
 .UNSPECIFIED.);
#108=B_SPLINE_CURVE_WITH_KNOTS('',3,(#9239,#9240,#9241,#9242,#9243,#9244,
#9245,#9246,#9247,#9248,#9249,#9250),.UNSPECIFIED.,.F.,.F.,(4,2,2,2,2,4),
(-0.0627540161238773,-0.0624743483837206,-0.0546750301690725,-0.0468612189304015,
-0.0390488387355763,-0.0312371741917612),.UNSPECIFIED.);
#109=B_SPLINE_CURVE_WITH_KNOTS('',3,(#9253,#9254,#9255,#9256,#9257,#9258,
#9259,#9260,#9261,#9262,#9263,#9264),.UNSPECIFIED.,.F.,.F.,(4,2,2,2,2,4),
(-0.0312371741921939,-0.0234255096482633,-0.0156131294533264,-0.00779931821454324,
0.,0.000279667740457927),.UNSPECIFIED.);
#110=B_SPLINE_CURVE_WITH_KNOTS('',3,(#9269,#9270,#9271,#9272,#9273,#9274,
#9275,#9276,#9277,#9278,#9279,#9280),.UNSPECIFIED.,.F.,.F.,(4,2,2,2,2,4),
(-0.000279667740460386,0.,0.00779931821458131,0.0156131294534137,0.0234255096483979,
0.0312371741923726),.UNSPECIFIED.);
#111=B_SPLINE_CURVE_WITH_KNOTS('',3,(#9287,#9288,#9289,#9290,#9291,#9292,
#9293,#9294,#9295,#9296,#9297,#9298),.UNSPECIFIED.,.F.,.F.,(4,2,2,2,2,4),
(-0.062754016122887,-0.0624743483839187,-0.0546750301694764,-0.0468612189307427,
-0.0390488387358586,-0.0312371741919832),.UNSPECIFIED.);
#112=B_SPLINE_CURVE_WITH_KNOTS('',3,(#9304,#9305,#9306,#9307,#9308,#9309,
#9310,#9311,#9312,#9313,#9314,#9315),.UNSPECIFIED.,.F.,.F.,(4,2,2,2,2,4),
(-0.000279667740459765,0.,0.00779931821455273,0.0156131294533496,0.0234255096482944,
0.031237174192232),.UNSPECIFIED.);
#113=B_SPLINE_CURVE_WITH_KNOTS('',3,(#9324,#9325,#9326,#9327,#9328,#9329,
#9330,#9331,#9332,#9333,#9334,#9335),.UNSPECIFIED.,.F.,.F.,(4,2,2,2,2,4),
(-0.0627540161263738,-0.0624743483855424,-0.0546750301706192,-0.0468612189317198,
-0.0390488387366675,-0.0312371741926276),.UNSPECIFIED.);
#114=B_SPLINE_CURVE_WITH_KNOTS('',3,(#9341,#9342,#9343,#9344,#9345,#9346,
#9347,#9348,#9349,#9350,#9351,#9352),.UNSPECIFIED.,.F.,.F.,(4,2,2,2,2,4),
(-0.000279667740460104,0.,0.0077993182145827,0.0156131294534152,0.0234255096484045,
0.0312371741923907),.UNSPECIFIED.);
#115=B_SPLINE_CURVE_WITH_KNOTS('',3,(#9786,#9787,#9788,#9789),
 .UNSPECIFIED.,.F.,.F.,(4,4),(-0.140499508299222,0.),.UNSPECIFIED.);
#116=B_SPLINE_CURVE_WITH_KNOTS('',3,(#9791,#9792,#9793,#9794),
 .UNSPECIFIED.,.F.,.F.,(4,4),(-0.140536651736317,0.),.UNSPECIFIED.);
#117=B_SPLINE_CURVE_WITH_KNOTS('',3,(#9796,#9797,#9798,#9799),
 .UNSPECIFIED.,.F.,.F.,(4,4),(-0.140536651553135,0.),.UNSPECIFIED.);
#118=B_SPLINE_CURVE_WITH_KNOTS('',3,(#9803,#9804,#9805,#9806),
 .UNSPECIFIED.,.F.,.F.,(4,4),(-0.140536651729192,0.),.UNSPECIFIED.);
#119=B_SPLINE_CURVE_WITH_KNOTS('',3,(#9810,#9811,#9812,#9813),
 .UNSPECIFIED.,.F.,.F.,(4,4),(-0.140536651726185,0.),.UNSPECIFIED.);
#120=B_SPLINE_CURVE_WITH_KNOTS('',3,(#9817,#9818,#9819,#9820),
 .UNSPECIFIED.,.F.,.F.,(4,4),(-0.140536651719976,0.),.UNSPECIFIED.);
#121=B_SPLINE_CURVE_WITH_KNOTS('',3,(#9824,#9825,#9826,#9827),
 .UNSPECIFIED.,.F.,.F.,(4,4),(-0.140536651802378,0.),.UNSPECIFIED.);
#122=B_SPLINE_CURVE_WITH_KNOTS('',3,(#9831,#9832,#9833,#9834),
 .UNSPECIFIED.,.F.,.F.,(4,4),(-0.140536651730414,0.),.UNSPECIFIED.);
#123=B_SPLINE_CURVE_WITH_KNOTS('',3,(#10150,#10151,#10152,#10153,#10154,
#10155,#10156,#10157,#10158,#10159),.UNSPECIFIED.,.F.,.F.,(4,2,2,2,4),(0.0426867237934398,
0.0562594801252819,0.0683774829123353,0.0783951290850673,0.0867025619831278),
 .UNSPECIFIED.);
#124=B_SPLINE_CURVE_WITH_KNOTS('',3,(#10163,#10164,#10165,#10166,#10167,
#10168,#10169,#10170,#10171,#10172),.UNSPECIFIED.,.F.,.F.,(4,2,2,2,4),(0.0867025619831278,
0.0950099948811883,0.10502764105392,0.117145643840974,0.130718400172816),
 .UNSPECIFIED.);
#125=B_SPLINE_CURVE_WITH_KNOTS('',3,(#10190,#10191,#10192,#10193,#10194,
#10195,#10196,#10197,#10198,#10199),.UNSPECIFIED.,.F.,.F.,(4,2,2,2,4),(0.0426867237934398,
0.0562594801252819,0.0683774829123352,0.0783951290850673,0.0867025619831278),
 .UNSPECIFIED.);
#126=B_SPLINE_CURVE_WITH_KNOTS('',3,(#10210,#10211,#10212,#10213,#10214,
#10215,#10216,#10217,#10218,#10219),.UNSPECIFIED.,.F.,.F.,(4,2,2,2,4),(0.0867025619831278,
0.0950099948811883,0.10502764105392,0.117145643840974,0.130718400172816),
 .UNSPECIFIED.);
#127=B_SPLINE_CURVE_WITH_KNOTS('',3,(#10235,#10236,#10237,#10238,#10239,
#10240,#10241,#10242,#10243,#10244),.UNSPECIFIED.,.F.,.F.,(4,2,2,2,4),(0.0426867237934398,
0.0562594801252818,0.0683774829123352,0.0783951290850673,0.0867025619831278),
 .UNSPECIFIED.);
#128=B_SPLINE_CURVE_WITH_KNOTS('',3,(#10248,#10249,#10250,#10251,#10252,
#10253,#10254,#10255,#10256,#10257),.UNSPECIFIED.,.F.,.F.,(4,2,2,2,4),(0.0867025619831278,
0.0950099948811884,0.10502764105392,0.117145643840974,0.130718400172816),
 .UNSPECIFIED.);
#129=B_SPLINE_CURVE_WITH_KNOTS('',3,(#10268,#10269,#10270,#10271,#10272,
#10273,#10274,#10275,#10276,#10277),.UNSPECIFIED.,.F.,.F.,(4,2,2,2,4),(0.0426867237934399,
0.056259480125282,0.0683774829123354,0.0783951290850674,0.0867025619831279),
 .UNSPECIFIED.);
#130=B_SPLINE_CURVE_WITH_KNOTS('',3,(#10282,#10283,#10284,#10285,#10286,
#10287,#10288,#10289,#10290,#10291),.UNSPECIFIED.,.F.,.F.,(4,2,2,2,4),(0.0888033891073712,
0.0969724042642732,0.107139112454905,0.119775371696629,0.134074241710705),
 .UNSPECIFIED.);
#131=B_SPLINE_CURVE_WITH_KNOTS('',3,(#10313,#10314,#10315,#10316,#10317,
#10318,#10319,#10320,#10321,#10322),.UNSPECIFIED.,.F.,.F.,(4,2,2,2,4),(0.0867025619831278,
0.0950099948811884,0.10502764105392,0.117145643840974,0.130718400172816),
 .UNSPECIFIED.);
#132=B_SPLINE_CURVE_WITH_KNOTS('',3,(#10329,#10330,#10331,#10332,#10333,
#10334,#10335,#10336,#10337,#10338),.UNSPECIFIED.,.F.,.F.,(4,2,2,2,4),(0.0435325365040377,
0.0578314065181138,0.0704676657598375,0.0806343739504693,0.0888033891073712),
 .UNSPECIFIED.);
#133=B_SPLINE_CURVE_WITH_KNOTS('',3,(#10388,#10389,#10390,#10391,#10392,
#10393,#10394,#10395,#10396,#10397),.UNSPECIFIED.,.F.,.F.,(4,2,2,2,4),(0.0426867237934397,
0.0562594801252818,0.0683774829123351,0.0783951290850672,0.0867025619831277),
 .UNSPECIFIED.);
#134=B_SPLINE_CURVE_WITH_KNOTS('',3,(#10401,#10402,#10403,#10404,#10405,
#10406,#10407,#10408,#10409,#10410),.UNSPECIFIED.,.F.,.F.,(4,2,2,2,4),(0.086702561983128,
0.0950099948811885,0.105027641053921,0.117145643840974,0.130718400172816),
 .UNSPECIFIED.);
#135=PLANE('',#6337);
#136=PLANE('',#6338);
#137=PLANE('',#6344);
#138=PLANE('',#6393);
#139=PLANE('',#6396);
#140=PLANE('',#6399);
#141=PLANE('',#6402);
#142=PLANE('',#6405);
#143=PLANE('',#6409);
#144=PLANE('',#6489);
#145=PLANE('',#6545);
#146=PLANE('',#6547);
#147=PLANE('',#6550);
#148=PLANE('',#6553);
#149=PLANE('',#6557);
#150=PLANE('',#6558);
#151=PLANE('',#6559);
#152=PLANE('',#6560);
#153=PLANE('',#6562);
#154=PLANE('',#6564);
#155=PLANE('',#6566);
#156=PLANE('',#6568);
#157=PLANE('',#6569);
#158=PLANE('',#6571);
#159=PLANE('',#6573);
#160=PLANE('',#6575);
#161=PLANE('',#6577);
#162=PLANE('',#6578);
#163=PLANE('',#6579);
#164=PLANE('',#6581);
#165=PLANE('',#6583);
#166=PLANE('',#6585);
#167=PLANE('',#6587);
#168=PLANE('',#6588);
#169=PLANE('',#6589);
#170=PLANE('',#6590);
#171=PLANE('',#6592);
#172=PLANE('',#6594);
#173=PLANE('',#6596);
#174=PLANE('',#6598);
#175=PLANE('',#6599);
#176=PLANE('',#6600);
#177=PLANE('',#6601);
#178=PLANE('',#6602);
#179=PLANE('',#6603);
#180=PLANE('',#6604);
#181=PLANE('',#6605);
#182=PLANE('',#6606);
#183=PLANE('',#6607);
#184=PLANE('',#6608);
#185=PLANE('',#6609);
#186=PLANE('',#6610);
#187=PLANE('',#6611);
#188=PLANE('',#6612);
#189=PLANE('',#6613);
#190=PLANE('',#6614);
#191=PLANE('',#6615);
#192=PLANE('',#6616);
#193=PLANE('',#6617);
#194=PLANE('',#6618);
#195=PLANE('',#6619);
#196=PLANE('',#6620);
#197=PLANE('',#6621);
#198=PLANE('',#6622);
#199=PLANE('',#6631);
#200=PLANE('',#6728);
#201=PLANE('',#6748);
#202=PLANE('',#6755);
#203=PLANE('',#6762);
#204=PLANE('',#6769);
#205=PLANE('',#6776);
#206=PLANE('',#6787);
#207=PLANE('',#6794);
#208=PLANE('',#6822);
#209=PLANE('',#6829);
#210=PLANE('',#6836);
#211=PLANE('',#6843);
#212=PLANE('',#6846);
#213=PLANE('',#6849);
#214=PLANE('',#6850);
#215=PLANE('',#6854);
#216=PLANE('',#6855);
#217=PLANE('',#6859);
#218=PLANE('',#6860);
#219=PLANE('',#6864);
#220=PLANE('',#6865);
#221=PLANE('',#6869);
#222=PLANE('',#6870);
#223=PLANE('',#6872);
#224=PLANE('',#6873);
#225=PLANE('',#6875);
#226=PLANE('',#6876);
#227=PLANE('',#6878);
#228=PLANE('',#6879);
#229=PLANE('',#6881);
#230=PLANE('',#6882);
#231=PLANE('',#6883);
#232=PLANE('',#6884);
#233=PLANE('',#6885);
#234=PLANE('',#6886);
#235=PLANE('',#6887);
#236=PLANE('',#6888);
#237=PLANE('',#6889);
#238=PLANE('',#6890);
#239=PLANE('',#6891);
#240=PLANE('',#6893);
#241=PLANE('',#6894);
#242=PLANE('',#6896);
#243=PLANE('',#6897);
#244=PLANE('',#6899);
#245=PLANE('',#6900);
#246=PLANE('',#6901);
#247=PLANE('',#6902);
#248=PLANE('',#6904);
#249=PLANE('',#6905);
#250=PLANE('',#6906);
#251=PLANE('',#6909);
#252=PLANE('',#6910);
#253=PLANE('',#6913);
#254=PLANE('',#6918);
#255=PLANE('',#6921);
#256=PLANE('',#6922);
#257=PLANE('',#6927);
#258=PLANE('',#6928);
#259=PLANE('',#6929);
#260=PLANE('',#6935);
#261=PLANE('',#6940);
#262=PLANE('',#6950);
#263=PLANE('',#6960);
#264=PLANE('',#6967);
#265=PLANE('',#6977);
#266=PLANE('',#6984);
#267=PLANE('',#6991);
#268=PLANE('',#7001);
#269=PLANE('',#7008);
#270=PLANE('',#7018);
#271=PLANE('',#7028);
#272=PLANE('',#7035);
#273=PLANE('',#7045);
#274=PLANE('',#7052);
#275=PLANE('',#7059);
#276=PLANE('',#7069);
#277=PLANE('',#7073);
#278=PLANE('',#7074);
#279=PLANE('',#7081);
#280=PLANE('',#7082);
#281=FACE_OUTER_BOUND('',#638,.T.);
#282=FACE_OUTER_BOUND('',#639,.T.);
#283=FACE_OUTER_BOUND('',#640,.T.);
#284=FACE_OUTER_BOUND('',#641,.T.);
#285=FACE_OUTER_BOUND('',#642,.T.);
#286=FACE_OUTER_BOUND('',#643,.T.);
#287=FACE_OUTER_BOUND('',#644,.T.);
#288=FACE_OUTER_BOUND('',#645,.T.);
#289=FACE_OUTER_BOUND('',#646,.T.);
#290=FACE_OUTER_BOUND('',#647,.T.);
#291=FACE_OUTER_BOUND('',#648,.T.);
#292=FACE_OUTER_BOUND('',#649,.T.);
#293=FACE_OUTER_BOUND('',#650,.T.);
#294=FACE_OUTER_BOUND('',#651,.T.);
#295=FACE_OUTER_BOUND('',#652,.T.);
#296=FACE_OUTER_BOUND('',#653,.T.);
#297=FACE_OUTER_BOUND('',#654,.T.);
#298=FACE_OUTER_BOUND('',#655,.T.);
#299=FACE_OUTER_BOUND('',#656,.T.);
#300=FACE_OUTER_BOUND('',#657,.T.);
#301=FACE_OUTER_BOUND('',#658,.T.);
#302=FACE_OUTER_BOUND('',#659,.T.);
#303=FACE_OUTER_BOUND('',#660,.T.);
#304=FACE_OUTER_BOUND('',#661,.T.);
#305=FACE_OUTER_BOUND('',#662,.T.);
#306=FACE_OUTER_BOUND('',#663,.T.);
#307=FACE_OUTER_BOUND('',#664,.T.);
#308=FACE_OUTER_BOUND('',#665,.T.);
#309=FACE_OUTER_BOUND('',#666,.T.);
#310=FACE_OUTER_BOUND('',#667,.T.);
#311=FACE_OUTER_BOUND('',#668,.T.);
#312=FACE_OUTER_BOUND('',#669,.T.);
#313=FACE_OUTER_BOUND('',#670,.T.);
#314=FACE_OUTER_BOUND('',#671,.T.);
#315=FACE_OUTER_BOUND('',#672,.T.);
#316=FACE_OUTER_BOUND('',#673,.T.);
#317=FACE_OUTER_BOUND('',#681,.T.);
#318=FACE_OUTER_BOUND('',#682,.T.);
#319=FACE_OUTER_BOUND('',#683,.T.);
#320=FACE_OUTER_BOUND('',#684,.T.);
#321=FACE_OUTER_BOUND('',#685,.T.);
#322=FACE_OUTER_BOUND('',#686,.T.);
#323=FACE_OUTER_BOUND('',#687,.T.);
#324=FACE_OUTER_BOUND('',#688,.T.);
#325=FACE_OUTER_BOUND('',#689,.T.);
#326=FACE_OUTER_BOUND('',#690,.T.);
#327=FACE_OUTER_BOUND('',#692,.T.);
#328=FACE_OUTER_BOUND('',#693,.T.);
#329=FACE_OUTER_BOUND('',#694,.T.);
#330=FACE_OUTER_BOUND('',#695,.T.);
#331=FACE_OUTER_BOUND('',#696,.T.);
#332=FACE_OUTER_BOUND('',#697,.T.);
#333=FACE_OUTER_BOUND('',#698,.T.);
#334=FACE_OUTER_BOUND('',#699,.T.);
#335=FACE_OUTER_BOUND('',#700,.T.);
#336=FACE_OUTER_BOUND('',#701,.T.);
#337=FACE_OUTER_BOUND('',#702,.T.);
#338=FACE_OUTER_BOUND('',#703,.T.);
#339=FACE_OUTER_BOUND('',#704,.T.);
#340=FACE_OUTER_BOUND('',#705,.T.);
#341=FACE_OUTER_BOUND('',#706,.T.);
#342=FACE_OUTER_BOUND('',#707,.T.);
#343=FACE_OUTER_BOUND('',#708,.T.);
#344=FACE_OUTER_BOUND('',#709,.T.);
#345=FACE_OUTER_BOUND('',#710,.T.);
#346=FACE_OUTER_BOUND('',#711,.T.);
#347=FACE_OUTER_BOUND('',#712,.T.);
#348=FACE_OUTER_BOUND('',#713,.T.);
#349=FACE_OUTER_BOUND('',#714,.T.);
#350=FACE_OUTER_BOUND('',#715,.T.);
#351=FACE_OUTER_BOUND('',#716,.T.);
#352=FACE_OUTER_BOUND('',#717,.T.);
#353=FACE_OUTER_BOUND('',#718,.T.);
#354=FACE_OUTER_BOUND('',#719,.T.);
#355=FACE_OUTER_BOUND('',#720,.T.);
#356=FACE_OUTER_BOUND('',#721,.T.);
#357=FACE_OUTER_BOUND('',#722,.T.);
#358=FACE_OUTER_BOUND('',#723,.T.);
#359=FACE_OUTER_BOUND('',#724,.T.);
#360=FACE_OUTER_BOUND('',#725,.T.);
#361=FACE_OUTER_BOUND('',#726,.T.);
#362=FACE_OUTER_BOUND('',#727,.T.);
#363=FACE_OUTER_BOUND('',#728,.T.);
#364=FACE_OUTER_BOUND('',#729,.T.);
#365=FACE_OUTER_BOUND('',#730,.T.);
#366=FACE_OUTER_BOUND('',#731,.T.);
#367=FACE_OUTER_BOUND('',#732,.T.);
#368=FACE_OUTER_BOUND('',#733,.T.);
#369=FACE_OUTER_BOUND('',#734,.T.);
#370=FACE_OUTER_BOUND('',#735,.T.);
#371=FACE_OUTER_BOUND('',#736,.T.);
#372=FACE_OUTER_BOUND('',#737,.T.);
#373=FACE_OUTER_BOUND('',#738,.T.);
#374=FACE_OUTER_BOUND('',#739,.T.);
#375=FACE_OUTER_BOUND('',#740,.T.);
#376=FACE_OUTER_BOUND('',#741,.T.);
#377=FACE_OUTER_BOUND('',#742,.T.);
#378=FACE_OUTER_BOUND('',#743,.T.);
#379=FACE_OUTER_BOUND('',#744,.T.);
#380=FACE_OUTER_BOUND('',#745,.T.);
#381=FACE_OUTER_BOUND('',#746,.T.);
#382=FACE_OUTER_BOUND('',#747,.T.);
#383=FACE_OUTER_BOUND('',#748,.T.);
#384=FACE_OUTER_BOUND('',#749,.T.);
#385=FACE_OUTER_BOUND('',#750,.T.);
#386=FACE_OUTER_BOUND('',#751,.T.);
#387=FACE_OUTER_BOUND('',#752,.T.);
#388=FACE_OUTER_BOUND('',#753,.T.);
#389=FACE_OUTER_BOUND('',#754,.T.);
#390=FACE_OUTER_BOUND('',#755,.T.);
#391=FACE_OUTER_BOUND('',#756,.T.);
#392=FACE_OUTER_BOUND('',#757,.T.);
#393=FACE_OUTER_BOUND('',#758,.T.);
#394=FACE_OUTER_BOUND('',#759,.T.);
#395=FACE_OUTER_BOUND('',#760,.T.);
#396=FACE_OUTER_BOUND('',#761,.T.);
#397=FACE_OUTER_BOUND('',#762,.T.);
#398=FACE_OUTER_BOUND('',#763,.T.);
#399=FACE_OUTER_BOUND('',#764,.T.);
#400=FACE_OUTER_BOUND('',#765,.T.);
#401=FACE_OUTER_BOUND('',#766,.T.);
#402=FACE_OUTER_BOUND('',#767,.T.);
#403=FACE_OUTER_BOUND('',#768,.T.);
#404=FACE_OUTER_BOUND('',#769,.T.);
#405=FACE_OUTER_BOUND('',#770,.T.);
#406=FACE_OUTER_BOUND('',#771,.T.);
#407=FACE_OUTER_BOUND('',#772,.T.);
#408=FACE_OUTER_BOUND('',#773,.T.);
#409=FACE_OUTER_BOUND('',#774,.T.);
#410=FACE_OUTER_BOUND('',#775,.T.);
#411=FACE_OUTER_BOUND('',#776,.T.);
#412=FACE_OUTER_BOUND('',#777,.T.);
#413=FACE_OUTER_BOUND('',#778,.T.);
#414=FACE_OUTER_BOUND('',#783,.T.);
#415=FACE_OUTER_BOUND('',#784,.T.);
#416=FACE_OUTER_BOUND('',#785,.T.);
#417=FACE_OUTER_BOUND('',#786,.T.);
#418=FACE_OUTER_BOUND('',#787,.T.);
#419=FACE_OUTER_BOUND('',#788,.T.);
#420=FACE_OUTER_BOUND('',#789,.T.);
#421=FACE_OUTER_BOUND('',#790,.T.);
#422=FACE_OUTER_BOUND('',#791,.T.);
#423=FACE_OUTER_BOUND('',#792,.T.);
#424=FACE_OUTER_BOUND('',#793,.T.);
#425=FACE_OUTER_BOUND('',#794,.T.);
#426=FACE_OUTER_BOUND('',#795,.T.);
#427=FACE_OUTER_BOUND('',#796,.T.);
#428=FACE_OUTER_BOUND('',#797,.T.);
#429=FACE_OUTER_BOUND('',#798,.T.);
#430=FACE_OUTER_BOUND('',#799,.T.);
#431=FACE_OUTER_BOUND('',#800,.T.);
#432=FACE_OUTER_BOUND('',#801,.T.);
#433=FACE_OUTER_BOUND('',#802,.T.);
#434=FACE_OUTER_BOUND('',#803,.T.);
#435=FACE_OUTER_BOUND('',#804,.T.);
#436=FACE_OUTER_BOUND('',#805,.T.);
#437=FACE_OUTER_BOUND('',#806,.T.);
#438=FACE_OUTER_BOUND('',#807,.T.);
#439=FACE_OUTER_BOUND('',#808,.T.);
#440=FACE_OUTER_BOUND('',#809,.T.);
#441=FACE_OUTER_BOUND('',#810,.T.);
#442=FACE_OUTER_BOUND('',#811,.T.);
#443=FACE_OUTER_BOUND('',#812,.T.);
#444=FACE_OUTER_BOUND('',#813,.T.);
#445=FACE_OUTER_BOUND('',#814,.T.);
#446=FACE_OUTER_BOUND('',#815,.T.);
#447=FACE_OUTER_BOUND('',#816,.T.);
#448=FACE_OUTER_BOUND('',#817,.T.);
#449=FACE_OUTER_BOUND('',#818,.T.);
#450=FACE_OUTER_BOUND('',#820,.T.);
#451=FACE_OUTER_BOUND('',#821,.T.);
#452=FACE_OUTER_BOUND('',#822,.T.);
#453=FACE_OUTER_BOUND('',#823,.T.);
#454=FACE_OUTER_BOUND('',#824,.T.);
#455=FACE_OUTER_BOUND('',#825,.T.);
#456=FACE_OUTER_BOUND('',#826,.T.);
#457=FACE_OUTER_BOUND('',#827,.T.);
#458=FACE_OUTER_BOUND('',#828,.T.);
#459=FACE_OUTER_BOUND('',#829,.T.);
#460=FACE_OUTER_BOUND('',#830,.T.);
#461=FACE_OUTER_BOUND('',#831,.T.);
#462=FACE_OUTER_BOUND('',#832,.T.);
#463=FACE_OUTER_BOUND('',#833,.T.);
#464=FACE_OUTER_BOUND('',#834,.T.);
#465=FACE_OUTER_BOUND('',#835,.T.);
#466=FACE_OUTER_BOUND('',#836,.T.);
#467=FACE_OUTER_BOUND('',#837,.T.);
#468=FACE_OUTER_BOUND('',#838,.T.);
#469=FACE_OUTER_BOUND('',#839,.T.);
#470=FACE_OUTER_BOUND('',#840,.T.);
#471=FACE_OUTER_BOUND('',#841,.T.);
#472=FACE_OUTER_BOUND('',#842,.T.);
#473=FACE_OUTER_BOUND('',#843,.T.);
#474=FACE_OUTER_BOUND('',#844,.T.);
#475=FACE_OUTER_BOUND('',#845,.T.);
#476=FACE_OUTER_BOUND('',#846,.T.);
#477=FACE_OUTER_BOUND('',#847,.T.);
#478=FACE_OUTER_BOUND('',#848,.T.);
#479=FACE_OUTER_BOUND('',#849,.T.);
#480=FACE_OUTER_BOUND('',#850,.T.);
#481=FACE_OUTER_BOUND('',#851,.T.);
#482=FACE_OUTER_BOUND('',#852,.T.);
#483=FACE_OUTER_BOUND('',#854,.T.);
#484=FACE_OUTER_BOUND('',#855,.T.);
#485=FACE_OUTER_BOUND('',#856,.T.);
#486=FACE_OUTER_BOUND('',#857,.T.);
#487=FACE_OUTER_BOUND('',#858,.T.);
#488=FACE_OUTER_BOUND('',#859,.T.);
#489=FACE_OUTER_BOUND('',#860,.T.);
#490=FACE_OUTER_BOUND('',#861,.T.);
#491=FACE_OUTER_BOUND('',#862,.T.);
#492=FACE_OUTER_BOUND('',#863,.T.);
#493=FACE_OUTER_BOUND('',#864,.T.);
#494=FACE_OUTER_BOUND('',#865,.T.);
#495=FACE_OUTER_BOUND('',#866,.T.);
#496=FACE_OUTER_BOUND('',#867,.T.);
#497=FACE_OUTER_BOUND('',#868,.T.);
#498=FACE_OUTER_BOUND('',#869,.T.);
#499=FACE_OUTER_BOUND('',#870,.T.);
#500=FACE_OUTER_BOUND('',#871,.T.);
#501=FACE_OUTER_BOUND('',#872,.T.);
#502=FACE_OUTER_BOUND('',#873,.T.);
#503=FACE_OUTER_BOUND('',#874,.T.);
#504=FACE_OUTER_BOUND('',#875,.T.);
#505=FACE_OUTER_BOUND('',#876,.T.);
#506=FACE_OUTER_BOUND('',#877,.T.);
#507=FACE_OUTER_BOUND('',#878,.T.);
#508=FACE_OUTER_BOUND('',#879,.T.);
#509=FACE_OUTER_BOUND('',#880,.T.);
#510=FACE_OUTER_BOUND('',#881,.T.);
#511=FACE_OUTER_BOUND('',#882,.T.);
#512=FACE_OUTER_BOUND('',#883,.T.);
#513=FACE_OUTER_BOUND('',#884,.T.);
#514=FACE_OUTER_BOUND('',#885,.T.);
#515=FACE_OUTER_BOUND('',#886,.T.);
#516=FACE_OUTER_BOUND('',#887,.T.);
#517=FACE_OUTER_BOUND('',#888,.T.);
#518=FACE_OUTER_BOUND('',#889,.T.);
#519=FACE_OUTER_BOUND('',#890,.T.);
#520=FACE_OUTER_BOUND('',#891,.T.);
#521=FACE_OUTER_BOUND('',#892,.T.);
#522=FACE_OUTER_BOUND('',#893,.T.);
#523=FACE_OUTER_BOUND('',#894,.T.);
#524=FACE_OUTER_BOUND('',#895,.T.);
#525=FACE_OUTER_BOUND('',#896,.T.);
#526=FACE_OUTER_BOUND('',#897,.T.);
#527=FACE_OUTER_BOUND('',#898,.T.);
#528=FACE_OUTER_BOUND('',#899,.T.);
#529=FACE_OUTER_BOUND('',#900,.T.);
#530=FACE_OUTER_BOUND('',#901,.T.);
#531=FACE_OUTER_BOUND('',#902,.T.);
#532=FACE_OUTER_BOUND('',#903,.T.);
#533=FACE_OUTER_BOUND('',#904,.T.);
#534=FACE_OUTER_BOUND('',#905,.T.);
#535=FACE_OUTER_BOUND('',#906,.T.);
#536=FACE_OUTER_BOUND('',#907,.T.);
#537=FACE_OUTER_BOUND('',#908,.T.);
#538=FACE_OUTER_BOUND('',#909,.T.);
#539=FACE_OUTER_BOUND('',#910,.T.);
#540=FACE_OUTER_BOUND('',#911,.T.);
#541=FACE_OUTER_BOUND('',#912,.T.);
#542=FACE_OUTER_BOUND('',#913,.T.);
#543=FACE_OUTER_BOUND('',#914,.T.);
#544=FACE_OUTER_BOUND('',#915,.T.);
#545=FACE_OUTER_BOUND('',#916,.T.);
#546=FACE_OUTER_BOUND('',#917,.T.);
#547=FACE_OUTER_BOUND('',#918,.T.);
#548=FACE_OUTER_BOUND('',#919,.T.);
#549=FACE_OUTER_BOUND('',#920,.T.);
#550=FACE_OUTER_BOUND('',#921,.T.);
#551=FACE_OUTER_BOUND('',#922,.T.);
#552=FACE_OUTER_BOUND('',#923,.T.);
#553=FACE_OUTER_BOUND('',#924,.T.);
#554=FACE_OUTER_BOUND('',#925,.T.);
#555=FACE_OUTER_BOUND('',#926,.T.);
#556=FACE_OUTER_BOUND('',#927,.T.);
#557=FACE_OUTER_BOUND('',#928,.T.);
#558=FACE_OUTER_BOUND('',#929,.T.);
#559=FACE_OUTER_BOUND('',#930,.T.);
#560=FACE_OUTER_BOUND('',#931,.T.);
#561=FACE_OUTER_BOUND('',#932,.T.);
#562=FACE_OUTER_BOUND('',#933,.T.);
#563=FACE_OUTER_BOUND('',#934,.T.);
#564=FACE_OUTER_BOUND('',#936,.T.);
#565=FACE_OUTER_BOUND('',#937,.T.);
#566=FACE_OUTER_BOUND('',#938,.T.);
#567=FACE_OUTER_BOUND('',#940,.T.);
#568=FACE_OUTER_BOUND('',#941,.T.);
#569=FACE_OUTER_BOUND('',#942,.T.);
#570=FACE_OUTER_BOUND('',#943,.T.);
#571=FACE_OUTER_BOUND('',#944,.T.);
#572=FACE_OUTER_BOUND('',#945,.T.);
#573=FACE_OUTER_BOUND('',#946,.T.);
#574=FACE_OUTER_BOUND('',#947,.T.);
#575=FACE_OUTER_BOUND('',#948,.T.);
#576=FACE_OUTER_BOUND('',#949,.T.);
#577=FACE_OUTER_BOUND('',#950,.T.);
#578=FACE_OUTER_BOUND('',#951,.T.);
#579=FACE_OUTER_BOUND('',#952,.T.);
#580=FACE_OUTER_BOUND('',#953,.T.);
#581=FACE_OUTER_BOUND('',#954,.T.);
#582=FACE_OUTER_BOUND('',#955,.T.);
#583=FACE_OUTER_BOUND('',#956,.T.);
#584=FACE_OUTER_BOUND('',#957,.T.);
#585=FACE_OUTER_BOUND('',#958,.T.);
#586=FACE_OUTER_BOUND('',#959,.T.);
#587=FACE_OUTER_BOUND('',#960,.T.);
#588=FACE_OUTER_BOUND('',#961,.T.);
#589=FACE_OUTER_BOUND('',#962,.T.);
#590=FACE_OUTER_BOUND('',#963,.T.);
#591=FACE_OUTER_BOUND('',#964,.T.);
#592=FACE_OUTER_BOUND('',#965,.T.);
#593=FACE_OUTER_BOUND('',#966,.T.);
#594=FACE_OUTER_BOUND('',#967,.T.);
#595=FACE_OUTER_BOUND('',#968,.T.);
#596=FACE_OUTER_BOUND('',#969,.T.);
#597=FACE_OUTER_BOUND('',#970,.T.);
#598=FACE_OUTER_BOUND('',#971,.T.);
#599=FACE_OUTER_BOUND('',#972,.T.);
#600=FACE_OUTER_BOUND('',#973,.T.);
#601=FACE_OUTER_BOUND('',#974,.T.);
#602=FACE_OUTER_BOUND('',#975,.T.);
#603=FACE_OUTER_BOUND('',#976,.T.);
#604=FACE_OUTER_BOUND('',#977,.T.);
#605=FACE_OUTER_BOUND('',#978,.T.);
#606=FACE_OUTER_BOUND('',#979,.T.);
#607=FACE_OUTER_BOUND('',#980,.T.);
#608=FACE_OUTER_BOUND('',#981,.T.);
#609=FACE_OUTER_BOUND('',#982,.T.);
#610=FACE_OUTER_BOUND('',#983,.T.);
#611=FACE_OUTER_BOUND('',#984,.T.);
#612=FACE_OUTER_BOUND('',#985,.T.);
#613=FACE_OUTER_BOUND('',#986,.T.);
#614=FACE_OUTER_BOUND('',#987,.T.);
#615=FACE_OUTER_BOUND('',#988,.T.);
#616=FACE_OUTER_BOUND('',#989,.T.);
#617=FACE_OUTER_BOUND('',#990,.T.);
#618=FACE_OUTER_BOUND('',#991,.T.);
#619=FACE_OUTER_BOUND('',#992,.T.);
#620=FACE_OUTER_BOUND('',#993,.T.);
#621=FACE_OUTER_BOUND('',#994,.T.);
#622=FACE_OUTER_BOUND('',#995,.T.);
#623=FACE_OUTER_BOUND('',#996,.T.);
#624=FACE_OUTER_BOUND('',#997,.T.);
#625=FACE_OUTER_BOUND('',#998,.T.);
#626=FACE_OUTER_BOUND('',#999,.T.);
#627=FACE_OUTER_BOUND('',#1000,.T.);
#628=FACE_OUTER_BOUND('',#1001,.T.);
#629=FACE_OUTER_BOUND('',#1002,.T.);
#630=FACE_OUTER_BOUND('',#1003,.T.);
#631=FACE_OUTER_BOUND('',#1004,.T.);
#632=FACE_OUTER_BOUND('',#1005,.T.);
#633=FACE_OUTER_BOUND('',#1007,.T.);
#634=FACE_OUTER_BOUND('',#1009,.T.);
#635=FACE_OUTER_BOUND('',#1010,.T.);
#636=FACE_OUTER_BOUND('',#1011,.T.);
#637=FACE_OUTER_BOUND('',#1013,.T.);
#638=EDGE_LOOP('',(#3946,#3947,#3948,#3949));
#639=EDGE_LOOP('',(#3950,#3951,#3952,#3953,#3954,#3955));
#640=EDGE_LOOP('',(#3956,#3957,#3958,#3959,#3960,#3961,#3962,#3963,#3964,
#3965,#3966,#3967,#3968,#3969,#3970,#3971));
#641=EDGE_LOOP('',(#3972,#3973,#3974,#3975));
#642=EDGE_LOOP('',(#3976,#3977,#3978,#3979,#3980,#3981));
#643=EDGE_LOOP('',(#3982,#3983,#3984,#3985));
#644=EDGE_LOOP('',(#3986,#3987,#3988,#3989,#3990,#3991));
#645=EDGE_LOOP('',(#3992,#3993,#3994,#3995));
#646=EDGE_LOOP('',(#3996,#3997,#3998,#3999,#4000,#4001));
#647=EDGE_LOOP('',(#4002,#4003,#4004,#4005));
#648=EDGE_LOOP('',(#4006,#4007,#4008,#4009));
#649=EDGE_LOOP('',(#4010,#4011,#4012,#4013));
#650=EDGE_LOOP('',(#4014,#4015,#4016,#4017));
#651=EDGE_LOOP('',(#4018,#4019,#4020,#4021));
#652=EDGE_LOOP('',(#4022,#4023,#4024,#4025));
#653=EDGE_LOOP('',(#4026,#4027,#4028,#4029));
#654=EDGE_LOOP('',(#4030,#4031,#4032,#4033));
#655=EDGE_LOOP('',(#4034,#4035,#4036,#4037));
#656=EDGE_LOOP('',(#4038,#4039,#4040,#4041));
#657=EDGE_LOOP('',(#4042,#4043,#4044,#4045));
#658=EDGE_LOOP('',(#4046,#4047,#4048,#4049));
#659=EDGE_LOOP('',(#4050,#4051,#4052,#4053));
#660=EDGE_LOOP('',(#4054,#4055,#4056,#4057));
#661=EDGE_LOOP('',(#4058,#4059,#4060,#4061));
#662=EDGE_LOOP('',(#4062,#4063,#4064,#4065));
#663=EDGE_LOOP('',(#4066,#4067,#4068,#4069));
#664=EDGE_LOOP('',(#4070,#4071,#4072,#4073));
#665=EDGE_LOOP('',(#4074,#4075,#4076,#4077));
#666=EDGE_LOOP('',(#4078,#4079,#4080,#4081));
#667=EDGE_LOOP('',(#4082,#4083,#4084,#4085));
#668=EDGE_LOOP('',(#4086,#4087,#4088,#4089));
#669=EDGE_LOOP('',(#4090,#4091,#4092,#4093,#4094,#4095));
#670=EDGE_LOOP('',(#4096,#4097,#4098,#4099));
#671=EDGE_LOOP('',(#4100,#4101,#4102,#4103,#4104,#4105,#4106,#4107,#4108,
#4109,#4110,#4111,#4112,#4113,#4114,#4115,#4116,#4117,#4118,#4119));
#672=EDGE_LOOP('',(#4120,#4121,#4122,#4123));
#673=EDGE_LOOP('',(#4124,#4125,#4126,#4127,#4128,#4129,#4130,#4131));
#674=EDGE_LOOP('',(#4132));
#675=EDGE_LOOP('',(#4133));
#676=EDGE_LOOP('',(#4134,#4135,#4136,#4137,#4138,#4139,#4140,#4141));
#677=EDGE_LOOP('',(#4142,#4143,#4144,#4145,#4146,#4147,#4148,#4149,#4150,
#4151,#4152,#4153,#4154,#4155,#4156,#4157,#4158,#4159,#4160,#4161,#4162,
#4163,#4164,#4165,#4166,#4167,#4168,#4169));
#678=EDGE_LOOP('',(#4170,#4171,#4172,#4173,#4174,#4175,#4176,#4177));
#679=EDGE_LOOP('',(#4178));
#680=EDGE_LOOP('',(#4179));
#681=EDGE_LOOP('',(#4180,#4181,#4182,#4183,#4184,#4185,#4186,#4187,#4188,
#4189,#4190,#4191));
#682=EDGE_LOOP('',(#4192,#4193,#4194,#4195));
#683=EDGE_LOOP('',(#4196,#4197,#4198,#4199,#4200,#4201,#4202,#4203,#4204,
#4205,#4206,#4207));
#684=EDGE_LOOP('',(#4208,#4209,#4210,#4211));
#685=EDGE_LOOP('',(#4212,#4213,#4214,#4215,#4216,#4217,#4218,#4219,#4220,
#4221,#4222,#4223));
#686=EDGE_LOOP('',(#4224,#4225,#4226,#4227));
#687=EDGE_LOOP('',(#4228,#4229,#4230,#4231,#4232,#4233,#4234,#4235,#4236,
#4237,#4238,#4239));
#688=EDGE_LOOP('',(#4240,#4241,#4242,#4243));
#689=EDGE_LOOP('',(#4244,#4245,#4246,#4247,#4248));
#690=EDGE_LOOP('',(#4249));
#691=EDGE_LOOP('',(#4250));
#692=EDGE_LOOP('',(#4251,#4252,#4253,#4254));
#693=EDGE_LOOP('',(#4255,#4256,#4257,#4258));
#694=EDGE_LOOP('',(#4259,#4260,#4261,#4262));
#695=EDGE_LOOP('',(#4263,#4264,#4265,#4266));
#696=EDGE_LOOP('',(#4267,#4268,#4269,#4270));
#697=EDGE_LOOP('',(#4271,#4272,#4273,#4274));
#698=EDGE_LOOP('',(#4275,#4276,#4277,#4278));
#699=EDGE_LOOP('',(#4279,#4280,#4281,#4282));
#700=EDGE_LOOP('',(#4283,#4284,#4285,#4286));
#701=EDGE_LOOP('',(#4287,#4288,#4289,#4290,#4291,#4292,#4293,#4294));
#702=EDGE_LOOP('',(#4295,#4296,#4297,#4298));
#703=EDGE_LOOP('',(#4299,#4300,#4301,#4302,#4303,#4304,#4305,#4306));
#704=EDGE_LOOP('',(#4307,#4308,#4309,#4310));
#705=EDGE_LOOP('',(#4311,#4312,#4313,#4314));
#706=EDGE_LOOP('',(#4315,#4316,#4317,#4318));
#707=EDGE_LOOP('',(#4319,#4320,#4321,#4322));
#708=EDGE_LOOP('',(#4323,#4324,#4325,#4326));
#709=EDGE_LOOP('',(#4327,#4328,#4329,#4330));
#710=EDGE_LOOP('',(#4331,#4332,#4333,#4334));
#711=EDGE_LOOP('',(#4335,#4336,#4337,#4338));
#712=EDGE_LOOP('',(#4339,#4340,#4341,#4342));
#713=EDGE_LOOP('',(#4343,#4344,#4345,#4346));
#714=EDGE_LOOP('',(#4347,#4348,#4349,#4350));
#715=EDGE_LOOP('',(#4351,#4352,#4353,#4354,#4355,#4356,#4357,#4358));
#716=EDGE_LOOP('',(#4359,#4360,#4361,#4362));
#717=EDGE_LOOP('',(#4363,#4364,#4365,#4366));
#718=EDGE_LOOP('',(#4367,#4368,#4369,#4370));
#719=EDGE_LOOP('',(#4371,#4372,#4373,#4374));
#720=EDGE_LOOP('',(#4375,#4376,#4377,#4378));
#721=EDGE_LOOP('',(#4379,#4380,#4381,#4382));
#722=EDGE_LOOP('',(#4383,#4384,#4385,#4386));
#723=EDGE_LOOP('',(#4387,#4388,#4389,#4390));
#724=EDGE_LOOP('',(#4391,#4392,#4393,#4394));
#725=EDGE_LOOP('',(#4395,#4396,#4397,#4398));
#726=EDGE_LOOP('',(#4399,#4400,#4401,#4402,#4403,#4404,#4405,#4406,#4407,
#4408));
#727=EDGE_LOOP('',(#4409,#4410,#4411,#4412,#4413));
#728=EDGE_LOOP('',(#4414,#4415,#4416));
#729=EDGE_LOOP('',(#4417,#4418,#4419));
#730=EDGE_LOOP('',(#4420,#4421,#4422));
#731=EDGE_LOOP('',(#4423,#4424,#4425));
#732=EDGE_LOOP('',(#4426,#4427,#4428,#4429,#4430));
#733=EDGE_LOOP('',(#4431,#4432,#4433));
#734=EDGE_LOOP('',(#4434,#4435,#4436));
#735=EDGE_LOOP('',(#4437,#4438,#4439));
#736=EDGE_LOOP('',(#4440,#4441,#4442));
#737=EDGE_LOOP('',(#4443,#4444,#4445,#4446,#4447));
#738=EDGE_LOOP('',(#4448,#4449,#4450,#4451,#4452));
#739=EDGE_LOOP('',(#4453,#4454,#4455));
#740=EDGE_LOOP('',(#4456,#4457,#4458));
#741=EDGE_LOOP('',(#4459,#4460,#4461));
#742=EDGE_LOOP('',(#4462,#4463,#4464));
#743=EDGE_LOOP('',(#4465,#4466,#4467,#4468,#4469));
#744=EDGE_LOOP('',(#4470,#4471,#4472,#4473,#4474));
#745=EDGE_LOOP('',(#4475,#4476,#4477,#4478,#4479));
#746=EDGE_LOOP('',(#4480,#4481,#4482));
#747=EDGE_LOOP('',(#4483,#4484,#4485));
#748=EDGE_LOOP('',(#4486,#4487,#4488));
#749=EDGE_LOOP('',(#4489,#4490,#4491));
#750=EDGE_LOOP('',(#4492,#4493,#4494,#4495,#4496));
#751=EDGE_LOOP('',(#4497,#4498));
#752=EDGE_LOOP('',(#4499,#4500));
#753=EDGE_LOOP('',(#4501,#4502,#4503));
#754=EDGE_LOOP('',(#4504,#4505,#4506));
#755=EDGE_LOOP('',(#4507,#4508,#4509,#4510));
#756=EDGE_LOOP('',(#4511,#4512,#4513,#4514,#4515,#4516,#4517,#4518,#4519));
#757=EDGE_LOOP('',(#4520,#4521,#4522,#4523,#4524,#4525,#4526,#4527,#4528));
#758=EDGE_LOOP('',(#4529,#4530,#4531,#4532));
#759=EDGE_LOOP('',(#4533,#4534,#4535,#4536));
#760=EDGE_LOOP('',(#4537,#4538,#4539,#4540));
#761=EDGE_LOOP('',(#4541,#4542,#4543,#4544,#4545,#4546,#4547,#4548,#4549));
#762=EDGE_LOOP('',(#4550,#4551,#4552,#4553,#4554,#4555,#4556,#4557,#4558));
#763=EDGE_LOOP('',(#4559,#4560,#4561,#4562));
#764=EDGE_LOOP('',(#4563,#4564,#4565,#4566));
#765=EDGE_LOOP('',(#4567,#4568,#4569,#4570,#4571,#4572,#4573,#4574,#4575));
#766=EDGE_LOOP('',(#4576,#4577,#4578,#4579,#4580,#4581,#4582,#4583,#4584));
#767=EDGE_LOOP('',(#4585,#4586,#4587,#4588));
#768=EDGE_LOOP('',(#4589,#4590,#4591,#4592,#4593,#4594,#4595,#4596,#4597));
#769=EDGE_LOOP('',(#4598,#4599,#4600,#4601,#4602,#4603,#4604,#4605,#4606));
#770=EDGE_LOOP('',(#4607,#4608,#4609,#4610));
#771=EDGE_LOOP('',(#4611,#4612,#4613));
#772=EDGE_LOOP('',(#4614,#4615));
#773=EDGE_LOOP('',(#4616,#4617));
#774=EDGE_LOOP('',(#4618,#4619,#4620));
#775=EDGE_LOOP('',(#4621,#4622,#4623,#4624));
#776=EDGE_LOOP('',(#4625,#4626,#4627,#4628));
#777=EDGE_LOOP('',(#4629,#4630,#4631,#4632));
#778=EDGE_LOOP('',(#4633,#4634,#4635,#4636,#4637,#4638,#4639,#4640,#4641,
#4642,#4643,#4644,#4645,#4646,#4647,#4648,#4649,#4650,#4651,#4652,#4653,
#4654,#4655,#4656,#4657,#4658,#4659,#4660,#4661,#4662,#4663,#4664,#4665,
#4666,#4667,#4668,#4669,#4670,#4671,#4672));
#779=EDGE_LOOP('',(#4673));
#780=EDGE_LOOP('',(#4674));
#781=EDGE_LOOP('',(#4675));
#782=EDGE_LOOP('',(#4676));
#783=EDGE_LOOP('',(#4677,#4678,#4679,#4680));
#784=EDGE_LOOP('',(#4681,#4682,#4683,#4684));
#785=EDGE_LOOP('',(#4685,#4686,#4687,#4688));
#786=EDGE_LOOP('',(#4689,#4690,#4691,#4692));
#787=EDGE_LOOP('',(#4693,#4694,#4695,#4696));
#788=EDGE_LOOP('',(#4697,#4698,#4699,#4700));
#789=EDGE_LOOP('',(#4701,#4702,#4703,#4704));
#790=EDGE_LOOP('',(#4705,#4706,#4707,#4708));
#791=EDGE_LOOP('',(#4709,#4710,#4711,#4712));
#792=EDGE_LOOP('',(#4713,#4714,#4715));
#793=EDGE_LOOP('',(#4716,#4717,#4718,#4719));
#794=EDGE_LOOP('',(#4720,#4721,#4722,#4723));
#795=EDGE_LOOP('',(#4724,#4725,#4726));
#796=EDGE_LOOP('',(#4727,#4728,#4729));
#797=EDGE_LOOP('',(#4730,#4731,#4732,#4733));
#798=EDGE_LOOP('',(#4734,#4735,#4736,#4737));
#799=EDGE_LOOP('',(#4738,#4739,#4740,#4741));
#800=EDGE_LOOP('',(#4742,#4743,#4744,#4745));
#801=EDGE_LOOP('',(#4746,#4747,#4748,#4749));
#802=EDGE_LOOP('',(#4750,#4751,#4752,#4753,#4754,#4755,#4756,#4757));
#803=EDGE_LOOP('',(#4758,#4759,#4760,#4761));
#804=EDGE_LOOP('',(#4762,#4763,#4764));
#805=EDGE_LOOP('',(#4765,#4766,#4767,#4768));
#806=EDGE_LOOP('',(#4769,#4770,#4771,#4772));
#807=EDGE_LOOP('',(#4773,#4774,#4775));
#808=EDGE_LOOP('',(#4776,#4777,#4778,#4779));
#809=EDGE_LOOP('',(#4780,#4781,#4782,#4783));
#810=EDGE_LOOP('',(#4784,#4785,#4786,#4787));
#811=EDGE_LOOP('',(#4788,#4789,#4790,#4791,#4792,#4793,#4794,#4795));
#812=EDGE_LOOP('',(#4796,#4797,#4798));
#813=EDGE_LOOP('',(#4799,#4800,#4801));
#814=EDGE_LOOP('',(#4802,#4803,#4804,#4805));
#815=EDGE_LOOP('',(#4806,#4807,#4808,#4809));
#816=EDGE_LOOP('',(#4810,#4811,#4812,#4813));
#817=EDGE_LOOP('',(#4814,#4815,#4816,#4817,#4818,#4819,#4820,#4821));
#818=EDGE_LOOP('',(#4822,#4823,#4824,#4825,#4826,#4827,#4828,#4829,#4830,
#4831,#4832,#4833,#4834,#4835,#4836,#4837,#4838,#4839,#4840,#4841,#4842,
#4843,#4844,#4845));
#819=EDGE_LOOP('',(#4846));
#820=EDGE_LOOP('',(#4847,#4848,#4849));
#821=EDGE_LOOP('',(#4850,#4851,#4852,#4853));
#822=EDGE_LOOP('',(#4854,#4855,#4856,#4857));
#823=EDGE_LOOP('',(#4858,#4859,#4860,#4861));
#824=EDGE_LOOP('',(#4862,#4863,#4864,#4865,#4866));
#825=EDGE_LOOP('',(#4867,#4868,#4869,#4870));
#826=EDGE_LOOP('',(#4871,#4872,#4873,#4874));
#827=EDGE_LOOP('',(#4875,#4876,#4877,#4878));
#828=EDGE_LOOP('',(#4879,#4880,#4881,#4882));
#829=EDGE_LOOP('',(#4883,#4884,#4885,#4886));
#830=EDGE_LOOP('',(#4887,#4888,#4889,#4890));
#831=EDGE_LOOP('',(#4891,#4892,#4893,#4894));
#832=EDGE_LOOP('',(#4895,#4896,#4897,#4898));
#833=EDGE_LOOP('',(#4899,#4900,#4901,#4902));
#834=EDGE_LOOP('',(#4903,#4904,#4905,#4906));
#835=EDGE_LOOP('',(#4907,#4908,#4909,#4910));
#836=EDGE_LOOP('',(#4911,#4912,#4913,#4914));
#837=EDGE_LOOP('',(#4915,#4916,#4917,#4918));
#838=EDGE_LOOP('',(#4919,#4920,#4921,#4922));
#839=EDGE_LOOP('',(#4923,#4924,#4925,#4926));
#840=EDGE_LOOP('',(#4927,#4928,#4929,#4930));
#841=EDGE_LOOP('',(#4931,#4932,#4933,#4934));
#842=EDGE_LOOP('',(#4935,#4936,#4937,#4938));
#843=EDGE_LOOP('',(#4939,#4940,#4941,#4942));
#844=EDGE_LOOP('',(#4943,#4944,#4945,#4946));
#845=EDGE_LOOP('',(#4947,#4948,#4949,#4950));
#846=EDGE_LOOP('',(#4951,#4952,#4953,#4954));
#847=EDGE_LOOP('',(#4955,#4956,#4957,#4958));
#848=EDGE_LOOP('',(#4959,#4960,#4961,#4962));
#849=EDGE_LOOP('',(#4963,#4964,#4965,#4966));
#850=EDGE_LOOP('',(#4967,#4968,#4969,#4970));
#851=EDGE_LOOP('',(#4971,#4972,#4973,#4974));
#852=EDGE_LOOP('',(#4975,#4976,#4977,#4978,#4979,#4980,#4981,#4982,#4983,
#4984,#4985,#4986,#4987,#4988,#4989,#4990,#4991,#4992,#4993,#4994,#4995,
#4996,#4997,#4998,#4999,#5000,#5001,#5002));
#853=EDGE_LOOP('',(#5003));
#854=EDGE_LOOP('',(#5004,#5005,#5006,#5007));
#855=EDGE_LOOP('',(#5008,#5009,#5010,#5011));
#856=EDGE_LOOP('',(#5012,#5013,#5014,#5015));
#857=EDGE_LOOP('',(#5016,#5017,#5018,#5019));
#858=EDGE_LOOP('',(#5020,#5021,#5022,#5023));
#859=EDGE_LOOP('',(#5024,#5025,#5026,#5027));
#860=EDGE_LOOP('',(#5028,#5029,#5030,#5031));
#861=EDGE_LOOP('',(#5032,#5033,#5034,#5035));
#862=EDGE_LOOP('',(#5036,#5037,#5038,#5039));
#863=EDGE_LOOP('',(#5040,#5041,#5042,#5043));
#864=EDGE_LOOP('',(#5044,#5045,#5046,#5047));
#865=EDGE_LOOP('',(#5048,#5049,#5050,#5051));
#866=EDGE_LOOP('',(#5052,#5053,#5054,#5055));
#867=EDGE_LOOP('',(#5056,#5057,#5058,#5059));
#868=EDGE_LOOP('',(#5060,#5061,#5062,#5063));
#869=EDGE_LOOP('',(#5064,#5065,#5066,#5067));
#870=EDGE_LOOP('',(#5068,#5069,#5070,#5071));
#871=EDGE_LOOP('',(#5072,#5073,#5074,#5075));
#872=EDGE_LOOP('',(#5076,#5077,#5078,#5079));
#873=EDGE_LOOP('',(#5080,#5081,#5082,#5083));
#874=EDGE_LOOP('',(#5084,#5085,#5086,#5087));
#875=EDGE_LOOP('',(#5088,#5089,#5090,#5091));
#876=EDGE_LOOP('',(#5092,#5093,#5094,#5095));
#877=EDGE_LOOP('',(#5096,#5097,#5098,#5099));
#878=EDGE_LOOP('',(#5100,#5101,#5102,#5103));
#879=EDGE_LOOP('',(#5104,#5105,#5106,#5107));
#880=EDGE_LOOP('',(#5108,#5109,#5110,#5111));
#881=EDGE_LOOP('',(#5112,#5113,#5114,#5115));
#882=EDGE_LOOP('',(#5116,#5117,#5118,#5119));
#883=EDGE_LOOP('',(#5120,#5121,#5122,#5123));
#884=EDGE_LOOP('',(#5124,#5125,#5126,#5127));
#885=EDGE_LOOP('',(#5128,#5129,#5130,#5131));
#886=EDGE_LOOP('',(#5132,#5133,#5134,#5135));
#887=EDGE_LOOP('',(#5136,#5137,#5138,#5139));
#888=EDGE_LOOP('',(#5140,#5141,#5142,#5143));
#889=EDGE_LOOP('',(#5144,#5145,#5146,#5147));
#890=EDGE_LOOP('',(#5148,#5149,#5150,#5151));
#891=EDGE_LOOP('',(#5152,#5153,#5154,#5155));
#892=EDGE_LOOP('',(#5156,#5157,#5158,#5159));
#893=EDGE_LOOP('',(#5160,#5161,#5162,#5163));
#894=EDGE_LOOP('',(#5164,#5165,#5166,#5167));
#895=EDGE_LOOP('',(#5168,#5169,#5170,#5171));
#896=EDGE_LOOP('',(#5172,#5173,#5174,#5175));
#897=EDGE_LOOP('',(#5176,#5177,#5178,#5179));
#898=EDGE_LOOP('',(#5180,#5181,#5182,#5183));
#899=EDGE_LOOP('',(#5184,#5185,#5186,#5187,#5188,#5189));
#900=EDGE_LOOP('',(#5190,#5191,#5192));
#901=EDGE_LOOP('',(#5193,#5194,#5195,#5196,#5197,#5198));
#902=EDGE_LOOP('',(#5199,#5200,#5201));
#903=EDGE_LOOP('',(#5202,#5203,#5204,#5205,#5206,#5207));
#904=EDGE_LOOP('',(#5208,#5209,#5210));
#905=EDGE_LOOP('',(#5211,#5212,#5213,#5214,#5215,#5216,#5217,#5218));
#906=EDGE_LOOP('',(#5219,#5220,#5221,#5222,#5223,#5224,#5225,#5226));
#907=EDGE_LOOP('',(#5227,#5228,#5229,#5230,#5231,#5232,#5233,#5234,#5235,
#5236));
#908=EDGE_LOOP('',(#5237,#5238,#5239,#5240));
#909=EDGE_LOOP('',(#5241,#5242,#5243,#5244));
#910=EDGE_LOOP('',(#5245,#5246,#5247,#5248));
#911=EDGE_LOOP('',(#5249,#5250,#5251,#5252));
#912=EDGE_LOOP('',(#5253,#5254,#5255,#5256));
#913=EDGE_LOOP('',(#5257,#5258,#5259,#5260));
#914=EDGE_LOOP('',(#5261,#5262,#5263,#5264));
#915=EDGE_LOOP('',(#5265,#5266,#5267,#5268));
#916=EDGE_LOOP('',(#5269,#5270,#5271,#5272));
#917=EDGE_LOOP('',(#5273,#5274,#5275,#5276,#5277,#5278,#5279,#5280));
#918=EDGE_LOOP('',(#5281,#5282,#5283,#5284,#5285,#5286,#5287,#5288));
#919=EDGE_LOOP('',(#5289,#5290,#5291,#5292));
#920=EDGE_LOOP('',(#5293,#5294,#5295,#5296));
#921=EDGE_LOOP('',(#5297,#5298,#5299,#5300));
#922=EDGE_LOOP('',(#5301,#5302,#5303,#5304,#5305,#5306));
#923=EDGE_LOOP('',(#5307,#5308,#5309));
#924=EDGE_LOOP('',(#5310,#5311,#5312,#5313));
#925=EDGE_LOOP('',(#5314,#5315,#5316,#5317));
#926=EDGE_LOOP('',(#5318,#5319,#5320,#5321));
#927=EDGE_LOOP('',(#5322,#5323,#5324,#5325));
#928=EDGE_LOOP('',(#5326,#5327,#5328,#5329));
#929=EDGE_LOOP('',(#5330,#5331,#5332,#5333));
#930=EDGE_LOOP('',(#5334,#5335,#5336,#5337));
#931=EDGE_LOOP('',(#5338,#5339,#5340,#5341));
#932=EDGE_LOOP('',(#5342,#5343,#5344,#5345));
#933=EDGE_LOOP('',(#5346,#5347,#5348,#5349));
#934=EDGE_LOOP('',(#5350,#5351,#5352,#5353,#5354,#5355,#5356,#5357,#5358,
#5359,#5360,#5361,#5362,#5363,#5364,#5365,#5366,#5367,#5368,#5369,#5370,
#5371,#5372,#5373,#5374,#5375,#5376,#5377));
#935=EDGE_LOOP('',(#5378,#5379,#5380,#5381,#5382,#5383,#5384,#5385,#5386,
#5387,#5388,#5389,#5390,#5391,#5392,#5393,#5394,#5395,#5396,#5397,#5398,
#5399,#5400,#5401,#5402,#5403,#5404,#5405));
#936=EDGE_LOOP('',(#5406,#5407,#5408,#5409));
#937=EDGE_LOOP('',(#5410,#5411,#5412,#5413));
#938=EDGE_LOOP('',(#5414));
#939=EDGE_LOOP('',(#5415));
#940=EDGE_LOOP('',(#5416,#5417,#5418,#5419,#5420,#5421));
#941=EDGE_LOOP('',(#5422,#5423,#5424,#5425));
#942=EDGE_LOOP('',(#5426,#5427,#5428,#5429));
#943=EDGE_LOOP('',(#5430,#5431,#5432,#5433,#5434,#5435,#5436));
#944=EDGE_LOOP('',(#5437,#5438,#5439,#5440,#5441,#5442,#5443));
#945=EDGE_LOOP('',(#5444,#5445,#5446,#5447,#5448,#5449,#5450));
#946=EDGE_LOOP('',(#5451,#5452,#5453,#5454,#5455,#5456,#5457));
#947=EDGE_LOOP('',(#5458,#5459,#5460,#5461));
#948=EDGE_LOOP('',(#5462,#5463,#5464,#5465));
#949=EDGE_LOOP('',(#5466,#5467,#5468,#5469));
#950=EDGE_LOOP('',(#5470,#5471,#5472,#5473));
#951=EDGE_LOOP('',(#5474,#5475,#5476,#5477));
#952=EDGE_LOOP('',(#5478,#5479,#5480,#5481));
#953=EDGE_LOOP('',(#5482,#5483,#5484,#5485));
#954=EDGE_LOOP('',(#5486,#5487,#5488,#5489));
#955=EDGE_LOOP('',(#5490,#5491,#5492,#5493));
#956=EDGE_LOOP('',(#5494,#5495,#5496,#5497));
#957=EDGE_LOOP('',(#5498,#5499,#5500,#5501));
#958=EDGE_LOOP('',(#5502,#5503,#5504,#5505));
#959=EDGE_LOOP('',(#5506,#5507,#5508,#5509));
#960=EDGE_LOOP('',(#5510,#5511,#5512,#5513));
#961=EDGE_LOOP('',(#5514,#5515,#5516,#5517));
#962=EDGE_LOOP('',(#5518,#5519,#5520,#5521));
#963=EDGE_LOOP('',(#5522,#5523,#5524,#5525));
#964=EDGE_LOOP('',(#5526,#5527,#5528,#5529));
#965=EDGE_LOOP('',(#5530,#5531,#5532,#5533));
#966=EDGE_LOOP('',(#5534,#5535,#5536,#5537));
#967=EDGE_LOOP('',(#5538,#5539,#5540,#5541));
#968=EDGE_LOOP('',(#5542,#5543,#5544,#5545));
#969=EDGE_LOOP('',(#5546,#5547,#5548,#5549));
#970=EDGE_LOOP('',(#5550,#5551,#5552,#5553));
#971=EDGE_LOOP('',(#5554,#5555,#5556,#5557));
#972=EDGE_LOOP('',(#5558,#5559,#5560,#5561));
#973=EDGE_LOOP('',(#5562,#5563,#5564,#5565));
#974=EDGE_LOOP('',(#5566,#5567,#5568,#5569));
#975=EDGE_LOOP('',(#5570,#5571,#5572,#5573));
#976=EDGE_LOOP('',(#5574,#5575,#5576,#5577));
#977=EDGE_LOOP('',(#5578,#5579,#5580,#5581));
#978=EDGE_LOOP('',(#5582,#5583,#5584,#5585));
#979=EDGE_LOOP('',(#5586,#5587,#5588,#5589));
#980=EDGE_LOOP('',(#5590,#5591,#5592,#5593));
#981=EDGE_LOOP('',(#5594,#5595,#5596,#5597));
#982=EDGE_LOOP('',(#5598,#5599,#5600,#5601));
#983=EDGE_LOOP('',(#5602,#5603,#5604,#5605));
#984=EDGE_LOOP('',(#5606,#5607,#5608,#5609));
#985=EDGE_LOOP('',(#5610,#5611,#5612,#5613));
#986=EDGE_LOOP('',(#5614,#5615,#5616,#5617));
#987=EDGE_LOOP('',(#5618,#5619,#5620,#5621));
#988=EDGE_LOOP('',(#5622,#5623,#5624,#5625));
#989=EDGE_LOOP('',(#5626,#5627,#5628,#5629));
#990=EDGE_LOOP('',(#5630,#5631,#5632,#5633));
#991=EDGE_LOOP('',(#5634,#5635,#5636,#5637));
#992=EDGE_LOOP('',(#5638,#5639,#5640,#5641));
#993=EDGE_LOOP('',(#5642,#5643,#5644,#5645));
#994=EDGE_LOOP('',(#5646,#5647,#5648,#5649));
#995=EDGE_LOOP('',(#5650,#5651,#5652,#5653));
#996=EDGE_LOOP('',(#5654,#5655,#5656,#5657));
#997=EDGE_LOOP('',(#5658,#5659,#5660,#5661));
#998=EDGE_LOOP('',(#5662,#5663,#5664,#5665));
#999=EDGE_LOOP('',(#5666,#5667,#5668,#5669));
#1000=EDGE_LOOP('',(#5670,#5671,#5672,#5673));
#1001=EDGE_LOOP('',(#5674,#5675,#5676,#5677));
#1002=EDGE_LOOP('',(#5678,#5679,#5680,#5681));
#1003=EDGE_LOOP('',(#5682,#5683,#5684,#5685));
#1004=EDGE_LOOP('',(#5686,#5687,#5688,#5689));
#1005=EDGE_LOOP('',(#5690,#5691,#5692,#5693,#5694,#5695,#5696,#5697,#5698,
#5699,#5700,#5701,#5702,#5703,#5704,#5705,#5706,#5707,#5708,#5709,#5710,
#5711,#5712,#5713,#5714,#5715,#5716,#5717));
#1006=EDGE_LOOP('',(#5718,#5719,#5720,#5721,#5722,#5723,#5724,#5725,#5726,
#5727,#5728,#5729,#5730,#5731,#5732,#5733,#5734,#5735,#5736,#5737,#5738,
#5739,#5740,#5741,#5742,#5743,#5744,#5745));
#1007=EDGE_LOOP('',(#5746,#5747,#5748,#5749,#5750,#5751,#5752,#5753,#5754,
#5755,#5756,#5757,#5758,#5759,#5760,#5761,#5762,#5763,#5764,#5765,#5766,
#5767,#5768,#5769,#5770,#5771,#5772,#5773));
#1008=EDGE_LOOP('',(#5774,#5775,#5776,#5777,#5778,#5779,#5780,#5781,#5782,
#5783,#5784,#5785,#5786,#5787,#5788,#5789,#5790,#5791,#5792,#5793,#5794,
#5795,#5796,#5797,#5798,#5799,#5800,#5801));
#1009=EDGE_LOOP('',(#5802,#5803,#5804,#5805));
#1010=EDGE_LOOP('',(#5806,#5807,#5808,#5809));
#1011=EDGE_LOOP('',(#5810));
#1012=EDGE_LOOP('',(#5811));
#1013=EDGE_LOOP('',(#5812));
#1014=EDGE_LOOP('',(#5813));
#1015=LINE('',#9099,#1525);
#1016=LINE('',#9102,#1526);
#1017=LINE('',#9105,#1527);
#1018=LINE('',#9107,#1528);
#1019=LINE('',#9109,#1529);
#1020=LINE('',#9111,#1530);
#1021=LINE('',#9112,#1531);
#1022=LINE('',#9115,#1532);
#1023=LINE('',#9119,#1533);
#1024=LINE('',#9121,#1534);
#1025=LINE('',#9123,#1535);
#1026=LINE('',#9125,#1536);
#1027=LINE('',#9127,#1537);
#1028=LINE('',#9129,#1538);
#1029=LINE('',#9131,#1539);
#1030=LINE('',#9135,#1540);
#1031=LINE('',#9139,#1541);
#1032=LINE('',#9140,#1542);
#1033=LINE('',#9143,#1543);
#1034=LINE('',#9146,#1544);
#1035=LINE('',#9149,#1545);
#1036=LINE('',#9151,#1546);
#1037=LINE('',#9153,#1547);
#1038=LINE('',#9154,#1548);
#1039=LINE('',#9158,#1549);
#1040=LINE('',#9171,#1550);
#1041=LINE('',#9186,#1551);
#1042=LINE('',#9203,#1552);
#1043=LINE('',#9207,#1553);
#1044=LINE('',#9220,#1554);
#1045=LINE('',#9267,#1555);
#1046=LINE('',#9281,#1556);
#1047=LINE('',#9301,#1557);
#1048=LINE('',#9303,#1558);
#1049=LINE('',#9317,#1559);
#1050=LINE('',#9318,#1560);
#1051=LINE('',#9338,#1561);
#1052=LINE('',#9340,#1562);
#1053=LINE('',#9363,#1563);
#1054=LINE('',#9364,#1564);
#1055=LINE('',#9375,#1565);
#1056=LINE('',#9376,#1566);
#1057=LINE('',#9387,#1567);
#1058=LINE('',#9388,#1568);
#1059=LINE('',#9396,#1569);
#1060=LINE('',#9397,#1570);
#1061=LINE('',#9403,#1571);
#1062=LINE('',#9405,#1572);
#1063=LINE('',#9406,#1573);
#1064=LINE('',#9409,#1574);
#1065=LINE('',#9413,#1575);
#1066=LINE('',#9414,#1576);
#1067=LINE('',#9417,#1577);
#1068=LINE('',#9421,#1578);
#1069=LINE('',#9422,#1579);
#1070=LINE('',#9425,#1580);
#1071=LINE('',#9428,#1581);
#1072=LINE('',#9431,#1582);
#1073=LINE('',#9434,#1583);
#1074=LINE('',#9440,#1584);
#1075=LINE('',#9445,#1585);
#1076=LINE('',#9449,#1586);
#1077=LINE('',#9453,#1587);
#1078=LINE('',#9457,#1588);
#1079=LINE('',#9483,#1589);
#1080=LINE('',#9489,#1590);
#1081=LINE('',#9497,#1591);
#1082=LINE('',#9505,#1592);
#1083=LINE('',#9511,#1593);
#1084=LINE('',#9517,#1594);
#1085=LINE('',#9525,#1595);
#1086=LINE('',#9533,#1596);
#1087=LINE('',#9555,#1597);
#1088=LINE('',#9559,#1598);
#1089=LINE('',#9563,#1599);
#1090=LINE('',#9567,#1600);
#1091=LINE('',#9571,#1601);
#1092=LINE('',#9575,#1602);
#1093=LINE('',#9579,#1603);
#1094=LINE('',#9583,#1604);
#1095=LINE('',#9587,#1605);
#1096=LINE('',#9591,#1606);
#1097=LINE('',#9595,#1607);
#1098=LINE('',#9599,#1608);
#1099=LINE('',#9603,#1609);
#1100=LINE('',#9607,#1610);
#1101=LINE('',#9611,#1611);
#1102=LINE('',#9615,#1612);
#1103=LINE('',#9619,#1613);
#1104=LINE('',#9623,#1614);
#1105=LINE('',#9627,#1615);
#1106=LINE('',#9631,#1616);
#1107=LINE('',#9635,#1617);
#1108=LINE('',#9639,#1618);
#1109=LINE('',#9643,#1619);
#1110=LINE('',#9649,#1620);
#1111=LINE('',#9655,#1621);
#1112=LINE('',#9662,#1622);
#1113=LINE('',#9664,#1623);
#1114=LINE('',#9669,#1624);
#1115=LINE('',#9672,#1625);
#1116=LINE('',#9677,#1626);
#1117=LINE('',#9680,#1627);
#1118=LINE('',#9685,#1628);
#1119=LINE('',#9688,#1629);
#1120=LINE('',#9694,#1630);
#1121=LINE('',#9697,#1631);
#1122=LINE('',#9700,#1632);
#1123=LINE('',#9704,#1633);
#1124=LINE('',#9708,#1634);
#1125=LINE('',#9712,#1635);
#1126=LINE('',#9716,#1636);
#1127=LINE('',#9720,#1637);
#1128=LINE('',#9724,#1638);
#1129=LINE('',#9728,#1639);
#1130=LINE('',#9730,#1640);
#1131=LINE('',#9735,#1641);
#1132=LINE('',#9738,#1642);
#1133=LINE('',#9743,#1643);
#1134=LINE('',#9746,#1644);
#1135=LINE('',#9751,#1645);
#1136=LINE('',#9754,#1646);
#1137=LINE('',#9760,#1647);
#1138=LINE('',#9763,#1648);
#1139=LINE('',#9766,#1649);
#1140=LINE('',#9770,#1650);
#1141=LINE('',#9774,#1651);
#1142=LINE('',#9778,#1652);
#1143=LINE('',#9782,#1653);
#1144=LINE('',#9790,#1654);
#1145=LINE('',#9802,#1655);
#1146=LINE('',#9816,#1656);
#1147=LINE('',#9830,#1657);
#1148=LINE('',#9838,#1658);
#1149=LINE('',#9839,#1659);
#1150=LINE('',#9842,#1660);
#1151=LINE('',#9843,#1661);
#1152=LINE('',#9847,#1662);
#1153=LINE('',#9849,#1663);
#1154=LINE('',#9851,#1664);
#1155=LINE('',#9853,#1665);
#1156=LINE('',#9854,#1666);
#1157=LINE('',#9858,#1667);
#1158=LINE('',#9862,#1668);
#1159=LINE('',#9867,#1669);
#1160=LINE('',#9868,#1670);
#1161=LINE('',#9872,#1671);
#1162=LINE('',#9873,#1672);
#1163=LINE('',#9876,#1673);
#1164=LINE('',#9878,#1674);
#1165=LINE('',#9879,#1675);
#1166=LINE('',#9885,#1676);
#1167=LINE('',#9886,#1677);
#1168=LINE('',#9891,#1678);
#1169=LINE('',#9892,#1679);
#1170=LINE('',#9897,#1680);
#1171=LINE('',#9898,#1681);
#1172=LINE('',#9902,#1682);
#1173=LINE('',#9903,#1683);
#1174=LINE('',#9906,#1684);
#1175=LINE('',#9908,#1685);
#1176=LINE('',#9909,#1686);
#1177=LINE('',#9913,#1687);
#1178=LINE('',#9914,#1688);
#1179=LINE('',#9915,#1689);
#1180=LINE('',#9921,#1690);
#1181=LINE('',#9922,#1691);
#1182=LINE('',#9927,#1692);
#1183=LINE('',#9928,#1693);
#1184=LINE('',#9933,#1694);
#1185=LINE('',#9934,#1695);
#1186=LINE('',#9938,#1696);
#1187=LINE('',#9939,#1697);
#1188=LINE('',#9942,#1698);
#1189=LINE('',#9944,#1699);
#1190=LINE('',#9945,#1700);
#1191=LINE('',#9949,#1701);
#1192=LINE('',#9950,#1702);
#1193=LINE('',#9951,#1703);
#1194=LINE('',#9955,#1704);
#1195=LINE('',#9957,#1705);
#1196=LINE('',#9959,#1706);
#1197=LINE('',#9961,#1707);
#1198=LINE('',#9962,#1708);
#1199=LINE('',#9966,#1709);
#1200=LINE('',#9970,#1710);
#1201=LINE('',#9975,#1711);
#1202=LINE('',#9976,#1712);
#1203=LINE('',#9980,#1713);
#1204=LINE('',#9981,#1714);
#1205=LINE('',#9984,#1715);
#1206=LINE('',#9986,#1716);
#1207=LINE('',#9987,#1717);
#1208=LINE('',#9989,#1718);
#1209=LINE('',#9991,#1719);
#1210=LINE('',#9993,#1720);
#1211=LINE('',#9995,#1721);
#1212=LINE('',#9997,#1722);
#1213=LINE('',#9998,#1723);
#1214=LINE('',#10000,#1724);
#1215=LINE('',#10001,#1725);
#1216=LINE('',#10003,#1726);
#1217=LINE('',#10004,#1727);
#1218=LINE('',#10005,#1728);
#1219=LINE('',#10008,#1729);
#1220=LINE('',#10009,#1730);
#1221=LINE('',#10011,#1731);
#1222=LINE('',#10012,#1732);
#1223=LINE('',#10014,#1733);
#1224=LINE('',#10016,#1734);
#1225=LINE('',#10017,#1735);
#1226=LINE('',#10021,#1736);
#1227=LINE('',#10023,#1737);
#1228=LINE('',#10024,#1738);
#1229=LINE('',#10027,#1739);
#1230=LINE('',#10029,#1740);
#1231=LINE('',#10030,#1741);
#1232=LINE('',#10040,#1742);
#1233=LINE('',#10041,#1743);
#1234=LINE('',#10052,#1744);
#1235=LINE('',#10053,#1745);
#1236=LINE('',#10056,#1746);
#1237=LINE('',#10059,#1747);
#1238=LINE('',#10063,#1748);
#1239=LINE('',#10064,#1749);
#1240=LINE('',#10066,#1750);
#1241=LINE('',#10070,#1751);
#1242=LINE('',#10074,#1752);
#1243=LINE('',#10076,#1753);
#1244=LINE('',#10080,#1754);
#1245=LINE('',#10082,#1755);
#1246=LINE('',#10084,#1756);
#1247=LINE('',#10088,#1757);
#1248=LINE('',#10090,#1758);
#1249=LINE('',#10093,#1759);
#1250=LINE('',#10094,#1760);
#1251=LINE('',#10095,#1761);
#1252=LINE('',#10108,#1762);
#1253=LINE('',#10115,#1763);
#1254=LINE('',#10120,#1764);
#1255=LINE('',#10129,#1765);
#1256=LINE('',#10134,#1766);
#1257=LINE('',#10143,#1767);
#1258=LINE('',#10206,#1768);
#1259=LINE('',#10207,#1769);
#1260=LINE('',#10222,#1770);
#1261=LINE('',#10226,#1771);
#1262=LINE('',#10227,#1772);
#1263=LINE('',#10294,#1773);
#1264=LINE('',#10297,#1774);
#1265=LINE('',#10300,#1775);
#1266=LINE('',#10301,#1776);
#1267=LINE('',#10341,#1777);
#1268=LINE('',#10343,#1778);
#1269=LINE('',#10346,#1779);
#1270=LINE('',#10349,#1780);
#1271=LINE('',#10351,#1781);
#1272=LINE('',#10355,#1782);
#1273=LINE('',#10357,#1783);
#1274=LINE('',#10359,#1784);
#1275=LINE('',#10363,#1785);
#1276=LINE('',#10364,#1786);
#1277=LINE('',#10366,#1787);
#1278=LINE('',#10368,#1788);
#1279=LINE('',#10371,#1789);
#1280=LINE('',#10373,#1790);
#1281=LINE('',#10377,#1791);
#1282=LINE('',#10378,#1792);
#1283=LINE('',#10416,#1793);
#1284=LINE('',#10421,#1794);
#1285=LINE('',#10422,#1795);
#1286=LINE('',#10425,#1796);
#1287=LINE('',#10426,#1797);
#1288=LINE('',#10431,#1798);
#1289=LINE('',#10432,#1799);
#1290=LINE('',#10439,#1800);
#1291=LINE('',#10440,#1801);
#1292=LINE('',#10442,#1802);
#1293=LINE('',#10445,#1803);
#1294=LINE('',#10448,#1804);
#1295=LINE('',#10451,#1805);
#1296=LINE('',#10457,#1806);
#1297=LINE('',#10458,#1807);
#1298=LINE('',#10460,#1808);
#1299=LINE('',#10465,#1809);
#1300=LINE('',#10466,#1810);
#1301=LINE('',#10473,#1811);
#1302=LINE('',#10474,#1812);
#1303=LINE('',#10477,#1813);
#1304=LINE('',#10478,#1814);
#1305=LINE('',#10482,#1815);
#1306=LINE('',#10485,#1816);
#1307=LINE('',#10490,#1817);
#1308=LINE('',#10492,#1818);
#1309=LINE('',#10496,#1819);
#1310=LINE('',#10499,#1820);
#1311=LINE('',#10503,#1821);
#1312=LINE('',#10506,#1822);
#1313=LINE('',#10509,#1823);
#1314=LINE('',#10514,#1824);
#1315=LINE('',#10516,#1825);
#1316=LINE('',#10522,#1826);
#1317=LINE('',#10525,#1827);
#1318=LINE('',#10530,#1828);
#1319=LINE('',#10534,#1829);
#1320=LINE('',#10542,#1830);
#1321=LINE('',#10550,#1831);
#1322=LINE('',#10556,#1832);
#1323=LINE('',#10562,#1833);
#1324=LINE('',#10570,#1834);
#1325=LINE('',#10578,#1835);
#1326=LINE('',#10583,#1836);
#1327=LINE('',#10588,#1837);
#1328=LINE('',#10591,#1838);
#1329=LINE('',#10595,#1839);
#1330=LINE('',#10599,#1840);
#1331=LINE('',#10604,#1841);
#1332=LINE('',#10605,#1842);
#1333=LINE('',#10608,#1843);
#1334=LINE('',#10609,#1844);
#1335=LINE('',#10612,#1845);
#1336=LINE('',#10616,#1846);
#1337=LINE('',#10620,#1847);
#1338=LINE('',#10624,#1848);
#1339=LINE('',#10625,#1849);
#1340=LINE('',#10628,#1850);
#1341=LINE('',#10632,#1851);
#1342=LINE('',#10636,#1852);
#1343=LINE('',#10640,#1853);
#1344=LINE('',#10641,#1854);
#1345=LINE('',#10644,#1855);
#1346=LINE('',#10648,#1856);
#1347=LINE('',#10652,#1857);
#1348=LINE('',#10655,#1858);
#1349=LINE('',#10657,#1859);
#1350=LINE('',#10662,#1860);
#1351=LINE('',#10663,#1861);
#1352=LINE('',#10666,#1862);
#1353=LINE('',#10667,#1863);
#1354=LINE('',#10670,#1864);
#1355=LINE('',#10676,#1865);
#1356=LINE('',#10678,#1866);
#1357=LINE('',#10680,#1867);
#1358=LINE('',#10681,#1868);
#1359=LINE('',#10685,#1869);
#1360=LINE('',#10689,#1870);
#1361=LINE('',#10690,#1871);
#1362=LINE('',#10694,#1872);
#1363=LINE('',#10696,#1873);
#1364=LINE('',#10698,#1874);
#1365=LINE('',#10699,#1875);
#1366=LINE('',#10703,#1876);
#1367=LINE('',#10709,#1877);
#1368=LINE('',#10710,#1878);
#1369=LINE('',#10711,#1879);
#1370=LINE('',#10715,#1880);
#1371=LINE('',#10717,#1881);
#1372=LINE('',#10719,#1882);
#1373=LINE('',#10720,#1883);
#1374=LINE('',#10724,#1884);
#1375=LINE('',#10730,#1885);
#1376=LINE('',#10731,#1886);
#1377=LINE('',#10732,#1887);
#1378=LINE('',#10735,#1888);
#1379=LINE('',#10737,#1889);
#1380=LINE('',#10738,#1890);
#1381=LINE('',#10742,#1891);
#1382=LINE('',#10748,#1892);
#1383=LINE('',#10749,#1893);
#1384=LINE('',#10750,#1894);
#1385=LINE('',#10752,#1895);
#1386=LINE('',#10753,#1896);
#1387=LINE('',#10755,#1897);
#1388=LINE('',#10758,#1898);
#1389=LINE('',#10760,#1899);
#1390=LINE('',#10762,#1900);
#1391=LINE('',#10764,#1901);
#1392=LINE('',#10765,#1902);
#1393=LINE('',#10767,#1903);
#1394=LINE('',#10769,#1904);
#1395=LINE('',#10771,#1905);
#1396=LINE('',#10772,#1906);
#1397=LINE('',#10774,#1907);
#1398=LINE('',#10776,#1908);
#1399=LINE('',#10778,#1909);
#1400=LINE('',#10781,#1910);
#1401=LINE('',#10784,#1911);
#1402=LINE('',#10787,#1912);
#1403=LINE('',#10789,#1913);
#1404=LINE('',#10791,#1914);
#1405=LINE('',#10792,#1915);
#1406=LINE('',#10794,#1916);
#1407=LINE('',#10796,#1917);
#1408=LINE('',#10799,#1918);
#1409=LINE('',#10801,#1919);
#1410=LINE('',#10804,#1920);
#1411=LINE('',#10806,#1921);
#1412=LINE('',#10808,#1922);
#1413=LINE('',#10811,#1923);
#1414=LINE('',#10813,#1924);
#1415=LINE('',#10815,#1925);
#1416=LINE('',#10818,#1926);
#1417=LINE('',#10823,#1927);
#1418=LINE('',#10826,#1928);
#1419=LINE('',#10827,#1929);
#1420=LINE('',#10832,#1930);
#1421=LINE('',#10833,#1931);
#1422=LINE('',#10839,#1932);
#1423=LINE('',#10842,#1933);
#1424=LINE('',#10843,#1934);
#1425=LINE('',#10847,#1935);
#1426=LINE('',#10851,#1936);
#1427=LINE('',#10855,#1937);
#1428=LINE('',#10860,#1938);
#1429=LINE('',#10861,#1939);
#1430=LINE('',#10864,#1940);
#1431=LINE('',#10866,#1941);
#1432=LINE('',#10868,#1942);
#1433=LINE('',#10870,#1943);
#1434=LINE('',#10872,#1944);
#1435=LINE('',#10879,#1945);
#1436=LINE('',#10882,#1946);
#1437=LINE('',#10885,#1947);
#1438=LINE('',#10887,#1948);
#1439=LINE('',#10888,#1949);
#1440=LINE('',#10893,#1950);
#1441=LINE('',#10899,#1951);
#1442=LINE('',#10905,#1952);
#1443=LINE('',#10909,#1953);
#1444=LINE('',#10911,#1954);
#1445=LINE('',#10912,#1955);
#1446=LINE('',#10917,#1956);
#1447=LINE('',#10923,#1957);
#1448=LINE('',#10929,#1958);
#1449=LINE('',#10933,#1959);
#1450=LINE('',#10935,#1960);
#1451=LINE('',#10936,#1961);
#1452=LINE('',#10941,#1962);
#1453=LINE('',#10947,#1963);
#1454=LINE('',#10951,#1964);
#1455=LINE('',#10953,#1965);
#1456=LINE('',#10954,#1966);
#1457=LINE('',#10959,#1967);
#1458=LINE('',#10966,#1968);
#1459=LINE('',#10969,#1969);
#1460=LINE('',#10974,#1970);
#1461=LINE('',#10978,#1971);
#1462=LINE('',#10980,#1972);
#1463=LINE('',#10981,#1973);
#1464=LINE('',#10986,#1974);
#1465=LINE('',#10992,#1975);
#1466=LINE('',#10996,#1976);
#1467=LINE('',#10998,#1977);
#1468=LINE('',#10999,#1978);
#1469=LINE('',#11004,#1979);
#1470=LINE('',#11010,#1980);
#1471=LINE('',#11014,#1981);
#1472=LINE('',#11016,#1982);
#1473=LINE('',#11017,#1983);
#1474=LINE('',#11022,#1984);
#1475=LINE('',#11028,#1985);
#1476=LINE('',#11034,#1986);
#1477=LINE('',#11038,#1987);
#1478=LINE('',#11040,#1988);
#1479=LINE('',#11041,#1989);
#1480=LINE('',#11046,#1990);
#1481=LINE('',#11052,#1991);
#1482=LINE('',#11056,#1992);
#1483=LINE('',#11058,#1993);
#1484=LINE('',#11059,#1994);
#1485=LINE('',#11064,#1995);
#1486=LINE('',#11070,#1996);
#1487=LINE('',#11076,#1997);
#1488=LINE('',#11080,#1998);
#1489=LINE('',#11082,#1999);
#1490=LINE('',#11083,#2000);
#1491=LINE('',#11088,#2001);
#1492=LINE('',#11094,#2002);
#1493=LINE('',#11100,#2003);
#1494=LINE('',#11104,#2004);
#1495=LINE('',#11106,#2005);
#1496=LINE('',#11107,#2006);
#1497=LINE('',#11112,#2007);
#1498=LINE('',#11118,#2008);
#1499=LINE('',#11122,#2009);
#1500=LINE('',#11124,#2010);
#1501=LINE('',#11125,#2011);
#1502=LINE('',#11133,#2012);
#1503=LINE('',#11139,#2013);
#1504=LINE('',#11143,#2014);
#1505=LINE('',#11145,#2015);
#1506=LINE('',#11146,#2016);
#1507=LINE('',#11151,#2017);
#1508=LINE('',#11157,#2018);
#1509=LINE('',#11161,#2019);
#1510=LINE('',#11163,#2020);
#1511=LINE('',#11164,#2021);
#1512=LINE('',#11169,#2022);
#1513=LINE('',#11175,#2023);
#1514=LINE('',#11179,#2024);
#1515=LINE('',#11181,#2025);
#1516=LINE('',#11182,#2026);
#1517=LINE('',#11187,#2027);
#1518=LINE('',#11193,#2028);
#1519=LINE('',#11199,#2029);
#1520=LINE('',#11203,#2030);
#1521=LINE('',#11205,#2031);
#1522=LINE('',#11206,#2032);
#1523=LINE('',#11216,#2033);
#1524=LINE('',#11222,#2034);
#1525=VECTOR('',#7089,10.);
#1526=VECTOR('',#7092,10.);
#1527=VECTOR('',#7095,10.);
#1528=VECTOR('',#7096,10.);
#1529=VECTOR('',#7097,10.);
#1530=VECTOR('',#7098,10.);
#1531=VECTOR('',#7099,10.);
#1532=VECTOR('',#7102,10.);
#1533=VECTOR('',#7105,10.);
#1534=VECTOR('',#7106,10.);
#1535=VECTOR('',#7107,10.);
#1536=VECTOR('',#7108,10.);
#1537=VECTOR('',#7109,10.);
#1538=VECTOR('',#7110,10.);
#1539=VECTOR('',#7111,10.);
#1540=VECTOR('',#7114,10.);
#1541=VECTOR('',#7117,10.);
#1542=VECTOR('',#7118,10.);
#1543=VECTOR('',#7121,10.);
#1544=VECTOR('',#7124,10.);
#1545=VECTOR('',#7127,10.);
#1546=VECTOR('',#7128,10.);
#1547=VECTOR('',#7129,10.);
#1548=VECTOR('',#7130,10.);
#1549=VECTOR('',#7133,10.);
#1550=VECTOR('',#7134,10.);
#1551=VECTOR('',#7137,10.);
#1552=VECTOR('',#7144,10.);
#1553=VECTOR('',#7147,10.);
#1554=VECTOR('',#7150,10.);
#1555=VECTOR('',#7163,10.);
#1556=VECTOR('',#7164,10.);
#1557=VECTOR('',#7173,10.);
#1558=VECTOR('',#7174,10.);
#1559=VECTOR('',#7177,10.);
#1560=VECTOR('',#7178,10.);
#1561=VECTOR('',#7187,10.);
#1562=VECTOR('',#7188,10.);
#1563=VECTOR('',#7201,10.);
#1564=VECTOR('',#7202,10.);
#1565=VECTOR('',#7215,10.);
#1566=VECTOR('',#7216,10.);
#1567=VECTOR('',#7229,10.);
#1568=VECTOR('',#7230,10.);
#1569=VECTOR('',#7241,10.);
#1570=VECTOR('',#7242,10.);
#1571=VECTOR('',#7251,10.);
#1572=VECTOR('',#7252,10.);
#1573=VECTOR('',#7253,10.);
#1574=VECTOR('',#7256,10.);
#1575=VECTOR('',#7261,10.);
#1576=VECTOR('',#7262,10.);
#1577=VECTOR('',#7265,10.);
#1578=VECTOR('',#7270,10.);
#1579=VECTOR('',#7271,10.);
#1580=VECTOR('',#7274,10.);
#1581=VECTOR('',#7279,10.);
#1582=VECTOR('',#7282,10.);
#1583=VECTOR('',#7285,10.);
#1584=VECTOR('',#7292,2.3);
#1585=VECTOR('',#7297,10.);
#1586=VECTOR('',#7300,10.);
#1587=VECTOR('',#7303,10.);
#1588=VECTOR('',#7306,10.);
#1589=VECTOR('',#7331,10.);
#1590=VECTOR('',#7336,10.);
#1591=VECTOR('',#7343,10.);
#1592=VECTOR('',#7350,10.);
#1593=VECTOR('',#7355,10.);
#1594=VECTOR('',#7360,10.);
#1595=VECTOR('',#7367,10.);
#1596=VECTOR('',#7374,10.);
#1597=VECTOR('',#7397,2.2);
#1598=VECTOR('',#7400,10.);
#1599=VECTOR('',#7403,10.);
#1600=VECTOR('',#7406,10.);
#1601=VECTOR('',#7409,10.);
#1602=VECTOR('',#7414,2.3);
#1603=VECTOR('',#7419,2.2);
#1604=VECTOR('',#7422,10.);
#1605=VECTOR('',#7425,10.);
#1606=VECTOR('',#7428,10.);
#1607=VECTOR('',#7431,10.);
#1608=VECTOR('',#7436,2.3);
#1609=VECTOR('',#7441,2.2);
#1610=VECTOR('',#7444,10.);
#1611=VECTOR('',#7447,10.);
#1612=VECTOR('',#7450,10.);
#1613=VECTOR('',#7453,10.);
#1614=VECTOR('',#7458,2.3);
#1615=VECTOR('',#7463,2.2);
#1616=VECTOR('',#7466,10.);
#1617=VECTOR('',#7469,10.);
#1618=VECTOR('',#7472,10.);
#1619=VECTOR('',#7475,10.);
#1620=VECTOR('',#7482,8.8);
#1621=VECTOR('',#7489,8.7);
#1622=VECTOR('',#7498,10.);
#1623=VECTOR('',#7499,10.);
#1624=VECTOR('',#7506,10.);
#1625=VECTOR('',#7509,10.);
#1626=VECTOR('',#7516,10.);
#1627=VECTOR('',#7519,10.);
#1628=VECTOR('',#7526,10.);
#1629=VECTOR('',#7529,10.);
#1630=VECTOR('',#7538,10.);
#1631=VECTOR('',#7541,10.);
#1632=VECTOR('',#7544,10.);
#1633=VECTOR('',#7547,10.);
#1634=VECTOR('',#7550,10.);
#1635=VECTOR('',#7555,10.);
#1636=VECTOR('',#7560,10.);
#1637=VECTOR('',#7563,10.);
#1638=VECTOR('',#7566,10.);
#1639=VECTOR('',#7571,10.);
#1640=VECTOR('',#7572,10.);
#1641=VECTOR('',#7579,10.);
#1642=VECTOR('',#7582,10.);
#1643=VECTOR('',#7589,10.);
#1644=VECTOR('',#7592,10.);
#1645=VECTOR('',#7599,10.);
#1646=VECTOR('',#7602,10.);
#1647=VECTOR('',#7611,10.);
#1648=VECTOR('',#7614,10.);
#1649=VECTOR('',#7617,10.);
#1650=VECTOR('',#7622,10.);
#1651=VECTOR('',#7627,10.);
#1652=VECTOR('',#7630,10.);
#1653=VECTOR('',#7633,10.);
#1654=VECTOR('',#7638,10.);
#1655=VECTOR('',#7643,10.);
#1656=VECTOR('',#7650,10.);
#1657=VECTOR('',#7657,10.);
#1658=VECTOR('',#7664,10.);
#1659=VECTOR('',#7665,10.);
#1660=VECTOR('',#7670,10.);
#1661=VECTOR('',#7671,10.);
#1662=VECTOR('',#7674,10.);
#1663=VECTOR('',#7675,10.);
#1664=VECTOR('',#7676,10.);
#1665=VECTOR('',#7677,10.);
#1666=VECTOR('',#7678,10.);
#1667=VECTOR('',#7683,10.);
#1668=VECTOR('',#7688,10.);
#1669=VECTOR('',#7693,10.);
#1670=VECTOR('',#7694,10.);
#1671=VECTOR('',#7699,10.);
#1672=VECTOR('',#7700,10.);
#1673=VECTOR('',#7703,10.);
#1674=VECTOR('',#7704,10.);
#1675=VECTOR('',#7705,10.);
#1676=VECTOR('',#7710,10.);
#1677=VECTOR('',#7711,10.);
#1678=VECTOR('',#7716,10.);
#1679=VECTOR('',#7717,10.);
#1680=VECTOR('',#7722,10.);
#1681=VECTOR('',#7723,10.);
#1682=VECTOR('',#7728,10.);
#1683=VECTOR('',#7729,10.);
#1684=VECTOR('',#7732,10.);
#1685=VECTOR('',#7733,10.);
#1686=VECTOR('',#7734,10.);
#1687=VECTOR('',#7737,10.);
#1688=VECTOR('',#7738,10.);
#1689=VECTOR('',#7739,10.);
#1690=VECTOR('',#7744,10.);
#1691=VECTOR('',#7745,10.);
#1692=VECTOR('',#7750,10.);
#1693=VECTOR('',#7751,10.);
#1694=VECTOR('',#7756,10.);
#1695=VECTOR('',#7757,10.);
#1696=VECTOR('',#7762,10.);
#1697=VECTOR('',#7763,10.);
#1698=VECTOR('',#7766,10.);
#1699=VECTOR('',#7767,10.);
#1700=VECTOR('',#7768,10.);
#1701=VECTOR('',#7771,10.);
#1702=VECTOR('',#7772,10.);
#1703=VECTOR('',#7773,10.);
#1704=VECTOR('',#7776,10.);
#1705=VECTOR('',#7777,10.);
#1706=VECTOR('',#7778,10.);
#1707=VECTOR('',#7779,10.);
#1708=VECTOR('',#7780,10.);
#1709=VECTOR('',#7785,10.);
#1710=VECTOR('',#7790,10.);
#1711=VECTOR('',#7795,10.);
#1712=VECTOR('',#7796,10.);
#1713=VECTOR('',#7801,10.);
#1714=VECTOR('',#7802,10.);
#1715=VECTOR('',#7805,10.);
#1716=VECTOR('',#7806,10.);
#1717=VECTOR('',#7807,10.);
#1718=VECTOR('',#7810,10.);
#1719=VECTOR('',#7813,10.);
#1720=VECTOR('',#7816,10.);
#1721=VECTOR('',#7819,10.);
#1722=VECTOR('',#7822,10.);
#1723=VECTOR('',#7823,10.);
#1724=VECTOR('',#7826,10.);
#1725=VECTOR('',#7827,10.);
#1726=VECTOR('',#7830,10.);
#1727=VECTOR('',#7831,10.);
#1728=VECTOR('',#7832,10.);
#1729=VECTOR('',#7837,10.);
#1730=VECTOR('',#7838,10.);
#1731=VECTOR('',#7841,10.);
#1732=VECTOR('',#7842,10.);
#1733=VECTOR('',#7845,10.);
#1734=VECTOR('',#7848,10.);
#1735=VECTOR('',#7849,10.);
#1736=VECTOR('',#7856,10.);
#1737=VECTOR('',#7859,10.);
#1738=VECTOR('',#7860,10.);
#1739=VECTOR('',#7865,10.);
#1740=VECTOR('',#7868,10.);
#1741=VECTOR('',#7869,10.);
#1742=VECTOR('',#7884,10.);
#1743=VECTOR('',#7885,10.);
#1744=VECTOR('',#7898,10.);
#1745=VECTOR('',#7899,10.);
#1746=VECTOR('',#7902,10.);
#1747=VECTOR('',#7905,10.);
#1748=VECTOR('',#7908,10.);
#1749=VECTOR('',#7909,10.);
#1750=VECTOR('',#7910,10.);
#1751=VECTOR('',#7913,10.);
#1752=VECTOR('',#7916,10.);
#1753=VECTOR('',#7917,10.);
#1754=VECTOR('',#7920,10.);
#1755=VECTOR('',#7921,10.);
#1756=VECTOR('',#7922,10.);
#1757=VECTOR('',#7925,10.);
#1758=VECTOR('',#7926,10.);
#1759=VECTOR('',#7929,10.);
#1760=VECTOR('',#7930,10.);
#1761=VECTOR('',#7931,10.);
#1762=VECTOR('',#7944,10.);
#1763=VECTOR('',#7955,10.);
#1764=VECTOR('',#7960,10.);
#1765=VECTOR('',#7973,10.);
#1766=VECTOR('',#7978,10.);
#1767=VECTOR('',#7991,10.);
#1768=VECTOR('',#8036,10.);
#1769=VECTOR('',#8037,10.);
#1770=VECTOR('',#8044,10.);
#1771=VECTOR('',#8049,10.);
#1772=VECTOR('',#8050,10.);
#1773=VECTOR('',#8087,10.);
#1774=VECTOR('',#8090,10.);
#1775=VECTOR('',#8093,10.);
#1776=VECTOR('',#8094,10.);
#1777=VECTOR('',#8123,10.);
#1778=VECTOR('',#8124,10.);
#1779=VECTOR('',#8127,10.);
#1780=VECTOR('',#8130,10.);
#1781=VECTOR('',#8131,10.);
#1782=VECTOR('',#8134,10.);
#1783=VECTOR('',#8135,10.);
#1784=VECTOR('',#8136,10.);
#1785=VECTOR('',#8139,10.);
#1786=VECTOR('',#8140,10.);
#1787=VECTOR('',#8141,10.);
#1788=VECTOR('',#8142,10.);
#1789=VECTOR('',#8145,10.);
#1790=VECTOR('',#8146,10.);
#1791=VECTOR('',#8149,10.);
#1792=VECTOR('',#8150,10.);
#1793=VECTOR('',#8177,10.);
#1794=VECTOR('',#8182,10.);
#1795=VECTOR('',#8183,10.);
#1796=VECTOR('',#8186,10.);
#1797=VECTOR('',#8187,10.);
#1798=VECTOR('',#8192,10.);
#1799=VECTOR('',#8193,10.);
#1800=VECTOR('',#8202,1.2);
#1801=VECTOR('',#8203,1.2);
#1802=VECTOR('',#8206,10.);
#1803=VECTOR('',#8209,1.2);
#1804=VECTOR('',#8212,1.2);
#1805=VECTOR('',#8215,10.);
#1806=VECTOR('',#8222,10.);
#1807=VECTOR('',#8223,10.);
#1808=VECTOR('',#8226,10.);
#1809=VECTOR('',#8231,10.);
#1810=VECTOR('',#8232,10.);
#1811=VECTOR('',#8241,10.);
#1812=VECTOR('',#8242,10.);
#1813=VECTOR('',#8245,10.);
#1814=VECTOR('',#8246,10.);
#1815=VECTOR('',#8251,10.);
#1816=VECTOR('',#8254,10.);
#1817=VECTOR('',#8261,10.);
#1818=VECTOR('',#8264,10.);
#1819=VECTOR('',#8269,10.);
#1820=VECTOR('',#8272,10.);
#1821=VECTOR('',#8277,1.2);
#1822=VECTOR('',#8280,1.2);
#1823=VECTOR('',#8283,10.);
#1824=VECTOR('',#8290,10.);
#1825=VECTOR('',#8293,10.);
#1826=VECTOR('',#8298,0.4);
#1827=VECTOR('',#8301,0.4);
#1828=VECTOR('',#8306,10.);
#1829=VECTOR('',#8311,10.);
#1830=VECTOR('',#8318,10.);
#1831=VECTOR('',#8325,10.);
#1832=VECTOR('',#8330,10.);
#1833=VECTOR('',#8335,10.);
#1834=VECTOR('',#8342,10.);
#1835=VECTOR('',#8349,10.);
#1836=VECTOR('',#8354,10.);
#1837=VECTOR('',#8359,10.);
#1838=VECTOR('',#8362,10.);
#1839=VECTOR('',#8367,10.);
#1840=VECTOR('',#8372,10.);
#1841=VECTOR('',#8377,0.4);
#1842=VECTOR('',#8378,0.4);
#1843=VECTOR('',#8381,10.);
#1844=VECTOR('',#8382,10.);
#1845=VECTOR('',#8385,10.);
#1846=VECTOR('',#8390,10.);
#1847=VECTOR('',#8395,10.);
#1848=VECTOR('',#8400,10.);
#1849=VECTOR('',#8401,10.);
#1850=VECTOR('',#8404,10.);
#1851=VECTOR('',#8409,10.);
#1852=VECTOR('',#8414,10.);
#1853=VECTOR('',#8419,10.);
#1854=VECTOR('',#8420,10.);
#1855=VECTOR('',#8423,10.);
#1856=VECTOR('',#8428,10.);
#1857=VECTOR('',#8433,10.);
#1858=VECTOR('',#8436,10.);
#1859=VECTOR('',#8439,10.);
#1860=VECTOR('',#8444,0.4);
#1861=VECTOR('',#8445,0.4);
#1862=VECTOR('',#8448,10.);
#1863=VECTOR('',#8449,10.);
#1864=VECTOR('',#8452,10.);
#1865=VECTOR('',#8459,10.);
#1866=VECTOR('',#8460,10.);
#1867=VECTOR('',#8461,10.);
#1868=VECTOR('',#8462,10.);
#1869=VECTOR('',#8465,10.);
#1870=VECTOR('',#8472,10.);
#1871=VECTOR('',#8473,10.);
#1872=VECTOR('',#8476,10.);
#1873=VECTOR('',#8477,10.);
#1874=VECTOR('',#8478,10.);
#1875=VECTOR('',#8479,10.);
#1876=VECTOR('',#8482,10.);
#1877=VECTOR('',#8489,10.);
#1878=VECTOR('',#8490,10.);
#1879=VECTOR('',#8491,10.);
#1880=VECTOR('',#8494,10.);
#1881=VECTOR('',#8495,10.);
#1882=VECTOR('',#8496,10.);
#1883=VECTOR('',#8497,10.);
#1884=VECTOR('',#8500,10.);
#1885=VECTOR('',#8507,10.);
#1886=VECTOR('',#8508,10.);
#1887=VECTOR('',#8509,10.);
#1888=VECTOR('',#8512,10.);
#1889=VECTOR('',#8513,10.);
#1890=VECTOR('',#8514,10.);
#1891=VECTOR('',#8517,10.);
#1892=VECTOR('',#8524,10.);
#1893=VECTOR('',#8525,10.);
#1894=VECTOR('',#8526,10.);
#1895=VECTOR('',#8529,10.);
#1896=VECTOR('',#8530,10.);
#1897=VECTOR('',#8533,10.);
#1898=VECTOR('',#8538,10.);
#1899=VECTOR('',#8541,10.);
#1900=VECTOR('',#8544,10.);
#1901=VECTOR('',#8547,10.);
#1902=VECTOR('',#8548,10.);
#1903=VECTOR('',#8551,10.);
#1904=VECTOR('',#8554,10.);
#1905=VECTOR('',#8557,10.);
#1906=VECTOR('',#8558,10.);
#1907=VECTOR('',#8561,10.);
#1908=VECTOR('',#8564,10.);
#1909=VECTOR('',#8567,10.);
#1910=VECTOR('',#8572,10.);
#1911=VECTOR('',#8577,10.);
#1912=VECTOR('',#8582,10.);
#1913=VECTOR('',#8585,10.);
#1914=VECTOR('',#8588,10.);
#1915=VECTOR('',#8589,10.);
#1916=VECTOR('',#8592,10.);
#1917=VECTOR('',#8595,10.);
#1918=VECTOR('',#8600,10.);
#1919=VECTOR('',#8603,10.);
#1920=VECTOR('',#8608,10.);
#1921=VECTOR('',#8611,10.);
#1922=VECTOR('',#8614,10.);
#1923=VECTOR('',#8619,10.);
#1924=VECTOR('',#8622,10.);
#1925=VECTOR('',#8625,10.);
#1926=VECTOR('',#8630,10.);
#1927=VECTOR('',#8639,10.);
#1928=VECTOR('',#8642,10.);
#1929=VECTOR('',#8643,10.);
#1930=VECTOR('',#8650,10.);
#1931=VECTOR('',#8651,10.);
#1932=VECTOR('',#8660,10.);
#1933=VECTOR('',#8663,10.);
#1934=VECTOR('',#8664,10.);
#1935=VECTOR('',#8671,10.);
#1936=VECTOR('',#8676,10.3);
#1937=VECTOR('',#8681,11.1);
#1938=VECTOR('',#8690,10.);
#1939=VECTOR('',#8691,10.);
#1940=VECTOR('',#8696,1.2);
#1941=VECTOR('',#8699,1.2);
#1942=VECTOR('',#8702,1.2);
#1943=VECTOR('',#8705,1.2);
#1944=VECTOR('',#8708,10.);
#1945=VECTOR('',#8715,10.);
#1946=VECTOR('',#8718,10.);
#1947=VECTOR('',#8721,10.);
#1948=VECTOR('',#8722,10.);
#1949=VECTOR('',#8723,10.);
#1950=VECTOR('',#8728,10.);
#1951=VECTOR('',#8735,10.);
#1952=VECTOR('',#8742,10.);
#1953=VECTOR('',#8747,10.);
#1954=VECTOR('',#8748,10.);
#1955=VECTOR('',#8749,10.);
#1956=VECTOR('',#8754,10.);
#1957=VECTOR('',#8761,10.);
#1958=VECTOR('',#8768,10.);
#1959=VECTOR('',#8773,10.);
#1960=VECTOR('',#8774,10.);
#1961=VECTOR('',#8775,10.);
#1962=VECTOR('',#8780,10.);
#1963=VECTOR('',#8787,10.);
#1964=VECTOR('',#8792,10.);
#1965=VECTOR('',#8793,10.);
#1966=VECTOR('',#8794,10.);
#1967=VECTOR('',#8799,10.);
#1968=VECTOR('',#8806,10.);
#1969=VECTOR('',#8809,10.);
#1970=VECTOR('',#8814,10.);
#1971=VECTOR('',#8819,10.);
#1972=VECTOR('',#8820,10.);
#1973=VECTOR('',#8821,10.);
#1974=VECTOR('',#8826,10.);
#1975=VECTOR('',#8833,10.);
#1976=VECTOR('',#8838,10.);
#1977=VECTOR('',#8839,10.);
#1978=VECTOR('',#8840,10.);
#1979=VECTOR('',#8845,10.);
#1980=VECTOR('',#8852,10.);
#1981=VECTOR('',#8857,10.);
#1982=VECTOR('',#8858,10.);
#1983=VECTOR('',#8859,10.);
#1984=VECTOR('',#8864,10.);
#1985=VECTOR('',#8871,10.);
#1986=VECTOR('',#8878,10.);
#1987=VECTOR('',#8883,10.);
#1988=VECTOR('',#8884,10.);
#1989=VECTOR('',#8885,10.);
#1990=VECTOR('',#8890,10.);
#1991=VECTOR('',#8897,10.);
#1992=VECTOR('',#8902,10.);
#1993=VECTOR('',#8903,10.);
#1994=VECTOR('',#8904,10.);
#1995=VECTOR('',#8909,10.);
#1996=VECTOR('',#8916,10.);
#1997=VECTOR('',#8923,10.);
#1998=VECTOR('',#8928,10.);
#1999=VECTOR('',#8929,10.);
#2000=VECTOR('',#8930,10.);
#2001=VECTOR('',#8935,10.);
#2002=VECTOR('',#8942,10.);
#2003=VECTOR('',#8949,10.);
#2004=VECTOR('',#8954,10.);
#2005=VECTOR('',#8955,10.);
#2006=VECTOR('',#8956,10.);
#2007=VECTOR('',#8961,10.);
#2008=VECTOR('',#8968,10.);
#2009=VECTOR('',#8973,10.);
#2010=VECTOR('',#8974,10.);
#2011=VECTOR('',#8975,10.);
#2012=VECTOR('',#8986,10.);
#2013=VECTOR('',#8993,10.);
#2014=VECTOR('',#8998,10.);
#2015=VECTOR('',#8999,10.);
#2016=VECTOR('',#9000,10.);
#2017=VECTOR('',#9005,10.);
#2018=VECTOR('',#9012,10.);
#2019=VECTOR('',#9017,10.);
#2020=VECTOR('',#9018,10.);
#2021=VECTOR('',#9019,10.);
#2022=VECTOR('',#9024,10.);
#2023=VECTOR('',#9031,10.);
#2024=VECTOR('',#9036,10.);
#2025=VECTOR('',#9037,10.);
#2026=VECTOR('',#9038,10.);
#2027=VECTOR('',#9043,10.);
#2028=VECTOR('',#9050,10.);
#2029=VECTOR('',#9057,10.);
#2030=VECTOR('',#9062,10.);
#2031=VECTOR('',#9063,10.);
#2032=VECTOR('',#9064,10.);
#2033=VECTOR('',#9079,10.3);
#2034=VECTOR('',#9086,11.1);
#2035=CIRCLE('',#6335,0.6);
#2036=CIRCLE('',#6336,0.6);
#2037=CIRCLE('',#6339,0.4);
#2038=CIRCLE('',#6340,0.4);
#2039=CIRCLE('',#6341,0.6);
#2040=CIRCLE('',#6343,0.6);
#2041=CIRCLE('',#6347,0.6);
#2042=CIRCLE('',#6348,0.6);
#2043=CIRCLE('',#6350,0.2);
#2044=CIRCLE('',#6352,0.6);
#2045=CIRCLE('',#6353,0.6);
#2046=CIRCLE('',#6355,3.80281151192507);
#2047=CIRCLE('',#6356,4.00281151192508);
#2048=CIRCLE('',#6359,4.00281151192509);
#2049=CIRCLE('',#6360,3.80281151192509);
#2050=CIRCLE('',#6364,4.00281151192511);
#2051=CIRCLE('',#6365,3.80281151192511);
#2052=CIRCLE('',#6368,0.199999999999996);
#2053=CIRCLE('',#6369,2.2);
#2054=CIRCLE('',#6370,2.);
#2055=CIRCLE('',#6372,0.2);
#2056=CIRCLE('',#6374,0.200000000000005);
#2057=CIRCLE('',#6375,2.2);
#2058=CIRCLE('',#6376,2.);
#2059=CIRCLE('',#6378,0.2);
#2060=CIRCLE('',#6380,0.2);
#2061=CIRCLE('',#6381,2.2);
#2062=CIRCLE('',#6382,2.);
#2063=CIRCLE('',#6384,0.2);
#2064=CIRCLE('',#6386,0.2);
#2065=CIRCLE('',#6387,2.2);
#2066=CIRCLE('',#6388,2.);
#2067=CIRCLE('',#6391,4.00281151192509);
#2068=CIRCLE('',#6392,3.80281151192509);
#2069=CIRCLE('',#6395,2.);
#2070=CIRCLE('',#6398,2.);
#2071=CIRCLE('',#6401,2.);
#2072=CIRCLE('',#6404,4.00281151192508);
#2073=CIRCLE('',#6407,2.4);
#2074=CIRCLE('',#6408,2.2);
#2075=CIRCLE('',#6410,3.00281151192508);
#2076=CIRCLE('',#6411,3.0028115119251);
#2077=CIRCLE('',#6412,3.00281151192511);
#2078=CIRCLE('',#6413,3.00281151192509);
#2079=CIRCLE('',#6414,2.4);
#2080=CIRCLE('',#6415,2.4);
#2081=CIRCLE('',#6416,3.15);
#2082=CIRCLE('',#6417,0.0499999999999993);
#2083=CIRCLE('',#6418,3.3);
#2084=CIRCLE('',#6419,0.0499999999999998);
#2085=CIRCLE('',#6420,3.3);
#2086=CIRCLE('',#6421,0.0499999999999998);
#2087=CIRCLE('',#6422,3.3);
#2088=CIRCLE('',#6423,0.0499999999999993);
#2089=CIRCLE('',#6424,4.1);
#2090=CIRCLE('',#6425,4.1);
#2091=CIRCLE('',#6426,1.2);
#2092=CIRCLE('',#6427,1.2);
#2093=CIRCLE('',#6428,3.3);
#2094=CIRCLE('',#6429,1.2);
#2095=CIRCLE('',#6430,1.2);
#2096=CIRCLE('',#6431,3.3);
#2097=CIRCLE('',#6432,1.2);
#2098=CIRCLE('',#6433,1.2);
#2099=CIRCLE('',#6434,4.1);
#2100=CIRCLE('',#6435,4.1);
#2101=CIRCLE('',#6436,1.2);
#2102=CIRCLE('',#6437,1.2);
#2103=CIRCLE('',#6438,3.3);
#2104=CIRCLE('',#6439,1.2);
#2105=CIRCLE('',#6440,1.2);
#2106=CIRCLE('',#6441,3.3);
#2107=CIRCLE('',#6442,1.2);
#2108=CIRCLE('',#6443,1.2);
#2109=CIRCLE('',#6444,3.3);
#2110=CIRCLE('',#6445,0.0499999999999998);
#2111=CIRCLE('',#6446,3.3);
#2112=CIRCLE('',#6447,0.0499999999999998);
#2113=CIRCLE('',#6448,3.3);
#2114=CIRCLE('',#6449,0.0499999999999998);
#2115=CIRCLE('',#6450,3.3);
#2116=CIRCLE('',#6451,0.0499999999999998);
#2117=CIRCLE('',#6452,2.4);
#2118=CIRCLE('',#6454,2.2);
#2119=CIRCLE('',#6455,2.2);
#2120=CIRCLE('',#6456,2.2);
#2121=CIRCLE('',#6457,2.2);
#2122=CIRCLE('',#6458,2.2);
#2123=CIRCLE('',#6460,2.2);
#2124=CIRCLE('',#6462,2.2);
#2125=CIRCLE('',#6463,2.2);
#2126=CIRCLE('',#6464,2.2);
#2127=CIRCLE('',#6465,2.2);
#2128=CIRCLE('',#6466,2.2);
#2129=CIRCLE('',#6468,2.2);
#2130=CIRCLE('',#6470,2.2);
#2131=CIRCLE('',#6471,2.2);
#2132=CIRCLE('',#6472,2.2);
#2133=CIRCLE('',#6473,2.2);
#2134=CIRCLE('',#6474,2.2);
#2135=CIRCLE('',#6476,2.2);
#2136=CIRCLE('',#6478,2.2);
#2137=CIRCLE('',#6479,2.2);
#2138=CIRCLE('',#6480,2.2);
#2139=CIRCLE('',#6481,2.2);
#2140=CIRCLE('',#6482,2.2);
#2141=CIRCLE('',#6484,8.9);
#2142=CIRCLE('',#6485,8.7);
#2143=CIRCLE('',#6487,8.7);
#2144=CIRCLE('',#6488,8.7);
#2145=CIRCLE('',#6490,10.3);
#2146=CIRCLE('',#6492,3.1);
#2147=CIRCLE('',#6494,0.25);
#2148=CIRCLE('',#6496,3.1);
#2149=CIRCLE('',#6498,0.25);
#2150=CIRCLE('',#6500,3.1);
#2151=CIRCLE('',#6502,0.25);
#2152=CIRCLE('',#6504,3.1);
#2153=CIRCLE('',#6506,0.25);
#2154=CIRCLE('',#6508,0.25);
#2155=CIRCLE('',#6510,3.1);
#2156=CIRCLE('',#6511,3.1);
#2157=CIRCLE('',#6512,3.1);
#2158=CIRCLE('',#6514,0.25);
#2159=CIRCLE('',#6516,3.1);
#2160=CIRCLE('',#6517,3.1);
#2161=CIRCLE('',#6518,3.1);
#2162=CIRCLE('',#6520,2.95);
#2163=CIRCLE('',#6522,0.25);
#2164=CIRCLE('',#6524,3.1);
#2165=CIRCLE('',#6526,0.25);
#2166=CIRCLE('',#6528,3.1);
#2167=CIRCLE('',#6530,0.25);
#2168=CIRCLE('',#6532,3.1);
#2169=CIRCLE('',#6534,0.25);
#2170=CIRCLE('',#6536,0.25);
#2171=CIRCLE('',#6538,3.1);
#2172=CIRCLE('',#6540,0.25);
#2173=CIRCLE('',#6542,2.95);
#2174=CIRCLE('',#6543,2.95);
#2175=CIRCLE('',#6544,2.95);
#2176=CIRCLE('',#6549,4.00281151192509);
#2177=CIRCLE('',#6552,4.00281151192511);
#2178=CIRCLE('',#6555,4.00281151192509);
#2179=CIRCLE('',#6561,1.2);
#2180=CIRCLE('',#6563,1.2);
#2181=CIRCLE('',#6565,1.2);
#2182=CIRCLE('',#6567,1.2);
#2183=CIRCLE('',#6570,1.2);
#2184=CIRCLE('',#6572,1.2);
#2185=CIRCLE('',#6574,1.2);
#2186=CIRCLE('',#6576,1.2);
#2187=CIRCLE('',#6580,1.2);
#2188=CIRCLE('',#6582,1.2);
#2189=CIRCLE('',#6584,1.2);
#2190=CIRCLE('',#6586,1.2);
#2191=CIRCLE('',#6591,1.2);
#2192=CIRCLE('',#6593,1.2);
#2193=CIRCLE('',#6595,1.2);
#2194=CIRCLE('',#6597,1.2);
#2195=CIRCLE('',#6624,0.4);
#2196=CIRCLE('',#6626,0.4);
#2197=CIRCLE('',#6627,2.75000000000004);
#2198=CIRCLE('',#6628,2.35000000000004);
#2199=CIRCLE('',#6630,0.4);
#2200=CIRCLE('',#6632,2.);
#2201=CIRCLE('',#6633,2.35000000000003);
#2202=CIRCLE('',#6634,3.1);
#2203=CIRCLE('',#6635,3.1);
#2204=CIRCLE('',#6636,2.35000000000004);
#2205=CIRCLE('',#6637,2.35000000000004);
#2206=CIRCLE('',#6638,3.1);
#2207=CIRCLE('',#6639,1.2);
#2208=CIRCLE('',#6640,1.2);
#2209=CIRCLE('',#6641,1.2);
#2210=CIRCLE('',#6642,1.2);
#2211=CIRCLE('',#6644,0.4);
#2212=CIRCLE('',#6645,0.4);
#2213=CIRCLE('',#6647,0.4);
#2214=CIRCLE('',#6648,2.75000000000003);
#2215=CIRCLE('',#6651,0.4);
#2216=CIRCLE('',#6652,0.4);
#2217=CIRCLE('',#6654,0.4);
#2218=CIRCLE('',#6655,2.75000000000004);
#2219=CIRCLE('',#6657,0.4);
#2220=CIRCLE('',#6659,0.4);
#2221=CIRCLE('',#6660,0.4);
#2222=CIRCLE('',#6662,0.4);
#2223=CIRCLE('',#6663,2.75000000000004);
#2224=CIRCLE('',#6665,0.4);
#2225=CIRCLE('',#6667,0.249999999999999);
#2226=CIRCLE('',#6668,0.250000000000002);
#2227=CIRCLE('',#6670,3.35);
#2228=CIRCLE('',#6672,3.35);
#2229=CIRCLE('',#6674,0.25);
#2230=CIRCLE('',#6675,0.249999999999999);
#2231=CIRCLE('',#6676,0.249999999999999);
#2232=CIRCLE('',#6678,0.25);
#2233=CIRCLE('',#6679,0.249999999999999);
#2234=CIRCLE('',#6680,0.25);
#2235=CIRCLE('',#6682,3.35);
#2236=CIRCLE('',#6683,3.1);
#2237=CIRCLE('',#6685,3.1);
#2238=CIRCLE('',#6686,3.35);
#2239=CIRCLE('',#6689,3.35);
#2240=CIRCLE('',#6692,3.1);
#2241=CIRCLE('',#6695,0.249999999999999);
#2242=CIRCLE('',#6696,0.25);
#2243=CIRCLE('',#6698,3.35);
#2244=CIRCLE('',#6700,3.35);
#2245=CIRCLE('',#6702,0.250000000000001);
#2246=CIRCLE('',#6703,0.249999999999999);
#2247=CIRCLE('',#6704,0.25);
#2248=CIRCLE('',#6706,3.35);
#2249=CIRCLE('',#6707,3.1);
#2250=CIRCLE('',#6709,3.2);
#2251=CIRCLE('',#6712,3.1);
#2252=CIRCLE('',#6714,0.249999999999999);
#2253=CIRCLE('',#6715,0.25);
#2254=CIRCLE('',#6717,0.249999999999999);
#2255=CIRCLE('',#6718,0.25);
#2256=CIRCLE('',#6720,3.1);
#2257=CIRCLE('',#6721,3.35);
#2258=CIRCLE('',#6723,3.35);
#2259=CIRCLE('',#6725,3.2);
#2260=CIRCLE('',#6727,3.1);
#2261=CIRCLE('',#6729,4.55000000000004);
#2262=CIRCLE('',#6730,4.55000000000004);
#2263=CIRCLE('',#6731,4.55000000000004);
#2264=CIRCLE('',#6732,4.55000000000004);
#2265=CIRCLE('',#6733,9.5);
#2266=CIRCLE('',#6735,0.25);
#2267=CIRCLE('',#6736,0.249999999999999);
#2268=CIRCLE('',#6737,0.25);
#2269=CIRCLE('',#6739,3.35);
#2270=CIRCLE('',#6741,3.35);
#2271=CIRCLE('',#6744,0.8);
#2272=CIRCLE('',#6747,1.2);
#2273=CIRCLE('',#6750,1.2);
#2274=CIRCLE('',#6752,3.3);
#2275=CIRCLE('',#6754,1.2);
#2276=CIRCLE('',#6757,1.2);
#2277=CIRCLE('',#6759,4.1);
#2278=CIRCLE('',#6761,1.2);
#2279=CIRCLE('',#6764,1.2);
#2280=CIRCLE('',#6766,3.3);
#2281=CIRCLE('',#6768,1.2);
#2282=CIRCLE('',#6771,1.2);
#2283=CIRCLE('',#6773,3.3);
#2284=CIRCLE('',#6775,1.2);
#2285=CIRCLE('',#6778,1.2);
#2286=CIRCLE('',#6780,3.3);
#2287=CIRCLE('',#6782,1.2);
#2288=CIRCLE('',#6784,4.1);
#2289=CIRCLE('',#6786,1.2);
#2290=CIRCLE('',#6789,0.4);
#2291=CIRCLE('',#6790,0.4);
#2292=CIRCLE('',#6792,4.9);
#2293=CIRCLE('',#6793,4.9);
#2294=CIRCLE('',#6795,0.4);
#2295=CIRCLE('',#6796,4.1);
#2296=CIRCLE('',#6797,0.4);
#2297=CIRCLE('',#6798,0.4);
#2298=CIRCLE('',#6799,4.1);
#2299=CIRCLE('',#6800,0.4);
#2300=CIRCLE('',#6801,0.4);
#2301=CIRCLE('',#6802,4.90000000000002);
#2302=CIRCLE('',#6803,4.9);
#2303=CIRCLE('',#6804,0.4);
#2304=CIRCLE('',#6805,0.4);
#2305=CIRCLE('',#6806,4.1);
#2306=CIRCLE('',#6807,0.4);
#2307=CIRCLE('',#6808,0.4);
#2308=CIRCLE('',#6809,4.1);
#2309=CIRCLE('',#6810,0.4);
#2310=CIRCLE('',#6811,0.4);
#2311=CIRCLE('',#6812,4.9);
#2312=CIRCLE('',#6813,11.1);
#2313=CIRCLE('',#6815,0.4);
#2314=CIRCLE('',#6817,4.1);
#2315=CIRCLE('',#6819,0.4);
#2316=CIRCLE('',#6821,0.4);
#2317=CIRCLE('',#6824,0.4);
#2318=CIRCLE('',#6826,4.1);
#2319=CIRCLE('',#6828,0.4);
#2320=CIRCLE('',#6831,0.4);
#2321=CIRCLE('',#6833,4.1);
#2322=CIRCLE('',#6835,0.4);
#2323=CIRCLE('',#6838,0.4);
#2324=CIRCLE('',#6840,4.9);
#2325=CIRCLE('',#6842,0.4);
#2326=CIRCLE('',#6845,0.4);
#2327=CIRCLE('',#6848,0.4);
#2328=CIRCLE('',#6852,4.55000000000004);
#2329=CIRCLE('',#6853,2.75000000000003);
#2330=CIRCLE('',#6857,4.55000000000004);
#2331=CIRCLE('',#6858,2.75000000000003);
#2332=CIRCLE('',#6862,4.55000000000004);
#2333=CIRCLE('',#6863,2.75000000000004);
#2334=CIRCLE('',#6867,4.55000000000004);
#2335=CIRCLE('',#6868,2.75000000000003);
#2336=CIRCLE('',#6908,4.1);
#2337=CIRCLE('',#6912,4.9);
#2338=CIRCLE('',#6915,4.90000000000002);
#2339=CIRCLE('',#6917,4.1);
#2340=CIRCLE('',#6920,4.1);
#2341=CIRCLE('',#6924,10.3);
#2342=CIRCLE('',#6926,11.1);
#2343=CIRCLE('',#6938,0.4);
#2344=CIRCLE('',#6939,0.4);
#2345=CIRCLE('',#6942,0.4);
#2346=CIRCLE('',#6943,0.4);
#2347=CIRCLE('',#6945,4.1);
#2348=CIRCLE('',#6946,4.1);
#2349=CIRCLE('',#6948,0.4);
#2350=CIRCLE('',#6949,0.4);
#2351=CIRCLE('',#6952,0.4);
#2352=CIRCLE('',#6953,0.4);
#2353=CIRCLE('',#6955,4.1);
#2354=CIRCLE('',#6956,4.1);
#2355=CIRCLE('',#6958,0.4);
#2356=CIRCLE('',#6959,0.4);
#2357=CIRCLE('',#6962,0.4);
#2358=CIRCLE('',#6963,0.4);
#2359=CIRCLE('',#6965,4.9);
#2360=CIRCLE('',#6966,4.9);
#2361=CIRCLE('',#6969,4.9);
#2362=CIRCLE('',#6970,4.9);
#2363=CIRCLE('',#6972,3.3);
#2364=CIRCLE('',#6973,3.3);
#2365=CIRCLE('',#6975,1.2);
#2366=CIRCLE('',#6976,1.2);
#2367=CIRCLE('',#6979,1.2);
#2368=CIRCLE('',#6980,1.2);
#2369=CIRCLE('',#6982,4.1);
#2370=CIRCLE('',#6983,4.1);
#2371=CIRCLE('',#6986,4.1);
#2372=CIRCLE('',#6987,4.1);
#2373=CIRCLE('',#6989,1.2);
#2374=CIRCLE('',#6990,1.2);
#2375=CIRCLE('',#6993,1.2);
#2376=CIRCLE('',#6994,1.2);
#2377=CIRCLE('',#6996,3.3);
#2378=CIRCLE('',#6997,3.3);
#2379=CIRCLE('',#6999,1.2);
#2380=CIRCLE('',#7000,1.2);
#2381=CIRCLE('',#7003,1.2);
#2382=CIRCLE('',#7004,1.2);
#2383=CIRCLE('',#7006,0.4);
#2384=CIRCLE('',#7007,0.4);
#2385=CIRCLE('',#7010,0.4);
#2386=CIRCLE('',#7011,0.4);
#2387=CIRCLE('',#7013,4.1);
#2388=CIRCLE('',#7014,4.1);
#2389=CIRCLE('',#7016,0.4);
#2390=CIRCLE('',#7017,0.4);
#2391=CIRCLE('',#7020,0.4);
#2392=CIRCLE('',#7021,0.4);
#2393=CIRCLE('',#7023,4.1);
#2394=CIRCLE('',#7024,4.1);
#2395=CIRCLE('',#7026,0.4);
#2396=CIRCLE('',#7027,0.4);
#2397=CIRCLE('',#7030,0.4);
#2398=CIRCLE('',#7031,0.4);
#2399=CIRCLE('',#7033,4.90000000000002);
#2400=CIRCLE('',#7034,4.90000000000002);
#2401=CIRCLE('',#7037,4.9);
#2402=CIRCLE('',#7038,4.9);
#2403=CIRCLE('',#7040,3.3);
#2404=CIRCLE('',#7041,3.3);
#2405=CIRCLE('',#7043,1.2);
#2406=CIRCLE('',#7044,1.2);
#2407=CIRCLE('',#7047,1.2);
#2408=CIRCLE('',#7048,1.2);
#2409=CIRCLE('',#7050,4.1);
#2410=CIRCLE('',#7051,4.1);
#2411=CIRCLE('',#7054,4.1);
#2412=CIRCLE('',#7055,4.1);
#2413=CIRCLE('',#7057,1.2);
#2414=CIRCLE('',#7058,1.2);
#2415=CIRCLE('',#7061,1.2);
#2416=CIRCLE('',#7062,1.2);
#2417=CIRCLE('',#7064,3.3);
#2418=CIRCLE('',#7065,3.3);
#2419=CIRCLE('',#7067,1.2);
#2420=CIRCLE('',#7068,1.2);
#2421=CIRCLE('',#7071,1.2);
#2422=CIRCLE('',#7072,1.2);
#2423=CIRCLE('',#7076,10.3);
#2424=CIRCLE('',#7077,10.3);
#2425=CIRCLE('',#7079,11.1);
#2426=CIRCLE('',#7080,11.1);
#2427=VERTEX_POINT('',#9095);
#2428=VERTEX_POINT('',#9096);
#2429=VERTEX_POINT('',#9098);
#2430=VERTEX_POINT('',#9100);
#2431=VERTEX_POINT('',#9104);
#2432=VERTEX_POINT('',#9106);
#2433=VERTEX_POINT('',#9108);
#2434=VERTEX_POINT('',#9110);
#2435=VERTEX_POINT('',#9114);
#2436=VERTEX_POINT('',#9116);
#2437=VERTEX_POINT('',#9118);
#2438=VERTEX_POINT('',#9120);
#2439=VERTEX_POINT('',#9122);
#2440=VERTEX_POINT('',#9124);
#2441=VERTEX_POINT('',#9126);
#2442=VERTEX_POINT('',#9128);
#2443=VERTEX_POINT('',#9130);
#2444=VERTEX_POINT('',#9132);
#2445=VERTEX_POINT('',#9134);
#2446=VERTEX_POINT('',#9136);
#2447=VERTEX_POINT('',#9138);
#2448=VERTEX_POINT('',#9142);
#2449=VERTEX_POINT('',#9144);
#2450=VERTEX_POINT('',#9148);
#2451=VERTEX_POINT('',#9150);
#2452=VERTEX_POINT('',#9152);
#2453=VERTEX_POINT('',#9156);
#2454=VERTEX_POINT('',#9157);
#2455=VERTEX_POINT('',#9159);
#2456=VERTEX_POINT('',#9170);
#2457=VERTEX_POINT('',#9185);
#2458=VERTEX_POINT('',#9187);
#2459=VERTEX_POINT('',#9201);
#2460=VERTEX_POINT('',#9202);
#2461=VERTEX_POINT('',#9204);
#2462=VERTEX_POINT('',#9206);
#2463=VERTEX_POINT('',#9219);
#2464=VERTEX_POINT('',#9221);
#2465=VERTEX_POINT('',#9235);
#2466=VERTEX_POINT('',#9236);
#2467=VERTEX_POINT('',#9238);
#2468=VERTEX_POINT('',#9251);
#2469=VERTEX_POINT('',#9266);
#2470=VERTEX_POINT('',#9268);
#2471=VERTEX_POINT('',#9283);
#2472=VERTEX_POINT('',#9285);
#2473=VERTEX_POINT('',#9300);
#2474=VERTEX_POINT('',#9302);
#2475=VERTEX_POINT('',#9320);
#2476=VERTEX_POINT('',#9322);
#2477=VERTEX_POINT('',#9337);
#2478=VERTEX_POINT('',#9339);
#2479=VERTEX_POINT('',#9354);
#2480=VERTEX_POINT('',#9355);
#2481=VERTEX_POINT('',#9360);
#2482=VERTEX_POINT('',#9361);
#2483=VERTEX_POINT('',#9366);
#2484=VERTEX_POINT('',#9367);
#2485=VERTEX_POINT('',#9372);
#2486=VERTEX_POINT('',#9373);
#2487=VERTEX_POINT('',#9378);
#2488=VERTEX_POINT('',#9379);
#2489=VERTEX_POINT('',#9384);
#2490=VERTEX_POINT('',#9385);
#2491=VERTEX_POINT('',#9390);
#2492=VERTEX_POINT('',#9391);
#2493=VERTEX_POINT('',#9402);
#2494=VERTEX_POINT('',#9404);
#2495=VERTEX_POINT('',#9408);
#2496=VERTEX_POINT('',#9412);
#2497=VERTEX_POINT('',#9416);
#2498=VERTEX_POINT('',#9420);
#2499=VERTEX_POINT('',#9424);
#2500=VERTEX_POINT('',#9430);
#2501=VERTEX_POINT('',#9432);
#2502=VERTEX_POINT('',#9437);
#2503=VERTEX_POINT('',#9439);
#2504=VERTEX_POINT('',#9443);
#2505=VERTEX_POINT('',#9444);
#2506=VERTEX_POINT('',#9446);
#2507=VERTEX_POINT('',#9448);
#2508=VERTEX_POINT('',#9450);
#2509=VERTEX_POINT('',#9452);
#2510=VERTEX_POINT('',#9454);
#2511=VERTEX_POINT('',#9456);
#2512=VERTEX_POINT('',#9459);
#2513=VERTEX_POINT('',#9461);
#2514=VERTEX_POINT('',#9463);
#2515=VERTEX_POINT('',#9464);
#2516=VERTEX_POINT('',#9466);
#2517=VERTEX_POINT('',#9468);
#2518=VERTEX_POINT('',#9470);
#2519=VERTEX_POINT('',#9472);
#2520=VERTEX_POINT('',#9474);
#2521=VERTEX_POINT('',#9476);
#2522=VERTEX_POINT('',#9479);
#2523=VERTEX_POINT('',#9480);
#2524=VERTEX_POINT('',#9482);
#2525=VERTEX_POINT('',#9484);
#2526=VERTEX_POINT('',#9486);
#2527=VERTEX_POINT('',#9488);
#2528=VERTEX_POINT('',#9490);
#2529=VERTEX_POINT('',#9492);
#2530=VERTEX_POINT('',#9494);
#2531=VERTEX_POINT('',#9496);
#2532=VERTEX_POINT('',#9498);
#2533=VERTEX_POINT('',#9500);
#2534=VERTEX_POINT('',#9502);
#2535=VERTEX_POINT('',#9504);
#2536=VERTEX_POINT('',#9506);
#2537=VERTEX_POINT('',#9508);
#2538=VERTEX_POINT('',#9510);
#2539=VERTEX_POINT('',#9512);
#2540=VERTEX_POINT('',#9514);
#2541=VERTEX_POINT('',#9516);
#2542=VERTEX_POINT('',#9518);
#2543=VERTEX_POINT('',#9520);
#2544=VERTEX_POINT('',#9522);
#2545=VERTEX_POINT('',#9524);
#2546=VERTEX_POINT('',#9526);
#2547=VERTEX_POINT('',#9528);
#2548=VERTEX_POINT('',#9530);
#2549=VERTEX_POINT('',#9532);
#2550=VERTEX_POINT('',#9535);
#2551=VERTEX_POINT('',#9536);
#2552=VERTEX_POINT('',#9538);
#2553=VERTEX_POINT('',#9540);
#2554=VERTEX_POINT('',#9542);
#2555=VERTEX_POINT('',#9544);
#2556=VERTEX_POINT('',#9546);
#2557=VERTEX_POINT('',#9548);
#2558=VERTEX_POINT('',#9551);
#2559=VERTEX_POINT('',#9554);
#2560=VERTEX_POINT('',#9556);
#2561=VERTEX_POINT('',#9558);
#2562=VERTEX_POINT('',#9560);
#2563=VERTEX_POINT('',#9562);
#2564=VERTEX_POINT('',#9564);
#2565=VERTEX_POINT('',#9566);
#2566=VERTEX_POINT('',#9568);
#2567=VERTEX_POINT('',#9570);
#2568=VERTEX_POINT('',#9574);
#2569=VERTEX_POINT('',#9578);
#2570=VERTEX_POINT('',#9580);
#2571=VERTEX_POINT('',#9582);
#2572=VERTEX_POINT('',#9584);
#2573=VERTEX_POINT('',#9586);
#2574=VERTEX_POINT('',#9588);
#2575=VERTEX_POINT('',#9590);
#2576=VERTEX_POINT('',#9592);
#2577=VERTEX_POINT('',#9594);
#2578=VERTEX_POINT('',#9598);
#2579=VERTEX_POINT('',#9602);
#2580=VERTEX_POINT('',#9604);
#2581=VERTEX_POINT('',#9606);
#2582=VERTEX_POINT('',#9608);
#2583=VERTEX_POINT('',#9610);
#2584=VERTEX_POINT('',#9612);
#2585=VERTEX_POINT('',#9614);
#2586=VERTEX_POINT('',#9616);
#2587=VERTEX_POINT('',#9618);
#2588=VERTEX_POINT('',#9622);
#2589=VERTEX_POINT('',#9626);
#2590=VERTEX_POINT('',#9628);
#2591=VERTEX_POINT('',#9630);
#2592=VERTEX_POINT('',#9632);
#2593=VERTEX_POINT('',#9634);
#2594=VERTEX_POINT('',#9636);
#2595=VERTEX_POINT('',#9638);
#2596=VERTEX_POINT('',#9640);
#2597=VERTEX_POINT('',#9642);
#2598=VERTEX_POINT('',#9646);
#2599=VERTEX_POINT('',#9648);
#2600=VERTEX_POINT('',#9652);
#2601=VERTEX_POINT('',#9653);
#2602=VERTEX_POINT('',#9658);
#2603=VERTEX_POINT('',#9661);
#2604=VERTEX_POINT('',#9663);
#2605=VERTEX_POINT('',#9667);
#2606=VERTEX_POINT('',#9671);
#2607=VERTEX_POINT('',#9675);
#2608=VERTEX_POINT('',#9679);
#2609=VERTEX_POINT('',#9683);
#2610=VERTEX_POINT('',#9687);
#2611=VERTEX_POINT('',#9693);
#2612=VERTEX_POINT('',#9695);
#2613=VERTEX_POINT('',#9699);
#2614=VERTEX_POINT('',#9701);
#2615=VERTEX_POINT('',#9703);
#2616=VERTEX_POINT('',#9705);
#2617=VERTEX_POINT('',#9707);
#2618=VERTEX_POINT('',#9711);
#2619=VERTEX_POINT('',#9715);
#2620=VERTEX_POINT('',#9717);
#2621=VERTEX_POINT('',#9719);
#2622=VERTEX_POINT('',#9721);
#2623=VERTEX_POINT('',#9723);
#2624=VERTEX_POINT('',#9727);
#2625=VERTEX_POINT('',#9729);
#2626=VERTEX_POINT('',#9733);
#2627=VERTEX_POINT('',#9737);
#2628=VERTEX_POINT('',#9741);
#2629=VERTEX_POINT('',#9745);
#2630=VERTEX_POINT('',#9749);
#2631=VERTEX_POINT('',#9753);
#2632=VERTEX_POINT('',#9759);
#2633=VERTEX_POINT('',#9761);
#2634=VERTEX_POINT('',#9765);
#2635=VERTEX_POINT('',#9769);
#2636=VERTEX_POINT('',#9773);
#2637=VERTEX_POINT('',#9775);
#2638=VERTEX_POINT('',#9777);
#2639=VERTEX_POINT('',#9779);
#2640=VERTEX_POINT('',#9781);
#2641=VERTEX_POINT('',#9785);
#2642=VERTEX_POINT('',#9801);
#2643=VERTEX_POINT('',#9808);
#2644=VERTEX_POINT('',#9815);
#2645=VERTEX_POINT('',#9822);
#2646=VERTEX_POINT('',#9829);
#2647=VERTEX_POINT('',#9845);
#2648=VERTEX_POINT('',#9846);
#2649=VERTEX_POINT('',#9848);
#2650=VERTEX_POINT('',#9850);
#2651=VERTEX_POINT('',#9852);
#2652=VERTEX_POINT('',#9856);
#2653=VERTEX_POINT('',#9860);
#2654=VERTEX_POINT('',#9864);
#2655=VERTEX_POINT('',#9866);
#2656=VERTEX_POINT('',#9871);
#2657=VERTEX_POINT('',#9875);
#2658=VERTEX_POINT('',#9877);
#2659=VERTEX_POINT('',#9881);
#2660=VERTEX_POINT('',#9882);
#2661=VERTEX_POINT('',#9884);
#2662=VERTEX_POINT('',#9888);
#2663=VERTEX_POINT('',#9890);
#2664=VERTEX_POINT('',#9894);
#2665=VERTEX_POINT('',#9896);
#2666=VERTEX_POINT('',#9901);
#2667=VERTEX_POINT('',#9905);
#2668=VERTEX_POINT('',#9907);
#2669=VERTEX_POINT('',#9911);
#2670=VERTEX_POINT('',#9912);
#2671=VERTEX_POINT('',#9917);
#2672=VERTEX_POINT('',#9918);
#2673=VERTEX_POINT('',#9920);
#2674=VERTEX_POINT('',#9924);
#2675=VERTEX_POINT('',#9926);
#2676=VERTEX_POINT('',#9930);
#2677=VERTEX_POINT('',#9932);
#2678=VERTEX_POINT('',#9937);
#2679=VERTEX_POINT('',#9941);
#2680=VERTEX_POINT('',#9943);
#2681=VERTEX_POINT('',#9947);
#2682=VERTEX_POINT('',#9948);
#2683=VERTEX_POINT('',#9953);
#2684=VERTEX_POINT('',#9954);
#2685=VERTEX_POINT('',#9956);
#2686=VERTEX_POINT('',#9958);
#2687=VERTEX_POINT('',#9960);
#2688=VERTEX_POINT('',#9964);
#2689=VERTEX_POINT('',#9968);
#2690=VERTEX_POINT('',#9972);
#2691=VERTEX_POINT('',#9974);
#2692=VERTEX_POINT('',#9979);
#2693=VERTEX_POINT('',#9983);
#2694=VERTEX_POINT('',#9985);
#2695=VERTEX_POINT('',#10037);
#2696=VERTEX_POINT('',#10038);
#2697=VERTEX_POINT('',#10043);
#2698=VERTEX_POINT('',#10044);
#2699=VERTEX_POINT('',#10049);
#2700=VERTEX_POINT('',#10050);
#2701=VERTEX_POINT('',#10055);
#2702=VERTEX_POINT('',#10058);
#2703=VERTEX_POINT('',#10060);
#2704=VERTEX_POINT('',#10062);
#2705=VERTEX_POINT('',#10065);
#2706=VERTEX_POINT('',#10067);
#2707=VERTEX_POINT('',#10069);
#2708=VERTEX_POINT('',#10071);
#2709=VERTEX_POINT('',#10073);
#2710=VERTEX_POINT('',#10075);
#2711=VERTEX_POINT('',#10077);
#2712=VERTEX_POINT('',#10079);
#2713=VERTEX_POINT('',#10081);
#2714=VERTEX_POINT('',#10083);
#2715=VERTEX_POINT('',#10085);
#2716=VERTEX_POINT('',#10087);
#2717=VERTEX_POINT('',#10089);
#2718=VERTEX_POINT('',#10091);
#2719=VERTEX_POINT('',#10096);
#2720=VERTEX_POINT('',#10098);
#2721=VERTEX_POINT('',#10100);
#2722=VERTEX_POINT('',#10102);
#2723=VERTEX_POINT('',#10105);
#2724=VERTEX_POINT('',#10107);
#2725=VERTEX_POINT('',#10111);
#2726=VERTEX_POINT('',#10117);
#2727=VERTEX_POINT('',#10119);
#2728=VERTEX_POINT('',#10123);
#2729=VERTEX_POINT('',#10127);
#2730=VERTEX_POINT('',#10131);
#2731=VERTEX_POINT('',#10133);
#2732=VERTEX_POINT('',#10137);
#2733=VERTEX_POINT('',#10141);
#2734=VERTEX_POINT('',#10145);
#2735=VERTEX_POINT('',#10149);
#2736=VERTEX_POINT('',#10162);
#2737=VERTEX_POINT('',#10175);
#2738=VERTEX_POINT('',#10177);
#2739=VERTEX_POINT('',#10181);
#2740=VERTEX_POINT('',#10182);
#2741=VERTEX_POINT('',#10184);
#2742=VERTEX_POINT('',#10188);
#2743=VERTEX_POINT('',#10189);
#2744=VERTEX_POINT('',#10209);
#2745=VERTEX_POINT('',#10224);
#2746=VERTEX_POINT('',#10230);
#2747=VERTEX_POINT('',#10234);
#2748=VERTEX_POINT('',#10247);
#2749=VERTEX_POINT('',#10260);
#2750=VERTEX_POINT('',#10262);
#2751=VERTEX_POINT('',#10266);
#2752=VERTEX_POINT('',#10267);
#2753=VERTEX_POINT('',#10281);
#2754=VERTEX_POINT('',#10296);
#2755=VERTEX_POINT('',#10298);
#2756=VERTEX_POINT('',#10303);
#2757=VERTEX_POINT('',#10307);
#2758=VERTEX_POINT('',#10311);
#2759=VERTEX_POINT('',#10312);
#2760=VERTEX_POINT('',#10328);
#2761=VERTEX_POINT('',#10342);
#2762=VERTEX_POINT('',#10344);
#2763=VERTEX_POINT('',#10348);
#2764=VERTEX_POINT('',#10350);
#2765=VERTEX_POINT('',#10352);
#2766=VERTEX_POINT('',#10354);
#2767=VERTEX_POINT('',#10356);
#2768=VERTEX_POINT('',#10358);
#2769=VERTEX_POINT('',#10360);
#2770=VERTEX_POINT('',#10362);
#2771=VERTEX_POINT('',#10365);
#2772=VERTEX_POINT('',#10367);
#2773=VERTEX_POINT('',#10369);
#2774=VERTEX_POINT('',#10372);
#2775=VERTEX_POINT('',#10374);
#2776=VERTEX_POINT('',#10376);
#2777=VERTEX_POINT('',#10379);
#2778=VERTEX_POINT('',#10383);
#2779=VERTEX_POINT('',#10387);
#2780=VERTEX_POINT('',#10400);
#2781=VERTEX_POINT('',#10418);
#2782=VERTEX_POINT('',#10419);
#2783=VERTEX_POINT('',#10424);
#2784=VERTEX_POINT('',#10428);
#2785=VERTEX_POINT('',#10429);
#2786=VERTEX_POINT('',#10436);
#2787=VERTEX_POINT('',#10437);
#2788=VERTEX_POINT('',#10444);
#2789=VERTEX_POINT('',#10446);
#2790=VERTEX_POINT('',#10450);
#2791=VERTEX_POINT('',#10454);
#2792=VERTEX_POINT('',#10455);
#2793=VERTEX_POINT('',#10462);
#2794=VERTEX_POINT('',#10463);
#2795=VERTEX_POINT('',#10470);
#2796=VERTEX_POINT('',#10471);
#2797=VERTEX_POINT('',#10476);
#2798=VERTEX_POINT('',#10480);
#2799=VERTEX_POINT('',#10484);
#2800=VERTEX_POINT('',#10488);
#2801=VERTEX_POINT('',#10494);
#2802=VERTEX_POINT('',#10498);
#2803=VERTEX_POINT('',#10502);
#2804=VERTEX_POINT('',#10504);
#2805=VERTEX_POINT('',#10508);
#2806=VERTEX_POINT('',#10512);
#2807=VERTEX_POINT('',#10518);
#2808=VERTEX_POINT('',#10519);
#2809=VERTEX_POINT('',#10521);
#2810=VERTEX_POINT('',#10523);
#2811=VERTEX_POINT('',#10527);
#2812=VERTEX_POINT('',#10529);
#2813=VERTEX_POINT('',#10533);
#2814=VERTEX_POINT('',#10535);
#2815=VERTEX_POINT('',#10537);
#2816=VERTEX_POINT('',#10539);
#2817=VERTEX_POINT('',#10541);
#2818=VERTEX_POINT('',#10543);
#2819=VERTEX_POINT('',#10545);
#2820=VERTEX_POINT('',#10547);
#2821=VERTEX_POINT('',#10549);
#2822=VERTEX_POINT('',#10551);
#2823=VERTEX_POINT('',#10553);
#2824=VERTEX_POINT('',#10555);
#2825=VERTEX_POINT('',#10557);
#2826=VERTEX_POINT('',#10559);
#2827=VERTEX_POINT('',#10561);
#2828=VERTEX_POINT('',#10563);
#2829=VERTEX_POINT('',#10565);
#2830=VERTEX_POINT('',#10567);
#2831=VERTEX_POINT('',#10569);
#2832=VERTEX_POINT('',#10571);
#2833=VERTEX_POINT('',#10573);
#2834=VERTEX_POINT('',#10575);
#2835=VERTEX_POINT('',#10577);
#2836=VERTEX_POINT('',#10579);
#2837=VERTEX_POINT('',#10581);
#2838=VERTEX_POINT('',#10584);
#2839=VERTEX_POINT('',#10587);
#2840=VERTEX_POINT('',#10589);
#2841=VERTEX_POINT('',#10593);
#2842=VERTEX_POINT('',#10597);
#2843=VERTEX_POINT('',#10601);
#2844=VERTEX_POINT('',#10602);
#2845=VERTEX_POINT('',#10607);
#2846=VERTEX_POINT('',#10611);
#2847=VERTEX_POINT('',#10615);
#2848=VERTEX_POINT('',#10619);
#2849=VERTEX_POINT('',#10623);
#2850=VERTEX_POINT('',#10627);
#2851=VERTEX_POINT('',#10631);
#2852=VERTEX_POINT('',#10635);
#2853=VERTEX_POINT('',#10639);
#2854=VERTEX_POINT('',#10643);
#2855=VERTEX_POINT('',#10647);
#2856=VERTEX_POINT('',#10651);
#2857=VERTEX_POINT('',#10653);
#2858=VERTEX_POINT('',#10659);
#2859=VERTEX_POINT('',#10660);
#2860=VERTEX_POINT('',#10665);
#2861=VERTEX_POINT('',#10669);
#2862=VERTEX_POINT('',#10674);
#2863=VERTEX_POINT('',#10675);
#2864=VERTEX_POINT('',#10677);
#2865=VERTEX_POINT('',#10679);
#2866=VERTEX_POINT('',#10683);
#2867=VERTEX_POINT('',#10684);
#2868=VERTEX_POINT('',#10692);
#2869=VERTEX_POINT('',#10693);
#2870=VERTEX_POINT('',#10695);
#2871=VERTEX_POINT('',#10697);
#2872=VERTEX_POINT('',#10701);
#2873=VERTEX_POINT('',#10702);
#2874=VERTEX_POINT('',#10707);
#2875=VERTEX_POINT('',#10708);
#2876=VERTEX_POINT('',#10713);
#2877=VERTEX_POINT('',#10714);
#2878=VERTEX_POINT('',#10716);
#2879=VERTEX_POINT('',#10718);
#2880=VERTEX_POINT('',#10722);
#2881=VERTEX_POINT('',#10723);
#2882=VERTEX_POINT('',#10728);
#2883=VERTEX_POINT('',#10729);
#2884=VERTEX_POINT('',#10734);
#2885=VERTEX_POINT('',#10736);
#2886=VERTEX_POINT('',#10740);
#2887=VERTEX_POINT('',#10741);
#2888=VERTEX_POINT('',#10746);
#2889=VERTEX_POINT('',#10747);
#2890=VERTEX_POINT('',#10825);
#2891=VERTEX_POINT('',#10831);
#2892=VERTEX_POINT('',#10837);
#2893=VERTEX_POINT('',#10841);
#2894=VERTEX_POINT('',#10850);
#2895=VERTEX_POINT('',#10854);
#2896=VERTEX_POINT('',#10875);
#2897=VERTEX_POINT('',#10876);
#2898=VERTEX_POINT('',#10878);
#2899=VERTEX_POINT('',#10880);
#2900=VERTEX_POINT('',#10884);
#2901=VERTEX_POINT('',#10886);
#2902=VERTEX_POINT('',#10890);
#2903=VERTEX_POINT('',#10892);
#2904=VERTEX_POINT('',#10896);
#2905=VERTEX_POINT('',#10898);
#2906=VERTEX_POINT('',#10902);
#2907=VERTEX_POINT('',#10904);
#2908=VERTEX_POINT('',#10908);
#2909=VERTEX_POINT('',#10910);
#2910=VERTEX_POINT('',#10914);
#2911=VERTEX_POINT('',#10916);
#2912=VERTEX_POINT('',#10920);
#2913=VERTEX_POINT('',#10922);
#2914=VERTEX_POINT('',#10926);
#2915=VERTEX_POINT('',#10928);
#2916=VERTEX_POINT('',#10932);
#2917=VERTEX_POINT('',#10934);
#2918=VERTEX_POINT('',#10938);
#2919=VERTEX_POINT('',#10940);
#2920=VERTEX_POINT('',#10944);
#2921=VERTEX_POINT('',#10946);
#2922=VERTEX_POINT('',#10950);
#2923=VERTEX_POINT('',#10952);
#2924=VERTEX_POINT('',#10956);
#2925=VERTEX_POINT('',#10958);
#2926=VERTEX_POINT('',#10962);
#2927=VERTEX_POINT('',#10963);
#2928=VERTEX_POINT('',#10965);
#2929=VERTEX_POINT('',#10967);
#2930=VERTEX_POINT('',#10971);
#2931=VERTEX_POINT('',#10973);
#2932=VERTEX_POINT('',#10977);
#2933=VERTEX_POINT('',#10979);
#2934=VERTEX_POINT('',#10983);
#2935=VERTEX_POINT('',#10985);
#2936=VERTEX_POINT('',#10989);
#2937=VERTEX_POINT('',#10991);
#2938=VERTEX_POINT('',#10995);
#2939=VERTEX_POINT('',#10997);
#2940=VERTEX_POINT('',#11001);
#2941=VERTEX_POINT('',#11003);
#2942=VERTEX_POINT('',#11007);
#2943=VERTEX_POINT('',#11009);
#2944=VERTEX_POINT('',#11013);
#2945=VERTEX_POINT('',#11015);
#2946=VERTEX_POINT('',#11019);
#2947=VERTEX_POINT('',#11021);
#2948=VERTEX_POINT('',#11025);
#2949=VERTEX_POINT('',#11027);
#2950=VERTEX_POINT('',#11031);
#2951=VERTEX_POINT('',#11033);
#2952=VERTEX_POINT('',#11037);
#2953=VERTEX_POINT('',#11039);
#2954=VERTEX_POINT('',#11043);
#2955=VERTEX_POINT('',#11045);
#2956=VERTEX_POINT('',#11049);
#2957=VERTEX_POINT('',#11051);
#2958=VERTEX_POINT('',#11055);
#2959=VERTEX_POINT('',#11057);
#2960=VERTEX_POINT('',#11061);
#2961=VERTEX_POINT('',#11063);
#2962=VERTEX_POINT('',#11067);
#2963=VERTEX_POINT('',#11069);
#2964=VERTEX_POINT('',#11073);
#2965=VERTEX_POINT('',#11075);
#2966=VERTEX_POINT('',#11079);
#2967=VERTEX_POINT('',#11081);
#2968=VERTEX_POINT('',#11085);
#2969=VERTEX_POINT('',#11087);
#2970=VERTEX_POINT('',#11091);
#2971=VERTEX_POINT('',#11093);
#2972=VERTEX_POINT('',#11097);
#2973=VERTEX_POINT('',#11099);
#2974=VERTEX_POINT('',#11103);
#2975=VERTEX_POINT('',#11105);
#2976=VERTEX_POINT('',#11109);
#2977=VERTEX_POINT('',#11111);
#2978=VERTEX_POINT('',#11115);
#2979=VERTEX_POINT('',#11117);
#2980=VERTEX_POINT('',#11121);
#2981=VERTEX_POINT('',#11123);
#2982=VERTEX_POINT('',#11130);
#2983=VERTEX_POINT('',#11132);
#2984=VERTEX_POINT('',#11136);
#2985=VERTEX_POINT('',#11138);
#2986=VERTEX_POINT('',#11142);
#2987=VERTEX_POINT('',#11144);
#2988=VERTEX_POINT('',#11148);
#2989=VERTEX_POINT('',#11150);
#2990=VERTEX_POINT('',#11154);
#2991=VERTEX_POINT('',#11156);
#2992=VERTEX_POINT('',#11160);
#2993=VERTEX_POINT('',#11162);
#2994=VERTEX_POINT('',#11166);
#2995=VERTEX_POINT('',#11168);
#2996=VERTEX_POINT('',#11172);
#2997=VERTEX_POINT('',#11174);
#2998=VERTEX_POINT('',#11178);
#2999=VERTEX_POINT('',#11180);
#3000=VERTEX_POINT('',#11184);
#3001=VERTEX_POINT('',#11186);
#3002=VERTEX_POINT('',#11190);
#3003=VERTEX_POINT('',#11192);
#3004=VERTEX_POINT('',#11196);
#3005=VERTEX_POINT('',#11198);
#3006=VERTEX_POINT('',#11202);
#3007=VERTEX_POINT('',#11204);
#3008=VERTEX_POINT('',#11213);
#3009=VERTEX_POINT('',#11215);
#3010=VERTEX_POINT('',#11219);
#3011=VERTEX_POINT('',#11221);
#3012=EDGE_CURVE('',#2427,#2428,#2035,.T.);
#3013=EDGE_CURVE('',#2428,#2429,#1015,.T.);
#3014=EDGE_CURVE('',#2429,#2430,#2036,.F.);
#3015=EDGE_CURVE('',#2430,#2427,#1016,.T.);
#3016=EDGE_CURVE('',#2429,#2431,#1017,.T.);
#3017=EDGE_CURVE('',#2432,#2428,#1018,.T.);
#3018=EDGE_CURVE('',#2433,#2432,#1019,.F.);
#3019=EDGE_CURVE('',#2434,#2433,#1020,.T.);
#3020=EDGE_CURVE('',#2431,#2434,#1021,.T.);
#3021=EDGE_CURVE('',#2435,#2427,#1022,.T.);
#3022=EDGE_CURVE('',#2436,#2435,#2037,.F.);
#3023=EDGE_CURVE('',#2436,#2437,#1023,.T.);
#3024=EDGE_CURVE('',#2438,#2437,#1024,.T.);
#3025=EDGE_CURVE('',#2438,#2439,#1025,.T.);
#3026=EDGE_CURVE('',#2440,#2439,#1026,.F.);
#3027=EDGE_CURVE('',#2441,#2440,#1027,.T.);
#3028=EDGE_CURVE('',#2442,#2441,#1028,.F.);
#3029=EDGE_CURVE('',#2443,#2442,#1029,.T.);
#3030=EDGE_CURVE('',#2444,#2443,#2038,.F.);
#3031=EDGE_CURVE('',#2445,#2444,#1030,.T.);
#3032=EDGE_CURVE('',#2446,#2445,#2039,.T.);
#3033=EDGE_CURVE('',#2446,#2447,#1031,.T.);
#3034=EDGE_CURVE('',#2447,#2432,#1032,.T.);
#3035=EDGE_CURVE('',#2445,#2448,#1033,.T.);
#3036=EDGE_CURVE('',#2448,#2449,#2040,.F.);
#3037=EDGE_CURVE('',#2449,#2446,#1034,.T.);
#3038=EDGE_CURVE('',#2450,#2449,#1035,.T.);
#3039=EDGE_CURVE('',#2451,#2450,#1036,.T.);
#3040=EDGE_CURVE('',#2452,#2451,#1037,.T.);
#3041=EDGE_CURVE('',#2447,#2452,#1038,.F.);
#3042=EDGE_CURVE('',#2453,#2454,#1039,.T.);
#3043=EDGE_CURVE('',#2454,#2455,#103,.T.);
#3044=EDGE_CURVE('',#2455,#2456,#1040,.T.);
#3045=EDGE_CURVE('',#2453,#2456,#104,.T.);
#3046=EDGE_CURVE('',#2454,#2457,#1041,.T.);
#3047=EDGE_CURVE('',#2457,#2458,#105,.T.);
#3048=EDGE_CURVE('',#2458,#2431,#2041,.T.);
#3049=EDGE_CURVE('',#2434,#2455,#2042,.T.);
#3050=EDGE_CURVE('',#2459,#2460,#1042,.T.);
#3051=EDGE_CURVE('',#2460,#2461,#2043,.T.);
#3052=EDGE_CURVE('',#2461,#2462,#1043,.T.);
#3053=EDGE_CURVE('',#2462,#2459,#106,.T.);
#3054=EDGE_CURVE('',#2462,#2463,#1044,.T.);
#3055=EDGE_CURVE('',#2463,#2464,#107,.T.);
#3056=EDGE_CURVE('',#2464,#2451,#2044,.T.);
#3057=EDGE_CURVE('',#2450,#2459,#2045,.T.);
#3058=EDGE_CURVE('',#2465,#2466,#2046,.T.);
#3059=EDGE_CURVE('',#2466,#2467,#108,.T.);
#3060=EDGE_CURVE('',#2467,#2468,#2047,.T.);
#3061=EDGE_CURVE('',#2468,#2465,#109,.T.);
#3062=EDGE_CURVE('',#2466,#2469,#1045,.T.);
#3063=EDGE_CURVE('',#2469,#2470,#110,.T.);
#3064=EDGE_CURVE('',#2470,#2467,#1046,.T.);
#3065=EDGE_CURVE('',#2471,#2470,#2048,.T.);
#3066=EDGE_CURVE('',#2469,#2472,#2049,.T.);
#3067=EDGE_CURVE('',#2472,#2471,#111,.T.);
#3068=EDGE_CURVE('',#2473,#2471,#1047,.T.);
#3069=EDGE_CURVE('',#2472,#2474,#1048,.T.);
#3070=EDGE_CURVE('',#2474,#2473,#112,.T.);
#3071=EDGE_CURVE('',#2463,#2465,#1049,.T.);
#3072=EDGE_CURVE('',#2468,#2464,#1050,.T.);
#3073=EDGE_CURVE('',#2475,#2473,#2050,.T.);
#3074=EDGE_CURVE('',#2474,#2476,#2051,.T.);
#3075=EDGE_CURVE('',#2476,#2475,#113,.T.);
#3076=EDGE_CURVE('',#2477,#2475,#1051,.T.);
#3077=EDGE_CURVE('',#2476,#2478,#1052,.T.);
#3078=EDGE_CURVE('',#2478,#2477,#114,.T.);
#3079=EDGE_CURVE('',#2479,#2480,#2052,.T.);
#3080=EDGE_CURVE('',#2480,#2461,#2053,.T.);
#3081=EDGE_CURVE('',#2460,#2479,#2054,.T.);
#3082=EDGE_CURVE('',#2481,#2482,#2055,.T.);
#3083=EDGE_CURVE('',#2482,#2480,#1053,.T.);
#3084=EDGE_CURVE('',#2479,#2481,#1054,.T.);
#3085=EDGE_CURVE('',#2483,#2484,#2056,.T.);
#3086=EDGE_CURVE('',#2484,#2482,#2057,.T.);
#3087=EDGE_CURVE('',#2481,#2483,#2058,.T.);
#3088=EDGE_CURVE('',#2485,#2486,#2059,.T.);
#3089=EDGE_CURVE('',#2486,#2484,#1055,.T.);
#3090=EDGE_CURVE('',#2483,#2485,#1056,.T.);
#3091=EDGE_CURVE('',#2487,#2488,#2060,.T.);
#3092=EDGE_CURVE('',#2488,#2486,#2061,.T.);
#3093=EDGE_CURVE('',#2485,#2487,#2062,.T.);
#3094=EDGE_CURVE('',#2489,#2490,#2063,.T.);
#3095=EDGE_CURVE('',#2490,#2488,#1057,.T.);
#3096=EDGE_CURVE('',#2487,#2489,#1058,.T.);
#3097=EDGE_CURVE('',#2491,#2492,#2064,.T.);
#3098=EDGE_CURVE('',#2492,#2490,#2065,.T.);
#3099=EDGE_CURVE('',#2489,#2491,#2066,.T.);
#3100=EDGE_CURVE('',#2457,#2492,#1059,.T.);
#3101=EDGE_CURVE('',#2491,#2458,#1060,.T.);
#3102=EDGE_CURVE('',#2456,#2477,#2067,.T.);
#3103=EDGE_CURVE('',#2478,#2453,#2068,.T.);
#3104=EDGE_CURVE('',#2493,#2487,#1061,.T.);
#3105=EDGE_CURVE('',#2493,#2494,#1062,.T.);
#3106=EDGE_CURVE('',#2489,#2494,#1063,.T.);
#3107=EDGE_CURVE('',#2485,#2495,#1064,.T.);
#3108=EDGE_CURVE('',#2493,#2495,#2069,.T.);
#3109=EDGE_CURVE('',#2496,#2483,#1065,.T.);
#3110=EDGE_CURVE('',#2496,#2495,#1066,.T.);
#3111=EDGE_CURVE('',#2481,#2497,#1067,.T.);
#3112=EDGE_CURVE('',#2496,#2497,#2070,.T.);
#3113=EDGE_CURVE('',#2498,#2479,#1068,.T.);
#3114=EDGE_CURVE('',#2498,#2497,#1069,.T.);
#3115=EDGE_CURVE('',#2460,#2499,#1070,.T.);
#3116=EDGE_CURVE('',#2498,#2499,#2071,.T.);
#3117=EDGE_CURVE('',#2448,#2499,#1071,.T.);
#3118=EDGE_CURVE('',#2500,#2467,#1072,.T.);
#3119=EDGE_CURVE('',#2501,#2500,#2072,.T.);
#3120=EDGE_CURVE('',#2501,#2468,#1073,.T.);
#3121=EDGE_CURVE('',#2502,#2502,#2073,.T.);
#3122=EDGE_CURVE('',#2502,#2503,#1074,.T.);
#3123=EDGE_CURVE('',#2503,#2503,#2074,.T.);
#3124=EDGE_CURVE('',#2504,#2505,#1075,.T.);
#3125=EDGE_CURVE('',#2506,#2504,#2075,.T.);
#3126=EDGE_CURVE('',#2507,#2506,#1076,.T.);
#3127=EDGE_CURVE('',#2508,#2507,#2076,.T.);
#3128=EDGE_CURVE('',#2509,#2508,#1077,.T.);
#3129=EDGE_CURVE('',#2510,#2509,#2077,.T.);
#3130=EDGE_CURVE('',#2511,#2510,#1078,.T.);
#3131=EDGE_CURVE('',#2505,#2511,#2078,.T.);
#3132=EDGE_CURVE('',#2512,#2512,#2079,.T.);
#3133=EDGE_CURVE('',#2513,#2513,#2080,.T.);
#3134=EDGE_CURVE('',#2514,#2515,#2081,.T.);
#3135=EDGE_CURVE('',#2516,#2514,#2082,.T.);
#3136=EDGE_CURVE('',#2517,#2516,#2083,.T.);
#3137=EDGE_CURVE('',#2518,#2517,#2084,.T.);
#3138=EDGE_CURVE('',#2519,#2518,#2085,.T.);
#3139=EDGE_CURVE('',#2520,#2519,#2086,.T.);
#3140=EDGE_CURVE('',#2521,#2520,#2087,.T.);
#3141=EDGE_CURVE('',#2515,#2521,#2088,.T.);
#3142=EDGE_CURVE('',#2522,#2523,#2089,.T.);
#3143=EDGE_CURVE('',#2523,#2524,#1079,.T.);
#3144=EDGE_CURVE('',#2524,#2525,#2090,.T.);
#3145=EDGE_CURVE('',#2525,#2526,#2091,.F.);
#3146=EDGE_CURVE('',#2526,#2527,#1080,.T.);
#3147=EDGE_CURVE('',#2528,#2527,#2092,.T.);
#3148=EDGE_CURVE('',#2528,#2529,#2093,.T.);
#3149=EDGE_CURVE('',#2530,#2529,#2094,.T.);
#3150=EDGE_CURVE('',#2530,#2531,#1081,.T.);
#3151=EDGE_CURVE('',#2532,#2531,#2095,.T.);
#3152=EDGE_CURVE('',#2532,#2533,#2096,.T.);
#3153=EDGE_CURVE('',#2534,#2533,#2097,.T.);
#3154=EDGE_CURVE('',#2534,#2535,#1082,.T.);
#3155=EDGE_CURVE('',#2535,#2536,#2098,.F.);
#3156=EDGE_CURVE('',#2536,#2537,#2099,.T.);
#3157=EDGE_CURVE('',#2537,#2538,#1083,.T.);
#3158=EDGE_CURVE('',#2538,#2539,#2100,.T.);
#3159=EDGE_CURVE('',#2539,#2540,#2101,.F.);
#3160=EDGE_CURVE('',#2540,#2541,#1084,.T.);
#3161=EDGE_CURVE('',#2542,#2541,#2102,.T.);
#3162=EDGE_CURVE('',#2542,#2543,#2103,.T.);
#3163=EDGE_CURVE('',#2544,#2543,#2104,.T.);
#3164=EDGE_CURVE('',#2544,#2545,#1085,.T.);
#3165=EDGE_CURVE('',#2546,#2545,#2105,.T.);
#3166=EDGE_CURVE('',#2546,#2547,#2106,.T.);
#3167=EDGE_CURVE('',#2548,#2547,#2107,.T.);
#3168=EDGE_CURVE('',#2548,#2549,#1086,.T.);
#3169=EDGE_CURVE('',#2522,#2549,#2108,.T.);
#3170=EDGE_CURVE('',#2550,#2551,#2109,.T.);
#3171=EDGE_CURVE('',#2552,#2550,#2110,.T.);
#3172=EDGE_CURVE('',#2553,#2552,#2111,.T.);
#3173=EDGE_CURVE('',#2554,#2553,#2112,.T.);
#3174=EDGE_CURVE('',#2555,#2554,#2113,.T.);
#3175=EDGE_CURVE('',#2556,#2555,#2114,.T.);
#3176=EDGE_CURVE('',#2557,#2556,#2115,.T.);
#3177=EDGE_CURVE('',#2551,#2557,#2116,.T.);
#3178=EDGE_CURVE('',#2558,#2558,#2117,.T.);
#3179=EDGE_CURVE('',#2503,#2559,#1087,.T.);
#3180=EDGE_CURVE('',#2560,#2559,#2118,.F.);
#3181=EDGE_CURVE('',#2560,#2561,#1088,.T.);
#3182=EDGE_CURVE('',#2561,#2562,#2119,.T.);
#3183=EDGE_CURVE('',#2563,#2562,#1089,.T.);
#3184=EDGE_CURVE('',#2564,#2563,#2120,.F.);
#3185=EDGE_CURVE('',#2564,#2565,#1090,.T.);
#3186=EDGE_CURVE('',#2565,#2566,#2121,.T.);
#3187=EDGE_CURVE('',#2567,#2566,#1091,.T.);
#3188=EDGE_CURVE('',#2559,#2567,#2122,.F.);
#3189=EDGE_CURVE('',#2512,#2568,#1092,.T.);
#3190=EDGE_CURVE('',#2568,#2568,#2123,.T.);
#3191=EDGE_CURVE('',#2568,#2569,#1093,.T.);
#3192=EDGE_CURVE('',#2570,#2569,#2124,.F.);
#3193=EDGE_CURVE('',#2570,#2571,#1094,.T.);
#3194=EDGE_CURVE('',#2571,#2572,#2125,.T.);
#3195=EDGE_CURVE('',#2573,#2572,#1095,.T.);
#3196=EDGE_CURVE('',#2574,#2573,#2126,.F.);
#3197=EDGE_CURVE('',#2574,#2575,#1096,.T.);
#3198=EDGE_CURVE('',#2575,#2576,#2127,.T.);
#3199=EDGE_CURVE('',#2577,#2576,#1097,.T.);
#3200=EDGE_CURVE('',#2569,#2577,#2128,.F.);
#3201=EDGE_CURVE('',#2558,#2578,#1098,.T.);
#3202=EDGE_CURVE('',#2578,#2578,#2129,.T.);
#3203=EDGE_CURVE('',#2578,#2579,#1099,.T.);
#3204=EDGE_CURVE('',#2580,#2579,#2130,.F.);
#3205=EDGE_CURVE('',#2580,#2581,#1100,.T.);
#3206=EDGE_CURVE('',#2581,#2582,#2131,.T.);
#3207=EDGE_CURVE('',#2583,#2582,#1101,.T.);
#3208=EDGE_CURVE('',#2584,#2583,#2132,.F.);
#3209=EDGE_CURVE('',#2584,#2585,#1102,.T.);
#3210=EDGE_CURVE('',#2585,#2586,#2133,.T.);
#3211=EDGE_CURVE('',#2587,#2586,#1103,.T.);
#3212=EDGE_CURVE('',#2579,#2587,#2134,.F.);
#3213=EDGE_CURVE('',#2513,#2588,#1104,.T.);
#3214=EDGE_CURVE('',#2588,#2588,#2135,.T.);
#3215=EDGE_CURVE('',#2588,#2589,#1105,.T.);
#3216=EDGE_CURVE('',#2590,#2589,#2136,.F.);
#3217=EDGE_CURVE('',#2590,#2591,#1106,.T.);
#3218=EDGE_CURVE('',#2591,#2592,#2137,.T.);
#3219=EDGE_CURVE('',#2593,#2592,#1107,.T.);
#3220=EDGE_CURVE('',#2594,#2593,#2138,.F.);
#3221=EDGE_CURVE('',#2594,#2595,#1108,.T.);
#3222=EDGE_CURVE('',#2595,#2596,#2139,.T.);
#3223=EDGE_CURVE('',#2597,#2596,#1109,.T.);
#3224=EDGE_CURVE('',#2589,#2597,#2140,.F.);
#3225=EDGE_CURVE('',#2598,#2598,#2141,.T.);
#3226=EDGE_CURVE('',#2598,#2599,#1110,.T.);
#3227=EDGE_CURVE('',#2599,#2599,#2142,.T.);
#3228=EDGE_CURVE('',#2600,#2601,#2143,.T.);
#3229=EDGE_CURVE('',#2600,#2599,#1111,.T.);
#3230=EDGE_CURVE('',#2601,#2600,#2144,.T.);
#3231=EDGE_CURVE('',#2602,#2602,#2145,.T.);
#3232=EDGE_CURVE('',#2603,#2550,#1112,.T.);
#3233=EDGE_CURVE('',#2551,#2604,#1113,.T.);
#3234=EDGE_CURVE('',#2604,#2603,#2146,.T.);
#3235=EDGE_CURVE('',#2603,#2605,#2147,.T.);
#3236=EDGE_CURVE('',#2605,#2552,#1114,.T.);
#3237=EDGE_CURVE('',#2606,#2553,#1115,.T.);
#3238=EDGE_CURVE('',#2605,#2606,#2148,.T.);
#3239=EDGE_CURVE('',#2606,#2607,#2149,.T.);
#3240=EDGE_CURVE('',#2607,#2554,#1116,.T.);
#3241=EDGE_CURVE('',#2608,#2555,#1117,.T.);
#3242=EDGE_CURVE('',#2607,#2608,#2150,.T.);
#3243=EDGE_CURVE('',#2608,#2609,#2151,.T.);
#3244=EDGE_CURVE('',#2609,#2556,#1118,.T.);
#3245=EDGE_CURVE('',#2610,#2557,#1119,.T.);
#3246=EDGE_CURVE('',#2609,#2610,#2152,.T.);
#3247=EDGE_CURVE('',#2610,#2604,#2153,.T.);
#3248=EDGE_CURVE('',#2606,#2611,#1120,.T.);
#3249=EDGE_CURVE('',#2611,#2612,#2154,.F.);
#3250=EDGE_CURVE('',#2612,#2607,#1121,.T.);
#3251=EDGE_CURVE('',#2613,#2605,#1122,.T.);
#3252=EDGE_CURVE('',#2614,#2613,#2155,.T.);
#3253=EDGE_CURVE('',#2614,#2615,#1123,.T.);
#3254=EDGE_CURVE('',#2615,#2616,#2156,.T.);
#3255=EDGE_CURVE('',#2616,#2617,#1124,.T.);
#3256=EDGE_CURVE('',#2611,#2617,#2157,.T.);
#3257=EDGE_CURVE('',#2603,#2618,#1125,.T.);
#3258=EDGE_CURVE('',#2618,#2613,#2158,.F.);
#3259=EDGE_CURVE('',#2619,#2604,#1126,.T.);
#3260=EDGE_CURVE('',#2620,#2619,#2159,.T.);
#3261=EDGE_CURVE('',#2620,#2621,#1127,.T.);
#3262=EDGE_CURVE('',#2621,#2622,#2160,.T.);
#3263=EDGE_CURVE('',#2622,#2623,#1128,.T.);
#3264=EDGE_CURVE('',#2618,#2623,#2161,.T.);
#3265=EDGE_CURVE('',#2624,#2514,#1129,.T.);
#3266=EDGE_CURVE('',#2515,#2625,#1130,.T.);
#3267=EDGE_CURVE('',#2625,#2624,#2162,.T.);
#3268=EDGE_CURVE('',#2624,#2626,#2163,.T.);
#3269=EDGE_CURVE('',#2626,#2516,#1131,.T.);
#3270=EDGE_CURVE('',#2627,#2517,#1132,.T.);
#3271=EDGE_CURVE('',#2626,#2627,#2164,.T.);
#3272=EDGE_CURVE('',#2627,#2628,#2165,.T.);
#3273=EDGE_CURVE('',#2628,#2518,#1133,.T.);
#3274=EDGE_CURVE('',#2629,#2519,#1134,.T.);
#3275=EDGE_CURVE('',#2628,#2629,#2166,.T.);
#3276=EDGE_CURVE('',#2629,#2630,#2167,.T.);
#3277=EDGE_CURVE('',#2630,#2520,#1135,.T.);
#3278=EDGE_CURVE('',#2631,#2521,#1136,.T.);
#3279=EDGE_CURVE('',#2630,#2631,#2168,.T.);
#3280=EDGE_CURVE('',#2631,#2625,#2169,.T.);
#3281=EDGE_CURVE('',#2627,#2632,#1137,.T.);
#3282=EDGE_CURVE('',#2632,#2633,#2170,.F.);
#3283=EDGE_CURVE('',#2633,#2628,#1138,.T.);
#3284=EDGE_CURVE('',#2634,#2626,#1139,.T.);
#3285=EDGE_CURVE('',#2632,#2634,#2171,.T.);
#3286=EDGE_CURVE('',#2624,#2635,#1140,.T.);
#3287=EDGE_CURVE('',#2635,#2634,#2172,.F.);
#3288=EDGE_CURVE('',#2636,#2625,#1141,.T.);
#3289=EDGE_CURVE('',#2637,#2636,#2173,.T.);
#3290=EDGE_CURVE('',#2637,#2638,#1142,.T.);
#3291=EDGE_CURVE('',#2638,#2639,#2174,.T.);
#3292=EDGE_CURVE('',#2639,#2640,#1143,.T.);
#3293=EDGE_CURVE('',#2635,#2640,#2175,.T.);
#3294=EDGE_CURVE('',#2505,#2641,#115,.T.);
#3295=EDGE_CURVE('',#2641,#2501,#1144,.T.);
#3296=EDGE_CURVE('',#2501,#2504,#116,.T.);
#3297=EDGE_CURVE('',#2500,#2506,#117,.T.);
#3298=EDGE_CURVE('',#2500,#2642,#1145,.T.);
#3299=EDGE_CURVE('',#2642,#2507,#118,.T.);
#3300=EDGE_CURVE('',#2642,#2643,#2176,.T.);
#3301=EDGE_CURVE('',#2643,#2508,#119,.T.);
#3302=EDGE_CURVE('',#2643,#2644,#1146,.T.);
#3303=EDGE_CURVE('',#2644,#2509,#120,.T.);
#3304=EDGE_CURVE('',#2644,#2645,#2177,.T.);
#3305=EDGE_CURVE('',#2645,#2510,#121,.T.);
#3306=EDGE_CURVE('',#2645,#2646,#1147,.T.);
#3307=EDGE_CURVE('',#2646,#2511,#122,.T.);
#3308=EDGE_CURVE('',#2646,#2641,#2178,.T.);
#3309=EDGE_CURVE('',#2643,#2471,#1148,.T.);
#3310=EDGE_CURVE('',#2642,#2470,#1149,.T.);
#3311=EDGE_CURVE('',#2433,#2452,#1150,.T.);
#3312=EDGE_CURVE('',#2641,#2456,#1151,.T.);
#3313=EDGE_CURVE('',#2647,#2648,#1152,.T.);
#3314=EDGE_CURVE('',#2648,#2649,#1153,.T.);
#3315=EDGE_CURVE('',#2649,#2650,#1154,.T.);
#3316=EDGE_CURVE('',#2650,#2651,#1155,.T.);
#3317=EDGE_CURVE('',#2647,#2651,#1156,.T.);
#3318=EDGE_CURVE('',#2652,#2650,#2179,.T.);
#3319=EDGE_CURVE('',#2651,#2652,#1157,.T.);
#3320=EDGE_CURVE('',#2650,#2653,#2180,.T.);
#3321=EDGE_CURVE('',#2653,#2649,#1158,.T.);
#3322=EDGE_CURVE('',#2653,#2654,#2181,.T.);
#3323=EDGE_CURVE('',#2655,#2653,#1159,.T.);
#3324=EDGE_CURVE('',#2654,#2655,#1160,.T.);
#3325=EDGE_CURVE('',#2654,#2652,#2182,.T.);
#3326=EDGE_CURVE('',#2656,#2654,#1161,.T.);
#3327=EDGE_CURVE('',#2652,#2656,#1162,.T.);
#3328=EDGE_CURVE('',#2657,#2655,#1163,.T.);
#3329=EDGE_CURVE('',#2657,#2658,#1164,.T.);
#3330=EDGE_CURVE('',#2658,#2656,#1165,.T.);
#3331=EDGE_CURVE('',#2659,#2660,#2183,.T.);
#3332=EDGE_CURVE('',#2661,#2659,#1166,.T.);
#3333=EDGE_CURVE('',#2660,#2661,#1167,.T.);
#3334=EDGE_CURVE('',#2660,#2662,#2184,.T.);
#3335=EDGE_CURVE('',#2663,#2660,#1168,.T.);
#3336=EDGE_CURVE('',#2662,#2663,#1169,.T.);
#3337=EDGE_CURVE('',#2662,#2664,#2185,.T.);
#3338=EDGE_CURVE('',#2665,#2662,#1170,.T.);
#3339=EDGE_CURVE('',#2664,#2665,#1171,.T.);
#3340=EDGE_CURVE('',#2664,#2659,#2186,.T.);
#3341=EDGE_CURVE('',#2666,#2664,#1172,.T.);
#3342=EDGE_CURVE('',#2659,#2666,#1173,.T.);
#3343=EDGE_CURVE('',#2667,#2666,#1174,.T.);
#3344=EDGE_CURVE('',#2667,#2668,#1175,.T.);
#3345=EDGE_CURVE('',#2668,#2661,#1176,.T.);
#3346=EDGE_CURVE('',#2669,#2670,#1177,.T.);
#3347=EDGE_CURVE('',#2670,#2665,#1178,.T.);
#3348=EDGE_CURVE('',#2669,#2663,#1179,.T.);
#3349=EDGE_CURVE('',#2671,#2672,#2187,.T.);
#3350=EDGE_CURVE('',#2673,#2671,#1180,.T.);
#3351=EDGE_CURVE('',#2672,#2673,#1181,.T.);
#3352=EDGE_CURVE('',#2672,#2674,#2188,.T.);
#3353=EDGE_CURVE('',#2675,#2672,#1182,.T.);
#3354=EDGE_CURVE('',#2674,#2675,#1183,.T.);
#3355=EDGE_CURVE('',#2674,#2676,#2189,.T.);
#3356=EDGE_CURVE('',#2677,#2674,#1184,.T.);
#3357=EDGE_CURVE('',#2676,#2677,#1185,.T.);
#3358=EDGE_CURVE('',#2676,#2671,#2190,.T.);
#3359=EDGE_CURVE('',#2678,#2676,#1186,.T.);
#3360=EDGE_CURVE('',#2671,#2678,#1187,.T.);
#3361=EDGE_CURVE('',#2679,#2678,#1188,.T.);
#3362=EDGE_CURVE('',#2679,#2680,#1189,.T.);
#3363=EDGE_CURVE('',#2680,#2673,#1190,.T.);
#3364=EDGE_CURVE('',#2681,#2682,#1191,.T.);
#3365=EDGE_CURVE('',#2682,#2677,#1192,.T.);
#3366=EDGE_CURVE('',#2681,#2675,#1193,.T.);
#3367=EDGE_CURVE('',#2683,#2684,#1194,.T.);
#3368=EDGE_CURVE('',#2684,#2685,#1195,.T.);
#3369=EDGE_CURVE('',#2685,#2686,#1196,.T.);
#3370=EDGE_CURVE('',#2686,#2687,#1197,.T.);
#3371=EDGE_CURVE('',#2683,#2687,#1198,.T.);
#3372=EDGE_CURVE('',#2688,#2686,#2191,.T.);
#3373=EDGE_CURVE('',#2687,#2688,#1199,.T.);
#3374=EDGE_CURVE('',#2686,#2689,#2192,.T.);
#3375=EDGE_CURVE('',#2689,#2685,#1200,.T.);
#3376=EDGE_CURVE('',#2689,#2690,#2193,.T.);
#3377=EDGE_CURVE('',#2691,#2689,#1201,.T.);
#3378=EDGE_CURVE('',#2690,#2691,#1202,.T.);
#3379=EDGE_CURVE('',#2690,#2688,#2194,.T.);
#3380=EDGE_CURVE('',#2692,#2690,#1203,.T.);
#3381=EDGE_CURVE('',#2688,#2692,#1204,.T.);
#3382=EDGE_CURVE('',#2693,#2691,#1205,.T.);
#3383=EDGE_CURVE('',#2693,#2694,#1206,.T.);
#3384=EDGE_CURVE('',#2694,#2692,#1207,.T.);
#3385=EDGE_CURVE('',#2563,#2564,#1208,.T.);
#3386=EDGE_CURVE('',#2573,#2574,#1209,.T.);
#3387=EDGE_CURVE('',#2597,#2590,#1210,.T.);
#3388=EDGE_CURVE('',#2587,#2580,#1211,.T.);
#3389=EDGE_CURVE('',#2592,#2679,#1212,.T.);
#3390=EDGE_CURVE('',#2680,#2591,#1213,.T.);
#3391=EDGE_CURVE('',#2572,#2669,#1214,.T.);
#3392=EDGE_CURVE('',#2668,#2575,#1215,.T.);
#3393=EDGE_CURVE('',#2577,#2570,#1216,.T.);
#3394=EDGE_CURVE('',#2576,#2667,#1217,.T.);
#3395=EDGE_CURVE('',#2670,#2571,#1218,.T.);
#3396=EDGE_CURVE('',#2582,#2693,#1219,.T.);
#3397=EDGE_CURVE('',#2694,#2581,#1220,.T.);
#3398=EDGE_CURVE('',#2566,#2657,#1221,.T.);
#3399=EDGE_CURVE('',#2658,#2565,#1222,.T.);
#3400=EDGE_CURVE('',#2596,#2681,#1223,.T.);
#3401=EDGE_CURVE('',#2593,#2594,#1224,.T.);
#3402=EDGE_CURVE('',#2682,#2595,#1225,.T.);
#3403=EDGE_CURVE('',#2586,#2683,#1226,.T.);
#3404=EDGE_CURVE('',#2583,#2584,#1227,.T.);
#3405=EDGE_CURVE('',#2684,#2585,#1228,.T.);
#3406=EDGE_CURVE('',#2562,#2647,#1229,.T.);
#3407=EDGE_CURVE('',#2567,#2560,#1230,.T.);
#3408=EDGE_CURVE('',#2648,#2561,#1231,.T.);
#3409=EDGE_CURVE('',#2695,#2696,#2195,.T.);
#3410=EDGE_CURVE('',#2696,#2436,#1232,.T.);
#3411=EDGE_CURVE('',#2435,#2695,#1233,.T.);
#3412=EDGE_CURVE('',#2697,#2698,#2196,.T.);
#3413=EDGE_CURVE('',#2698,#2696,#2197,.T.);
#3414=EDGE_CURVE('',#2695,#2697,#2198,.T.);
#3415=EDGE_CURVE('',#2699,#2700,#2199,.F.);
#3416=EDGE_CURVE('',#2700,#2698,#1234,.T.);
#3417=EDGE_CURVE('',#2697,#2699,#1235,.T.);
#3418=EDGE_CURVE('',#2701,#2430,#1236,.T.);
#3419=EDGE_CURVE('',#2701,#2494,#2200,.T.);
#3420=EDGE_CURVE('',#2702,#2444,#1237,.T.);
#3421=EDGE_CURVE('',#2703,#2702,#2201,.T.);
#3422=EDGE_CURVE('',#2704,#2703,#1238,.T.);
#3423=EDGE_CURVE('',#2704,#2639,#1239,.T.);
#3424=EDGE_CURVE('',#2638,#2705,#1240,.T.);
#3425=EDGE_CURVE('',#2706,#2705,#2202,.T.);
#3426=EDGE_CURVE('',#2706,#2707,#1241,.T.);
#3427=EDGE_CURVE('',#2708,#2707,#2203,.T.);
#3428=EDGE_CURVE('',#2708,#2709,#1242,.T.);
#3429=EDGE_CURVE('',#2710,#2709,#1243,.T.);
#3430=EDGE_CURVE('',#2711,#2710,#2204,.T.);
#3431=EDGE_CURVE('',#2712,#2711,#1244,.T.);
#3432=EDGE_CURVE('',#2712,#2713,#1245,.T.);
#3433=EDGE_CURVE('',#2714,#2713,#1246,.T.);
#3434=EDGE_CURVE('',#2715,#2714,#2205,.T.);
#3435=EDGE_CURVE('',#2716,#2715,#1247,.T.);
#3436=EDGE_CURVE('',#2716,#2717,#1248,.T.);
#3437=EDGE_CURVE('',#2718,#2717,#2206,.T.);
#3438=EDGE_CURVE('',#2718,#2616,#1249,.T.);
#3439=EDGE_CURVE('',#2615,#2622,#1250,.T.);
#3440=EDGE_CURVE('',#2621,#2699,#1251,.T.);
#3441=EDGE_CURVE('',#2719,#2719,#2207,.T.);
#3442=EDGE_CURVE('',#2720,#2720,#2208,.T.);
#3443=EDGE_CURVE('',#2721,#2721,#2209,.T.);
#3444=EDGE_CURVE('',#2722,#2722,#2210,.T.);
#3445=EDGE_CURVE('',#2703,#2723,#2211,.T.);
#3446=EDGE_CURVE('',#2723,#2724,#1252,.T.);
#3447=EDGE_CURVE('',#2724,#2704,#2212,.F.);
#3448=EDGE_CURVE('',#2702,#2725,#2213,.T.);
#3449=EDGE_CURVE('',#2725,#2723,#2214,.T.);
#3450=EDGE_CURVE('',#2443,#2725,#1253,.T.);
#3451=EDGE_CURVE('',#2711,#2726,#2215,.T.);
#3452=EDGE_CURVE('',#2726,#2727,#1254,.T.);
#3453=EDGE_CURVE('',#2727,#2712,#2216,.F.);
#3454=EDGE_CURVE('',#2710,#2728,#2217,.T.);
#3455=EDGE_CURVE('',#2728,#2726,#2218,.T.);
#3456=EDGE_CURVE('',#2709,#2729,#2219,.F.);
#3457=EDGE_CURVE('',#2729,#2728,#1255,.T.);
#3458=EDGE_CURVE('',#2715,#2730,#2220,.T.);
#3459=EDGE_CURVE('',#2730,#2731,#1256,.T.);
#3460=EDGE_CURVE('',#2731,#2716,#2221,.F.);
#3461=EDGE_CURVE('',#2714,#2732,#2222,.T.);
#3462=EDGE_CURVE('',#2732,#2730,#2223,.T.);
#3463=EDGE_CURVE('',#2713,#2733,#2224,.F.);
#3464=EDGE_CURVE('',#2733,#2732,#1257,.T.);
#3465=EDGE_CURVE('',#2734,#2618,#2225,.F.);
#3466=EDGE_CURVE('',#2613,#2734,#2226,.F.);
#3467=EDGE_CURVE('',#2623,#2735,#123,.F.);
#3468=EDGE_CURVE('',#2735,#2734,#2227,.T.);
#3469=EDGE_CURVE('',#2736,#2614,#124,.F.);
#3470=EDGE_CURVE('',#2734,#2736,#2228,.T.);
#3471=EDGE_CURVE('',#2737,#2619,#2229,.F.);
#3472=EDGE_CURVE('',#2738,#2737,#2230,.F.);
#3473=EDGE_CURVE('',#2619,#2738,#2231,.F.);
#3474=EDGE_CURVE('',#2739,#2740,#2232,.F.);
#3475=EDGE_CURVE('',#2741,#2739,#2233,.F.);
#3476=EDGE_CURVE('',#2740,#2741,#2234,.F.);
#3477=EDGE_CURVE('',#2742,#2743,#125,.F.);
#3478=EDGE_CURVE('',#2743,#2741,#2235,.T.);
#3479=EDGE_CURVE('',#2739,#2742,#2236,.T.);
#3480=EDGE_CURVE('',#2737,#2740,#2237,.T.);
#3481=EDGE_CURVE('',#2741,#2738,#2238,.T.);
#3482=EDGE_CURVE('',#2608,#2739,#1258,.T.);
#3483=EDGE_CURVE('',#2740,#2609,#1259,.T.);
#3484=EDGE_CURVE('',#2744,#2620,#126,.F.);
#3485=EDGE_CURVE('',#2738,#2744,#2239,.T.);
#3486=EDGE_CURVE('',#2610,#2737,#1260,.T.);
#3487=EDGE_CURVE('',#2745,#2612,#2240,.T.);
#3488=EDGE_CURVE('',#2745,#2718,#1261,.T.);
#3489=EDGE_CURVE('',#2717,#2742,#1262,.T.);
#3490=EDGE_CURVE('',#2746,#2611,#2241,.F.);
#3491=EDGE_CURVE('',#2612,#2746,#2242,.F.);
#3492=EDGE_CURVE('',#2617,#2747,#127,.F.);
#3493=EDGE_CURVE('',#2747,#2746,#2243,.T.);
#3494=EDGE_CURVE('',#2748,#2745,#128,.F.);
#3495=EDGE_CURVE('',#2746,#2748,#2244,.T.);
#3496=EDGE_CURVE('',#2749,#2636,#2245,.F.);
#3497=EDGE_CURVE('',#2750,#2749,#2246,.F.);
#3498=EDGE_CURVE('',#2636,#2750,#2247,.F.);
#3499=EDGE_CURVE('',#2751,#2752,#129,.F.);
#3500=EDGE_CURVE('',#2752,#2750,#2248,.T.);
#3501=EDGE_CURVE('',#2749,#2751,#2249,.T.);
#3502=EDGE_CURVE('',#2753,#2637,#130,.F.);
#3503=EDGE_CURVE('',#2750,#2753,#2250,.T.);
#3504=EDGE_CURVE('',#2631,#2749,#1263,.T.);
#3505=EDGE_CURVE('',#2754,#2630,#1264,.T.);
#3506=EDGE_CURVE('',#2755,#2754,#2251,.T.);
#3507=EDGE_CURVE('',#2755,#2706,#1265,.T.);
#3508=EDGE_CURVE('',#2705,#2751,#1266,.T.);
#3509=EDGE_CURVE('',#2756,#2635,#2252,.F.);
#3510=EDGE_CURVE('',#2634,#2756,#2253,.F.);
#3511=EDGE_CURVE('',#2757,#2632,#2254,.F.);
#3512=EDGE_CURVE('',#2633,#2757,#2255,.F.);
#3513=EDGE_CURVE('',#2758,#2759,#131,.F.);
#3514=EDGE_CURVE('',#2759,#2633,#2256,.T.);
#3515=EDGE_CURVE('',#2757,#2758,#2257,.T.);
#3516=EDGE_CURVE('',#2756,#2757,#2258,.T.);
#3517=EDGE_CURVE('',#2640,#2760,#132,.F.);
#3518=EDGE_CURVE('',#2760,#2756,#2259,.T.);
#3519=EDGE_CURVE('',#2759,#2708,#1267,.T.);
#3520=EDGE_CURVE('',#2707,#2761,#1268,.T.);
#3521=EDGE_CURVE('',#2762,#2761,#2260,.T.);
#3522=EDGE_CURVE('',#2629,#2762,#1269,.T.);
#3523=EDGE_CURVE('',#2743,#2763,#1270,.F.);
#3524=EDGE_CURVE('',#2763,#2764,#1271,.F.);
#3525=EDGE_CURVE('',#2764,#2765,#2261,.F.);
#3526=EDGE_CURVE('',#2765,#2766,#1272,.F.);
#3527=EDGE_CURVE('',#2766,#2767,#1273,.F.);
#3528=EDGE_CURVE('',#2767,#2768,#1274,.F.);
#3529=EDGE_CURVE('',#2768,#2769,#2262,.F.);
#3530=EDGE_CURVE('',#2769,#2770,#1275,.F.);
#3531=EDGE_CURVE('',#2770,#2758,#1276,.F.);
#3532=EDGE_CURVE('',#2760,#2771,#1277,.F.);
#3533=EDGE_CURVE('',#2771,#2772,#1278,.F.);
#3534=EDGE_CURVE('',#2772,#2773,#2263,.F.);
#3535=EDGE_CURVE('',#2773,#2440,#1279,.F.);
#3536=EDGE_CURVE('',#2439,#2774,#1280,.F.);
#3537=EDGE_CURVE('',#2774,#2775,#2264,.F.);
#3538=EDGE_CURVE('',#2775,#2776,#1281,.F.);
#3539=EDGE_CURVE('',#2776,#2744,#1282,.F.);
#3540=EDGE_CURVE('',#2777,#2777,#2265,.T.);
#3541=EDGE_CURVE('',#2762,#2754,#2266,.F.);
#3542=EDGE_CURVE('',#2778,#2762,#2267,.F.);
#3543=EDGE_CURVE('',#2754,#2778,#2268,.F.);
#3544=EDGE_CURVE('',#2761,#2779,#133,.F.);
#3545=EDGE_CURVE('',#2779,#2778,#2269,.T.);
#3546=EDGE_CURVE('',#2780,#2755,#134,.F.);
#3547=EDGE_CURVE('',#2778,#2780,#2270,.T.);
#3548=EDGE_CURVE('',#2601,#2777,#2271,.T.);
#3549=EDGE_CURVE('',#2701,#2491,#1283,.T.);
#3550=EDGE_CURVE('',#2781,#2782,#2272,.T.);
#3551=EDGE_CURVE('',#2781,#2532,#1284,.T.);
#3552=EDGE_CURVE('',#2531,#2782,#1285,.T.);
#3553=EDGE_CURVE('',#2783,#2530,#1286,.T.);
#3554=EDGE_CURVE('',#2783,#2782,#1287,.T.);
#3555=EDGE_CURVE('',#2784,#2785,#2273,.T.);
#3556=EDGE_CURVE('',#2784,#2534,#1288,.T.);
#3557=EDGE_CURVE('',#2533,#2785,#1289,.T.);
#3558=EDGE_CURVE('',#2781,#2785,#2274,.T.);
#3559=EDGE_CURVE('',#2786,#2787,#2275,.T.);
#3560=EDGE_CURVE('',#2786,#2536,#1290,.T.);
#3561=EDGE_CURVE('',#2535,#2787,#1291,.T.);
#3562=EDGE_CURVE('',#2784,#2787,#1292,.T.);
#3563=EDGE_CURVE('',#2539,#2788,#1293,.T.);
#3564=EDGE_CURVE('',#2789,#2788,#2276,.T.);
#3565=EDGE_CURVE('',#2789,#2540,#1294,.T.);
#3566=EDGE_CURVE('',#2538,#2790,#1295,.T.);
#3567=EDGE_CURVE('',#2790,#2788,#2277,.T.);
#3568=EDGE_CURVE('',#2791,#2792,#2278,.T.);
#3569=EDGE_CURVE('',#2791,#2542,#1296,.T.);
#3570=EDGE_CURVE('',#2541,#2792,#1297,.T.);
#3571=EDGE_CURVE('',#2789,#2792,#1298,.T.);
#3572=EDGE_CURVE('',#2793,#2794,#2279,.T.);
#3573=EDGE_CURVE('',#2793,#2544,#1299,.T.);
#3574=EDGE_CURVE('',#2543,#2794,#1300,.T.);
#3575=EDGE_CURVE('',#2791,#2794,#2280,.T.);
#3576=EDGE_CURVE('',#2795,#2796,#2281,.T.);
#3577=EDGE_CURVE('',#2795,#2522,#1301,.T.);
#3578=EDGE_CURVE('',#2549,#2796,#1302,.T.);
#3579=EDGE_CURVE('',#2797,#2548,#1303,.T.);
#3580=EDGE_CURVE('',#2797,#2796,#1304,.T.);
#3581=EDGE_CURVE('',#2797,#2798,#2282,.T.);
#3582=EDGE_CURVE('',#2547,#2798,#1305,.T.);
#3583=EDGE_CURVE('',#2799,#2546,#1306,.T.);
#3584=EDGE_CURVE('',#2799,#2798,#2283,.T.);
#3585=EDGE_CURVE('',#2799,#2800,#2284,.T.);
#3586=EDGE_CURVE('',#2545,#2800,#1307,.T.);
#3587=EDGE_CURVE('',#2793,#2800,#1308,.T.);
#3588=EDGE_CURVE('',#2783,#2801,#2285,.T.);
#3589=EDGE_CURVE('',#2529,#2801,#1309,.T.);
#3590=EDGE_CURVE('',#2802,#2528,#1310,.T.);
#3591=EDGE_CURVE('',#2802,#2801,#2286,.T.);
#3592=EDGE_CURVE('',#2525,#2803,#1311,.T.);
#3593=EDGE_CURVE('',#2804,#2803,#2287,.T.);
#3594=EDGE_CURVE('',#2804,#2526,#1312,.T.);
#3595=EDGE_CURVE('',#2524,#2805,#1313,.T.);
#3596=EDGE_CURVE('',#2805,#2803,#2288,.T.);
#3597=EDGE_CURVE('',#2802,#2806,#2289,.T.);
#3598=EDGE_CURVE('',#2527,#2806,#1314,.T.);
#3599=EDGE_CURVE('',#2804,#2806,#1315,.T.);
#3600=EDGE_CURVE('',#2807,#2808,#2290,.T.);
#3601=EDGE_CURVE('',#2808,#2809,#1316,.T.);
#3602=EDGE_CURVE('',#2809,#2810,#2291,.F.);
#3603=EDGE_CURVE('',#2810,#2807,#1317,.T.);
#3604=EDGE_CURVE('',#2811,#2808,#2292,.T.);
#3605=EDGE_CURVE('',#2811,#2812,#1318,.T.);
#3606=EDGE_CURVE('',#2812,#2809,#2293,.T.);
#3607=EDGE_CURVE('',#2807,#2813,#1319,.T.);
#3608=EDGE_CURVE('',#2814,#2813,#2294,.T.);
#3609=EDGE_CURVE('',#2814,#2815,#2295,.T.);
#3610=EDGE_CURVE('',#2816,#2815,#2296,.T.);
#3611=EDGE_CURVE('',#2816,#2817,#1320,.T.);
#3612=EDGE_CURVE('',#2818,#2817,#2297,.T.);
#3613=EDGE_CURVE('',#2818,#2819,#2298,.T.);
#3614=EDGE_CURVE('',#2820,#2819,#2299,.T.);
#3615=EDGE_CURVE('',#2820,#2821,#1321,.T.);
#3616=EDGE_CURVE('',#2822,#2821,#2300,.T.);
#3617=EDGE_CURVE('',#2822,#2823,#2301,.T.);
#3618=EDGE_CURVE('',#2823,#2824,#1322,.T.);
#3619=EDGE_CURVE('',#2824,#2825,#2302,.T.);
#3620=EDGE_CURVE('',#2826,#2825,#2303,.T.);
#3621=EDGE_CURVE('',#2826,#2827,#1323,.T.);
#3622=EDGE_CURVE('',#2828,#2827,#2304,.T.);
#3623=EDGE_CURVE('',#2828,#2829,#2305,.T.);
#3624=EDGE_CURVE('',#2830,#2829,#2306,.T.);
#3625=EDGE_CURVE('',#2830,#2831,#1324,.T.);
#3626=EDGE_CURVE('',#2832,#2831,#2307,.T.);
#3627=EDGE_CURVE('',#2832,#2833,#2308,.T.);
#3628=EDGE_CURVE('',#2834,#2833,#2309,.T.);
#3629=EDGE_CURVE('',#2834,#2835,#1325,.T.);
#3630=EDGE_CURVE('',#2836,#2835,#2310,.T.);
#3631=EDGE_CURVE('',#2836,#2837,#2311,.T.);
#3632=EDGE_CURVE('',#2837,#2811,#1326,.T.);
#3633=EDGE_CURVE('',#2838,#2838,#2312,.T.);
#3634=EDGE_CURVE('',#2813,#2839,#1327,.T.);
#3635=EDGE_CURVE('',#2839,#2840,#2313,.F.);
#3636=EDGE_CURVE('',#2840,#2814,#1328,.T.);
#3637=EDGE_CURVE('',#2840,#2841,#2314,.T.);
#3638=EDGE_CURVE('',#2815,#2841,#1329,.T.);
#3639=EDGE_CURVE('',#2841,#2842,#2315,.F.);
#3640=EDGE_CURVE('',#2842,#2816,#1330,.T.);
#3641=EDGE_CURVE('',#2843,#2844,#2316,.F.);
#3642=EDGE_CURVE('',#2844,#2836,#1331,.T.);
#3643=EDGE_CURVE('',#2835,#2843,#1332,.T.);
#3644=EDGE_CURVE('',#2845,#2834,#1333,.T.);
#3645=EDGE_CURVE('',#2845,#2843,#1334,.T.);
#3646=EDGE_CURVE('',#2833,#2846,#1335,.T.);
#3647=EDGE_CURVE('',#2846,#2845,#2317,.F.);
#3648=EDGE_CURVE('',#2847,#2832,#1336,.T.);
#3649=EDGE_CURVE('',#2847,#2846,#2318,.T.);
#3650=EDGE_CURVE('',#2831,#2848,#1337,.T.);
#3651=EDGE_CURVE('',#2848,#2847,#2319,.F.);
#3652=EDGE_CURVE('',#2849,#2830,#1338,.T.);
#3653=EDGE_CURVE('',#2849,#2848,#1339,.T.);
#3654=EDGE_CURVE('',#2829,#2850,#1340,.T.);
#3655=EDGE_CURVE('',#2850,#2849,#2320,.F.);
#3656=EDGE_CURVE('',#2851,#2828,#1341,.T.);
#3657=EDGE_CURVE('',#2851,#2850,#2321,.T.);
#3658=EDGE_CURVE('',#2827,#2852,#1342,.T.);
#3659=EDGE_CURVE('',#2852,#2851,#2322,.F.);
#3660=EDGE_CURVE('',#2853,#2826,#1343,.T.);
#3661=EDGE_CURVE('',#2853,#2852,#1344,.T.);
#3662=EDGE_CURVE('',#2825,#2854,#1345,.T.);
#3663=EDGE_CURVE('',#2854,#2853,#2323,.F.);
#3664=EDGE_CURVE('',#2824,#2855,#1346,.T.);
#3665=EDGE_CURVE('',#2855,#2854,#2324,.T.);
#3666=EDGE_CURVE('',#2817,#2856,#1347,.T.);
#3667=EDGE_CURVE('',#2856,#2857,#2325,.F.);
#3668=EDGE_CURVE('',#2857,#2818,#1348,.T.);
#3669=EDGE_CURVE('',#2842,#2856,#1349,.T.);
#3670=EDGE_CURVE('',#2858,#2859,#2326,.F.);
#3671=EDGE_CURVE('',#2859,#2822,#1350,.T.);
#3672=EDGE_CURVE('',#2821,#2858,#1351,.T.);
#3673=EDGE_CURVE('',#2860,#2820,#1352,.T.);
#3674=EDGE_CURVE('',#2860,#2858,#1353,.T.);
#3675=EDGE_CURVE('',#2819,#2861,#1354,.T.);
#3676=EDGE_CURVE('',#2861,#2860,#2327,.F.);
#3677=EDGE_CURVE('',#2862,#2863,#1355,.F.);
#3678=EDGE_CURVE('',#2864,#2863,#1356,.T.);
#3679=EDGE_CURVE('',#2864,#2865,#1357,.T.);
#3680=EDGE_CURVE('',#2865,#2862,#1358,.T.);
#3681=EDGE_CURVE('',#2866,#2867,#1359,.T.);
#3682=EDGE_CURVE('',#2867,#2865,#2328,.T.);
#3683=EDGE_CURVE('',#2866,#2864,#2329,.T.);
#3684=EDGE_CURVE('',#2441,#2867,#1360,.T.);
#3685=EDGE_CURVE('',#2442,#2866,#1361,.T.);
#3686=EDGE_CURVE('',#2868,#2869,#1362,.F.);
#3687=EDGE_CURVE('',#2870,#2869,#1363,.T.);
#3688=EDGE_CURVE('',#2870,#2871,#1364,.T.);
#3689=EDGE_CURVE('',#2871,#2868,#1365,.T.);
#3690=EDGE_CURVE('',#2872,#2873,#1366,.T.);
#3691=EDGE_CURVE('',#2873,#2871,#2330,.T.);
#3692=EDGE_CURVE('',#2872,#2870,#2331,.T.);
#3693=EDGE_CURVE('',#2874,#2875,#1367,.F.);
#3694=EDGE_CURVE('',#2875,#2873,#1368,.T.);
#3695=EDGE_CURVE('',#2874,#2872,#1369,.T.);
#3696=EDGE_CURVE('',#2876,#2877,#1370,.F.);
#3697=EDGE_CURVE('',#2878,#2877,#1371,.T.);
#3698=EDGE_CURVE('',#2878,#2879,#1372,.T.);
#3699=EDGE_CURVE('',#2879,#2876,#1373,.T.);
#3700=EDGE_CURVE('',#2880,#2881,#1374,.T.);
#3701=EDGE_CURVE('',#2881,#2879,#2332,.T.);
#3702=EDGE_CURVE('',#2880,#2878,#2333,.T.);
#3703=EDGE_CURVE('',#2882,#2883,#1375,.F.);
#3704=EDGE_CURVE('',#2883,#2881,#1376,.T.);
#3705=EDGE_CURVE('',#2882,#2880,#1377,.T.);
#3706=EDGE_CURVE('',#2884,#2437,#1378,.F.);
#3707=EDGE_CURVE('',#2884,#2885,#1379,.T.);
#3708=EDGE_CURVE('',#2885,#2438,#1380,.F.);
#3709=EDGE_CURVE('',#2886,#2887,#1381,.T.);
#3710=EDGE_CURVE('',#2887,#2885,#2334,.F.);
#3711=EDGE_CURVE('',#2886,#2884,#2335,.F.);
#3712=EDGE_CURVE('',#2888,#2889,#1382,.T.);
#3713=EDGE_CURVE('',#2889,#2887,#1383,.F.);
#3714=EDGE_CURVE('',#2888,#2886,#1384,.F.);
#3715=EDGE_CURVE('',#2723,#2864,#1385,.T.);
#3716=EDGE_CURVE('',#2724,#2863,#1386,.T.);
#3717=EDGE_CURVE('',#2725,#2866,#1387,.T.);
#3718=EDGE_CURVE('',#2696,#2884,#1388,.T.);
#3719=EDGE_CURVE('',#2698,#2886,#1389,.T.);
#3720=EDGE_CURVE('',#2700,#2888,#1390,.T.);
#3721=EDGE_CURVE('',#2730,#2878,#1391,.T.);
#3722=EDGE_CURVE('',#2731,#2877,#1392,.T.);
#3723=EDGE_CURVE('',#2732,#2880,#1393,.T.);
#3724=EDGE_CURVE('',#2733,#2882,#1394,.T.);
#3725=EDGE_CURVE('',#2726,#2870,#1395,.T.);
#3726=EDGE_CURVE('',#2727,#2869,#1396,.T.);
#3727=EDGE_CURVE('',#2728,#2872,#1397,.T.);
#3728=EDGE_CURVE('',#2729,#2874,#1398,.T.);
#3729=EDGE_CURVE('',#2747,#2748,#1399,.F.);
#3730=EDGE_CURVE('',#2735,#2736,#1400,.F.);
#3731=EDGE_CURVE('',#2752,#2753,#1401,.F.);
#3732=EDGE_CURVE('',#2862,#2771,#1402,.T.);
#3733=EDGE_CURVE('',#2875,#2770,#1403,.T.);
#3734=EDGE_CURVE('',#2868,#2767,#1404,.T.);
#3735=EDGE_CURVE('',#2883,#2766,#1405,.T.);
#3736=EDGE_CURVE('',#2871,#2768,#1406,.T.);
#3737=EDGE_CURVE('',#2873,#2769,#1407,.T.);
#3738=EDGE_CURVE('',#2865,#2772,#1408,.T.);
#3739=EDGE_CURVE('',#2867,#2773,#1409,.T.);
#3740=EDGE_CURVE('',#2885,#2774,#1410,.T.);
#3741=EDGE_CURVE('',#2887,#2775,#1411,.T.);
#3742=EDGE_CURVE('',#2889,#2776,#1412,.T.);
#3743=EDGE_CURVE('',#2876,#2763,#1413,.T.);
#3744=EDGE_CURVE('',#2879,#2764,#1414,.T.);
#3745=EDGE_CURVE('',#2881,#2765,#1415,.T.);
#3746=EDGE_CURVE('',#2779,#2780,#1416,.F.);
#3747=EDGE_CURVE('',#2857,#2861,#2336,.T.);
#3748=EDGE_CURVE('',#2810,#2839,#1417,.T.);
#3749=EDGE_CURVE('',#2837,#2890,#1418,.T.);
#3750=EDGE_CURVE('',#2890,#2812,#1419,.T.);
#3751=EDGE_CURVE('',#2844,#2890,#2337,.T.);
#3752=EDGE_CURVE('',#2823,#2891,#1420,.T.);
#3753=EDGE_CURVE('',#2891,#2855,#1421,.T.);
#3754=EDGE_CURVE('',#2859,#2891,#2338,.T.);
#3755=EDGE_CURVE('',#2795,#2892,#2339,.T.);
#3756=EDGE_CURVE('',#2523,#2892,#1422,.T.);
#3757=EDGE_CURVE('',#2537,#2893,#1423,.T.);
#3758=EDGE_CURVE('',#2893,#2790,#1424,.T.);
#3759=EDGE_CURVE('',#2786,#2893,#2340,.T.);
#3760=EDGE_CURVE('',#2892,#2805,#1425,.T.);
#3761=EDGE_CURVE('',#2602,#2894,#1426,.T.);
#3762=EDGE_CURVE('',#2894,#2894,#2341,.T.);
#3763=EDGE_CURVE('',#2838,#2895,#1427,.T.);
#3764=EDGE_CURVE('',#2895,#2895,#2342,.T.);
#3765=EDGE_CURVE('',#2646,#2477,#1428,.T.);
#3766=EDGE_CURVE('',#2645,#2475,#1429,.T.);
#3767=EDGE_CURVE('',#2720,#2664,#1430,.T.);
#3768=EDGE_CURVE('',#2722,#2672,#1431,.T.);
#3769=EDGE_CURVE('',#2719,#2688,#1432,.T.);
#3770=EDGE_CURVE('',#2721,#2653,#1433,.T.);
#3771=EDGE_CURVE('',#2644,#2473,#1434,.T.);
#3772=EDGE_CURVE('',#2896,#2897,#2343,.T.);
#3773=EDGE_CURVE('',#2898,#2897,#1435,.T.);
#3774=EDGE_CURVE('',#2899,#2898,#2344,.F.);
#3775=EDGE_CURVE('',#2899,#2896,#1436,.T.);
#3776=EDGE_CURVE('',#2897,#2900,#1437,.T.);
#3777=EDGE_CURVE('',#2901,#2900,#1438,.T.);
#3778=EDGE_CURVE('',#2898,#2901,#1439,.T.);
#3779=EDGE_CURVE('',#2900,#2902,#2345,.T.);
#3780=EDGE_CURVE('',#2903,#2902,#1440,.T.);
#3781=EDGE_CURVE('',#2901,#2903,#2346,.F.);
#3782=EDGE_CURVE('',#2902,#2904,#2347,.T.);
#3783=EDGE_CURVE('',#2905,#2904,#1441,.T.);
#3784=EDGE_CURVE('',#2903,#2905,#2348,.T.);
#3785=EDGE_CURVE('',#2904,#2906,#2349,.T.);
#3786=EDGE_CURVE('',#2907,#2906,#1442,.T.);
#3787=EDGE_CURVE('',#2905,#2907,#2350,.F.);
#3788=EDGE_CURVE('',#2906,#2908,#1443,.T.);
#3789=EDGE_CURVE('',#2909,#2908,#1444,.T.);
#3790=EDGE_CURVE('',#2907,#2909,#1445,.T.);
#3791=EDGE_CURVE('',#2908,#2910,#2351,.T.);
#3792=EDGE_CURVE('',#2911,#2910,#1446,.T.);
#3793=EDGE_CURVE('',#2909,#2911,#2352,.F.);
#3794=EDGE_CURVE('',#2910,#2912,#2353,.T.);
#3795=EDGE_CURVE('',#2913,#2912,#1447,.T.);
#3796=EDGE_CURVE('',#2911,#2913,#2354,.T.);
#3797=EDGE_CURVE('',#2912,#2914,#2355,.T.);
#3798=EDGE_CURVE('',#2915,#2914,#1448,.T.);
#3799=EDGE_CURVE('',#2913,#2915,#2356,.F.);
#3800=EDGE_CURVE('',#2914,#2916,#1449,.T.);
#3801=EDGE_CURVE('',#2917,#2916,#1450,.T.);
#3802=EDGE_CURVE('',#2915,#2917,#1451,.T.);
#3803=EDGE_CURVE('',#2916,#2918,#2357,.T.);
#3804=EDGE_CURVE('',#2919,#2918,#1452,.T.);
#3805=EDGE_CURVE('',#2917,#2919,#2358,.F.);
#3806=EDGE_CURVE('',#2918,#2920,#2359,.T.);
#3807=EDGE_CURVE('',#2921,#2920,#1453,.T.);
#3808=EDGE_CURVE('',#2919,#2921,#2360,.T.);
#3809=EDGE_CURVE('',#2920,#2922,#1454,.T.);
#3810=EDGE_CURVE('',#2923,#2922,#1455,.T.);
#3811=EDGE_CURVE('',#2921,#2923,#1456,.T.);
#3812=EDGE_CURVE('',#2922,#2924,#2361,.T.);
#3813=EDGE_CURVE('',#2925,#2924,#1457,.T.);
#3814=EDGE_CURVE('',#2923,#2925,#2362,.T.);
#3815=EDGE_CURVE('',#2926,#2927,#2363,.T.);
#3816=EDGE_CURVE('',#2928,#2927,#1458,.T.);
#3817=EDGE_CURVE('',#2929,#2928,#2364,.T.);
#3818=EDGE_CURVE('',#2929,#2926,#1459,.T.);
#3819=EDGE_CURVE('',#2927,#2930,#2365,.T.);
#3820=EDGE_CURVE('',#2931,#2930,#1460,.T.);
#3821=EDGE_CURVE('',#2931,#2928,#2366,.T.);
#3822=EDGE_CURVE('',#2930,#2932,#1461,.T.);
#3823=EDGE_CURVE('',#2933,#2932,#1462,.T.);
#3824=EDGE_CURVE('',#2931,#2933,#1463,.T.);
#3825=EDGE_CURVE('',#2932,#2934,#2367,.T.);
#3826=EDGE_CURVE('',#2935,#2934,#1464,.T.);
#3827=EDGE_CURVE('',#2935,#2933,#2368,.T.);
#3828=EDGE_CURVE('',#2934,#2936,#2369,.T.);
#3829=EDGE_CURVE('',#2937,#2936,#1465,.T.);
#3830=EDGE_CURVE('',#2935,#2937,#2370,.T.);
#3831=EDGE_CURVE('',#2936,#2938,#1466,.T.);
#3832=EDGE_CURVE('',#2939,#2938,#1467,.T.);
#3833=EDGE_CURVE('',#2937,#2939,#1468,.T.);
#3834=EDGE_CURVE('',#2938,#2940,#2371,.T.);
#3835=EDGE_CURVE('',#2941,#2940,#1469,.T.);
#3836=EDGE_CURVE('',#2939,#2941,#2372,.T.);
#3837=EDGE_CURVE('',#2940,#2942,#2373,.T.);
#3838=EDGE_CURVE('',#2943,#2942,#1470,.T.);
#3839=EDGE_CURVE('',#2943,#2941,#2374,.T.);
#3840=EDGE_CURVE('',#2942,#2944,#1471,.T.);
#3841=EDGE_CURVE('',#2945,#2944,#1472,.T.);
#3842=EDGE_CURVE('',#2943,#2945,#1473,.T.);
#3843=EDGE_CURVE('',#2944,#2946,#2375,.T.);
#3844=EDGE_CURVE('',#2947,#2946,#1474,.T.);
#3845=EDGE_CURVE('',#2947,#2945,#2376,.T.);
#3846=EDGE_CURVE('',#2946,#2948,#2377,.T.);
#3847=EDGE_CURVE('',#2949,#2948,#1475,.T.);
#3848=EDGE_CURVE('',#2947,#2949,#2378,.T.);
#3849=EDGE_CURVE('',#2948,#2950,#2379,.T.);
#3850=EDGE_CURVE('',#2951,#2950,#1476,.T.);
#3851=EDGE_CURVE('',#2951,#2949,#2380,.T.);
#3852=EDGE_CURVE('',#2950,#2952,#1477,.T.);
#3853=EDGE_CURVE('',#2953,#2952,#1478,.T.);
#3854=EDGE_CURVE('',#2951,#2953,#1479,.T.);
#3855=EDGE_CURVE('',#2952,#2954,#2381,.T.);
#3856=EDGE_CURVE('',#2955,#2954,#1480,.T.);
#3857=EDGE_CURVE('',#2955,#2953,#2382,.T.);
#3858=EDGE_CURVE('',#2924,#2956,#2383,.T.);
#3859=EDGE_CURVE('',#2957,#2956,#1481,.T.);
#3860=EDGE_CURVE('',#2925,#2957,#2384,.F.);
#3861=EDGE_CURVE('',#2956,#2958,#1482,.T.);
#3862=EDGE_CURVE('',#2959,#2958,#1483,.T.);
#3863=EDGE_CURVE('',#2957,#2959,#1484,.T.);
#3864=EDGE_CURVE('',#2958,#2960,#2385,.T.);
#3865=EDGE_CURVE('',#2961,#2960,#1485,.T.);
#3866=EDGE_CURVE('',#2959,#2961,#2386,.F.);
#3867=EDGE_CURVE('',#2960,#2962,#2387,.T.);
#3868=EDGE_CURVE('',#2963,#2962,#1486,.T.);
#3869=EDGE_CURVE('',#2961,#2963,#2388,.T.);
#3870=EDGE_CURVE('',#2962,#2964,#2389,.T.);
#3871=EDGE_CURVE('',#2965,#2964,#1487,.T.);
#3872=EDGE_CURVE('',#2963,#2965,#2390,.F.);
#3873=EDGE_CURVE('',#2964,#2966,#1488,.T.);
#3874=EDGE_CURVE('',#2967,#2966,#1489,.T.);
#3875=EDGE_CURVE('',#2965,#2967,#1490,.T.);
#3876=EDGE_CURVE('',#2966,#2968,#2391,.T.);
#3877=EDGE_CURVE('',#2969,#2968,#1491,.T.);
#3878=EDGE_CURVE('',#2967,#2969,#2392,.F.);
#3879=EDGE_CURVE('',#2968,#2970,#2393,.T.);
#3880=EDGE_CURVE('',#2971,#2970,#1492,.T.);
#3881=EDGE_CURVE('',#2969,#2971,#2394,.T.);
#3882=EDGE_CURVE('',#2970,#2972,#2395,.T.);
#3883=EDGE_CURVE('',#2973,#2972,#1493,.T.);
#3884=EDGE_CURVE('',#2971,#2973,#2396,.F.);
#3885=EDGE_CURVE('',#2972,#2974,#1494,.T.);
#3886=EDGE_CURVE('',#2975,#2974,#1495,.T.);
#3887=EDGE_CURVE('',#2973,#2975,#1496,.T.);
#3888=EDGE_CURVE('',#2974,#2976,#2397,.T.);
#3889=EDGE_CURVE('',#2977,#2976,#1497,.T.);
#3890=EDGE_CURVE('',#2975,#2977,#2398,.F.);
#3891=EDGE_CURVE('',#2976,#2978,#2399,.T.);
#3892=EDGE_CURVE('',#2979,#2978,#1498,.T.);
#3893=EDGE_CURVE('',#2977,#2979,#2400,.T.);
#3894=EDGE_CURVE('',#2978,#2980,#1499,.T.);
#3895=EDGE_CURVE('',#2981,#2980,#1500,.T.);
#3896=EDGE_CURVE('',#2979,#2981,#1501,.T.);
#3897=EDGE_CURVE('',#2980,#2896,#2401,.T.);
#3898=EDGE_CURVE('',#2981,#2899,#2402,.T.);
#3899=EDGE_CURVE('',#2954,#2982,#2403,.T.);
#3900=EDGE_CURVE('',#2983,#2982,#1502,.T.);
#3901=EDGE_CURVE('',#2955,#2983,#2404,.T.);
#3902=EDGE_CURVE('',#2982,#2984,#2405,.T.);
#3903=EDGE_CURVE('',#2985,#2984,#1503,.T.);
#3904=EDGE_CURVE('',#2985,#2983,#2406,.T.);
#3905=EDGE_CURVE('',#2984,#2986,#1504,.T.);
#3906=EDGE_CURVE('',#2987,#2986,#1505,.T.);
#3907=EDGE_CURVE('',#2985,#2987,#1506,.T.);
#3908=EDGE_CURVE('',#2986,#2988,#2407,.T.);
#3909=EDGE_CURVE('',#2989,#2988,#1507,.T.);
#3910=EDGE_CURVE('',#2989,#2987,#2408,.T.);
#3911=EDGE_CURVE('',#2988,#2990,#2409,.T.);
#3912=EDGE_CURVE('',#2991,#2990,#1508,.T.);
#3913=EDGE_CURVE('',#2989,#2991,#2410,.T.);
#3914=EDGE_CURVE('',#2990,#2992,#1509,.T.);
#3915=EDGE_CURVE('',#2993,#2992,#1510,.T.);
#3916=EDGE_CURVE('',#2991,#2993,#1511,.T.);
#3917=EDGE_CURVE('',#2992,#2994,#2411,.T.);
#3918=EDGE_CURVE('',#2995,#2994,#1512,.T.);
#3919=EDGE_CURVE('',#2993,#2995,#2412,.T.);
#3920=EDGE_CURVE('',#2994,#2996,#2413,.T.);
#3921=EDGE_CURVE('',#2997,#2996,#1513,.T.);
#3922=EDGE_CURVE('',#2997,#2995,#2414,.T.);
#3923=EDGE_CURVE('',#2996,#2998,#1514,.T.);
#3924=EDGE_CURVE('',#2999,#2998,#1515,.T.);
#3925=EDGE_CURVE('',#2997,#2999,#1516,.T.);
#3926=EDGE_CURVE('',#2998,#3000,#2415,.T.);
#3927=EDGE_CURVE('',#3001,#3000,#1517,.T.);
#3928=EDGE_CURVE('',#3001,#2999,#2416,.T.);
#3929=EDGE_CURVE('',#3000,#3002,#2417,.T.);
#3930=EDGE_CURVE('',#3003,#3002,#1518,.T.);
#3931=EDGE_CURVE('',#3001,#3003,#2418,.T.);
#3932=EDGE_CURVE('',#3002,#3004,#2419,.T.);
#3933=EDGE_CURVE('',#3005,#3004,#1519,.T.);
#3934=EDGE_CURVE('',#3005,#3003,#2420,.T.);
#3935=EDGE_CURVE('',#3004,#3006,#1520,.T.);
#3936=EDGE_CURVE('',#3007,#3006,#1521,.T.);
#3937=EDGE_CURVE('',#3005,#3007,#1522,.T.);
#3938=EDGE_CURVE('',#3006,#2926,#2421,.T.);
#3939=EDGE_CURVE('',#2929,#3007,#2422,.T.);
#3940=EDGE_CURVE('',#3008,#3008,#2423,.T.);
#3941=EDGE_CURVE('',#3008,#3009,#1523,.T.);
#3942=EDGE_CURVE('',#3009,#3009,#2424,.T.);
#3943=EDGE_CURVE('',#3010,#3010,#2425,.T.);
#3944=EDGE_CURVE('',#3010,#3011,#1524,.T.);
#3945=EDGE_CURVE('',#3011,#3011,#2426,.T.);
#3946=ORIENTED_EDGE('',*,*,#3012,.T.);
#3947=ORIENTED_EDGE('',*,*,#3013,.T.);
#3948=ORIENTED_EDGE('',*,*,#3014,.T.);
#3949=ORIENTED_EDGE('',*,*,#3015,.T.);
#3950=ORIENTED_EDGE('',*,*,#3016,.F.);
#3951=ORIENTED_EDGE('',*,*,#3013,.F.);
#3952=ORIENTED_EDGE('',*,*,#3017,.F.);
#3953=ORIENTED_EDGE('',*,*,#3018,.F.);
#3954=ORIENTED_EDGE('',*,*,#3019,.F.);
#3955=ORIENTED_EDGE('',*,*,#3020,.F.);
#3956=ORIENTED_EDGE('',*,*,#3012,.F.);
#3957=ORIENTED_EDGE('',*,*,#3021,.F.);
#3958=ORIENTED_EDGE('',*,*,#3022,.F.);
#3959=ORIENTED_EDGE('',*,*,#3023,.T.);
#3960=ORIENTED_EDGE('',*,*,#3024,.F.);
#3961=ORIENTED_EDGE('',*,*,#3025,.T.);
#3962=ORIENTED_EDGE('',*,*,#3026,.F.);
#3963=ORIENTED_EDGE('',*,*,#3027,.F.);
#3964=ORIENTED_EDGE('',*,*,#3028,.F.);
#3965=ORIENTED_EDGE('',*,*,#3029,.F.);
#3966=ORIENTED_EDGE('',*,*,#3030,.F.);
#3967=ORIENTED_EDGE('',*,*,#3031,.F.);
#3968=ORIENTED_EDGE('',*,*,#3032,.F.);
#3969=ORIENTED_EDGE('',*,*,#3033,.T.);
#3970=ORIENTED_EDGE('',*,*,#3034,.T.);
#3971=ORIENTED_EDGE('',*,*,#3017,.T.);
#3972=ORIENTED_EDGE('',*,*,#3032,.T.);
#3973=ORIENTED_EDGE('',*,*,#3035,.T.);
#3974=ORIENTED_EDGE('',*,*,#3036,.T.);
#3975=ORIENTED_EDGE('',*,*,#3037,.T.);
#3976=ORIENTED_EDGE('',*,*,#3037,.F.);
#3977=ORIENTED_EDGE('',*,*,#3038,.F.);
#3978=ORIENTED_EDGE('',*,*,#3039,.F.);
#3979=ORIENTED_EDGE('',*,*,#3040,.F.);
#3980=ORIENTED_EDGE('',*,*,#3041,.F.);
#3981=ORIENTED_EDGE('',*,*,#3033,.F.);
#3982=ORIENTED_EDGE('',*,*,#3042,.T.);
#3983=ORIENTED_EDGE('',*,*,#3043,.T.);
#3984=ORIENTED_EDGE('',*,*,#3044,.T.);
#3985=ORIENTED_EDGE('',*,*,#3045,.F.);
#3986=ORIENTED_EDGE('',*,*,#3046,.T.);
#3987=ORIENTED_EDGE('',*,*,#3047,.T.);
#3988=ORIENTED_EDGE('',*,*,#3048,.T.);
#3989=ORIENTED_EDGE('',*,*,#3020,.T.);
#3990=ORIENTED_EDGE('',*,*,#3049,.T.);
#3991=ORIENTED_EDGE('',*,*,#3043,.F.);
#3992=ORIENTED_EDGE('',*,*,#3050,.T.);
#3993=ORIENTED_EDGE('',*,*,#3051,.T.);
#3994=ORIENTED_EDGE('',*,*,#3052,.T.);
#3995=ORIENTED_EDGE('',*,*,#3053,.T.);
#3996=ORIENTED_EDGE('',*,*,#3054,.T.);
#3997=ORIENTED_EDGE('',*,*,#3055,.T.);
#3998=ORIENTED_EDGE('',*,*,#3056,.T.);
#3999=ORIENTED_EDGE('',*,*,#3039,.T.);
#4000=ORIENTED_EDGE('',*,*,#3057,.T.);
#4001=ORIENTED_EDGE('',*,*,#3053,.F.);
#4002=ORIENTED_EDGE('',*,*,#3058,.T.);
#4003=ORIENTED_EDGE('',*,*,#3059,.T.);
#4004=ORIENTED_EDGE('',*,*,#3060,.T.);
#4005=ORIENTED_EDGE('',*,*,#3061,.T.);
#4006=ORIENTED_EDGE('',*,*,#3062,.T.);
#4007=ORIENTED_EDGE('',*,*,#3063,.T.);
#4008=ORIENTED_EDGE('',*,*,#3064,.T.);
#4009=ORIENTED_EDGE('',*,*,#3059,.F.);
#4010=ORIENTED_EDGE('',*,*,#3065,.T.);
#4011=ORIENTED_EDGE('',*,*,#3063,.F.);
#4012=ORIENTED_EDGE('',*,*,#3066,.T.);
#4013=ORIENTED_EDGE('',*,*,#3067,.T.);
#4014=ORIENTED_EDGE('',*,*,#3068,.T.);
#4015=ORIENTED_EDGE('',*,*,#3067,.F.);
#4016=ORIENTED_EDGE('',*,*,#3069,.T.);
#4017=ORIENTED_EDGE('',*,*,#3070,.T.);
#4018=ORIENTED_EDGE('',*,*,#3071,.T.);
#4019=ORIENTED_EDGE('',*,*,#3061,.F.);
#4020=ORIENTED_EDGE('',*,*,#3072,.T.);
#4021=ORIENTED_EDGE('',*,*,#3055,.F.);
#4022=ORIENTED_EDGE('',*,*,#3073,.T.);
#4023=ORIENTED_EDGE('',*,*,#3070,.F.);
#4024=ORIENTED_EDGE('',*,*,#3074,.T.);
#4025=ORIENTED_EDGE('',*,*,#3075,.T.);
#4026=ORIENTED_EDGE('',*,*,#3076,.T.);
#4027=ORIENTED_EDGE('',*,*,#3075,.F.);
#4028=ORIENTED_EDGE('',*,*,#3077,.T.);
#4029=ORIENTED_EDGE('',*,*,#3078,.T.);
#4030=ORIENTED_EDGE('',*,*,#3079,.T.);
#4031=ORIENTED_EDGE('',*,*,#3080,.T.);
#4032=ORIENTED_EDGE('',*,*,#3051,.F.);
#4033=ORIENTED_EDGE('',*,*,#3081,.T.);
#4034=ORIENTED_EDGE('',*,*,#3082,.T.);
#4035=ORIENTED_EDGE('',*,*,#3083,.T.);
#4036=ORIENTED_EDGE('',*,*,#3079,.F.);
#4037=ORIENTED_EDGE('',*,*,#3084,.T.);
#4038=ORIENTED_EDGE('',*,*,#3085,.T.);
#4039=ORIENTED_EDGE('',*,*,#3086,.T.);
#4040=ORIENTED_EDGE('',*,*,#3082,.F.);
#4041=ORIENTED_EDGE('',*,*,#3087,.T.);
#4042=ORIENTED_EDGE('',*,*,#3088,.T.);
#4043=ORIENTED_EDGE('',*,*,#3089,.T.);
#4044=ORIENTED_EDGE('',*,*,#3085,.F.);
#4045=ORIENTED_EDGE('',*,*,#3090,.T.);
#4046=ORIENTED_EDGE('',*,*,#3091,.T.);
#4047=ORIENTED_EDGE('',*,*,#3092,.T.);
#4048=ORIENTED_EDGE('',*,*,#3088,.F.);
#4049=ORIENTED_EDGE('',*,*,#3093,.T.);
#4050=ORIENTED_EDGE('',*,*,#3094,.T.);
#4051=ORIENTED_EDGE('',*,*,#3095,.T.);
#4052=ORIENTED_EDGE('',*,*,#3091,.F.);
#4053=ORIENTED_EDGE('',*,*,#3096,.T.);
#4054=ORIENTED_EDGE('',*,*,#3097,.T.);
#4055=ORIENTED_EDGE('',*,*,#3098,.T.);
#4056=ORIENTED_EDGE('',*,*,#3094,.F.);
#4057=ORIENTED_EDGE('',*,*,#3099,.T.);
#4058=ORIENTED_EDGE('',*,*,#3100,.T.);
#4059=ORIENTED_EDGE('',*,*,#3097,.F.);
#4060=ORIENTED_EDGE('',*,*,#3101,.T.);
#4061=ORIENTED_EDGE('',*,*,#3047,.F.);
#4062=ORIENTED_EDGE('',*,*,#3102,.T.);
#4063=ORIENTED_EDGE('',*,*,#3078,.F.);
#4064=ORIENTED_EDGE('',*,*,#3103,.T.);
#4065=ORIENTED_EDGE('',*,*,#3045,.T.);
#4066=ORIENTED_EDGE('',*,*,#3096,.F.);
#4067=ORIENTED_EDGE('',*,*,#3104,.F.);
#4068=ORIENTED_EDGE('',*,*,#3105,.T.);
#4069=ORIENTED_EDGE('',*,*,#3106,.F.);
#4070=ORIENTED_EDGE('',*,*,#3093,.F.);
#4071=ORIENTED_EDGE('',*,*,#3107,.T.);
#4072=ORIENTED_EDGE('',*,*,#3108,.F.);
#4073=ORIENTED_EDGE('',*,*,#3104,.T.);
#4074=ORIENTED_EDGE('',*,*,#3090,.F.);
#4075=ORIENTED_EDGE('',*,*,#3109,.F.);
#4076=ORIENTED_EDGE('',*,*,#3110,.T.);
#4077=ORIENTED_EDGE('',*,*,#3107,.F.);
#4078=ORIENTED_EDGE('',*,*,#3087,.F.);
#4079=ORIENTED_EDGE('',*,*,#3111,.T.);
#4080=ORIENTED_EDGE('',*,*,#3112,.F.);
#4081=ORIENTED_EDGE('',*,*,#3109,.T.);
#4082=ORIENTED_EDGE('',*,*,#3084,.F.);
#4083=ORIENTED_EDGE('',*,*,#3113,.F.);
#4084=ORIENTED_EDGE('',*,*,#3114,.T.);
#4085=ORIENTED_EDGE('',*,*,#3111,.F.);
#4086=ORIENTED_EDGE('',*,*,#3081,.F.);
#4087=ORIENTED_EDGE('',*,*,#3115,.T.);
#4088=ORIENTED_EDGE('',*,*,#3116,.F.);
#4089=ORIENTED_EDGE('',*,*,#3113,.T.);
#4090=ORIENTED_EDGE('',*,*,#3050,.F.);
#4091=ORIENTED_EDGE('',*,*,#3057,.F.);
#4092=ORIENTED_EDGE('',*,*,#3038,.T.);
#4093=ORIENTED_EDGE('',*,*,#3036,.F.);
#4094=ORIENTED_EDGE('',*,*,#3117,.T.);
#4095=ORIENTED_EDGE('',*,*,#3115,.F.);
#4096=ORIENTED_EDGE('',*,*,#3060,.F.);
#4097=ORIENTED_EDGE('',*,*,#3118,.F.);
#4098=ORIENTED_EDGE('',*,*,#3119,.F.);
#4099=ORIENTED_EDGE('',*,*,#3120,.T.);
#4100=ORIENTED_EDGE('',*,*,#3058,.F.);
#4101=ORIENTED_EDGE('',*,*,#3071,.F.);
#4102=ORIENTED_EDGE('',*,*,#3054,.F.);
#4103=ORIENTED_EDGE('',*,*,#3052,.F.);
#4104=ORIENTED_EDGE('',*,*,#3080,.F.);
#4105=ORIENTED_EDGE('',*,*,#3083,.F.);
#4106=ORIENTED_EDGE('',*,*,#3086,.F.);
#4107=ORIENTED_EDGE('',*,*,#3089,.F.);
#4108=ORIENTED_EDGE('',*,*,#3092,.F.);
#4109=ORIENTED_EDGE('',*,*,#3095,.F.);
#4110=ORIENTED_EDGE('',*,*,#3098,.F.);
#4111=ORIENTED_EDGE('',*,*,#3100,.F.);
#4112=ORIENTED_EDGE('',*,*,#3046,.F.);
#4113=ORIENTED_EDGE('',*,*,#3042,.F.);
#4114=ORIENTED_EDGE('',*,*,#3103,.F.);
#4115=ORIENTED_EDGE('',*,*,#3077,.F.);
#4116=ORIENTED_EDGE('',*,*,#3074,.F.);
#4117=ORIENTED_EDGE('',*,*,#3069,.F.);
#4118=ORIENTED_EDGE('',*,*,#3066,.F.);
#4119=ORIENTED_EDGE('',*,*,#3062,.F.);
#4120=ORIENTED_EDGE('',*,*,#3121,.T.);
#4121=ORIENTED_EDGE('',*,*,#3122,.T.);
#4122=ORIENTED_EDGE('',*,*,#3123,.T.);
#4123=ORIENTED_EDGE('',*,*,#3122,.F.);
#4124=ORIENTED_EDGE('',*,*,#3124,.F.);
#4125=ORIENTED_EDGE('',*,*,#3125,.F.);
#4126=ORIENTED_EDGE('',*,*,#3126,.F.);
#4127=ORIENTED_EDGE('',*,*,#3127,.F.);
#4128=ORIENTED_EDGE('',*,*,#3128,.F.);
#4129=ORIENTED_EDGE('',*,*,#3129,.F.);
#4130=ORIENTED_EDGE('',*,*,#3130,.F.);
#4131=ORIENTED_EDGE('',*,*,#3131,.F.);
#4132=ORIENTED_EDGE('',*,*,#3132,.F.);
#4133=ORIENTED_EDGE('',*,*,#3133,.F.);
#4134=ORIENTED_EDGE('',*,*,#3134,.F.);
#4135=ORIENTED_EDGE('',*,*,#3135,.F.);
#4136=ORIENTED_EDGE('',*,*,#3136,.F.);
#4137=ORIENTED_EDGE('',*,*,#3137,.F.);
#4138=ORIENTED_EDGE('',*,*,#3138,.F.);
#4139=ORIENTED_EDGE('',*,*,#3139,.F.);
#4140=ORIENTED_EDGE('',*,*,#3140,.F.);
#4141=ORIENTED_EDGE('',*,*,#3141,.F.);
#4142=ORIENTED_EDGE('',*,*,#3142,.T.);
#4143=ORIENTED_EDGE('',*,*,#3143,.T.);
#4144=ORIENTED_EDGE('',*,*,#3144,.T.);
#4145=ORIENTED_EDGE('',*,*,#3145,.T.);
#4146=ORIENTED_EDGE('',*,*,#3146,.T.);
#4147=ORIENTED_EDGE('',*,*,#3147,.F.);
#4148=ORIENTED_EDGE('',*,*,#3148,.T.);
#4149=ORIENTED_EDGE('',*,*,#3149,.F.);
#4150=ORIENTED_EDGE('',*,*,#3150,.T.);
#4151=ORIENTED_EDGE('',*,*,#3151,.F.);
#4152=ORIENTED_EDGE('',*,*,#3152,.T.);
#4153=ORIENTED_EDGE('',*,*,#3153,.F.);
#4154=ORIENTED_EDGE('',*,*,#3154,.T.);
#4155=ORIENTED_EDGE('',*,*,#3155,.T.);
#4156=ORIENTED_EDGE('',*,*,#3156,.T.);
#4157=ORIENTED_EDGE('',*,*,#3157,.T.);
#4158=ORIENTED_EDGE('',*,*,#3158,.T.);
#4159=ORIENTED_EDGE('',*,*,#3159,.T.);
#4160=ORIENTED_EDGE('',*,*,#3160,.T.);
#4161=ORIENTED_EDGE('',*,*,#3161,.F.);
#4162=ORIENTED_EDGE('',*,*,#3162,.T.);
#4163=ORIENTED_EDGE('',*,*,#3163,.F.);
#4164=ORIENTED_EDGE('',*,*,#3164,.T.);
#4165=ORIENTED_EDGE('',*,*,#3165,.F.);
#4166=ORIENTED_EDGE('',*,*,#3166,.T.);
#4167=ORIENTED_EDGE('',*,*,#3167,.F.);
#4168=ORIENTED_EDGE('',*,*,#3168,.T.);
#4169=ORIENTED_EDGE('',*,*,#3169,.F.);
#4170=ORIENTED_EDGE('',*,*,#3170,.F.);
#4171=ORIENTED_EDGE('',*,*,#3171,.F.);
#4172=ORIENTED_EDGE('',*,*,#3172,.F.);
#4173=ORIENTED_EDGE('',*,*,#3173,.F.);
#4174=ORIENTED_EDGE('',*,*,#3174,.F.);
#4175=ORIENTED_EDGE('',*,*,#3175,.F.);
#4176=ORIENTED_EDGE('',*,*,#3176,.F.);
#4177=ORIENTED_EDGE('',*,*,#3177,.F.);
#4178=ORIENTED_EDGE('',*,*,#3178,.F.);
#4179=ORIENTED_EDGE('',*,*,#3121,.F.);
#4180=ORIENTED_EDGE('',*,*,#3123,.F.);
#4181=ORIENTED_EDGE('',*,*,#3179,.T.);
#4182=ORIENTED_EDGE('',*,*,#3180,.F.);
#4183=ORIENTED_EDGE('',*,*,#3181,.T.);
#4184=ORIENTED_EDGE('',*,*,#3182,.T.);
#4185=ORIENTED_EDGE('',*,*,#3183,.F.);
#4186=ORIENTED_EDGE('',*,*,#3184,.F.);
#4187=ORIENTED_EDGE('',*,*,#3185,.T.);
#4188=ORIENTED_EDGE('',*,*,#3186,.T.);
#4189=ORIENTED_EDGE('',*,*,#3187,.F.);
#4190=ORIENTED_EDGE('',*,*,#3188,.F.);
#4191=ORIENTED_EDGE('',*,*,#3179,.F.);
#4192=ORIENTED_EDGE('',*,*,#3132,.T.);
#4193=ORIENTED_EDGE('',*,*,#3189,.T.);
#4194=ORIENTED_EDGE('',*,*,#3190,.T.);
#4195=ORIENTED_EDGE('',*,*,#3189,.F.);
#4196=ORIENTED_EDGE('',*,*,#3190,.F.);
#4197=ORIENTED_EDGE('',*,*,#3191,.T.);
#4198=ORIENTED_EDGE('',*,*,#3192,.F.);
#4199=ORIENTED_EDGE('',*,*,#3193,.T.);
#4200=ORIENTED_EDGE('',*,*,#3194,.T.);
#4201=ORIENTED_EDGE('',*,*,#3195,.F.);
#4202=ORIENTED_EDGE('',*,*,#3196,.F.);
#4203=ORIENTED_EDGE('',*,*,#3197,.T.);
#4204=ORIENTED_EDGE('',*,*,#3198,.T.);
#4205=ORIENTED_EDGE('',*,*,#3199,.F.);
#4206=ORIENTED_EDGE('',*,*,#3200,.F.);
#4207=ORIENTED_EDGE('',*,*,#3191,.F.);
#4208=ORIENTED_EDGE('',*,*,#3178,.T.);
#4209=ORIENTED_EDGE('',*,*,#3201,.T.);
#4210=ORIENTED_EDGE('',*,*,#3202,.T.);
#4211=ORIENTED_EDGE('',*,*,#3201,.F.);
#4212=ORIENTED_EDGE('',*,*,#3202,.F.);
#4213=ORIENTED_EDGE('',*,*,#3203,.T.);
#4214=ORIENTED_EDGE('',*,*,#3204,.F.);
#4215=ORIENTED_EDGE('',*,*,#3205,.T.);
#4216=ORIENTED_EDGE('',*,*,#3206,.T.);
#4217=ORIENTED_EDGE('',*,*,#3207,.F.);
#4218=ORIENTED_EDGE('',*,*,#3208,.F.);
#4219=ORIENTED_EDGE('',*,*,#3209,.T.);
#4220=ORIENTED_EDGE('',*,*,#3210,.T.);
#4221=ORIENTED_EDGE('',*,*,#3211,.F.);
#4222=ORIENTED_EDGE('',*,*,#3212,.F.);
#4223=ORIENTED_EDGE('',*,*,#3203,.F.);
#4224=ORIENTED_EDGE('',*,*,#3133,.T.);
#4225=ORIENTED_EDGE('',*,*,#3213,.T.);
#4226=ORIENTED_EDGE('',*,*,#3214,.T.);
#4227=ORIENTED_EDGE('',*,*,#3213,.F.);
#4228=ORIENTED_EDGE('',*,*,#3214,.F.);
#4229=ORIENTED_EDGE('',*,*,#3215,.T.);
#4230=ORIENTED_EDGE('',*,*,#3216,.F.);
#4231=ORIENTED_EDGE('',*,*,#3217,.T.);
#4232=ORIENTED_EDGE('',*,*,#3218,.T.);
#4233=ORIENTED_EDGE('',*,*,#3219,.F.);
#4234=ORIENTED_EDGE('',*,*,#3220,.F.);
#4235=ORIENTED_EDGE('',*,*,#3221,.T.);
#4236=ORIENTED_EDGE('',*,*,#3222,.T.);
#4237=ORIENTED_EDGE('',*,*,#3223,.F.);
#4238=ORIENTED_EDGE('',*,*,#3224,.F.);
#4239=ORIENTED_EDGE('',*,*,#3215,.F.);
#4240=ORIENTED_EDGE('',*,*,#3225,.T.);
#4241=ORIENTED_EDGE('',*,*,#3226,.T.);
#4242=ORIENTED_EDGE('',*,*,#3227,.T.);
#4243=ORIENTED_EDGE('',*,*,#3226,.F.);
#4244=ORIENTED_EDGE('',*,*,#3228,.F.);
#4245=ORIENTED_EDGE('',*,*,#3229,.T.);
#4246=ORIENTED_EDGE('',*,*,#3227,.F.);
#4247=ORIENTED_EDGE('',*,*,#3229,.F.);
#4248=ORIENTED_EDGE('',*,*,#3230,.F.);
#4249=ORIENTED_EDGE('',*,*,#3231,.T.);
#4250=ORIENTED_EDGE('',*,*,#3225,.F.);
#4251=ORIENTED_EDGE('',*,*,#3232,.T.);
#4252=ORIENTED_EDGE('',*,*,#3170,.T.);
#4253=ORIENTED_EDGE('',*,*,#3233,.T.);
#4254=ORIENTED_EDGE('',*,*,#3234,.T.);
#4255=ORIENTED_EDGE('',*,*,#3232,.F.);
#4256=ORIENTED_EDGE('',*,*,#3235,.T.);
#4257=ORIENTED_EDGE('',*,*,#3236,.T.);
#4258=ORIENTED_EDGE('',*,*,#3171,.T.);
#4259=ORIENTED_EDGE('',*,*,#3237,.T.);
#4260=ORIENTED_EDGE('',*,*,#3172,.T.);
#4261=ORIENTED_EDGE('',*,*,#3236,.F.);
#4262=ORIENTED_EDGE('',*,*,#3238,.T.);
#4263=ORIENTED_EDGE('',*,*,#3237,.F.);
#4264=ORIENTED_EDGE('',*,*,#3239,.T.);
#4265=ORIENTED_EDGE('',*,*,#3240,.T.);
#4266=ORIENTED_EDGE('',*,*,#3173,.T.);
#4267=ORIENTED_EDGE('',*,*,#3241,.T.);
#4268=ORIENTED_EDGE('',*,*,#3174,.T.);
#4269=ORIENTED_EDGE('',*,*,#3240,.F.);
#4270=ORIENTED_EDGE('',*,*,#3242,.T.);
#4271=ORIENTED_EDGE('',*,*,#3241,.F.);
#4272=ORIENTED_EDGE('',*,*,#3243,.T.);
#4273=ORIENTED_EDGE('',*,*,#3244,.T.);
#4274=ORIENTED_EDGE('',*,*,#3175,.T.);
#4275=ORIENTED_EDGE('',*,*,#3245,.T.);
#4276=ORIENTED_EDGE('',*,*,#3176,.T.);
#4277=ORIENTED_EDGE('',*,*,#3244,.F.);
#4278=ORIENTED_EDGE('',*,*,#3246,.T.);
#4279=ORIENTED_EDGE('',*,*,#3245,.F.);
#4280=ORIENTED_EDGE('',*,*,#3247,.T.);
#4281=ORIENTED_EDGE('',*,*,#3233,.F.);
#4282=ORIENTED_EDGE('',*,*,#3177,.T.);
#4283=ORIENTED_EDGE('',*,*,#3239,.F.);
#4284=ORIENTED_EDGE('',*,*,#3248,.T.);
#4285=ORIENTED_EDGE('',*,*,#3249,.T.);
#4286=ORIENTED_EDGE('',*,*,#3250,.T.);
#4287=ORIENTED_EDGE('',*,*,#3238,.F.);
#4288=ORIENTED_EDGE('',*,*,#3251,.F.);
#4289=ORIENTED_EDGE('',*,*,#3252,.F.);
#4290=ORIENTED_EDGE('',*,*,#3253,.T.);
#4291=ORIENTED_EDGE('',*,*,#3254,.T.);
#4292=ORIENTED_EDGE('',*,*,#3255,.T.);
#4293=ORIENTED_EDGE('',*,*,#3256,.F.);
#4294=ORIENTED_EDGE('',*,*,#3248,.F.);
#4295=ORIENTED_EDGE('',*,*,#3235,.F.);
#4296=ORIENTED_EDGE('',*,*,#3257,.T.);
#4297=ORIENTED_EDGE('',*,*,#3258,.T.);
#4298=ORIENTED_EDGE('',*,*,#3251,.T.);
#4299=ORIENTED_EDGE('',*,*,#3234,.F.);
#4300=ORIENTED_EDGE('',*,*,#3259,.F.);
#4301=ORIENTED_EDGE('',*,*,#3260,.F.);
#4302=ORIENTED_EDGE('',*,*,#3261,.T.);
#4303=ORIENTED_EDGE('',*,*,#3262,.T.);
#4304=ORIENTED_EDGE('',*,*,#3263,.T.);
#4305=ORIENTED_EDGE('',*,*,#3264,.F.);
#4306=ORIENTED_EDGE('',*,*,#3257,.F.);
#4307=ORIENTED_EDGE('',*,*,#3265,.T.);
#4308=ORIENTED_EDGE('',*,*,#3134,.T.);
#4309=ORIENTED_EDGE('',*,*,#3266,.T.);
#4310=ORIENTED_EDGE('',*,*,#3267,.T.);
#4311=ORIENTED_EDGE('',*,*,#3265,.F.);
#4312=ORIENTED_EDGE('',*,*,#3268,.T.);
#4313=ORIENTED_EDGE('',*,*,#3269,.T.);
#4314=ORIENTED_EDGE('',*,*,#3135,.T.);
#4315=ORIENTED_EDGE('',*,*,#3270,.T.);
#4316=ORIENTED_EDGE('',*,*,#3136,.T.);
#4317=ORIENTED_EDGE('',*,*,#3269,.F.);
#4318=ORIENTED_EDGE('',*,*,#3271,.T.);
#4319=ORIENTED_EDGE('',*,*,#3270,.F.);
#4320=ORIENTED_EDGE('',*,*,#3272,.T.);
#4321=ORIENTED_EDGE('',*,*,#3273,.T.);
#4322=ORIENTED_EDGE('',*,*,#3137,.T.);
#4323=ORIENTED_EDGE('',*,*,#3274,.T.);
#4324=ORIENTED_EDGE('',*,*,#3138,.T.);
#4325=ORIENTED_EDGE('',*,*,#3273,.F.);
#4326=ORIENTED_EDGE('',*,*,#3275,.T.);
#4327=ORIENTED_EDGE('',*,*,#3274,.F.);
#4328=ORIENTED_EDGE('',*,*,#3276,.T.);
#4329=ORIENTED_EDGE('',*,*,#3277,.T.);
#4330=ORIENTED_EDGE('',*,*,#3139,.T.);
#4331=ORIENTED_EDGE('',*,*,#3278,.T.);
#4332=ORIENTED_EDGE('',*,*,#3140,.T.);
#4333=ORIENTED_EDGE('',*,*,#3277,.F.);
#4334=ORIENTED_EDGE('',*,*,#3279,.T.);
#4335=ORIENTED_EDGE('',*,*,#3278,.F.);
#4336=ORIENTED_EDGE('',*,*,#3280,.T.);
#4337=ORIENTED_EDGE('',*,*,#3266,.F.);
#4338=ORIENTED_EDGE('',*,*,#3141,.T.);
#4339=ORIENTED_EDGE('',*,*,#3272,.F.);
#4340=ORIENTED_EDGE('',*,*,#3281,.T.);
#4341=ORIENTED_EDGE('',*,*,#3282,.T.);
#4342=ORIENTED_EDGE('',*,*,#3283,.T.);
#4343=ORIENTED_EDGE('',*,*,#3271,.F.);
#4344=ORIENTED_EDGE('',*,*,#3284,.F.);
#4345=ORIENTED_EDGE('',*,*,#3285,.F.);
#4346=ORIENTED_EDGE('',*,*,#3281,.F.);
#4347=ORIENTED_EDGE('',*,*,#3268,.F.);
#4348=ORIENTED_EDGE('',*,*,#3286,.T.);
#4349=ORIENTED_EDGE('',*,*,#3287,.T.);
#4350=ORIENTED_EDGE('',*,*,#3284,.T.);
#4351=ORIENTED_EDGE('',*,*,#3267,.F.);
#4352=ORIENTED_EDGE('',*,*,#3288,.F.);
#4353=ORIENTED_EDGE('',*,*,#3289,.F.);
#4354=ORIENTED_EDGE('',*,*,#3290,.T.);
#4355=ORIENTED_EDGE('',*,*,#3291,.T.);
#4356=ORIENTED_EDGE('',*,*,#3292,.T.);
#4357=ORIENTED_EDGE('',*,*,#3293,.F.);
#4358=ORIENTED_EDGE('',*,*,#3286,.F.);
#4359=ORIENTED_EDGE('',*,*,#3124,.T.);
#4360=ORIENTED_EDGE('',*,*,#3294,.T.);
#4361=ORIENTED_EDGE('',*,*,#3295,.T.);
#4362=ORIENTED_EDGE('',*,*,#3296,.T.);
#4363=ORIENTED_EDGE('',*,*,#3119,.T.);
#4364=ORIENTED_EDGE('',*,*,#3297,.T.);
#4365=ORIENTED_EDGE('',*,*,#3125,.T.);
#4366=ORIENTED_EDGE('',*,*,#3296,.F.);
#4367=ORIENTED_EDGE('',*,*,#3298,.T.);
#4368=ORIENTED_EDGE('',*,*,#3299,.T.);
#4369=ORIENTED_EDGE('',*,*,#3126,.T.);
#4370=ORIENTED_EDGE('',*,*,#3297,.F.);
#4371=ORIENTED_EDGE('',*,*,#3300,.T.);
#4372=ORIENTED_EDGE('',*,*,#3301,.T.);
#4373=ORIENTED_EDGE('',*,*,#3127,.T.);
#4374=ORIENTED_EDGE('',*,*,#3299,.F.);
#4375=ORIENTED_EDGE('',*,*,#3128,.T.);
#4376=ORIENTED_EDGE('',*,*,#3301,.F.);
#4377=ORIENTED_EDGE('',*,*,#3302,.T.);
#4378=ORIENTED_EDGE('',*,*,#3303,.T.);
#4379=ORIENTED_EDGE('',*,*,#3129,.T.);
#4380=ORIENTED_EDGE('',*,*,#3303,.F.);
#4381=ORIENTED_EDGE('',*,*,#3304,.T.);
#4382=ORIENTED_EDGE('',*,*,#3305,.T.);
#4383=ORIENTED_EDGE('',*,*,#3130,.T.);
#4384=ORIENTED_EDGE('',*,*,#3305,.F.);
#4385=ORIENTED_EDGE('',*,*,#3306,.T.);
#4386=ORIENTED_EDGE('',*,*,#3307,.T.);
#4387=ORIENTED_EDGE('',*,*,#3131,.T.);
#4388=ORIENTED_EDGE('',*,*,#3307,.F.);
#4389=ORIENTED_EDGE('',*,*,#3308,.T.);
#4390=ORIENTED_EDGE('',*,*,#3294,.F.);
#4391=ORIENTED_EDGE('',*,*,#3065,.F.);
#4392=ORIENTED_EDGE('',*,*,#3309,.F.);
#4393=ORIENTED_EDGE('',*,*,#3300,.F.);
#4394=ORIENTED_EDGE('',*,*,#3310,.T.);
#4395=ORIENTED_EDGE('',*,*,#3064,.F.);
#4396=ORIENTED_EDGE('',*,*,#3310,.F.);
#4397=ORIENTED_EDGE('',*,*,#3298,.F.);
#4398=ORIENTED_EDGE('',*,*,#3118,.T.);
#4399=ORIENTED_EDGE('',*,*,#3049,.F.);
#4400=ORIENTED_EDGE('',*,*,#3019,.T.);
#4401=ORIENTED_EDGE('',*,*,#3311,.T.);
#4402=ORIENTED_EDGE('',*,*,#3040,.T.);
#4403=ORIENTED_EDGE('',*,*,#3056,.F.);
#4404=ORIENTED_EDGE('',*,*,#3072,.F.);
#4405=ORIENTED_EDGE('',*,*,#3120,.F.);
#4406=ORIENTED_EDGE('',*,*,#3295,.F.);
#4407=ORIENTED_EDGE('',*,*,#3312,.T.);
#4408=ORIENTED_EDGE('',*,*,#3044,.F.);
#4409=ORIENTED_EDGE('',*,*,#3313,.T.);
#4410=ORIENTED_EDGE('',*,*,#3314,.T.);
#4411=ORIENTED_EDGE('',*,*,#3315,.T.);
#4412=ORIENTED_EDGE('',*,*,#3316,.T.);
#4413=ORIENTED_EDGE('',*,*,#3317,.F.);
#4414=ORIENTED_EDGE('',*,*,#3318,.F.);
#4415=ORIENTED_EDGE('',*,*,#3319,.F.);
#4416=ORIENTED_EDGE('',*,*,#3316,.F.);
#4417=ORIENTED_EDGE('',*,*,#3320,.F.);
#4418=ORIENTED_EDGE('',*,*,#3315,.F.);
#4419=ORIENTED_EDGE('',*,*,#3321,.F.);
#4420=ORIENTED_EDGE('',*,*,#3322,.F.);
#4421=ORIENTED_EDGE('',*,*,#3323,.F.);
#4422=ORIENTED_EDGE('',*,*,#3324,.F.);
#4423=ORIENTED_EDGE('',*,*,#3325,.F.);
#4424=ORIENTED_EDGE('',*,*,#3326,.F.);
#4425=ORIENTED_EDGE('',*,*,#3327,.F.);
#4426=ORIENTED_EDGE('',*,*,#3324,.T.);
#4427=ORIENTED_EDGE('',*,*,#3328,.F.);
#4428=ORIENTED_EDGE('',*,*,#3329,.T.);
#4429=ORIENTED_EDGE('',*,*,#3330,.T.);
#4430=ORIENTED_EDGE('',*,*,#3326,.T.);
#4431=ORIENTED_EDGE('',*,*,#3331,.F.);
#4432=ORIENTED_EDGE('',*,*,#3332,.F.);
#4433=ORIENTED_EDGE('',*,*,#3333,.F.);
#4434=ORIENTED_EDGE('',*,*,#3334,.F.);
#4435=ORIENTED_EDGE('',*,*,#3335,.F.);
#4436=ORIENTED_EDGE('',*,*,#3336,.F.);
#4437=ORIENTED_EDGE('',*,*,#3337,.F.);
#4438=ORIENTED_EDGE('',*,*,#3338,.F.);
#4439=ORIENTED_EDGE('',*,*,#3339,.F.);
#4440=ORIENTED_EDGE('',*,*,#3340,.F.);
#4441=ORIENTED_EDGE('',*,*,#3341,.F.);
#4442=ORIENTED_EDGE('',*,*,#3342,.F.);
#4443=ORIENTED_EDGE('',*,*,#3342,.T.);
#4444=ORIENTED_EDGE('',*,*,#3343,.F.);
#4445=ORIENTED_EDGE('',*,*,#3344,.T.);
#4446=ORIENTED_EDGE('',*,*,#3345,.T.);
#4447=ORIENTED_EDGE('',*,*,#3332,.T.);
#4448=ORIENTED_EDGE('',*,*,#3346,.T.);
#4449=ORIENTED_EDGE('',*,*,#3347,.T.);
#4450=ORIENTED_EDGE('',*,*,#3338,.T.);
#4451=ORIENTED_EDGE('',*,*,#3336,.T.);
#4452=ORIENTED_EDGE('',*,*,#3348,.F.);
#4453=ORIENTED_EDGE('',*,*,#3349,.F.);
#4454=ORIENTED_EDGE('',*,*,#3350,.F.);
#4455=ORIENTED_EDGE('',*,*,#3351,.F.);
#4456=ORIENTED_EDGE('',*,*,#3352,.F.);
#4457=ORIENTED_EDGE('',*,*,#3353,.F.);
#4458=ORIENTED_EDGE('',*,*,#3354,.F.);
#4459=ORIENTED_EDGE('',*,*,#3355,.F.);
#4460=ORIENTED_EDGE('',*,*,#3356,.F.);
#4461=ORIENTED_EDGE('',*,*,#3357,.F.);
#4462=ORIENTED_EDGE('',*,*,#3358,.F.);
#4463=ORIENTED_EDGE('',*,*,#3359,.F.);
#4464=ORIENTED_EDGE('',*,*,#3360,.F.);
#4465=ORIENTED_EDGE('',*,*,#3360,.T.);
#4466=ORIENTED_EDGE('',*,*,#3361,.F.);
#4467=ORIENTED_EDGE('',*,*,#3362,.T.);
#4468=ORIENTED_EDGE('',*,*,#3363,.T.);
#4469=ORIENTED_EDGE('',*,*,#3350,.T.);
#4470=ORIENTED_EDGE('',*,*,#3364,.T.);
#4471=ORIENTED_EDGE('',*,*,#3365,.T.);
#4472=ORIENTED_EDGE('',*,*,#3356,.T.);
#4473=ORIENTED_EDGE('',*,*,#3354,.T.);
#4474=ORIENTED_EDGE('',*,*,#3366,.F.);
#4475=ORIENTED_EDGE('',*,*,#3367,.T.);
#4476=ORIENTED_EDGE('',*,*,#3368,.T.);
#4477=ORIENTED_EDGE('',*,*,#3369,.T.);
#4478=ORIENTED_EDGE('',*,*,#3370,.T.);
#4479=ORIENTED_EDGE('',*,*,#3371,.F.);
#4480=ORIENTED_EDGE('',*,*,#3372,.F.);
#4481=ORIENTED_EDGE('',*,*,#3373,.F.);
#4482=ORIENTED_EDGE('',*,*,#3370,.F.);
#4483=ORIENTED_EDGE('',*,*,#3374,.F.);
#4484=ORIENTED_EDGE('',*,*,#3369,.F.);
#4485=ORIENTED_EDGE('',*,*,#3375,.F.);
#4486=ORIENTED_EDGE('',*,*,#3376,.F.);
#4487=ORIENTED_EDGE('',*,*,#3377,.F.);
#4488=ORIENTED_EDGE('',*,*,#3378,.F.);
#4489=ORIENTED_EDGE('',*,*,#3379,.F.);
#4490=ORIENTED_EDGE('',*,*,#3380,.F.);
#4491=ORIENTED_EDGE('',*,*,#3381,.F.);
#4492=ORIENTED_EDGE('',*,*,#3378,.T.);
#4493=ORIENTED_EDGE('',*,*,#3382,.F.);
#4494=ORIENTED_EDGE('',*,*,#3383,.T.);
#4495=ORIENTED_EDGE('',*,*,#3384,.T.);
#4496=ORIENTED_EDGE('',*,*,#3380,.T.);
#4497=ORIENTED_EDGE('',*,*,#3385,.T.);
#4498=ORIENTED_EDGE('',*,*,#3184,.T.);
#4499=ORIENTED_EDGE('',*,*,#3386,.T.);
#4500=ORIENTED_EDGE('',*,*,#3196,.T.);
#4501=ORIENTED_EDGE('',*,*,#3387,.T.);
#4502=ORIENTED_EDGE('',*,*,#3216,.T.);
#4503=ORIENTED_EDGE('',*,*,#3224,.T.);
#4504=ORIENTED_EDGE('',*,*,#3388,.T.);
#4505=ORIENTED_EDGE('',*,*,#3204,.T.);
#4506=ORIENTED_EDGE('',*,*,#3212,.T.);
#4507=ORIENTED_EDGE('',*,*,#3362,.F.);
#4508=ORIENTED_EDGE('',*,*,#3389,.F.);
#4509=ORIENTED_EDGE('',*,*,#3218,.F.);
#4510=ORIENTED_EDGE('',*,*,#3390,.F.);
#4511=ORIENTED_EDGE('',*,*,#3386,.F.);
#4512=ORIENTED_EDGE('',*,*,#3195,.T.);
#4513=ORIENTED_EDGE('',*,*,#3391,.T.);
#4514=ORIENTED_EDGE('',*,*,#3348,.T.);
#4515=ORIENTED_EDGE('',*,*,#3335,.T.);
#4516=ORIENTED_EDGE('',*,*,#3333,.T.);
#4517=ORIENTED_EDGE('',*,*,#3345,.F.);
#4518=ORIENTED_EDGE('',*,*,#3392,.T.);
#4519=ORIENTED_EDGE('',*,*,#3197,.F.);
#4520=ORIENTED_EDGE('',*,*,#3393,.F.);
#4521=ORIENTED_EDGE('',*,*,#3199,.T.);
#4522=ORIENTED_EDGE('',*,*,#3394,.T.);
#4523=ORIENTED_EDGE('',*,*,#3343,.T.);
#4524=ORIENTED_EDGE('',*,*,#3341,.T.);
#4525=ORIENTED_EDGE('',*,*,#3339,.T.);
#4526=ORIENTED_EDGE('',*,*,#3347,.F.);
#4527=ORIENTED_EDGE('',*,*,#3395,.T.);
#4528=ORIENTED_EDGE('',*,*,#3193,.F.);
#4529=ORIENTED_EDGE('',*,*,#3346,.F.);
#4530=ORIENTED_EDGE('',*,*,#3391,.F.);
#4531=ORIENTED_EDGE('',*,*,#3194,.F.);
#4532=ORIENTED_EDGE('',*,*,#3395,.F.);
#4533=ORIENTED_EDGE('',*,*,#3383,.F.);
#4534=ORIENTED_EDGE('',*,*,#3396,.F.);
#4535=ORIENTED_EDGE('',*,*,#3206,.F.);
#4536=ORIENTED_EDGE('',*,*,#3397,.F.);
#4537=ORIENTED_EDGE('',*,*,#3329,.F.);
#4538=ORIENTED_EDGE('',*,*,#3398,.F.);
#4539=ORIENTED_EDGE('',*,*,#3186,.F.);
#4540=ORIENTED_EDGE('',*,*,#3399,.F.);
#4541=ORIENTED_EDGE('',*,*,#3387,.F.);
#4542=ORIENTED_EDGE('',*,*,#3223,.T.);
#4543=ORIENTED_EDGE('',*,*,#3400,.T.);
#4544=ORIENTED_EDGE('',*,*,#3366,.T.);
#4545=ORIENTED_EDGE('',*,*,#3353,.T.);
#4546=ORIENTED_EDGE('',*,*,#3351,.T.);
#4547=ORIENTED_EDGE('',*,*,#3363,.F.);
#4548=ORIENTED_EDGE('',*,*,#3390,.T.);
#4549=ORIENTED_EDGE('',*,*,#3217,.F.);
#4550=ORIENTED_EDGE('',*,*,#3401,.F.);
#4551=ORIENTED_EDGE('',*,*,#3219,.T.);
#4552=ORIENTED_EDGE('',*,*,#3389,.T.);
#4553=ORIENTED_EDGE('',*,*,#3361,.T.);
#4554=ORIENTED_EDGE('',*,*,#3359,.T.);
#4555=ORIENTED_EDGE('',*,*,#3357,.T.);
#4556=ORIENTED_EDGE('',*,*,#3365,.F.);
#4557=ORIENTED_EDGE('',*,*,#3402,.T.);
#4558=ORIENTED_EDGE('',*,*,#3221,.F.);
#4559=ORIENTED_EDGE('',*,*,#3364,.F.);
#4560=ORIENTED_EDGE('',*,*,#3400,.F.);
#4561=ORIENTED_EDGE('',*,*,#3222,.F.);
#4562=ORIENTED_EDGE('',*,*,#3402,.F.);
#4563=ORIENTED_EDGE('',*,*,#3344,.F.);
#4564=ORIENTED_EDGE('',*,*,#3394,.F.);
#4565=ORIENTED_EDGE('',*,*,#3198,.F.);
#4566=ORIENTED_EDGE('',*,*,#3392,.F.);
#4567=ORIENTED_EDGE('',*,*,#3388,.F.);
#4568=ORIENTED_EDGE('',*,*,#3211,.T.);
#4569=ORIENTED_EDGE('',*,*,#3403,.T.);
#4570=ORIENTED_EDGE('',*,*,#3371,.T.);
#4571=ORIENTED_EDGE('',*,*,#3373,.T.);
#4572=ORIENTED_EDGE('',*,*,#3381,.T.);
#4573=ORIENTED_EDGE('',*,*,#3384,.F.);
#4574=ORIENTED_EDGE('',*,*,#3397,.T.);
#4575=ORIENTED_EDGE('',*,*,#3205,.F.);
#4576=ORIENTED_EDGE('',*,*,#3404,.F.);
#4577=ORIENTED_EDGE('',*,*,#3207,.T.);
#4578=ORIENTED_EDGE('',*,*,#3396,.T.);
#4579=ORIENTED_EDGE('',*,*,#3382,.T.);
#4580=ORIENTED_EDGE('',*,*,#3377,.T.);
#4581=ORIENTED_EDGE('',*,*,#3375,.T.);
#4582=ORIENTED_EDGE('',*,*,#3368,.F.);
#4583=ORIENTED_EDGE('',*,*,#3405,.T.);
#4584=ORIENTED_EDGE('',*,*,#3209,.F.);
#4585=ORIENTED_EDGE('',*,*,#3367,.F.);
#4586=ORIENTED_EDGE('',*,*,#3403,.F.);
#4587=ORIENTED_EDGE('',*,*,#3210,.F.);
#4588=ORIENTED_EDGE('',*,*,#3405,.F.);
#4589=ORIENTED_EDGE('',*,*,#3385,.F.);
#4590=ORIENTED_EDGE('',*,*,#3183,.T.);
#4591=ORIENTED_EDGE('',*,*,#3406,.T.);
#4592=ORIENTED_EDGE('',*,*,#3317,.T.);
#4593=ORIENTED_EDGE('',*,*,#3319,.T.);
#4594=ORIENTED_EDGE('',*,*,#3327,.T.);
#4595=ORIENTED_EDGE('',*,*,#3330,.F.);
#4596=ORIENTED_EDGE('',*,*,#3399,.T.);
#4597=ORIENTED_EDGE('',*,*,#3185,.F.);
#4598=ORIENTED_EDGE('',*,*,#3407,.F.);
#4599=ORIENTED_EDGE('',*,*,#3187,.T.);
#4600=ORIENTED_EDGE('',*,*,#3398,.T.);
#4601=ORIENTED_EDGE('',*,*,#3328,.T.);
#4602=ORIENTED_EDGE('',*,*,#3323,.T.);
#4603=ORIENTED_EDGE('',*,*,#3321,.T.);
#4604=ORIENTED_EDGE('',*,*,#3314,.F.);
#4605=ORIENTED_EDGE('',*,*,#3408,.T.);
#4606=ORIENTED_EDGE('',*,*,#3181,.F.);
#4607=ORIENTED_EDGE('',*,*,#3313,.F.);
#4608=ORIENTED_EDGE('',*,*,#3406,.F.);
#4609=ORIENTED_EDGE('',*,*,#3182,.F.);
#4610=ORIENTED_EDGE('',*,*,#3408,.F.);
#4611=ORIENTED_EDGE('',*,*,#3393,.T.);
#4612=ORIENTED_EDGE('',*,*,#3192,.T.);
#4613=ORIENTED_EDGE('',*,*,#3200,.T.);
#4614=ORIENTED_EDGE('',*,*,#3401,.T.);
#4615=ORIENTED_EDGE('',*,*,#3220,.T.);
#4616=ORIENTED_EDGE('',*,*,#3404,.T.);
#4617=ORIENTED_EDGE('',*,*,#3208,.T.);
#4618=ORIENTED_EDGE('',*,*,#3407,.T.);
#4619=ORIENTED_EDGE('',*,*,#3180,.T.);
#4620=ORIENTED_EDGE('',*,*,#3188,.T.);
#4621=ORIENTED_EDGE('',*,*,#3409,.T.);
#4622=ORIENTED_EDGE('',*,*,#3410,.T.);
#4623=ORIENTED_EDGE('',*,*,#3022,.T.);
#4624=ORIENTED_EDGE('',*,*,#3411,.T.);
#4625=ORIENTED_EDGE('',*,*,#3412,.T.);
#4626=ORIENTED_EDGE('',*,*,#3413,.T.);
#4627=ORIENTED_EDGE('',*,*,#3409,.F.);
#4628=ORIENTED_EDGE('',*,*,#3414,.T.);
#4629=ORIENTED_EDGE('',*,*,#3415,.T.);
#4630=ORIENTED_EDGE('',*,*,#3416,.T.);
#4631=ORIENTED_EDGE('',*,*,#3412,.F.);
#4632=ORIENTED_EDGE('',*,*,#3417,.T.);
#4633=ORIENTED_EDGE('',*,*,#3015,.F.);
#4634=ORIENTED_EDGE('',*,*,#3418,.F.);
#4635=ORIENTED_EDGE('',*,*,#3419,.T.);
#4636=ORIENTED_EDGE('',*,*,#3105,.F.);
#4637=ORIENTED_EDGE('',*,*,#3108,.T.);
#4638=ORIENTED_EDGE('',*,*,#3110,.F.);
#4639=ORIENTED_EDGE('',*,*,#3112,.T.);
#4640=ORIENTED_EDGE('',*,*,#3114,.F.);
#4641=ORIENTED_EDGE('',*,*,#3116,.T.);
#4642=ORIENTED_EDGE('',*,*,#3117,.F.);
#4643=ORIENTED_EDGE('',*,*,#3035,.F.);
#4644=ORIENTED_EDGE('',*,*,#3031,.T.);
#4645=ORIENTED_EDGE('',*,*,#3420,.F.);
#4646=ORIENTED_EDGE('',*,*,#3421,.F.);
#4647=ORIENTED_EDGE('',*,*,#3422,.F.);
#4648=ORIENTED_EDGE('',*,*,#3423,.T.);
#4649=ORIENTED_EDGE('',*,*,#3291,.F.);
#4650=ORIENTED_EDGE('',*,*,#3424,.T.);
#4651=ORIENTED_EDGE('',*,*,#3425,.F.);
#4652=ORIENTED_EDGE('',*,*,#3426,.T.);
#4653=ORIENTED_EDGE('',*,*,#3427,.F.);
#4654=ORIENTED_EDGE('',*,*,#3428,.T.);
#4655=ORIENTED_EDGE('',*,*,#3429,.F.);
#4656=ORIENTED_EDGE('',*,*,#3430,.F.);
#4657=ORIENTED_EDGE('',*,*,#3431,.F.);
#4658=ORIENTED_EDGE('',*,*,#3432,.T.);
#4659=ORIENTED_EDGE('',*,*,#3433,.F.);
#4660=ORIENTED_EDGE('',*,*,#3434,.F.);
#4661=ORIENTED_EDGE('',*,*,#3435,.F.);
#4662=ORIENTED_EDGE('',*,*,#3436,.T.);
#4663=ORIENTED_EDGE('',*,*,#3437,.F.);
#4664=ORIENTED_EDGE('',*,*,#3438,.T.);
#4665=ORIENTED_EDGE('',*,*,#3254,.F.);
#4666=ORIENTED_EDGE('',*,*,#3439,.T.);
#4667=ORIENTED_EDGE('',*,*,#3262,.F.);
#4668=ORIENTED_EDGE('',*,*,#3440,.T.);
#4669=ORIENTED_EDGE('',*,*,#3417,.F.);
#4670=ORIENTED_EDGE('',*,*,#3414,.F.);
#4671=ORIENTED_EDGE('',*,*,#3411,.F.);
#4672=ORIENTED_EDGE('',*,*,#3021,.T.);
#4673=ORIENTED_EDGE('',*,*,#3441,.F.);
#4674=ORIENTED_EDGE('',*,*,#3442,.F.);
#4675=ORIENTED_EDGE('',*,*,#3443,.F.);
#4676=ORIENTED_EDGE('',*,*,#3444,.F.);
#4677=ORIENTED_EDGE('',*,*,#3445,.T.);
#4678=ORIENTED_EDGE('',*,*,#3446,.T.);
#4679=ORIENTED_EDGE('',*,*,#3447,.T.);
#4680=ORIENTED_EDGE('',*,*,#3422,.T.);
#4681=ORIENTED_EDGE('',*,*,#3448,.T.);
#4682=ORIENTED_EDGE('',*,*,#3449,.T.);
#4683=ORIENTED_EDGE('',*,*,#3445,.F.);
#4684=ORIENTED_EDGE('',*,*,#3421,.T.);
#4685=ORIENTED_EDGE('',*,*,#3030,.T.);
#4686=ORIENTED_EDGE('',*,*,#3450,.T.);
#4687=ORIENTED_EDGE('',*,*,#3448,.F.);
#4688=ORIENTED_EDGE('',*,*,#3420,.T.);
#4689=ORIENTED_EDGE('',*,*,#3451,.T.);
#4690=ORIENTED_EDGE('',*,*,#3452,.T.);
#4691=ORIENTED_EDGE('',*,*,#3453,.T.);
#4692=ORIENTED_EDGE('',*,*,#3431,.T.);
#4693=ORIENTED_EDGE('',*,*,#3454,.T.);
#4694=ORIENTED_EDGE('',*,*,#3455,.T.);
#4695=ORIENTED_EDGE('',*,*,#3451,.F.);
#4696=ORIENTED_EDGE('',*,*,#3430,.T.);
#4697=ORIENTED_EDGE('',*,*,#3456,.T.);
#4698=ORIENTED_EDGE('',*,*,#3457,.T.);
#4699=ORIENTED_EDGE('',*,*,#3454,.F.);
#4700=ORIENTED_EDGE('',*,*,#3429,.T.);
#4701=ORIENTED_EDGE('',*,*,#3458,.T.);
#4702=ORIENTED_EDGE('',*,*,#3459,.T.);
#4703=ORIENTED_EDGE('',*,*,#3460,.T.);
#4704=ORIENTED_EDGE('',*,*,#3435,.T.);
#4705=ORIENTED_EDGE('',*,*,#3461,.T.);
#4706=ORIENTED_EDGE('',*,*,#3462,.T.);
#4707=ORIENTED_EDGE('',*,*,#3458,.F.);
#4708=ORIENTED_EDGE('',*,*,#3434,.T.);
#4709=ORIENTED_EDGE('',*,*,#3463,.T.);
#4710=ORIENTED_EDGE('',*,*,#3464,.T.);
#4711=ORIENTED_EDGE('',*,*,#3461,.F.);
#4712=ORIENTED_EDGE('',*,*,#3433,.T.);
#4713=ORIENTED_EDGE('',*,*,#3258,.F.);
#4714=ORIENTED_EDGE('',*,*,#3465,.F.);
#4715=ORIENTED_EDGE('',*,*,#3466,.F.);
#4716=ORIENTED_EDGE('',*,*,#3467,.T.);
#4717=ORIENTED_EDGE('',*,*,#3468,.T.);
#4718=ORIENTED_EDGE('',*,*,#3465,.T.);
#4719=ORIENTED_EDGE('',*,*,#3264,.T.);
#4720=ORIENTED_EDGE('',*,*,#3469,.T.);
#4721=ORIENTED_EDGE('',*,*,#3252,.T.);
#4722=ORIENTED_EDGE('',*,*,#3466,.T.);
#4723=ORIENTED_EDGE('',*,*,#3470,.T.);
#4724=ORIENTED_EDGE('',*,*,#3471,.F.);
#4725=ORIENTED_EDGE('',*,*,#3472,.F.);
#4726=ORIENTED_EDGE('',*,*,#3473,.F.);
#4727=ORIENTED_EDGE('',*,*,#3474,.F.);
#4728=ORIENTED_EDGE('',*,*,#3475,.F.);
#4729=ORIENTED_EDGE('',*,*,#3476,.F.);
#4730=ORIENTED_EDGE('',*,*,#3477,.T.);
#4731=ORIENTED_EDGE('',*,*,#3478,.T.);
#4732=ORIENTED_EDGE('',*,*,#3475,.T.);
#4733=ORIENTED_EDGE('',*,*,#3479,.T.);
#4734=ORIENTED_EDGE('',*,*,#3472,.T.);
#4735=ORIENTED_EDGE('',*,*,#3480,.T.);
#4736=ORIENTED_EDGE('',*,*,#3476,.T.);
#4737=ORIENTED_EDGE('',*,*,#3481,.T.);
#4738=ORIENTED_EDGE('',*,*,#3243,.F.);
#4739=ORIENTED_EDGE('',*,*,#3482,.T.);
#4740=ORIENTED_EDGE('',*,*,#3474,.T.);
#4741=ORIENTED_EDGE('',*,*,#3483,.T.);
#4742=ORIENTED_EDGE('',*,*,#3484,.T.);
#4743=ORIENTED_EDGE('',*,*,#3260,.T.);
#4744=ORIENTED_EDGE('',*,*,#3473,.T.);
#4745=ORIENTED_EDGE('',*,*,#3485,.T.);
#4746=ORIENTED_EDGE('',*,*,#3247,.F.);
#4747=ORIENTED_EDGE('',*,*,#3486,.T.);
#4748=ORIENTED_EDGE('',*,*,#3471,.T.);
#4749=ORIENTED_EDGE('',*,*,#3259,.T.);
#4750=ORIENTED_EDGE('',*,*,#3242,.F.);
#4751=ORIENTED_EDGE('',*,*,#3250,.F.);
#4752=ORIENTED_EDGE('',*,*,#3487,.F.);
#4753=ORIENTED_EDGE('',*,*,#3488,.T.);
#4754=ORIENTED_EDGE('',*,*,#3437,.T.);
#4755=ORIENTED_EDGE('',*,*,#3489,.T.);
#4756=ORIENTED_EDGE('',*,*,#3479,.F.);
#4757=ORIENTED_EDGE('',*,*,#3482,.F.);
#4758=ORIENTED_EDGE('',*,*,#3246,.F.);
#4759=ORIENTED_EDGE('',*,*,#3483,.F.);
#4760=ORIENTED_EDGE('',*,*,#3480,.F.);
#4761=ORIENTED_EDGE('',*,*,#3486,.F.);
#4762=ORIENTED_EDGE('',*,*,#3249,.F.);
#4763=ORIENTED_EDGE('',*,*,#3490,.F.);
#4764=ORIENTED_EDGE('',*,*,#3491,.F.);
#4765=ORIENTED_EDGE('',*,*,#3492,.T.);
#4766=ORIENTED_EDGE('',*,*,#3493,.T.);
#4767=ORIENTED_EDGE('',*,*,#3490,.T.);
#4768=ORIENTED_EDGE('',*,*,#3256,.T.);
#4769=ORIENTED_EDGE('',*,*,#3494,.T.);
#4770=ORIENTED_EDGE('',*,*,#3487,.T.);
#4771=ORIENTED_EDGE('',*,*,#3491,.T.);
#4772=ORIENTED_EDGE('',*,*,#3495,.T.);
#4773=ORIENTED_EDGE('',*,*,#3496,.F.);
#4774=ORIENTED_EDGE('',*,*,#3497,.F.);
#4775=ORIENTED_EDGE('',*,*,#3498,.F.);
#4776=ORIENTED_EDGE('',*,*,#3499,.T.);
#4777=ORIENTED_EDGE('',*,*,#3500,.T.);
#4778=ORIENTED_EDGE('',*,*,#3497,.T.);
#4779=ORIENTED_EDGE('',*,*,#3501,.T.);
#4780=ORIENTED_EDGE('',*,*,#3502,.T.);
#4781=ORIENTED_EDGE('',*,*,#3289,.T.);
#4782=ORIENTED_EDGE('',*,*,#3498,.T.);
#4783=ORIENTED_EDGE('',*,*,#3503,.T.);
#4784=ORIENTED_EDGE('',*,*,#3280,.F.);
#4785=ORIENTED_EDGE('',*,*,#3504,.T.);
#4786=ORIENTED_EDGE('',*,*,#3496,.T.);
#4787=ORIENTED_EDGE('',*,*,#3288,.T.);
#4788=ORIENTED_EDGE('',*,*,#3279,.F.);
#4789=ORIENTED_EDGE('',*,*,#3505,.F.);
#4790=ORIENTED_EDGE('',*,*,#3506,.F.);
#4791=ORIENTED_EDGE('',*,*,#3507,.T.);
#4792=ORIENTED_EDGE('',*,*,#3425,.T.);
#4793=ORIENTED_EDGE('',*,*,#3508,.T.);
#4794=ORIENTED_EDGE('',*,*,#3501,.F.);
#4795=ORIENTED_EDGE('',*,*,#3504,.F.);
#4796=ORIENTED_EDGE('',*,*,#3509,.F.);
#4797=ORIENTED_EDGE('',*,*,#3510,.F.);
#4798=ORIENTED_EDGE('',*,*,#3287,.F.);
#4799=ORIENTED_EDGE('',*,*,#3511,.F.);
#4800=ORIENTED_EDGE('',*,*,#3512,.F.);
#4801=ORIENTED_EDGE('',*,*,#3282,.F.);
#4802=ORIENTED_EDGE('',*,*,#3513,.T.);
#4803=ORIENTED_EDGE('',*,*,#3514,.T.);
#4804=ORIENTED_EDGE('',*,*,#3512,.T.);
#4805=ORIENTED_EDGE('',*,*,#3515,.T.);
#4806=ORIENTED_EDGE('',*,*,#3511,.T.);
#4807=ORIENTED_EDGE('',*,*,#3285,.T.);
#4808=ORIENTED_EDGE('',*,*,#3510,.T.);
#4809=ORIENTED_EDGE('',*,*,#3516,.T.);
#4810=ORIENTED_EDGE('',*,*,#3517,.T.);
#4811=ORIENTED_EDGE('',*,*,#3518,.T.);
#4812=ORIENTED_EDGE('',*,*,#3509,.T.);
#4813=ORIENTED_EDGE('',*,*,#3293,.T.);
#4814=ORIENTED_EDGE('',*,*,#3275,.F.);
#4815=ORIENTED_EDGE('',*,*,#3283,.F.);
#4816=ORIENTED_EDGE('',*,*,#3514,.F.);
#4817=ORIENTED_EDGE('',*,*,#3519,.T.);
#4818=ORIENTED_EDGE('',*,*,#3427,.T.);
#4819=ORIENTED_EDGE('',*,*,#3520,.T.);
#4820=ORIENTED_EDGE('',*,*,#3521,.F.);
#4821=ORIENTED_EDGE('',*,*,#3522,.F.);
#4822=ORIENTED_EDGE('',*,*,#3478,.F.);
#4823=ORIENTED_EDGE('',*,*,#3523,.T.);
#4824=ORIENTED_EDGE('',*,*,#3524,.T.);
#4825=ORIENTED_EDGE('',*,*,#3525,.T.);
#4826=ORIENTED_EDGE('',*,*,#3526,.T.);
#4827=ORIENTED_EDGE('',*,*,#3527,.T.);
#4828=ORIENTED_EDGE('',*,*,#3528,.T.);
#4829=ORIENTED_EDGE('',*,*,#3529,.T.);
#4830=ORIENTED_EDGE('',*,*,#3530,.T.);
#4831=ORIENTED_EDGE('',*,*,#3531,.T.);
#4832=ORIENTED_EDGE('',*,*,#3515,.F.);
#4833=ORIENTED_EDGE('',*,*,#3516,.F.);
#4834=ORIENTED_EDGE('',*,*,#3518,.F.);
#4835=ORIENTED_EDGE('',*,*,#3532,.T.);
#4836=ORIENTED_EDGE('',*,*,#3533,.T.);
#4837=ORIENTED_EDGE('',*,*,#3534,.T.);
#4838=ORIENTED_EDGE('',*,*,#3535,.T.);
#4839=ORIENTED_EDGE('',*,*,#3026,.T.);
#4840=ORIENTED_EDGE('',*,*,#3536,.T.);
#4841=ORIENTED_EDGE('',*,*,#3537,.T.);
#4842=ORIENTED_EDGE('',*,*,#3538,.T.);
#4843=ORIENTED_EDGE('',*,*,#3539,.T.);
#4844=ORIENTED_EDGE('',*,*,#3485,.F.);
#4845=ORIENTED_EDGE('',*,*,#3481,.F.);
#4846=ORIENTED_EDGE('',*,*,#3540,.F.);
#4847=ORIENTED_EDGE('',*,*,#3541,.F.);
#4848=ORIENTED_EDGE('',*,*,#3542,.F.);
#4849=ORIENTED_EDGE('',*,*,#3543,.F.);
#4850=ORIENTED_EDGE('',*,*,#3544,.T.);
#4851=ORIENTED_EDGE('',*,*,#3545,.T.);
#4852=ORIENTED_EDGE('',*,*,#3542,.T.);
#4853=ORIENTED_EDGE('',*,*,#3521,.T.);
#4854=ORIENTED_EDGE('',*,*,#3546,.T.);
#4855=ORIENTED_EDGE('',*,*,#3506,.T.);
#4856=ORIENTED_EDGE('',*,*,#3543,.T.);
#4857=ORIENTED_EDGE('',*,*,#3547,.T.);
#4858=ORIENTED_EDGE('',*,*,#3276,.F.);
#4859=ORIENTED_EDGE('',*,*,#3522,.T.);
#4860=ORIENTED_EDGE('',*,*,#3541,.T.);
#4861=ORIENTED_EDGE('',*,*,#3505,.T.);
#4862=ORIENTED_EDGE('',*,*,#3228,.T.);
#4863=ORIENTED_EDGE('',*,*,#3548,.T.);
#4864=ORIENTED_EDGE('',*,*,#3540,.T.);
#4865=ORIENTED_EDGE('',*,*,#3548,.F.);
#4866=ORIENTED_EDGE('',*,*,#3230,.T.);
#4867=ORIENTED_EDGE('',*,*,#3099,.F.);
#4868=ORIENTED_EDGE('',*,*,#3106,.T.);
#4869=ORIENTED_EDGE('',*,*,#3419,.F.);
#4870=ORIENTED_EDGE('',*,*,#3549,.T.);
#4871=ORIENTED_EDGE('',*,*,#3550,.F.);
#4872=ORIENTED_EDGE('',*,*,#3551,.T.);
#4873=ORIENTED_EDGE('',*,*,#3151,.T.);
#4874=ORIENTED_EDGE('',*,*,#3552,.T.);
#4875=ORIENTED_EDGE('',*,*,#3552,.F.);
#4876=ORIENTED_EDGE('',*,*,#3150,.F.);
#4877=ORIENTED_EDGE('',*,*,#3553,.F.);
#4878=ORIENTED_EDGE('',*,*,#3554,.T.);
#4879=ORIENTED_EDGE('',*,*,#3555,.F.);
#4880=ORIENTED_EDGE('',*,*,#3556,.T.);
#4881=ORIENTED_EDGE('',*,*,#3153,.T.);
#4882=ORIENTED_EDGE('',*,*,#3557,.T.);
#4883=ORIENTED_EDGE('',*,*,#3551,.F.);
#4884=ORIENTED_EDGE('',*,*,#3558,.T.);
#4885=ORIENTED_EDGE('',*,*,#3557,.F.);
#4886=ORIENTED_EDGE('',*,*,#3152,.F.);
#4887=ORIENTED_EDGE('',*,*,#3559,.F.);
#4888=ORIENTED_EDGE('',*,*,#3560,.T.);
#4889=ORIENTED_EDGE('',*,*,#3155,.F.);
#4890=ORIENTED_EDGE('',*,*,#3561,.T.);
#4891=ORIENTED_EDGE('',*,*,#3556,.F.);
#4892=ORIENTED_EDGE('',*,*,#3562,.T.);
#4893=ORIENTED_EDGE('',*,*,#3561,.F.);
#4894=ORIENTED_EDGE('',*,*,#3154,.F.);
#4895=ORIENTED_EDGE('',*,*,#3159,.F.);
#4896=ORIENTED_EDGE('',*,*,#3563,.T.);
#4897=ORIENTED_EDGE('',*,*,#3564,.F.);
#4898=ORIENTED_EDGE('',*,*,#3565,.T.);
#4899=ORIENTED_EDGE('',*,*,#3563,.F.);
#4900=ORIENTED_EDGE('',*,*,#3158,.F.);
#4901=ORIENTED_EDGE('',*,*,#3566,.T.);
#4902=ORIENTED_EDGE('',*,*,#3567,.T.);
#4903=ORIENTED_EDGE('',*,*,#3568,.F.);
#4904=ORIENTED_EDGE('',*,*,#3569,.T.);
#4905=ORIENTED_EDGE('',*,*,#3161,.T.);
#4906=ORIENTED_EDGE('',*,*,#3570,.T.);
#4907=ORIENTED_EDGE('',*,*,#3565,.F.);
#4908=ORIENTED_EDGE('',*,*,#3571,.T.);
#4909=ORIENTED_EDGE('',*,*,#3570,.F.);
#4910=ORIENTED_EDGE('',*,*,#3160,.F.);
#4911=ORIENTED_EDGE('',*,*,#3572,.F.);
#4912=ORIENTED_EDGE('',*,*,#3573,.T.);
#4913=ORIENTED_EDGE('',*,*,#3163,.T.);
#4914=ORIENTED_EDGE('',*,*,#3574,.T.);
#4915=ORIENTED_EDGE('',*,*,#3569,.F.);
#4916=ORIENTED_EDGE('',*,*,#3575,.T.);
#4917=ORIENTED_EDGE('',*,*,#3574,.F.);
#4918=ORIENTED_EDGE('',*,*,#3162,.F.);
#4919=ORIENTED_EDGE('',*,*,#3576,.F.);
#4920=ORIENTED_EDGE('',*,*,#3577,.T.);
#4921=ORIENTED_EDGE('',*,*,#3169,.T.);
#4922=ORIENTED_EDGE('',*,*,#3578,.T.);
#4923=ORIENTED_EDGE('',*,*,#3578,.F.);
#4924=ORIENTED_EDGE('',*,*,#3168,.F.);
#4925=ORIENTED_EDGE('',*,*,#3579,.F.);
#4926=ORIENTED_EDGE('',*,*,#3580,.T.);
#4927=ORIENTED_EDGE('',*,*,#3581,.F.);
#4928=ORIENTED_EDGE('',*,*,#3579,.T.);
#4929=ORIENTED_EDGE('',*,*,#3167,.T.);
#4930=ORIENTED_EDGE('',*,*,#3582,.T.);
#4931=ORIENTED_EDGE('',*,*,#3582,.F.);
#4932=ORIENTED_EDGE('',*,*,#3166,.F.);
#4933=ORIENTED_EDGE('',*,*,#3583,.F.);
#4934=ORIENTED_EDGE('',*,*,#3584,.T.);
#4935=ORIENTED_EDGE('',*,*,#3585,.F.);
#4936=ORIENTED_EDGE('',*,*,#3583,.T.);
#4937=ORIENTED_EDGE('',*,*,#3165,.T.);
#4938=ORIENTED_EDGE('',*,*,#3586,.T.);
#4939=ORIENTED_EDGE('',*,*,#3573,.F.);
#4940=ORIENTED_EDGE('',*,*,#3587,.T.);
#4941=ORIENTED_EDGE('',*,*,#3586,.F.);
#4942=ORIENTED_EDGE('',*,*,#3164,.F.);
#4943=ORIENTED_EDGE('',*,*,#3588,.F.);
#4944=ORIENTED_EDGE('',*,*,#3553,.T.);
#4945=ORIENTED_EDGE('',*,*,#3149,.T.);
#4946=ORIENTED_EDGE('',*,*,#3589,.T.);
#4947=ORIENTED_EDGE('',*,*,#3589,.F.);
#4948=ORIENTED_EDGE('',*,*,#3148,.F.);
#4949=ORIENTED_EDGE('',*,*,#3590,.F.);
#4950=ORIENTED_EDGE('',*,*,#3591,.T.);
#4951=ORIENTED_EDGE('',*,*,#3145,.F.);
#4952=ORIENTED_EDGE('',*,*,#3592,.T.);
#4953=ORIENTED_EDGE('',*,*,#3593,.F.);
#4954=ORIENTED_EDGE('',*,*,#3594,.T.);
#4955=ORIENTED_EDGE('',*,*,#3592,.F.);
#4956=ORIENTED_EDGE('',*,*,#3144,.F.);
#4957=ORIENTED_EDGE('',*,*,#3595,.T.);
#4958=ORIENTED_EDGE('',*,*,#3596,.T.);
#4959=ORIENTED_EDGE('',*,*,#3597,.F.);
#4960=ORIENTED_EDGE('',*,*,#3590,.T.);
#4961=ORIENTED_EDGE('',*,*,#3147,.T.);
#4962=ORIENTED_EDGE('',*,*,#3598,.T.);
#4963=ORIENTED_EDGE('',*,*,#3594,.F.);
#4964=ORIENTED_EDGE('',*,*,#3599,.T.);
#4965=ORIENTED_EDGE('',*,*,#3598,.F.);
#4966=ORIENTED_EDGE('',*,*,#3146,.F.);
#4967=ORIENTED_EDGE('',*,*,#3600,.T.);
#4968=ORIENTED_EDGE('',*,*,#3601,.T.);
#4969=ORIENTED_EDGE('',*,*,#3602,.T.);
#4970=ORIENTED_EDGE('',*,*,#3603,.T.);
#4971=ORIENTED_EDGE('',*,*,#3601,.F.);
#4972=ORIENTED_EDGE('',*,*,#3604,.F.);
#4973=ORIENTED_EDGE('',*,*,#3605,.T.);
#4974=ORIENTED_EDGE('',*,*,#3606,.T.);
#4975=ORIENTED_EDGE('',*,*,#3600,.F.);
#4976=ORIENTED_EDGE('',*,*,#3607,.T.);
#4977=ORIENTED_EDGE('',*,*,#3608,.F.);
#4978=ORIENTED_EDGE('',*,*,#3609,.T.);
#4979=ORIENTED_EDGE('',*,*,#3610,.F.);
#4980=ORIENTED_EDGE('',*,*,#3611,.T.);
#4981=ORIENTED_EDGE('',*,*,#3612,.F.);
#4982=ORIENTED_EDGE('',*,*,#3613,.T.);
#4983=ORIENTED_EDGE('',*,*,#3614,.F.);
#4984=ORIENTED_EDGE('',*,*,#3615,.T.);
#4985=ORIENTED_EDGE('',*,*,#3616,.F.);
#4986=ORIENTED_EDGE('',*,*,#3617,.T.);
#4987=ORIENTED_EDGE('',*,*,#3618,.T.);
#4988=ORIENTED_EDGE('',*,*,#3619,.T.);
#4989=ORIENTED_EDGE('',*,*,#3620,.F.);
#4990=ORIENTED_EDGE('',*,*,#3621,.T.);
#4991=ORIENTED_EDGE('',*,*,#3622,.F.);
#4992=ORIENTED_EDGE('',*,*,#3623,.T.);
#4993=ORIENTED_EDGE('',*,*,#3624,.F.);
#4994=ORIENTED_EDGE('',*,*,#3625,.T.);
#4995=ORIENTED_EDGE('',*,*,#3626,.F.);
#4996=ORIENTED_EDGE('',*,*,#3627,.T.);
#4997=ORIENTED_EDGE('',*,*,#3628,.F.);
#4998=ORIENTED_EDGE('',*,*,#3629,.T.);
#4999=ORIENTED_EDGE('',*,*,#3630,.F.);
#5000=ORIENTED_EDGE('',*,*,#3631,.T.);
#5001=ORIENTED_EDGE('',*,*,#3632,.T.);
#5002=ORIENTED_EDGE('',*,*,#3604,.T.);
#5003=ORIENTED_EDGE('',*,*,#3633,.T.);
#5004=ORIENTED_EDGE('',*,*,#3608,.T.);
#5005=ORIENTED_EDGE('',*,*,#3634,.T.);
#5006=ORIENTED_EDGE('',*,*,#3635,.T.);
#5007=ORIENTED_EDGE('',*,*,#3636,.T.);
#5008=ORIENTED_EDGE('',*,*,#3636,.F.);
#5009=ORIENTED_EDGE('',*,*,#3637,.T.);
#5010=ORIENTED_EDGE('',*,*,#3638,.F.);
#5011=ORIENTED_EDGE('',*,*,#3609,.F.);
#5012=ORIENTED_EDGE('',*,*,#3610,.T.);
#5013=ORIENTED_EDGE('',*,*,#3638,.T.);
#5014=ORIENTED_EDGE('',*,*,#3639,.T.);
#5015=ORIENTED_EDGE('',*,*,#3640,.T.);
#5016=ORIENTED_EDGE('',*,*,#3641,.T.);
#5017=ORIENTED_EDGE('',*,*,#3642,.T.);
#5018=ORIENTED_EDGE('',*,*,#3630,.T.);
#5019=ORIENTED_EDGE('',*,*,#3643,.T.);
#5020=ORIENTED_EDGE('',*,*,#3643,.F.);
#5021=ORIENTED_EDGE('',*,*,#3629,.F.);
#5022=ORIENTED_EDGE('',*,*,#3644,.F.);
#5023=ORIENTED_EDGE('',*,*,#3645,.T.);
#5024=ORIENTED_EDGE('',*,*,#3628,.T.);
#5025=ORIENTED_EDGE('',*,*,#3646,.T.);
#5026=ORIENTED_EDGE('',*,*,#3647,.T.);
#5027=ORIENTED_EDGE('',*,*,#3644,.T.);
#5028=ORIENTED_EDGE('',*,*,#3646,.F.);
#5029=ORIENTED_EDGE('',*,*,#3627,.F.);
#5030=ORIENTED_EDGE('',*,*,#3648,.F.);
#5031=ORIENTED_EDGE('',*,*,#3649,.T.);
#5032=ORIENTED_EDGE('',*,*,#3626,.T.);
#5033=ORIENTED_EDGE('',*,*,#3650,.T.);
#5034=ORIENTED_EDGE('',*,*,#3651,.T.);
#5035=ORIENTED_EDGE('',*,*,#3648,.T.);
#5036=ORIENTED_EDGE('',*,*,#3650,.F.);
#5037=ORIENTED_EDGE('',*,*,#3625,.F.);
#5038=ORIENTED_EDGE('',*,*,#3652,.F.);
#5039=ORIENTED_EDGE('',*,*,#3653,.T.);
#5040=ORIENTED_EDGE('',*,*,#3624,.T.);
#5041=ORIENTED_EDGE('',*,*,#3654,.T.);
#5042=ORIENTED_EDGE('',*,*,#3655,.T.);
#5043=ORIENTED_EDGE('',*,*,#3652,.T.);
#5044=ORIENTED_EDGE('',*,*,#3654,.F.);
#5045=ORIENTED_EDGE('',*,*,#3623,.F.);
#5046=ORIENTED_EDGE('',*,*,#3656,.F.);
#5047=ORIENTED_EDGE('',*,*,#3657,.T.);
#5048=ORIENTED_EDGE('',*,*,#3622,.T.);
#5049=ORIENTED_EDGE('',*,*,#3658,.T.);
#5050=ORIENTED_EDGE('',*,*,#3659,.T.);
#5051=ORIENTED_EDGE('',*,*,#3656,.T.);
#5052=ORIENTED_EDGE('',*,*,#3658,.F.);
#5053=ORIENTED_EDGE('',*,*,#3621,.F.);
#5054=ORIENTED_EDGE('',*,*,#3660,.F.);
#5055=ORIENTED_EDGE('',*,*,#3661,.T.);
#5056=ORIENTED_EDGE('',*,*,#3620,.T.);
#5057=ORIENTED_EDGE('',*,*,#3662,.T.);
#5058=ORIENTED_EDGE('',*,*,#3663,.T.);
#5059=ORIENTED_EDGE('',*,*,#3660,.T.);
#5060=ORIENTED_EDGE('',*,*,#3662,.F.);
#5061=ORIENTED_EDGE('',*,*,#3619,.F.);
#5062=ORIENTED_EDGE('',*,*,#3664,.T.);
#5063=ORIENTED_EDGE('',*,*,#3665,.T.);
#5064=ORIENTED_EDGE('',*,*,#3612,.T.);
#5065=ORIENTED_EDGE('',*,*,#3666,.T.);
#5066=ORIENTED_EDGE('',*,*,#3667,.T.);
#5067=ORIENTED_EDGE('',*,*,#3668,.T.);
#5068=ORIENTED_EDGE('',*,*,#3640,.F.);
#5069=ORIENTED_EDGE('',*,*,#3669,.T.);
#5070=ORIENTED_EDGE('',*,*,#3666,.F.);
#5071=ORIENTED_EDGE('',*,*,#3611,.F.);
#5072=ORIENTED_EDGE('',*,*,#3670,.T.);
#5073=ORIENTED_EDGE('',*,*,#3671,.T.);
#5074=ORIENTED_EDGE('',*,*,#3616,.T.);
#5075=ORIENTED_EDGE('',*,*,#3672,.T.);
#5076=ORIENTED_EDGE('',*,*,#3672,.F.);
#5077=ORIENTED_EDGE('',*,*,#3615,.F.);
#5078=ORIENTED_EDGE('',*,*,#3673,.F.);
#5079=ORIENTED_EDGE('',*,*,#3674,.T.);
#5080=ORIENTED_EDGE('',*,*,#3614,.T.);
#5081=ORIENTED_EDGE('',*,*,#3675,.T.);
#5082=ORIENTED_EDGE('',*,*,#3676,.T.);
#5083=ORIENTED_EDGE('',*,*,#3673,.T.);
#5084=ORIENTED_EDGE('',*,*,#3311,.F.);
#5085=ORIENTED_EDGE('',*,*,#3018,.T.);
#5086=ORIENTED_EDGE('',*,*,#3034,.F.);
#5087=ORIENTED_EDGE('',*,*,#3041,.T.);
#5088=ORIENTED_EDGE('',*,*,#3677,.T.);
#5089=ORIENTED_EDGE('',*,*,#3678,.F.);
#5090=ORIENTED_EDGE('',*,*,#3679,.T.);
#5091=ORIENTED_EDGE('',*,*,#3680,.T.);
#5092=ORIENTED_EDGE('',*,*,#3681,.T.);
#5093=ORIENTED_EDGE('',*,*,#3682,.T.);
#5094=ORIENTED_EDGE('',*,*,#3679,.F.);
#5095=ORIENTED_EDGE('',*,*,#3683,.F.);
#5096=ORIENTED_EDGE('',*,*,#3028,.T.);
#5097=ORIENTED_EDGE('',*,*,#3684,.T.);
#5098=ORIENTED_EDGE('',*,*,#3681,.F.);
#5099=ORIENTED_EDGE('',*,*,#3685,.F.);
#5100=ORIENTED_EDGE('',*,*,#3686,.T.);
#5101=ORIENTED_EDGE('',*,*,#3687,.F.);
#5102=ORIENTED_EDGE('',*,*,#3688,.T.);
#5103=ORIENTED_EDGE('',*,*,#3689,.T.);
#5104=ORIENTED_EDGE('',*,*,#3690,.T.);
#5105=ORIENTED_EDGE('',*,*,#3691,.T.);
#5106=ORIENTED_EDGE('',*,*,#3688,.F.);
#5107=ORIENTED_EDGE('',*,*,#3692,.F.);
#5108=ORIENTED_EDGE('',*,*,#3693,.T.);
#5109=ORIENTED_EDGE('',*,*,#3694,.T.);
#5110=ORIENTED_EDGE('',*,*,#3690,.F.);
#5111=ORIENTED_EDGE('',*,*,#3695,.F.);
#5112=ORIENTED_EDGE('',*,*,#3696,.T.);
#5113=ORIENTED_EDGE('',*,*,#3697,.F.);
#5114=ORIENTED_EDGE('',*,*,#3698,.T.);
#5115=ORIENTED_EDGE('',*,*,#3699,.T.);
#5116=ORIENTED_EDGE('',*,*,#3700,.T.);
#5117=ORIENTED_EDGE('',*,*,#3701,.T.);
#5118=ORIENTED_EDGE('',*,*,#3698,.F.);
#5119=ORIENTED_EDGE('',*,*,#3702,.F.);
#5120=ORIENTED_EDGE('',*,*,#3703,.T.);
#5121=ORIENTED_EDGE('',*,*,#3704,.T.);
#5122=ORIENTED_EDGE('',*,*,#3700,.F.);
#5123=ORIENTED_EDGE('',*,*,#3705,.F.);
#5124=ORIENTED_EDGE('',*,*,#3024,.T.);
#5125=ORIENTED_EDGE('',*,*,#3706,.F.);
#5126=ORIENTED_EDGE('',*,*,#3707,.T.);
#5127=ORIENTED_EDGE('',*,*,#3708,.T.);
#5128=ORIENTED_EDGE('',*,*,#3709,.T.);
#5129=ORIENTED_EDGE('',*,*,#3710,.T.);
#5130=ORIENTED_EDGE('',*,*,#3707,.F.);
#5131=ORIENTED_EDGE('',*,*,#3711,.F.);
#5132=ORIENTED_EDGE('',*,*,#3712,.T.);
#5133=ORIENTED_EDGE('',*,*,#3713,.T.);
#5134=ORIENTED_EDGE('',*,*,#3709,.F.);
#5135=ORIENTED_EDGE('',*,*,#3714,.F.);
#5136=ORIENTED_EDGE('',*,*,#3446,.F.);
#5137=ORIENTED_EDGE('',*,*,#3715,.T.);
#5138=ORIENTED_EDGE('',*,*,#3678,.T.);
#5139=ORIENTED_EDGE('',*,*,#3716,.F.);
#5140=ORIENTED_EDGE('',*,*,#3449,.F.);
#5141=ORIENTED_EDGE('',*,*,#3717,.T.);
#5142=ORIENTED_EDGE('',*,*,#3683,.T.);
#5143=ORIENTED_EDGE('',*,*,#3715,.F.);
#5144=ORIENTED_EDGE('',*,*,#3450,.F.);
#5145=ORIENTED_EDGE('',*,*,#3029,.T.);
#5146=ORIENTED_EDGE('',*,*,#3685,.T.);
#5147=ORIENTED_EDGE('',*,*,#3717,.F.);
#5148=ORIENTED_EDGE('',*,*,#3410,.F.);
#5149=ORIENTED_EDGE('',*,*,#3718,.T.);
#5150=ORIENTED_EDGE('',*,*,#3706,.T.);
#5151=ORIENTED_EDGE('',*,*,#3023,.F.);
#5152=ORIENTED_EDGE('',*,*,#3413,.F.);
#5153=ORIENTED_EDGE('',*,*,#3719,.T.);
#5154=ORIENTED_EDGE('',*,*,#3711,.T.);
#5155=ORIENTED_EDGE('',*,*,#3718,.F.);
#5156=ORIENTED_EDGE('',*,*,#3416,.F.);
#5157=ORIENTED_EDGE('',*,*,#3720,.T.);
#5158=ORIENTED_EDGE('',*,*,#3714,.T.);
#5159=ORIENTED_EDGE('',*,*,#3719,.F.);
#5160=ORIENTED_EDGE('',*,*,#3459,.F.);
#5161=ORIENTED_EDGE('',*,*,#3721,.T.);
#5162=ORIENTED_EDGE('',*,*,#3697,.T.);
#5163=ORIENTED_EDGE('',*,*,#3722,.F.);
#5164=ORIENTED_EDGE('',*,*,#3462,.F.);
#5165=ORIENTED_EDGE('',*,*,#3723,.T.);
#5166=ORIENTED_EDGE('',*,*,#3702,.T.);
#5167=ORIENTED_EDGE('',*,*,#3721,.F.);
#5168=ORIENTED_EDGE('',*,*,#3464,.F.);
#5169=ORIENTED_EDGE('',*,*,#3724,.T.);
#5170=ORIENTED_EDGE('',*,*,#3705,.T.);
#5171=ORIENTED_EDGE('',*,*,#3723,.F.);
#5172=ORIENTED_EDGE('',*,*,#3452,.F.);
#5173=ORIENTED_EDGE('',*,*,#3725,.T.);
#5174=ORIENTED_EDGE('',*,*,#3687,.T.);
#5175=ORIENTED_EDGE('',*,*,#3726,.F.);
#5176=ORIENTED_EDGE('',*,*,#3455,.F.);
#5177=ORIENTED_EDGE('',*,*,#3727,.T.);
#5178=ORIENTED_EDGE('',*,*,#3692,.T.);
#5179=ORIENTED_EDGE('',*,*,#3725,.F.);
#5180=ORIENTED_EDGE('',*,*,#3457,.F.);
#5181=ORIENTED_EDGE('',*,*,#3728,.T.);
#5182=ORIENTED_EDGE('',*,*,#3695,.T.);
#5183=ORIENTED_EDGE('',*,*,#3727,.F.);
#5184=ORIENTED_EDGE('',*,*,#3438,.F.);
#5185=ORIENTED_EDGE('',*,*,#3488,.F.);
#5186=ORIENTED_EDGE('',*,*,#3494,.F.);
#5187=ORIENTED_EDGE('',*,*,#3729,.F.);
#5188=ORIENTED_EDGE('',*,*,#3492,.F.);
#5189=ORIENTED_EDGE('',*,*,#3255,.F.);
#5190=ORIENTED_EDGE('',*,*,#3493,.F.);
#5191=ORIENTED_EDGE('',*,*,#3729,.T.);
#5192=ORIENTED_EDGE('',*,*,#3495,.F.);
#5193=ORIENTED_EDGE('',*,*,#3439,.F.);
#5194=ORIENTED_EDGE('',*,*,#3253,.F.);
#5195=ORIENTED_EDGE('',*,*,#3469,.F.);
#5196=ORIENTED_EDGE('',*,*,#3730,.F.);
#5197=ORIENTED_EDGE('',*,*,#3467,.F.);
#5198=ORIENTED_EDGE('',*,*,#3263,.F.);
#5199=ORIENTED_EDGE('',*,*,#3468,.F.);
#5200=ORIENTED_EDGE('',*,*,#3730,.T.);
#5201=ORIENTED_EDGE('',*,*,#3470,.F.);
#5202=ORIENTED_EDGE('',*,*,#3424,.F.);
#5203=ORIENTED_EDGE('',*,*,#3290,.F.);
#5204=ORIENTED_EDGE('',*,*,#3502,.F.);
#5205=ORIENTED_EDGE('',*,*,#3731,.F.);
#5206=ORIENTED_EDGE('',*,*,#3499,.F.);
#5207=ORIENTED_EDGE('',*,*,#3508,.F.);
#5208=ORIENTED_EDGE('',*,*,#3500,.F.);
#5209=ORIENTED_EDGE('',*,*,#3731,.T.);
#5210=ORIENTED_EDGE('',*,*,#3503,.F.);
#5211=ORIENTED_EDGE('',*,*,#3423,.F.);
#5212=ORIENTED_EDGE('',*,*,#3447,.F.);
#5213=ORIENTED_EDGE('',*,*,#3716,.T.);
#5214=ORIENTED_EDGE('',*,*,#3677,.F.);
#5215=ORIENTED_EDGE('',*,*,#3732,.T.);
#5216=ORIENTED_EDGE('',*,*,#3532,.F.);
#5217=ORIENTED_EDGE('',*,*,#3517,.F.);
#5218=ORIENTED_EDGE('',*,*,#3292,.F.);
#5219=ORIENTED_EDGE('',*,*,#3428,.F.);
#5220=ORIENTED_EDGE('',*,*,#3519,.F.);
#5221=ORIENTED_EDGE('',*,*,#3513,.F.);
#5222=ORIENTED_EDGE('',*,*,#3531,.F.);
#5223=ORIENTED_EDGE('',*,*,#3733,.F.);
#5224=ORIENTED_EDGE('',*,*,#3693,.F.);
#5225=ORIENTED_EDGE('',*,*,#3728,.F.);
#5226=ORIENTED_EDGE('',*,*,#3456,.F.);
#5227=ORIENTED_EDGE('',*,*,#3432,.F.);
#5228=ORIENTED_EDGE('',*,*,#3453,.F.);
#5229=ORIENTED_EDGE('',*,*,#3726,.T.);
#5230=ORIENTED_EDGE('',*,*,#3686,.F.);
#5231=ORIENTED_EDGE('',*,*,#3734,.T.);
#5232=ORIENTED_EDGE('',*,*,#3527,.F.);
#5233=ORIENTED_EDGE('',*,*,#3735,.F.);
#5234=ORIENTED_EDGE('',*,*,#3703,.F.);
#5235=ORIENTED_EDGE('',*,*,#3724,.F.);
#5236=ORIENTED_EDGE('',*,*,#3463,.F.);
#5237=ORIENTED_EDGE('',*,*,#3689,.F.);
#5238=ORIENTED_EDGE('',*,*,#3736,.T.);
#5239=ORIENTED_EDGE('',*,*,#3528,.F.);
#5240=ORIENTED_EDGE('',*,*,#3734,.F.);
#5241=ORIENTED_EDGE('',*,*,#3691,.F.);
#5242=ORIENTED_EDGE('',*,*,#3737,.T.);
#5243=ORIENTED_EDGE('',*,*,#3529,.F.);
#5244=ORIENTED_EDGE('',*,*,#3736,.F.);
#5245=ORIENTED_EDGE('',*,*,#3694,.F.);
#5246=ORIENTED_EDGE('',*,*,#3733,.T.);
#5247=ORIENTED_EDGE('',*,*,#3530,.F.);
#5248=ORIENTED_EDGE('',*,*,#3737,.F.);
#5249=ORIENTED_EDGE('',*,*,#3680,.F.);
#5250=ORIENTED_EDGE('',*,*,#3738,.T.);
#5251=ORIENTED_EDGE('',*,*,#3533,.F.);
#5252=ORIENTED_EDGE('',*,*,#3732,.F.);
#5253=ORIENTED_EDGE('',*,*,#3682,.F.);
#5254=ORIENTED_EDGE('',*,*,#3739,.T.);
#5255=ORIENTED_EDGE('',*,*,#3534,.F.);
#5256=ORIENTED_EDGE('',*,*,#3738,.F.);
#5257=ORIENTED_EDGE('',*,*,#3684,.F.);
#5258=ORIENTED_EDGE('',*,*,#3027,.T.);
#5259=ORIENTED_EDGE('',*,*,#3535,.F.);
#5260=ORIENTED_EDGE('',*,*,#3739,.F.);
#5261=ORIENTED_EDGE('',*,*,#3708,.F.);
#5262=ORIENTED_EDGE('',*,*,#3740,.T.);
#5263=ORIENTED_EDGE('',*,*,#3536,.F.);
#5264=ORIENTED_EDGE('',*,*,#3025,.F.);
#5265=ORIENTED_EDGE('',*,*,#3710,.F.);
#5266=ORIENTED_EDGE('',*,*,#3741,.T.);
#5267=ORIENTED_EDGE('',*,*,#3537,.F.);
#5268=ORIENTED_EDGE('',*,*,#3740,.F.);
#5269=ORIENTED_EDGE('',*,*,#3713,.F.);
#5270=ORIENTED_EDGE('',*,*,#3742,.T.);
#5271=ORIENTED_EDGE('',*,*,#3538,.F.);
#5272=ORIENTED_EDGE('',*,*,#3741,.F.);
#5273=ORIENTED_EDGE('',*,*,#3440,.F.);
#5274=ORIENTED_EDGE('',*,*,#3261,.F.);
#5275=ORIENTED_EDGE('',*,*,#3484,.F.);
#5276=ORIENTED_EDGE('',*,*,#3539,.F.);
#5277=ORIENTED_EDGE('',*,*,#3742,.F.);
#5278=ORIENTED_EDGE('',*,*,#3712,.F.);
#5279=ORIENTED_EDGE('',*,*,#3720,.F.);
#5280=ORIENTED_EDGE('',*,*,#3415,.F.);
#5281=ORIENTED_EDGE('',*,*,#3436,.F.);
#5282=ORIENTED_EDGE('',*,*,#3460,.F.);
#5283=ORIENTED_EDGE('',*,*,#3722,.T.);
#5284=ORIENTED_EDGE('',*,*,#3696,.F.);
#5285=ORIENTED_EDGE('',*,*,#3743,.T.);
#5286=ORIENTED_EDGE('',*,*,#3523,.F.);
#5287=ORIENTED_EDGE('',*,*,#3477,.F.);
#5288=ORIENTED_EDGE('',*,*,#3489,.F.);
#5289=ORIENTED_EDGE('',*,*,#3699,.F.);
#5290=ORIENTED_EDGE('',*,*,#3744,.T.);
#5291=ORIENTED_EDGE('',*,*,#3524,.F.);
#5292=ORIENTED_EDGE('',*,*,#3743,.F.);
#5293=ORIENTED_EDGE('',*,*,#3701,.F.);
#5294=ORIENTED_EDGE('',*,*,#3745,.T.);
#5295=ORIENTED_EDGE('',*,*,#3525,.F.);
#5296=ORIENTED_EDGE('',*,*,#3744,.F.);
#5297=ORIENTED_EDGE('',*,*,#3704,.F.);
#5298=ORIENTED_EDGE('',*,*,#3735,.T.);
#5299=ORIENTED_EDGE('',*,*,#3526,.F.);
#5300=ORIENTED_EDGE('',*,*,#3745,.F.);
#5301=ORIENTED_EDGE('',*,*,#3426,.F.);
#5302=ORIENTED_EDGE('',*,*,#3507,.F.);
#5303=ORIENTED_EDGE('',*,*,#3546,.F.);
#5304=ORIENTED_EDGE('',*,*,#3746,.F.);
#5305=ORIENTED_EDGE('',*,*,#3544,.F.);
#5306=ORIENTED_EDGE('',*,*,#3520,.F.);
#5307=ORIENTED_EDGE('',*,*,#3545,.F.);
#5308=ORIENTED_EDGE('',*,*,#3746,.T.);
#5309=ORIENTED_EDGE('',*,*,#3547,.F.);
#5310=ORIENTED_EDGE('',*,*,#3668,.F.);
#5311=ORIENTED_EDGE('',*,*,#3747,.T.);
#5312=ORIENTED_EDGE('',*,*,#3675,.F.);
#5313=ORIENTED_EDGE('',*,*,#3613,.F.);
#5314=ORIENTED_EDGE('',*,*,#3603,.F.);
#5315=ORIENTED_EDGE('',*,*,#3748,.T.);
#5316=ORIENTED_EDGE('',*,*,#3634,.F.);
#5317=ORIENTED_EDGE('',*,*,#3607,.F.);
#5318=ORIENTED_EDGE('',*,*,#3632,.F.);
#5319=ORIENTED_EDGE('',*,*,#3749,.T.);
#5320=ORIENTED_EDGE('',*,*,#3750,.T.);
#5321=ORIENTED_EDGE('',*,*,#3605,.F.);
#5322=ORIENTED_EDGE('',*,*,#3642,.F.);
#5323=ORIENTED_EDGE('',*,*,#3751,.T.);
#5324=ORIENTED_EDGE('',*,*,#3749,.F.);
#5325=ORIENTED_EDGE('',*,*,#3631,.F.);
#5326=ORIENTED_EDGE('',*,*,#3618,.F.);
#5327=ORIENTED_EDGE('',*,*,#3752,.T.);
#5328=ORIENTED_EDGE('',*,*,#3753,.T.);
#5329=ORIENTED_EDGE('',*,*,#3664,.F.);
#5330=ORIENTED_EDGE('',*,*,#3671,.F.);
#5331=ORIENTED_EDGE('',*,*,#3754,.T.);
#5332=ORIENTED_EDGE('',*,*,#3752,.F.);
#5333=ORIENTED_EDGE('',*,*,#3617,.F.);
#5334=ORIENTED_EDGE('',*,*,#3577,.F.);
#5335=ORIENTED_EDGE('',*,*,#3755,.T.);
#5336=ORIENTED_EDGE('',*,*,#3756,.F.);
#5337=ORIENTED_EDGE('',*,*,#3142,.F.);
#5338=ORIENTED_EDGE('',*,*,#3157,.F.);
#5339=ORIENTED_EDGE('',*,*,#3757,.T.);
#5340=ORIENTED_EDGE('',*,*,#3758,.T.);
#5341=ORIENTED_EDGE('',*,*,#3566,.F.);
#5342=ORIENTED_EDGE('',*,*,#3560,.F.);
#5343=ORIENTED_EDGE('',*,*,#3759,.T.);
#5344=ORIENTED_EDGE('',*,*,#3757,.F.);
#5345=ORIENTED_EDGE('',*,*,#3156,.F.);
#5346=ORIENTED_EDGE('',*,*,#3143,.F.);
#5347=ORIENTED_EDGE('',*,*,#3756,.T.);
#5348=ORIENTED_EDGE('',*,*,#3760,.T.);
#5349=ORIENTED_EDGE('',*,*,#3595,.F.);
#5350=ORIENTED_EDGE('',*,*,#3550,.T.);
#5351=ORIENTED_EDGE('',*,*,#3554,.F.);
#5352=ORIENTED_EDGE('',*,*,#3588,.T.);
#5353=ORIENTED_EDGE('',*,*,#3591,.F.);
#5354=ORIENTED_EDGE('',*,*,#3597,.T.);
#5355=ORIENTED_EDGE('',*,*,#3599,.F.);
#5356=ORIENTED_EDGE('',*,*,#3593,.T.);
#5357=ORIENTED_EDGE('',*,*,#3596,.F.);
#5358=ORIENTED_EDGE('',*,*,#3760,.F.);
#5359=ORIENTED_EDGE('',*,*,#3755,.F.);
#5360=ORIENTED_EDGE('',*,*,#3576,.T.);
#5361=ORIENTED_EDGE('',*,*,#3580,.F.);
#5362=ORIENTED_EDGE('',*,*,#3581,.T.);
#5363=ORIENTED_EDGE('',*,*,#3584,.F.);
#5364=ORIENTED_EDGE('',*,*,#3585,.T.);
#5365=ORIENTED_EDGE('',*,*,#3587,.F.);
#5366=ORIENTED_EDGE('',*,*,#3572,.T.);
#5367=ORIENTED_EDGE('',*,*,#3575,.F.);
#5368=ORIENTED_EDGE('',*,*,#3568,.T.);
#5369=ORIENTED_EDGE('',*,*,#3571,.F.);
#5370=ORIENTED_EDGE('',*,*,#3564,.T.);
#5371=ORIENTED_EDGE('',*,*,#3567,.F.);
#5372=ORIENTED_EDGE('',*,*,#3758,.F.);
#5373=ORIENTED_EDGE('',*,*,#3759,.F.);
#5374=ORIENTED_EDGE('',*,*,#3559,.T.);
#5375=ORIENTED_EDGE('',*,*,#3562,.F.);
#5376=ORIENTED_EDGE('',*,*,#3555,.T.);
#5377=ORIENTED_EDGE('',*,*,#3558,.F.);
#5378=ORIENTED_EDGE('',*,*,#3606,.F.);
#5379=ORIENTED_EDGE('',*,*,#3750,.F.);
#5380=ORIENTED_EDGE('',*,*,#3751,.F.);
#5381=ORIENTED_EDGE('',*,*,#3641,.F.);
#5382=ORIENTED_EDGE('',*,*,#3645,.F.);
#5383=ORIENTED_EDGE('',*,*,#3647,.F.);
#5384=ORIENTED_EDGE('',*,*,#3649,.F.);
#5385=ORIENTED_EDGE('',*,*,#3651,.F.);
#5386=ORIENTED_EDGE('',*,*,#3653,.F.);
#5387=ORIENTED_EDGE('',*,*,#3655,.F.);
#5388=ORIENTED_EDGE('',*,*,#3657,.F.);
#5389=ORIENTED_EDGE('',*,*,#3659,.F.);
#5390=ORIENTED_EDGE('',*,*,#3661,.F.);
#5391=ORIENTED_EDGE('',*,*,#3663,.F.);
#5392=ORIENTED_EDGE('',*,*,#3665,.F.);
#5393=ORIENTED_EDGE('',*,*,#3753,.F.);
#5394=ORIENTED_EDGE('',*,*,#3754,.F.);
#5395=ORIENTED_EDGE('',*,*,#3670,.F.);
#5396=ORIENTED_EDGE('',*,*,#3674,.F.);
#5397=ORIENTED_EDGE('',*,*,#3676,.F.);
#5398=ORIENTED_EDGE('',*,*,#3747,.F.);
#5399=ORIENTED_EDGE('',*,*,#3667,.F.);
#5400=ORIENTED_EDGE('',*,*,#3669,.F.);
#5401=ORIENTED_EDGE('',*,*,#3639,.F.);
#5402=ORIENTED_EDGE('',*,*,#3637,.F.);
#5403=ORIENTED_EDGE('',*,*,#3635,.F.);
#5404=ORIENTED_EDGE('',*,*,#3748,.F.);
#5405=ORIENTED_EDGE('',*,*,#3602,.F.);
#5406=ORIENTED_EDGE('',*,*,#3231,.F.);
#5407=ORIENTED_EDGE('',*,*,#3761,.T.);
#5408=ORIENTED_EDGE('',*,*,#3762,.T.);
#5409=ORIENTED_EDGE('',*,*,#3761,.F.);
#5410=ORIENTED_EDGE('',*,*,#3633,.F.);
#5411=ORIENTED_EDGE('',*,*,#3763,.T.);
#5412=ORIENTED_EDGE('',*,*,#3764,.T.);
#5413=ORIENTED_EDGE('',*,*,#3763,.F.);
#5414=ORIENTED_EDGE('',*,*,#3764,.F.);
#5415=ORIENTED_EDGE('',*,*,#3762,.F.);
#5416=ORIENTED_EDGE('',*,*,#3101,.F.);
#5417=ORIENTED_EDGE('',*,*,#3549,.F.);
#5418=ORIENTED_EDGE('',*,*,#3418,.T.);
#5419=ORIENTED_EDGE('',*,*,#3014,.F.);
#5420=ORIENTED_EDGE('',*,*,#3016,.T.);
#5421=ORIENTED_EDGE('',*,*,#3048,.F.);
#5422=ORIENTED_EDGE('',*,*,#3076,.F.);
#5423=ORIENTED_EDGE('',*,*,#3765,.F.);
#5424=ORIENTED_EDGE('',*,*,#3306,.F.);
#5425=ORIENTED_EDGE('',*,*,#3766,.T.);
#5426=ORIENTED_EDGE('',*,*,#3102,.F.);
#5427=ORIENTED_EDGE('',*,*,#3312,.F.);
#5428=ORIENTED_EDGE('',*,*,#3308,.F.);
#5429=ORIENTED_EDGE('',*,*,#3765,.T.);
#5430=ORIENTED_EDGE('',*,*,#3442,.T.);
#5431=ORIENTED_EDGE('',*,*,#3767,.T.);
#5432=ORIENTED_EDGE('',*,*,#3340,.T.);
#5433=ORIENTED_EDGE('',*,*,#3331,.T.);
#5434=ORIENTED_EDGE('',*,*,#3334,.T.);
#5435=ORIENTED_EDGE('',*,*,#3337,.T.);
#5436=ORIENTED_EDGE('',*,*,#3767,.F.);
#5437=ORIENTED_EDGE('',*,*,#3444,.T.);
#5438=ORIENTED_EDGE('',*,*,#3768,.T.);
#5439=ORIENTED_EDGE('',*,*,#3352,.T.);
#5440=ORIENTED_EDGE('',*,*,#3355,.T.);
#5441=ORIENTED_EDGE('',*,*,#3358,.T.);
#5442=ORIENTED_EDGE('',*,*,#3349,.T.);
#5443=ORIENTED_EDGE('',*,*,#3768,.F.);
#5444=ORIENTED_EDGE('',*,*,#3441,.T.);
#5445=ORIENTED_EDGE('',*,*,#3769,.T.);
#5446=ORIENTED_EDGE('',*,*,#3372,.T.);
#5447=ORIENTED_EDGE('',*,*,#3374,.T.);
#5448=ORIENTED_EDGE('',*,*,#3376,.T.);
#5449=ORIENTED_EDGE('',*,*,#3379,.T.);
#5450=ORIENTED_EDGE('',*,*,#3769,.F.);
#5451=ORIENTED_EDGE('',*,*,#3443,.T.);
#5452=ORIENTED_EDGE('',*,*,#3770,.T.);
#5453=ORIENTED_EDGE('',*,*,#3322,.T.);
#5454=ORIENTED_EDGE('',*,*,#3325,.T.);
#5455=ORIENTED_EDGE('',*,*,#3318,.T.);
#5456=ORIENTED_EDGE('',*,*,#3320,.T.);
#5457=ORIENTED_EDGE('',*,*,#3770,.F.);
#5458=ORIENTED_EDGE('',*,*,#3068,.F.);
#5459=ORIENTED_EDGE('',*,*,#3771,.F.);
#5460=ORIENTED_EDGE('',*,*,#3302,.F.);
#5461=ORIENTED_EDGE('',*,*,#3309,.T.);
#5462=ORIENTED_EDGE('',*,*,#3073,.F.);
#5463=ORIENTED_EDGE('',*,*,#3766,.F.);
#5464=ORIENTED_EDGE('',*,*,#3304,.F.);
#5465=ORIENTED_EDGE('',*,*,#3771,.T.);
#5466=ORIENTED_EDGE('',*,*,#3772,.T.);
#5467=ORIENTED_EDGE('',*,*,#3773,.F.);
#5468=ORIENTED_EDGE('',*,*,#3774,.F.);
#5469=ORIENTED_EDGE('',*,*,#3775,.T.);
#5470=ORIENTED_EDGE('',*,*,#3776,.T.);
#5471=ORIENTED_EDGE('',*,*,#3777,.F.);
#5472=ORIENTED_EDGE('',*,*,#3778,.F.);
#5473=ORIENTED_EDGE('',*,*,#3773,.T.);
#5474=ORIENTED_EDGE('',*,*,#3779,.T.);
#5475=ORIENTED_EDGE('',*,*,#3780,.F.);
#5476=ORIENTED_EDGE('',*,*,#3781,.F.);
#5477=ORIENTED_EDGE('',*,*,#3777,.T.);
#5478=ORIENTED_EDGE('',*,*,#3782,.T.);
#5479=ORIENTED_EDGE('',*,*,#3783,.F.);
#5480=ORIENTED_EDGE('',*,*,#3784,.F.);
#5481=ORIENTED_EDGE('',*,*,#3780,.T.);
#5482=ORIENTED_EDGE('',*,*,#3785,.T.);
#5483=ORIENTED_EDGE('',*,*,#3786,.F.);
#5484=ORIENTED_EDGE('',*,*,#3787,.F.);
#5485=ORIENTED_EDGE('',*,*,#3783,.T.);
#5486=ORIENTED_EDGE('',*,*,#3788,.T.);
#5487=ORIENTED_EDGE('',*,*,#3789,.F.);
#5488=ORIENTED_EDGE('',*,*,#3790,.F.);
#5489=ORIENTED_EDGE('',*,*,#3786,.T.);
#5490=ORIENTED_EDGE('',*,*,#3791,.T.);
#5491=ORIENTED_EDGE('',*,*,#3792,.F.);
#5492=ORIENTED_EDGE('',*,*,#3793,.F.);
#5493=ORIENTED_EDGE('',*,*,#3789,.T.);
#5494=ORIENTED_EDGE('',*,*,#3794,.T.);
#5495=ORIENTED_EDGE('',*,*,#3795,.F.);
#5496=ORIENTED_EDGE('',*,*,#3796,.F.);
#5497=ORIENTED_EDGE('',*,*,#3792,.T.);
#5498=ORIENTED_EDGE('',*,*,#3797,.T.);
#5499=ORIENTED_EDGE('',*,*,#3798,.F.);
#5500=ORIENTED_EDGE('',*,*,#3799,.F.);
#5501=ORIENTED_EDGE('',*,*,#3795,.T.);
#5502=ORIENTED_EDGE('',*,*,#3800,.T.);
#5503=ORIENTED_EDGE('',*,*,#3801,.F.);
#5504=ORIENTED_EDGE('',*,*,#3802,.F.);
#5505=ORIENTED_EDGE('',*,*,#3798,.T.);
#5506=ORIENTED_EDGE('',*,*,#3803,.T.);
#5507=ORIENTED_EDGE('',*,*,#3804,.F.);
#5508=ORIENTED_EDGE('',*,*,#3805,.F.);
#5509=ORIENTED_EDGE('',*,*,#3801,.T.);
#5510=ORIENTED_EDGE('',*,*,#3806,.T.);
#5511=ORIENTED_EDGE('',*,*,#3807,.F.);
#5512=ORIENTED_EDGE('',*,*,#3808,.F.);
#5513=ORIENTED_EDGE('',*,*,#3804,.T.);
#5514=ORIENTED_EDGE('',*,*,#3809,.T.);
#5515=ORIENTED_EDGE('',*,*,#3810,.F.);
#5516=ORIENTED_EDGE('',*,*,#3811,.F.);
#5517=ORIENTED_EDGE('',*,*,#3807,.T.);
#5518=ORIENTED_EDGE('',*,*,#3812,.T.);
#5519=ORIENTED_EDGE('',*,*,#3813,.F.);
#5520=ORIENTED_EDGE('',*,*,#3814,.F.);
#5521=ORIENTED_EDGE('',*,*,#3810,.T.);
#5522=ORIENTED_EDGE('',*,*,#3815,.T.);
#5523=ORIENTED_EDGE('',*,*,#3816,.F.);
#5524=ORIENTED_EDGE('',*,*,#3817,.F.);
#5525=ORIENTED_EDGE('',*,*,#3818,.T.);
#5526=ORIENTED_EDGE('',*,*,#3819,.T.);
#5527=ORIENTED_EDGE('',*,*,#3820,.F.);
#5528=ORIENTED_EDGE('',*,*,#3821,.T.);
#5529=ORIENTED_EDGE('',*,*,#3816,.T.);
#5530=ORIENTED_EDGE('',*,*,#3822,.T.);
#5531=ORIENTED_EDGE('',*,*,#3823,.F.);
#5532=ORIENTED_EDGE('',*,*,#3824,.F.);
#5533=ORIENTED_EDGE('',*,*,#3820,.T.);
#5534=ORIENTED_EDGE('',*,*,#3825,.T.);
#5535=ORIENTED_EDGE('',*,*,#3826,.F.);
#5536=ORIENTED_EDGE('',*,*,#3827,.T.);
#5537=ORIENTED_EDGE('',*,*,#3823,.T.);
#5538=ORIENTED_EDGE('',*,*,#3828,.T.);
#5539=ORIENTED_EDGE('',*,*,#3829,.F.);
#5540=ORIENTED_EDGE('',*,*,#3830,.F.);
#5541=ORIENTED_EDGE('',*,*,#3826,.T.);
#5542=ORIENTED_EDGE('',*,*,#3831,.T.);
#5543=ORIENTED_EDGE('',*,*,#3832,.F.);
#5544=ORIENTED_EDGE('',*,*,#3833,.F.);
#5545=ORIENTED_EDGE('',*,*,#3829,.T.);
#5546=ORIENTED_EDGE('',*,*,#3834,.T.);
#5547=ORIENTED_EDGE('',*,*,#3835,.F.);
#5548=ORIENTED_EDGE('',*,*,#3836,.F.);
#5549=ORIENTED_EDGE('',*,*,#3832,.T.);
#5550=ORIENTED_EDGE('',*,*,#3837,.T.);
#5551=ORIENTED_EDGE('',*,*,#3838,.F.);
#5552=ORIENTED_EDGE('',*,*,#3839,.T.);
#5553=ORIENTED_EDGE('',*,*,#3835,.T.);
#5554=ORIENTED_EDGE('',*,*,#3840,.T.);
#5555=ORIENTED_EDGE('',*,*,#3841,.F.);
#5556=ORIENTED_EDGE('',*,*,#3842,.F.);
#5557=ORIENTED_EDGE('',*,*,#3838,.T.);
#5558=ORIENTED_EDGE('',*,*,#3843,.T.);
#5559=ORIENTED_EDGE('',*,*,#3844,.F.);
#5560=ORIENTED_EDGE('',*,*,#3845,.T.);
#5561=ORIENTED_EDGE('',*,*,#3841,.T.);
#5562=ORIENTED_EDGE('',*,*,#3846,.T.);
#5563=ORIENTED_EDGE('',*,*,#3847,.F.);
#5564=ORIENTED_EDGE('',*,*,#3848,.F.);
#5565=ORIENTED_EDGE('',*,*,#3844,.T.);
#5566=ORIENTED_EDGE('',*,*,#3849,.T.);
#5567=ORIENTED_EDGE('',*,*,#3850,.F.);
#5568=ORIENTED_EDGE('',*,*,#3851,.T.);
#5569=ORIENTED_EDGE('',*,*,#3847,.T.);
#5570=ORIENTED_EDGE('',*,*,#3852,.T.);
#5571=ORIENTED_EDGE('',*,*,#3853,.F.);
#5572=ORIENTED_EDGE('',*,*,#3854,.F.);
#5573=ORIENTED_EDGE('',*,*,#3850,.T.);
#5574=ORIENTED_EDGE('',*,*,#3855,.T.);
#5575=ORIENTED_EDGE('',*,*,#3856,.F.);
#5576=ORIENTED_EDGE('',*,*,#3857,.T.);
#5577=ORIENTED_EDGE('',*,*,#3853,.T.);
#5578=ORIENTED_EDGE('',*,*,#3858,.T.);
#5579=ORIENTED_EDGE('',*,*,#3859,.F.);
#5580=ORIENTED_EDGE('',*,*,#3860,.F.);
#5581=ORIENTED_EDGE('',*,*,#3813,.T.);
#5582=ORIENTED_EDGE('',*,*,#3861,.T.);
#5583=ORIENTED_EDGE('',*,*,#3862,.F.);
#5584=ORIENTED_EDGE('',*,*,#3863,.F.);
#5585=ORIENTED_EDGE('',*,*,#3859,.T.);
#5586=ORIENTED_EDGE('',*,*,#3864,.T.);
#5587=ORIENTED_EDGE('',*,*,#3865,.F.);
#5588=ORIENTED_EDGE('',*,*,#3866,.F.);
#5589=ORIENTED_EDGE('',*,*,#3862,.T.);
#5590=ORIENTED_EDGE('',*,*,#3867,.T.);
#5591=ORIENTED_EDGE('',*,*,#3868,.F.);
#5592=ORIENTED_EDGE('',*,*,#3869,.F.);
#5593=ORIENTED_EDGE('',*,*,#3865,.T.);
#5594=ORIENTED_EDGE('',*,*,#3870,.T.);
#5595=ORIENTED_EDGE('',*,*,#3871,.F.);
#5596=ORIENTED_EDGE('',*,*,#3872,.F.);
#5597=ORIENTED_EDGE('',*,*,#3868,.T.);
#5598=ORIENTED_EDGE('',*,*,#3873,.T.);
#5599=ORIENTED_EDGE('',*,*,#3874,.F.);
#5600=ORIENTED_EDGE('',*,*,#3875,.F.);
#5601=ORIENTED_EDGE('',*,*,#3871,.T.);
#5602=ORIENTED_EDGE('',*,*,#3876,.T.);
#5603=ORIENTED_EDGE('',*,*,#3877,.F.);
#5604=ORIENTED_EDGE('',*,*,#3878,.F.);
#5605=ORIENTED_EDGE('',*,*,#3874,.T.);
#5606=ORIENTED_EDGE('',*,*,#3879,.T.);
#5607=ORIENTED_EDGE('',*,*,#3880,.F.);
#5608=ORIENTED_EDGE('',*,*,#3881,.F.);
#5609=ORIENTED_EDGE('',*,*,#3877,.T.);
#5610=ORIENTED_EDGE('',*,*,#3882,.T.);
#5611=ORIENTED_EDGE('',*,*,#3883,.F.);
#5612=ORIENTED_EDGE('',*,*,#3884,.F.);
#5613=ORIENTED_EDGE('',*,*,#3880,.T.);
#5614=ORIENTED_EDGE('',*,*,#3885,.T.);
#5615=ORIENTED_EDGE('',*,*,#3886,.F.);
#5616=ORIENTED_EDGE('',*,*,#3887,.F.);
#5617=ORIENTED_EDGE('',*,*,#3883,.T.);
#5618=ORIENTED_EDGE('',*,*,#3888,.T.);
#5619=ORIENTED_EDGE('',*,*,#3889,.F.);
#5620=ORIENTED_EDGE('',*,*,#3890,.F.);
#5621=ORIENTED_EDGE('',*,*,#3886,.T.);
#5622=ORIENTED_EDGE('',*,*,#3891,.T.);
#5623=ORIENTED_EDGE('',*,*,#3892,.F.);
#5624=ORIENTED_EDGE('',*,*,#3893,.F.);
#5625=ORIENTED_EDGE('',*,*,#3889,.T.);
#5626=ORIENTED_EDGE('',*,*,#3894,.T.);
#5627=ORIENTED_EDGE('',*,*,#3895,.F.);
#5628=ORIENTED_EDGE('',*,*,#3896,.F.);
#5629=ORIENTED_EDGE('',*,*,#3892,.T.);
#5630=ORIENTED_EDGE('',*,*,#3897,.T.);
#5631=ORIENTED_EDGE('',*,*,#3775,.F.);
#5632=ORIENTED_EDGE('',*,*,#3898,.F.);
#5633=ORIENTED_EDGE('',*,*,#3895,.T.);
#5634=ORIENTED_EDGE('',*,*,#3899,.T.);
#5635=ORIENTED_EDGE('',*,*,#3900,.F.);
#5636=ORIENTED_EDGE('',*,*,#3901,.F.);
#5637=ORIENTED_EDGE('',*,*,#3856,.T.);
#5638=ORIENTED_EDGE('',*,*,#3902,.T.);
#5639=ORIENTED_EDGE('',*,*,#3903,.F.);
#5640=ORIENTED_EDGE('',*,*,#3904,.T.);
#5641=ORIENTED_EDGE('',*,*,#3900,.T.);
#5642=ORIENTED_EDGE('',*,*,#3905,.T.);
#5643=ORIENTED_EDGE('',*,*,#3906,.F.);
#5644=ORIENTED_EDGE('',*,*,#3907,.F.);
#5645=ORIENTED_EDGE('',*,*,#3903,.T.);
#5646=ORIENTED_EDGE('',*,*,#3908,.T.);
#5647=ORIENTED_EDGE('',*,*,#3909,.F.);
#5648=ORIENTED_EDGE('',*,*,#3910,.T.);
#5649=ORIENTED_EDGE('',*,*,#3906,.T.);
#5650=ORIENTED_EDGE('',*,*,#3911,.T.);
#5651=ORIENTED_EDGE('',*,*,#3912,.F.);
#5652=ORIENTED_EDGE('',*,*,#3913,.F.);
#5653=ORIENTED_EDGE('',*,*,#3909,.T.);
#5654=ORIENTED_EDGE('',*,*,#3914,.T.);
#5655=ORIENTED_EDGE('',*,*,#3915,.F.);
#5656=ORIENTED_EDGE('',*,*,#3916,.F.);
#5657=ORIENTED_EDGE('',*,*,#3912,.T.);
#5658=ORIENTED_EDGE('',*,*,#3917,.T.);
#5659=ORIENTED_EDGE('',*,*,#3918,.F.);
#5660=ORIENTED_EDGE('',*,*,#3919,.F.);
#5661=ORIENTED_EDGE('',*,*,#3915,.T.);
#5662=ORIENTED_EDGE('',*,*,#3920,.T.);
#5663=ORIENTED_EDGE('',*,*,#3921,.F.);
#5664=ORIENTED_EDGE('',*,*,#3922,.T.);
#5665=ORIENTED_EDGE('',*,*,#3918,.T.);
#5666=ORIENTED_EDGE('',*,*,#3923,.T.);
#5667=ORIENTED_EDGE('',*,*,#3924,.F.);
#5668=ORIENTED_EDGE('',*,*,#3925,.F.);
#5669=ORIENTED_EDGE('',*,*,#3921,.T.);
#5670=ORIENTED_EDGE('',*,*,#3926,.T.);
#5671=ORIENTED_EDGE('',*,*,#3927,.F.);
#5672=ORIENTED_EDGE('',*,*,#3928,.T.);
#5673=ORIENTED_EDGE('',*,*,#3924,.T.);
#5674=ORIENTED_EDGE('',*,*,#3929,.T.);
#5675=ORIENTED_EDGE('',*,*,#3930,.F.);
#5676=ORIENTED_EDGE('',*,*,#3931,.F.);
#5677=ORIENTED_EDGE('',*,*,#3927,.T.);
#5678=ORIENTED_EDGE('',*,*,#3932,.T.);
#5679=ORIENTED_EDGE('',*,*,#3933,.F.);
#5680=ORIENTED_EDGE('',*,*,#3934,.T.);
#5681=ORIENTED_EDGE('',*,*,#3930,.T.);
#5682=ORIENTED_EDGE('',*,*,#3935,.T.);
#5683=ORIENTED_EDGE('',*,*,#3936,.F.);
#5684=ORIENTED_EDGE('',*,*,#3937,.F.);
#5685=ORIENTED_EDGE('',*,*,#3933,.T.);
#5686=ORIENTED_EDGE('',*,*,#3938,.T.);
#5687=ORIENTED_EDGE('',*,*,#3818,.F.);
#5688=ORIENTED_EDGE('',*,*,#3939,.T.);
#5689=ORIENTED_EDGE('',*,*,#3936,.T.);
#5690=ORIENTED_EDGE('',*,*,#3857,.F.);
#5691=ORIENTED_EDGE('',*,*,#3901,.T.);
#5692=ORIENTED_EDGE('',*,*,#3904,.F.);
#5693=ORIENTED_EDGE('',*,*,#3907,.T.);
#5694=ORIENTED_EDGE('',*,*,#3910,.F.);
#5695=ORIENTED_EDGE('',*,*,#3913,.T.);
#5696=ORIENTED_EDGE('',*,*,#3916,.T.);
#5697=ORIENTED_EDGE('',*,*,#3919,.T.);
#5698=ORIENTED_EDGE('',*,*,#3922,.F.);
#5699=ORIENTED_EDGE('',*,*,#3925,.T.);
#5700=ORIENTED_EDGE('',*,*,#3928,.F.);
#5701=ORIENTED_EDGE('',*,*,#3931,.T.);
#5702=ORIENTED_EDGE('',*,*,#3934,.F.);
#5703=ORIENTED_EDGE('',*,*,#3937,.T.);
#5704=ORIENTED_EDGE('',*,*,#3939,.F.);
#5705=ORIENTED_EDGE('',*,*,#3817,.T.);
#5706=ORIENTED_EDGE('',*,*,#3821,.F.);
#5707=ORIENTED_EDGE('',*,*,#3824,.T.);
#5708=ORIENTED_EDGE('',*,*,#3827,.F.);
#5709=ORIENTED_EDGE('',*,*,#3830,.T.);
#5710=ORIENTED_EDGE('',*,*,#3833,.T.);
#5711=ORIENTED_EDGE('',*,*,#3836,.T.);
#5712=ORIENTED_EDGE('',*,*,#3839,.F.);
#5713=ORIENTED_EDGE('',*,*,#3842,.T.);
#5714=ORIENTED_EDGE('',*,*,#3845,.F.);
#5715=ORIENTED_EDGE('',*,*,#3848,.T.);
#5716=ORIENTED_EDGE('',*,*,#3851,.F.);
#5717=ORIENTED_EDGE('',*,*,#3854,.T.);
#5718=ORIENTED_EDGE('',*,*,#3814,.T.);
#5719=ORIENTED_EDGE('',*,*,#3860,.T.);
#5720=ORIENTED_EDGE('',*,*,#3863,.T.);
#5721=ORIENTED_EDGE('',*,*,#3866,.T.);
#5722=ORIENTED_EDGE('',*,*,#3869,.T.);
#5723=ORIENTED_EDGE('',*,*,#3872,.T.);
#5724=ORIENTED_EDGE('',*,*,#3875,.T.);
#5725=ORIENTED_EDGE('',*,*,#3878,.T.);
#5726=ORIENTED_EDGE('',*,*,#3881,.T.);
#5727=ORIENTED_EDGE('',*,*,#3884,.T.);
#5728=ORIENTED_EDGE('',*,*,#3887,.T.);
#5729=ORIENTED_EDGE('',*,*,#3890,.T.);
#5730=ORIENTED_EDGE('',*,*,#3893,.T.);
#5731=ORIENTED_EDGE('',*,*,#3896,.T.);
#5732=ORIENTED_EDGE('',*,*,#3898,.T.);
#5733=ORIENTED_EDGE('',*,*,#3774,.T.);
#5734=ORIENTED_EDGE('',*,*,#3778,.T.);
#5735=ORIENTED_EDGE('',*,*,#3781,.T.);
#5736=ORIENTED_EDGE('',*,*,#3784,.T.);
#5737=ORIENTED_EDGE('',*,*,#3787,.T.);
#5738=ORIENTED_EDGE('',*,*,#3790,.T.);
#5739=ORIENTED_EDGE('',*,*,#3793,.T.);
#5740=ORIENTED_EDGE('',*,*,#3796,.T.);
#5741=ORIENTED_EDGE('',*,*,#3799,.T.);
#5742=ORIENTED_EDGE('',*,*,#3802,.T.);
#5743=ORIENTED_EDGE('',*,*,#3805,.T.);
#5744=ORIENTED_EDGE('',*,*,#3808,.T.);
#5745=ORIENTED_EDGE('',*,*,#3811,.T.);
#5746=ORIENTED_EDGE('',*,*,#3899,.F.);
#5747=ORIENTED_EDGE('',*,*,#3855,.F.);
#5748=ORIENTED_EDGE('',*,*,#3852,.F.);
#5749=ORIENTED_EDGE('',*,*,#3849,.F.);
#5750=ORIENTED_EDGE('',*,*,#3846,.F.);
#5751=ORIENTED_EDGE('',*,*,#3843,.F.);
#5752=ORIENTED_EDGE('',*,*,#3840,.F.);
#5753=ORIENTED_EDGE('',*,*,#3837,.F.);
#5754=ORIENTED_EDGE('',*,*,#3834,.F.);
#5755=ORIENTED_EDGE('',*,*,#3831,.F.);
#5756=ORIENTED_EDGE('',*,*,#3828,.F.);
#5757=ORIENTED_EDGE('',*,*,#3825,.F.);
#5758=ORIENTED_EDGE('',*,*,#3822,.F.);
#5759=ORIENTED_EDGE('',*,*,#3819,.F.);
#5760=ORIENTED_EDGE('',*,*,#3815,.F.);
#5761=ORIENTED_EDGE('',*,*,#3938,.F.);
#5762=ORIENTED_EDGE('',*,*,#3935,.F.);
#5763=ORIENTED_EDGE('',*,*,#3932,.F.);
#5764=ORIENTED_EDGE('',*,*,#3929,.F.);
#5765=ORIENTED_EDGE('',*,*,#3926,.F.);
#5766=ORIENTED_EDGE('',*,*,#3923,.F.);
#5767=ORIENTED_EDGE('',*,*,#3920,.F.);
#5768=ORIENTED_EDGE('',*,*,#3917,.F.);
#5769=ORIENTED_EDGE('',*,*,#3914,.F.);
#5770=ORIENTED_EDGE('',*,*,#3911,.F.);
#5771=ORIENTED_EDGE('',*,*,#3908,.F.);
#5772=ORIENTED_EDGE('',*,*,#3905,.F.);
#5773=ORIENTED_EDGE('',*,*,#3902,.F.);
#5774=ORIENTED_EDGE('',*,*,#3858,.F.);
#5775=ORIENTED_EDGE('',*,*,#3812,.F.);
#5776=ORIENTED_EDGE('',*,*,#3809,.F.);
#5777=ORIENTED_EDGE('',*,*,#3806,.F.);
#5778=ORIENTED_EDGE('',*,*,#3803,.F.);
#5779=ORIENTED_EDGE('',*,*,#3800,.F.);
#5780=ORIENTED_EDGE('',*,*,#3797,.F.);
#5781=ORIENTED_EDGE('',*,*,#3794,.F.);
#5782=ORIENTED_EDGE('',*,*,#3791,.F.);
#5783=ORIENTED_EDGE('',*,*,#3788,.F.);
#5784=ORIENTED_EDGE('',*,*,#3785,.F.);
#5785=ORIENTED_EDGE('',*,*,#3782,.F.);
#5786=ORIENTED_EDGE('',*,*,#3779,.F.);
#5787=ORIENTED_EDGE('',*,*,#3776,.F.);
#5788=ORIENTED_EDGE('',*,*,#3772,.F.);
#5789=ORIENTED_EDGE('',*,*,#3897,.F.);
#5790=ORIENTED_EDGE('',*,*,#3894,.F.);
#5791=ORIENTED_EDGE('',*,*,#3891,.F.);
#5792=ORIENTED_EDGE('',*,*,#3888,.F.);
#5793=ORIENTED_EDGE('',*,*,#3885,.F.);
#5794=ORIENTED_EDGE('',*,*,#3882,.F.);
#5795=ORIENTED_EDGE('',*,*,#3879,.F.);
#5796=ORIENTED_EDGE('',*,*,#3876,.F.);
#5797=ORIENTED_EDGE('',*,*,#3873,.F.);
#5798=ORIENTED_EDGE('',*,*,#3870,.F.);
#5799=ORIENTED_EDGE('',*,*,#3867,.F.);
#5800=ORIENTED_EDGE('',*,*,#3864,.F.);
#5801=ORIENTED_EDGE('',*,*,#3861,.F.);
#5802=ORIENTED_EDGE('',*,*,#3940,.T.);
#5803=ORIENTED_EDGE('',*,*,#3941,.T.);
#5804=ORIENTED_EDGE('',*,*,#3942,.F.);
#5805=ORIENTED_EDGE('',*,*,#3941,.F.);
#5806=ORIENTED_EDGE('',*,*,#3943,.T.);
#5807=ORIENTED_EDGE('',*,*,#3944,.T.);
#5808=ORIENTED_EDGE('',*,*,#3945,.F.);
#5809=ORIENTED_EDGE('',*,*,#3944,.F.);
#5810=ORIENTED_EDGE('',*,*,#3945,.T.);
#5811=ORIENTED_EDGE('',*,*,#3942,.T.);
#5812=ORIENTED_EDGE('',*,*,#3943,.F.);
#5813=ORIENTED_EDGE('',*,*,#3940,.F.);
#5814=CYLINDRICAL_SURFACE('',#6334,0.6);
#5815=CYLINDRICAL_SURFACE('',#6342,0.6);
#5816=CYLINDRICAL_SURFACE('',#6345,0.2);
#5817=CYLINDRICAL_SURFACE('',#6346,0.6);
#5818=CYLINDRICAL_SURFACE('',#6349,0.2);
#5819=CYLINDRICAL_SURFACE('',#6351,0.6);
#5820=CYLINDRICAL_SURFACE('',#6357,0.2);
#5821=CYLINDRICAL_SURFACE('',#6361,0.2);
#5822=CYLINDRICAL_SURFACE('',#6362,0.2);
#5823=CYLINDRICAL_SURFACE('',#6366,0.2);
#5824=CYLINDRICAL_SURFACE('',#6371,0.2);
#5825=CYLINDRICAL_SURFACE('',#6377,0.2);
#5826=CYLINDRICAL_SURFACE('',#6383,0.2);
#5827=CYLINDRICAL_SURFACE('',#6389,0.2);
#5828=CYLINDRICAL_SURFACE('',#6394,2.);
#5829=CYLINDRICAL_SURFACE('',#6397,2.);
#5830=CYLINDRICAL_SURFACE('',#6400,2.);
#5831=CYLINDRICAL_SURFACE('',#6403,4.00281151192508);
#5832=CYLINDRICAL_SURFACE('',#6453,2.2);
#5833=CYLINDRICAL_SURFACE('',#6461,2.2);
#5834=CYLINDRICAL_SURFACE('',#6469,2.2);
#5835=CYLINDRICAL_SURFACE('',#6477,2.2);
#5836=CYLINDRICAL_SURFACE('',#6486,8.7);
#5837=CYLINDRICAL_SURFACE('',#6507,0.25);
#5838=CYLINDRICAL_SURFACE('',#6509,3.1);
#5839=CYLINDRICAL_SURFACE('',#6513,0.25);
#5840=CYLINDRICAL_SURFACE('',#6515,3.1);
#5841=CYLINDRICAL_SURFACE('',#6535,0.25);
#5842=CYLINDRICAL_SURFACE('',#6537,3.1);
#5843=CYLINDRICAL_SURFACE('',#6539,0.25);
#5844=CYLINDRICAL_SURFACE('',#6541,2.95);
#5845=CYLINDRICAL_SURFACE('',#6556,4.00281151192509);
#5846=CYLINDRICAL_SURFACE('',#6623,0.4);
#5847=CYLINDRICAL_SURFACE('',#6629,0.4);
#5848=CYLINDRICAL_SURFACE('',#6643,0.4);
#5849=CYLINDRICAL_SURFACE('',#6649,0.4);
#5850=CYLINDRICAL_SURFACE('',#6650,0.4);
#5851=CYLINDRICAL_SURFACE('',#6656,0.4);
#5852=CYLINDRICAL_SURFACE('',#6658,0.4);
#5853=CYLINDRICAL_SURFACE('',#6664,0.4);
#5854=CYLINDRICAL_SURFACE('',#6687,0.25);
#5855=CYLINDRICAL_SURFACE('',#6690,0.25);
#5856=CYLINDRICAL_SURFACE('',#6691,3.1);
#5857=CYLINDRICAL_SURFACE('',#6693,3.1);
#5858=CYLINDRICAL_SURFACE('',#6710,0.25);
#5859=CYLINDRICAL_SURFACE('',#6711,3.1);
#5860=CYLINDRICAL_SURFACE('',#6726,3.1);
#5861=CYLINDRICAL_SURFACE('',#6742,0.25);
#5862=CYLINDRICAL_SURFACE('',#6745,2.);
#5863=CYLINDRICAL_SURFACE('',#6746,1.2);
#5864=CYLINDRICAL_SURFACE('',#6749,1.2);
#5865=CYLINDRICAL_SURFACE('',#6751,3.3);
#5866=CYLINDRICAL_SURFACE('',#6753,1.2);
#5867=CYLINDRICAL_SURFACE('',#6756,1.2);
#5868=CYLINDRICAL_SURFACE('',#6758,4.1);
#5869=CYLINDRICAL_SURFACE('',#6760,1.2);
#5870=CYLINDRICAL_SURFACE('',#6763,1.2);
#5871=CYLINDRICAL_SURFACE('',#6765,3.3);
#5872=CYLINDRICAL_SURFACE('',#6767,1.2);
#5873=CYLINDRICAL_SURFACE('',#6770,1.2);
#5874=CYLINDRICAL_SURFACE('',#6772,3.3);
#5875=CYLINDRICAL_SURFACE('',#6774,1.2);
#5876=CYLINDRICAL_SURFACE('',#6777,1.2);
#5877=CYLINDRICAL_SURFACE('',#6779,3.3);
#5878=CYLINDRICAL_SURFACE('',#6781,1.2);
#5879=CYLINDRICAL_SURFACE('',#6783,4.1);
#5880=CYLINDRICAL_SURFACE('',#6785,1.2);
#5881=CYLINDRICAL_SURFACE('',#6788,0.4);
#5882=CYLINDRICAL_SURFACE('',#6791,4.9);
#5883=CYLINDRICAL_SURFACE('',#6814,0.4);
#5884=CYLINDRICAL_SURFACE('',#6816,4.1);
#5885=CYLINDRICAL_SURFACE('',#6818,0.4);
#5886=CYLINDRICAL_SURFACE('',#6820,0.4);
#5887=CYLINDRICAL_SURFACE('',#6823,0.4);
#5888=CYLINDRICAL_SURFACE('',#6825,4.1);
#5889=CYLINDRICAL_SURFACE('',#6827,0.4);
#5890=CYLINDRICAL_SURFACE('',#6830,0.4);
#5891=CYLINDRICAL_SURFACE('',#6832,4.1);
#5892=CYLINDRICAL_SURFACE('',#6834,0.4);
#5893=CYLINDRICAL_SURFACE('',#6837,0.4);
#5894=CYLINDRICAL_SURFACE('',#6839,4.9);
#5895=CYLINDRICAL_SURFACE('',#6841,0.4);
#5896=CYLINDRICAL_SURFACE('',#6844,0.4);
#5897=CYLINDRICAL_SURFACE('',#6847,0.4);
#5898=CYLINDRICAL_SURFACE('',#6871,2.75000000000003);
#5899=CYLINDRICAL_SURFACE('',#6874,2.75000000000003);
#5900=CYLINDRICAL_SURFACE('',#6877,2.75000000000004);
#5901=CYLINDRICAL_SURFACE('',#6880,2.75000000000003);
#5902=CYLINDRICAL_SURFACE('',#6892,4.55000000000004);
#5903=CYLINDRICAL_SURFACE('',#6895,4.55000000000004);
#5904=CYLINDRICAL_SURFACE('',#6898,4.55000000000004);
#5905=CYLINDRICAL_SURFACE('',#6903,4.55000000000004);
#5906=CYLINDRICAL_SURFACE('',#6907,4.1);
#5907=CYLINDRICAL_SURFACE('',#6911,4.9);
#5908=CYLINDRICAL_SURFACE('',#6914,4.90000000000002);
#5909=CYLINDRICAL_SURFACE('',#6916,4.1);
#5910=CYLINDRICAL_SURFACE('',#6919,4.1);
#5911=CYLINDRICAL_SURFACE('',#6923,10.3);
#5912=CYLINDRICAL_SURFACE('',#6925,11.1);
#5913=CYLINDRICAL_SURFACE('',#6930,4.00281151192509);
#5914=CYLINDRICAL_SURFACE('',#6931,1.2);
#5915=CYLINDRICAL_SURFACE('',#6932,1.2);
#5916=CYLINDRICAL_SURFACE('',#6933,1.2);
#5917=CYLINDRICAL_SURFACE('',#6934,1.2);
#5918=CYLINDRICAL_SURFACE('',#6936,4.00281151192512);
#5919=CYLINDRICAL_SURFACE('',#6937,0.4);
#5920=CYLINDRICAL_SURFACE('',#6941,0.4);
#5921=CYLINDRICAL_SURFACE('',#6944,4.1);
#5922=CYLINDRICAL_SURFACE('',#6947,0.4);
#5923=CYLINDRICAL_SURFACE('',#6951,0.4);
#5924=CYLINDRICAL_SURFACE('',#6954,4.1);
#5925=CYLINDRICAL_SURFACE('',#6957,0.4);
#5926=CYLINDRICAL_SURFACE('',#6961,0.4);
#5927=CYLINDRICAL_SURFACE('',#6964,4.9);
#5928=CYLINDRICAL_SURFACE('',#6968,4.9);
#5929=CYLINDRICAL_SURFACE('',#6971,3.3);
#5930=CYLINDRICAL_SURFACE('',#6974,1.2);
#5931=CYLINDRICAL_SURFACE('',#6978,1.2);
#5932=CYLINDRICAL_SURFACE('',#6981,4.1);
#5933=CYLINDRICAL_SURFACE('',#6985,4.1);
#5934=CYLINDRICAL_SURFACE('',#6988,1.2);
#5935=CYLINDRICAL_SURFACE('',#6992,1.2);
#5936=CYLINDRICAL_SURFACE('',#6995,3.3);
#5937=CYLINDRICAL_SURFACE('',#6998,1.2);
#5938=CYLINDRICAL_SURFACE('',#7002,1.2);
#5939=CYLINDRICAL_SURFACE('',#7005,0.4);
#5940=CYLINDRICAL_SURFACE('',#7009,0.4);
#5941=CYLINDRICAL_SURFACE('',#7012,4.1);
#5942=CYLINDRICAL_SURFACE('',#7015,0.4);
#5943=CYLINDRICAL_SURFACE('',#7019,0.4);
#5944=CYLINDRICAL_SURFACE('',#7022,4.1);
#5945=CYLINDRICAL_SURFACE('',#7025,0.4);
#5946=CYLINDRICAL_SURFACE('',#7029,0.4);
#5947=CYLINDRICAL_SURFACE('',#7032,4.90000000000002);
#5948=CYLINDRICAL_SURFACE('',#7036,4.9);
#5949=CYLINDRICAL_SURFACE('',#7039,3.3);
#5950=CYLINDRICAL_SURFACE('',#7042,1.2);
#5951=CYLINDRICAL_SURFACE('',#7046,1.2);
#5952=CYLINDRICAL_SURFACE('',#7049,4.1);
#5953=CYLINDRICAL_SURFACE('',#7053,4.1);
#5954=CYLINDRICAL_SURFACE('',#7056,1.2);
#5955=CYLINDRICAL_SURFACE('',#7060,1.2);
#5956=CYLINDRICAL_SURFACE('',#7063,3.3);
#5957=CYLINDRICAL_SURFACE('',#7066,1.2);
#5958=CYLINDRICAL_SURFACE('',#7070,1.2);
#5959=CYLINDRICAL_SURFACE('',#7075,10.3);
#5960=CYLINDRICAL_SURFACE('',#7078,11.1);
#5961=ADVANCED_FACE('',(#281),#5814,.T.);
#5962=ADVANCED_FACE('',(#282),#135,.F.);
#5963=ADVANCED_FACE('',(#283),#136,.F.);
#5964=ADVANCED_FACE('',(#284),#5815,.T.);
#5965=ADVANCED_FACE('',(#285),#137,.F.);
#5966=ADVANCED_FACE('',(#286),#5816,.T.);
#5967=ADVANCED_FACE('',(#287),#5817,.T.);
#5968=ADVANCED_FACE('',(#288),#5818,.T.);
#5969=ADVANCED_FACE('',(#289),#5819,.T.);
#5970=ADVANCED_FACE('',(#290),#76,.T.);
#5971=ADVANCED_FACE('',(#291),#5820,.T.);
#5972=ADVANCED_FACE('',(#292),#77,.T.);
#5973=ADVANCED_FACE('',(#293),#5821,.T.);
#5974=ADVANCED_FACE('',(#294),#5822,.T.);
#5975=ADVANCED_FACE('',(#295),#78,.T.);
#5976=ADVANCED_FACE('',(#296),#5823,.T.);
#5977=ADVANCED_FACE('',(#297),#79,.T.);
#5978=ADVANCED_FACE('',(#298),#5824,.T.);
#5979=ADVANCED_FACE('',(#299),#80,.T.);
#5980=ADVANCED_FACE('',(#300),#5825,.T.);
#5981=ADVANCED_FACE('',(#301),#81,.T.);
#5982=ADVANCED_FACE('',(#302),#5826,.T.);
#5983=ADVANCED_FACE('',(#303),#82,.T.);
#5984=ADVANCED_FACE('',(#304),#5827,.T.);
#5985=ADVANCED_FACE('',(#305),#83,.T.);
#5986=ADVANCED_FACE('',(#306),#138,.T.);
#5987=ADVANCED_FACE('',(#307),#5828,.F.);
#5988=ADVANCED_FACE('',(#308),#139,.T.);
#5989=ADVANCED_FACE('',(#309),#5829,.F.);
#5990=ADVANCED_FACE('',(#310),#140,.T.);
#5991=ADVANCED_FACE('',(#311),#5830,.F.);
#5992=ADVANCED_FACE('',(#312),#141,.T.);
#5993=ADVANCED_FACE('',(#313),#5831,.T.);
#5994=ADVANCED_FACE('',(#314),#142,.F.);
#5995=ADVANCED_FACE('',(#315),#47,.F.);
#5996=ADVANCED_FACE('',(#316,#27,#28,#29,#30,#31,#32,#33),#143,.T.);
#5997=ADVANCED_FACE('',(#317),#5832,.F.);
#5998=ADVANCED_FACE('',(#318),#48,.F.);
#5999=ADVANCED_FACE('',(#319),#5833,.F.);
#6000=ADVANCED_FACE('',(#320),#49,.F.);
#6001=ADVANCED_FACE('',(#321),#5834,.F.);
#6002=ADVANCED_FACE('',(#322),#50,.F.);
#6003=ADVANCED_FACE('',(#323),#5835,.F.);
#6004=ADVANCED_FACE('',(#324),#51,.F.);
#6005=ADVANCED_FACE('',(#325),#5836,.F.);
#6006=ADVANCED_FACE('',(#326,#34),#144,.T.);
#6007=ADVANCED_FACE('',(#327),#52,.F.);
#6008=ADVANCED_FACE('',(#328),#53,.T.);
#6009=ADVANCED_FACE('',(#329),#54,.F.);
#6010=ADVANCED_FACE('',(#330),#55,.T.);
#6011=ADVANCED_FACE('',(#331),#56,.F.);
#6012=ADVANCED_FACE('',(#332),#57,.T.);
#6013=ADVANCED_FACE('',(#333),#58,.F.);
#6014=ADVANCED_FACE('',(#334),#59,.T.);
#6015=ADVANCED_FACE('',(#335),#5837,.T.);
#6016=ADVANCED_FACE('',(#336),#5838,.F.);
#6017=ADVANCED_FACE('',(#337),#5839,.T.);
#6018=ADVANCED_FACE('',(#338),#5840,.F.);
#6019=ADVANCED_FACE('',(#339),#60,.F.);
#6020=ADVANCED_FACE('',(#340),#61,.T.);
#6021=ADVANCED_FACE('',(#341),#62,.F.);
#6022=ADVANCED_FACE('',(#342),#63,.T.);
#6023=ADVANCED_FACE('',(#343),#64,.F.);
#6024=ADVANCED_FACE('',(#344),#65,.T.);
#6025=ADVANCED_FACE('',(#345),#66,.F.);
#6026=ADVANCED_FACE('',(#346),#67,.T.);
#6027=ADVANCED_FACE('',(#347),#5841,.T.);
#6028=ADVANCED_FACE('',(#348),#5842,.F.);
#6029=ADVANCED_FACE('',(#349),#5843,.T.);
#6030=ADVANCED_FACE('',(#350),#5844,.F.);
#6031=ADVANCED_FACE('',(#351),#145,.T.);
#6032=ADVANCED_FACE('',(#352),#68,.T.);
#6033=ADVANCED_FACE('',(#353),#146,.T.);
#6034=ADVANCED_FACE('',(#354),#69,.T.);
#6035=ADVANCED_FACE('',(#355),#147,.T.);
#6036=ADVANCED_FACE('',(#356),#70,.T.);
#6037=ADVANCED_FACE('',(#357),#148,.T.);
#6038=ADVANCED_FACE('',(#358),#71,.T.);
#6039=ADVANCED_FACE('',(#359),#5845,.T.);
#6040=ADVANCED_FACE('',(#360),#149,.T.);
#6041=ADVANCED_FACE('',(#361),#150,.T.);
#6042=ADVANCED_FACE('',(#362),#151,.F.);
#6043=ADVANCED_FACE('',(#363),#152,.F.);
#6044=ADVANCED_FACE('',(#364),#153,.F.);
#6045=ADVANCED_FACE('',(#365),#154,.F.);
#6046=ADVANCED_FACE('',(#366),#155,.F.);
#6047=ADVANCED_FACE('',(#367),#156,.F.);
#6048=ADVANCED_FACE('',(#368),#157,.F.);
#6049=ADVANCED_FACE('',(#369),#158,.F.);
#6050=ADVANCED_FACE('',(#370),#159,.F.);
#6051=ADVANCED_FACE('',(#371),#160,.F.);
#6052=ADVANCED_FACE('',(#372),#161,.F.);
#6053=ADVANCED_FACE('',(#373),#162,.F.);
#6054=ADVANCED_FACE('',(#374),#163,.F.);
#6055=ADVANCED_FACE('',(#375),#164,.F.);
#6056=ADVANCED_FACE('',(#376),#165,.F.);
#6057=ADVANCED_FACE('',(#377),#166,.F.);
#6058=ADVANCED_FACE('',(#378),#167,.F.);
#6059=ADVANCED_FACE('',(#379),#168,.F.);
#6060=ADVANCED_FACE('',(#380),#169,.F.);
#6061=ADVANCED_FACE('',(#381),#170,.F.);
#6062=ADVANCED_FACE('',(#382),#171,.F.);
#6063=ADVANCED_FACE('',(#383),#172,.F.);
#6064=ADVANCED_FACE('',(#384),#173,.F.);
#6065=ADVANCED_FACE('',(#385),#174,.F.);
#6066=ADVANCED_FACE('',(#386),#175,.F.);
#6067=ADVANCED_FACE('',(#387),#176,.F.);
#6068=ADVANCED_FACE('',(#388),#177,.F.);
#6069=ADVANCED_FACE('',(#389),#178,.F.);
#6070=ADVANCED_FACE('',(#390),#179,.T.);
#6071=ADVANCED_FACE('',(#391),#180,.F.);
#6072=ADVANCED_FACE('',(#392),#181,.F.);
#6073=ADVANCED_FACE('',(#393),#182,.T.);
#6074=ADVANCED_FACE('',(#394),#183,.T.);
#6075=ADVANCED_FACE('',(#395),#184,.T.);
#6076=ADVANCED_FACE('',(#396),#185,.F.);
#6077=ADVANCED_FACE('',(#397),#186,.F.);
#6078=ADVANCED_FACE('',(#398),#187,.T.);
#6079=ADVANCED_FACE('',(#399),#188,.T.);
#6080=ADVANCED_FACE('',(#400),#189,.F.);
#6081=ADVANCED_FACE('',(#401),#190,.F.);
#6082=ADVANCED_FACE('',(#402),#191,.T.);
#6083=ADVANCED_FACE('',(#403),#192,.F.);
#6084=ADVANCED_FACE('',(#404),#193,.F.);
#6085=ADVANCED_FACE('',(#405),#194,.T.);
#6086=ADVANCED_FACE('',(#406),#195,.F.);
#6087=ADVANCED_FACE('',(#407),#196,.F.);
#6088=ADVANCED_FACE('',(#408),#197,.F.);
#6089=ADVANCED_FACE('',(#409),#198,.F.);
#6090=ADVANCED_FACE('',(#410),#5846,.T.);
#6091=ADVANCED_FACE('',(#411),#84,.T.);
#6092=ADVANCED_FACE('',(#412),#5847,.T.);
#6093=ADVANCED_FACE('',(#413,#35,#36,#37,#38),#199,.F.);
#6094=ADVANCED_FACE('',(#414),#5848,.T.);
#6095=ADVANCED_FACE('',(#415),#85,.T.);
#6096=ADVANCED_FACE('',(#416),#5849,.T.);
#6097=ADVANCED_FACE('',(#417),#5850,.T.);
#6098=ADVANCED_FACE('',(#418),#86,.T.);
#6099=ADVANCED_FACE('',(#419),#5851,.T.);
#6100=ADVANCED_FACE('',(#420),#5852,.T.);
#6101=ADVANCED_FACE('',(#421),#87,.T.);
#6102=ADVANCED_FACE('',(#422),#5853,.T.);
#6103=ADVANCED_FACE('',(#423),#19,.T.);
#6104=ADVANCED_FACE('',(#424),#88,.T.);
#6105=ADVANCED_FACE('',(#425),#89,.T.);
#6106=ADVANCED_FACE('',(#426),#20,.T.);
#6107=ADVANCED_FACE('',(#427),#21,.T.);
#6108=ADVANCED_FACE('',(#428),#90,.T.);
#6109=ADVANCED_FACE('',(#429),#91,.T.);
#6110=ADVANCED_FACE('',(#430),#5854,.T.);
#6111=ADVANCED_FACE('',(#431),#92,.T.);
#6112=ADVANCED_FACE('',(#432),#5855,.T.);
#6113=ADVANCED_FACE('',(#433),#5856,.F.);
#6114=ADVANCED_FACE('',(#434),#5857,.F.);
#6115=ADVANCED_FACE('',(#435),#22,.T.);
#6116=ADVANCED_FACE('',(#436),#93,.T.);
#6117=ADVANCED_FACE('',(#437),#94,.T.);
#6118=ADVANCED_FACE('',(#438),#23,.T.);
#6119=ADVANCED_FACE('',(#439),#95,.T.);
#6120=ADVANCED_FACE('',(#440),#96,.T.);
#6121=ADVANCED_FACE('',(#441),#5858,.T.);
#6122=ADVANCED_FACE('',(#442),#5859,.F.);
#6123=ADVANCED_FACE('',(#443),#24,.T.);
#6124=ADVANCED_FACE('',(#444),#25,.T.);
#6125=ADVANCED_FACE('',(#445),#97,.T.);
#6126=ADVANCED_FACE('',(#446),#98,.T.);
#6127=ADVANCED_FACE('',(#447),#99,.T.);
#6128=ADVANCED_FACE('',(#448),#5860,.F.);
#6129=ADVANCED_FACE('',(#449,#39),#200,.F.);
#6130=ADVANCED_FACE('',(#450),#26,.T.);
#6131=ADVANCED_FACE('',(#451),#100,.T.);
#6132=ADVANCED_FACE('',(#452),#101,.T.);
#6133=ADVANCED_FACE('',(#453),#5861,.T.);
#6134=ADVANCED_FACE('',(#454),#102,.T.);
#6135=ADVANCED_FACE('',(#455),#5862,.F.);
#6136=ADVANCED_FACE('',(#456),#5863,.F.);
#6137=ADVANCED_FACE('',(#457),#201,.F.);
#6138=ADVANCED_FACE('',(#458),#5864,.F.);
#6139=ADVANCED_FACE('',(#459),#5865,.T.);
#6140=ADVANCED_FACE('',(#460),#5866,.F.);
#6141=ADVANCED_FACE('',(#461),#202,.F.);
#6142=ADVANCED_FACE('',(#462),#5867,.F.);
#6143=ADVANCED_FACE('',(#463),#5868,.T.);
#6144=ADVANCED_FACE('',(#464),#5869,.F.);
#6145=ADVANCED_FACE('',(#465),#203,.F.);
#6146=ADVANCED_FACE('',(#466),#5870,.F.);
#6147=ADVANCED_FACE('',(#467),#5871,.T.);
#6148=ADVANCED_FACE('',(#468),#5872,.F.);
#6149=ADVANCED_FACE('',(#469),#204,.F.);
#6150=ADVANCED_FACE('',(#470),#5873,.F.);
#6151=ADVANCED_FACE('',(#471),#5874,.T.);
#6152=ADVANCED_FACE('',(#472),#5875,.F.);
#6153=ADVANCED_FACE('',(#473),#205,.F.);
#6154=ADVANCED_FACE('',(#474),#5876,.F.);
#6155=ADVANCED_FACE('',(#475),#5877,.T.);
#6156=ADVANCED_FACE('',(#476),#5878,.F.);
#6157=ADVANCED_FACE('',(#477),#5879,.T.);
#6158=ADVANCED_FACE('',(#478),#5880,.F.);
#6159=ADVANCED_FACE('',(#479),#206,.F.);
#6160=ADVANCED_FACE('',(#480),#5881,.T.);
#6161=ADVANCED_FACE('',(#481),#5882,.F.);
#6162=ADVANCED_FACE('',(#482,#40),#207,.T.);
#6163=ADVANCED_FACE('',(#483),#5883,.T.);
#6164=ADVANCED_FACE('',(#484),#5884,.F.);
#6165=ADVANCED_FACE('',(#485),#5885,.T.);
#6166=ADVANCED_FACE('',(#486),#5886,.T.);
#6167=ADVANCED_FACE('',(#487),#208,.F.);
#6168=ADVANCED_FACE('',(#488),#5887,.T.);
#6169=ADVANCED_FACE('',(#489),#5888,.F.);
#6170=ADVANCED_FACE('',(#490),#5889,.T.);
#6171=ADVANCED_FACE('',(#491),#209,.F.);
#6172=ADVANCED_FACE('',(#492),#5890,.T.);
#6173=ADVANCED_FACE('',(#493),#5891,.F.);
#6174=ADVANCED_FACE('',(#494),#5892,.T.);
#6175=ADVANCED_FACE('',(#495),#210,.F.);
#6176=ADVANCED_FACE('',(#496),#5893,.T.);
#6177=ADVANCED_FACE('',(#497),#5894,.F.);
#6178=ADVANCED_FACE('',(#498),#5895,.T.);
#6179=ADVANCED_FACE('',(#499),#211,.F.);
#6180=ADVANCED_FACE('',(#500),#5896,.T.);
#6181=ADVANCED_FACE('',(#501),#212,.F.);
#6182=ADVANCED_FACE('',(#502),#5897,.T.);
#6183=ADVANCED_FACE('',(#503),#213,.F.);
#6184=ADVANCED_FACE('',(#504),#214,.T.);
#6185=ADVANCED_FACE('',(#505),#72,.T.);
#6186=ADVANCED_FACE('',(#506),#215,.T.);
#6187=ADVANCED_FACE('',(#507),#216,.T.);
#6188=ADVANCED_FACE('',(#508),#73,.T.);
#6189=ADVANCED_FACE('',(#509),#217,.T.);
#6190=ADVANCED_FACE('',(#510),#218,.T.);
#6191=ADVANCED_FACE('',(#511),#74,.T.);
#6192=ADVANCED_FACE('',(#512),#219,.T.);
#6193=ADVANCED_FACE('',(#513),#220,.T.);
#6194=ADVANCED_FACE('',(#514),#75,.T.);
#6195=ADVANCED_FACE('',(#515),#221,.T.);
#6196=ADVANCED_FACE('',(#516),#222,.F.);
#6197=ADVANCED_FACE('',(#517),#5898,.T.);
#6198=ADVANCED_FACE('',(#518),#223,.F.);
#6199=ADVANCED_FACE('',(#519),#224,.F.);
#6200=ADVANCED_FACE('',(#520),#5899,.T.);
#6201=ADVANCED_FACE('',(#521),#225,.F.);
#6202=ADVANCED_FACE('',(#522),#226,.F.);
#6203=ADVANCED_FACE('',(#523),#5900,.T.);
#6204=ADVANCED_FACE('',(#524),#227,.F.);
#6205=ADVANCED_FACE('',(#525),#228,.F.);
#6206=ADVANCED_FACE('',(#526),#5901,.T.);
#6207=ADVANCED_FACE('',(#527),#229,.F.);
#6208=ADVANCED_FACE('',(#528),#230,.F.);
#6209=ADVANCED_FACE('',(#529),#231,.F.);
#6210=ADVANCED_FACE('',(#530),#232,.F.);
#6211=ADVANCED_FACE('',(#531),#233,.F.);
#6212=ADVANCED_FACE('',(#532),#234,.F.);
#6213=ADVANCED_FACE('',(#533),#235,.F.);
#6214=ADVANCED_FACE('',(#534),#236,.F.);
#6215=ADVANCED_FACE('',(#535),#237,.F.);
#6216=ADVANCED_FACE('',(#536),#238,.F.);
#6217=ADVANCED_FACE('',(#537),#239,.F.);
#6218=ADVANCED_FACE('',(#538),#5902,.T.);
#6219=ADVANCED_FACE('',(#539),#240,.F.);
#6220=ADVANCED_FACE('',(#540),#241,.F.);
#6221=ADVANCED_FACE('',(#541),#5903,.T.);
#6222=ADVANCED_FACE('',(#542),#242,.F.);
#6223=ADVANCED_FACE('',(#543),#243,.F.);
#6224=ADVANCED_FACE('',(#544),#5904,.T.);
#6225=ADVANCED_FACE('',(#545),#244,.F.);
#6226=ADVANCED_FACE('',(#546),#245,.F.);
#6227=ADVANCED_FACE('',(#547),#246,.F.);
#6228=ADVANCED_FACE('',(#548),#247,.F.);
#6229=ADVANCED_FACE('',(#549),#5905,.T.);
#6230=ADVANCED_FACE('',(#550),#248,.F.);
#6231=ADVANCED_FACE('',(#551),#249,.F.);
#6232=ADVANCED_FACE('',(#552),#250,.F.);
#6233=ADVANCED_FACE('',(#553),#5906,.F.);
#6234=ADVANCED_FACE('',(#554),#251,.F.);
#6235=ADVANCED_FACE('',(#555),#252,.F.);
#6236=ADVANCED_FACE('',(#556),#5907,.F.);
#6237=ADVANCED_FACE('',(#557),#253,.F.);
#6238=ADVANCED_FACE('',(#558),#5908,.F.);
#6239=ADVANCED_FACE('',(#559),#5909,.T.);
#6240=ADVANCED_FACE('',(#560),#254,.F.);
#6241=ADVANCED_FACE('',(#561),#5910,.T.);
#6242=ADVANCED_FACE('',(#562),#255,.F.);
#6243=ADVANCED_FACE('',(#563,#41),#256,.T.);
#6244=ADVANCED_FACE('',(#564),#5911,.T.);
#6245=ADVANCED_FACE('',(#565),#5912,.F.);
#6246=ADVANCED_FACE('',(#566,#42),#257,.T.);
#6247=ADVANCED_FACE('',(#567),#258,.T.);
#6248=ADVANCED_FACE('',(#568),#259,.T.);
#6249=ADVANCED_FACE('',(#569),#5913,.T.);
#6250=ADVANCED_FACE('',(#570),#5914,.F.);
#6251=ADVANCED_FACE('',(#571),#5915,.F.);
#6252=ADVANCED_FACE('',(#572),#5916,.F.);
#6253=ADVANCED_FACE('',(#573),#5917,.F.);
#6254=ADVANCED_FACE('',(#574),#260,.T.);
#6255=ADVANCED_FACE('',(#575),#5918,.T.);
#6256=ADVANCED_FACE('',(#576),#5919,.F.);
#6257=ADVANCED_FACE('',(#577),#261,.T.);
#6258=ADVANCED_FACE('',(#578),#5920,.F.);
#6259=ADVANCED_FACE('',(#579),#5921,.T.);
#6260=ADVANCED_FACE('',(#580),#5922,.F.);
#6261=ADVANCED_FACE('',(#581),#262,.T.);
#6262=ADVANCED_FACE('',(#582),#5923,.F.);
#6263=ADVANCED_FACE('',(#583),#5924,.T.);
#6264=ADVANCED_FACE('',(#584),#5925,.F.);
#6265=ADVANCED_FACE('',(#585),#263,.T.);
#6266=ADVANCED_FACE('',(#586),#5926,.F.);
#6267=ADVANCED_FACE('',(#587),#5927,.T.);
#6268=ADVANCED_FACE('',(#588),#264,.T.);
#6269=ADVANCED_FACE('',(#589),#5928,.T.);
#6270=ADVANCED_FACE('',(#590),#5929,.F.);
#6271=ADVANCED_FACE('',(#591),#5930,.T.);
#6272=ADVANCED_FACE('',(#592),#265,.T.);
#6273=ADVANCED_FACE('',(#593),#5931,.T.);
#6274=ADVANCED_FACE('',(#594),#5932,.F.);
#6275=ADVANCED_FACE('',(#595),#266,.T.);
#6276=ADVANCED_FACE('',(#596),#5933,.F.);
#6277=ADVANCED_FACE('',(#597),#5934,.T.);
#6278=ADVANCED_FACE('',(#598),#267,.T.);
#6279=ADVANCED_FACE('',(#599),#5935,.T.);
#6280=ADVANCED_FACE('',(#600),#5936,.F.);
#6281=ADVANCED_FACE('',(#601),#5937,.T.);
#6282=ADVANCED_FACE('',(#602),#268,.T.);
#6283=ADVANCED_FACE('',(#603),#5938,.T.);
#6284=ADVANCED_FACE('',(#604),#5939,.F.);
#6285=ADVANCED_FACE('',(#605),#269,.T.);
#6286=ADVANCED_FACE('',(#606),#5940,.F.);
#6287=ADVANCED_FACE('',(#607),#5941,.T.);
#6288=ADVANCED_FACE('',(#608),#5942,.F.);
#6289=ADVANCED_FACE('',(#609),#270,.T.);
#6290=ADVANCED_FACE('',(#610),#5943,.F.);
#6291=ADVANCED_FACE('',(#611),#5944,.T.);
#6292=ADVANCED_FACE('',(#612),#5945,.F.);
#6293=ADVANCED_FACE('',(#613),#271,.T.);
#6294=ADVANCED_FACE('',(#614),#5946,.F.);
#6295=ADVANCED_FACE('',(#615),#5947,.T.);
#6296=ADVANCED_FACE('',(#616),#272,.T.);
#6297=ADVANCED_FACE('',(#617),#5948,.T.);
#6298=ADVANCED_FACE('',(#618),#5949,.F.);
#6299=ADVANCED_FACE('',(#619),#5950,.T.);
#6300=ADVANCED_FACE('',(#620),#273,.T.);
#6301=ADVANCED_FACE('',(#621),#5951,.T.);
#6302=ADVANCED_FACE('',(#622),#5952,.F.);
#6303=ADVANCED_FACE('',(#623),#274,.T.);
#6304=ADVANCED_FACE('',(#624),#5953,.F.);
#6305=ADVANCED_FACE('',(#625),#5954,.T.);
#6306=ADVANCED_FACE('',(#626),#275,.T.);
#6307=ADVANCED_FACE('',(#627),#5955,.T.);
#6308=ADVANCED_FACE('',(#628),#5956,.F.);
#6309=ADVANCED_FACE('',(#629),#5957,.T.);
#6310=ADVANCED_FACE('',(#630),#276,.T.);
#6311=ADVANCED_FACE('',(#631),#5958,.T.);
#6312=ADVANCED_FACE('',(#632,#43),#277,.F.);
#6313=ADVANCED_FACE('',(#633,#44),#278,.T.);
#6314=ADVANCED_FACE('',(#634),#5959,.F.);
#6315=ADVANCED_FACE('',(#635),#5960,.T.);
#6316=ADVANCED_FACE('',(#636,#45),#279,.F.);
#6317=ADVANCED_FACE('',(#637,#46),#280,.T.);
#6318=CLOSED_SHELL('',(#5961,#5962,#5963,#5964,#5965,#5966,#5967,#5968,
#5969,#5970,#5971,#5972,#5973,#5974,#5975,#5976,#5977,#5978,#5979,#5980,
#5981,#5982,#5983,#5984,#5985,#5986,#5987,#5988,#5989,#5990,#5991,#5992,
#5993,#5994,#5995,#5996,#5997,#5998,#5999,#6000,#6001,#6002,#6003,#6004,
#6005,#6006,#6007,#6008,#6009,#6010,#6011,#6012,#6013,#6014,#6015,#6016,
#6017,#6018,#6019,#6020,#6021,#6022,#6023,#6024,#6025,#6026,#6027,#6028,
#6029,#6030,#6031,#6032,#6033,#6034,#6035,#6036,#6037,#6038,#6039,#6040,
#6041,#6042,#6043,#6044,#6045,#6046,#6047,#6048,#6049,#6050,#6051,#6052,
#6053,#6054,#6055,#6056,#6057,#6058,#6059,#6060,#6061,#6062,#6063,#6064,
#6065,#6066,#6067,#6068,#6069,#6070,#6071,#6072,#6073,#6074,#6075,#6076,
#6077,#6078,#6079,#6080,#6081,#6082,#6083,#6084,#6085,#6086,#6087,#6088,
#6089,#6090,#6091,#6092,#6093,#6094,#6095,#6096,#6097,#6098,#6099,#6100,
#6101,#6102,#6103,#6104,#6105,#6106,#6107,#6108,#6109,#6110,#6111,#6112,
#6113,#6114,#6115,#6116,#6117,#6118,#6119,#6120,#6121,#6122,#6123,#6124,
#6125,#6126,#6127,#6128,#6129,#6130,#6131,#6132,#6133,#6134,#6135,#6136,
#6137,#6138,#6139,#6140,#6141,#6142,#6143,#6144,#6145,#6146,#6147,#6148,
#6149,#6150,#6151,#6152,#6153,#6154,#6155,#6156,#6157,#6158,#6159,#6160,
#6161,#6162,#6163,#6164,#6165,#6166,#6167,#6168,#6169,#6170,#6171,#6172,
#6173,#6174,#6175,#6176,#6177,#6178,#6179,#6180,#6181,#6182,#6183,#6184,
#6185,#6186,#6187,#6188,#6189,#6190,#6191,#6192,#6193,#6194,#6195,#6196,
#6197,#6198,#6199,#6200,#6201,#6202,#6203,#6204,#6205,#6206,#6207,#6208,
#6209,#6210,#6211,#6212,#6213,#6214,#6215,#6216,#6217,#6218,#6219,#6220,
#6221,#6222,#6223,#6224,#6225,#6226,#6227,#6228,#6229,#6230,#6231,#6232,
#6233,#6234,#6235,#6236,#6237,#6238,#6239,#6240,#6241,#6242,#6243,#6244,
#6245,#6246,#6247,#6248,#6249,#6250,#6251,#6252,#6253,#6254,#6255));
#6319=CLOSED_SHELL('',(#6256,#6257,#6258,#6259,#6260,#6261,#6262,#6263,
#6264,#6265,#6266,#6267,#6268,#6269,#6270,#6271,#6272,#6273,#6274,#6275,
#6276,#6277,#6278,#6279,#6280,#6281,#6282,#6283,#6284,#6285,#6286,#6287,
#6288,#6289,#6290,#6291,#6292,#6293,#6294,#6295,#6296,#6297,#6298,#6299,
#6300,#6301,#6302,#6303,#6304,#6305,#6306,#6307,#6308,#6309,#6310,#6311,
#6312,#6313));
#6320=CLOSED_SHELL('',(#6314,#6315,#6316,#6317));
#6321=DERIVED_UNIT_ELEMENT(#6323,1.);
#6322=DERIVED_UNIT_ELEMENT(#11231,-3.);
#6323=(
MASS_UNIT()
NAMED_UNIT(*)
SI_UNIT(.KILO.,.GRAM.)
);
#6324=DERIVED_UNIT((#6321,#6322));
#6325=MEASURE_REPRESENTATION_ITEM('density measure',
POSITIVE_RATIO_MEASURE(7872.),#6324);
#6326=PROPERTY_DEFINITION_REPRESENTATION(#6331,#6328);
#6327=PROPERTY_DEFINITION_REPRESENTATION(#6332,#6329);
#6328=REPRESENTATION('material name',(#6330),#11228);
#6329=REPRESENTATION('density',(#6325),#11228);
#6330=DESCRIPTIVE_REPRESENTATION_ITEM('Steel AISI 1008 91 HR',
'Steel AISI 1008 91 HR');
#6331=PROPERTY_DEFINITION('material property','material name',#11238);
#6332=PROPERTY_DEFINITION('material property','density of part',#11238);
#6333=AXIS2_PLACEMENT_3D('',#9093,#7083,#7084);
#6334=AXIS2_PLACEMENT_3D('',#9094,#7085,#7086);
#6335=AXIS2_PLACEMENT_3D('',#9097,#7087,#7088);
#6336=AXIS2_PLACEMENT_3D('',#9101,#7090,#7091);
#6337=AXIS2_PLACEMENT_3D('',#9103,#7093,#7094);
#6338=AXIS2_PLACEMENT_3D('',#9113,#7100,#7101);
#6339=AXIS2_PLACEMENT_3D('',#9117,#7103,#7104);
#6340=AXIS2_PLACEMENT_3D('',#9133,#7112,#7113);
#6341=AXIS2_PLACEMENT_3D('',#9137,#7115,#7116);
#6342=AXIS2_PLACEMENT_3D('',#9141,#7119,#7120);
#6343=AXIS2_PLACEMENT_3D('',#9145,#7122,#7123);
#6344=AXIS2_PLACEMENT_3D('',#9147,#7125,#7126);
#6345=AXIS2_PLACEMENT_3D('',#9155,#7131,#7132);
#6346=AXIS2_PLACEMENT_3D('',#9184,#7135,#7136);
#6347=AXIS2_PLACEMENT_3D('',#9198,#7138,#7139);
#6348=AXIS2_PLACEMENT_3D('',#9199,#7140,#7141);
#6349=AXIS2_PLACEMENT_3D('',#9200,#7142,#7143);
#6350=AXIS2_PLACEMENT_3D('',#9205,#7145,#7146);
#6351=AXIS2_PLACEMENT_3D('',#9218,#7148,#7149);
#6352=AXIS2_PLACEMENT_3D('',#9232,#7151,#7152);
#6353=AXIS2_PLACEMENT_3D('',#9233,#7153,#7154);
#6354=AXIS2_PLACEMENT_3D('',#9234,#7155,#7156);
#6355=AXIS2_PLACEMENT_3D('',#9237,#7157,#7158);
#6356=AXIS2_PLACEMENT_3D('',#9252,#7159,#7160);
#6357=AXIS2_PLACEMENT_3D('',#9265,#7161,#7162);
#6358=AXIS2_PLACEMENT_3D('',#9282,#7165,#7166);
#6359=AXIS2_PLACEMENT_3D('',#9284,#7167,#7168);
#6360=AXIS2_PLACEMENT_3D('',#9286,#7169,#7170);
#6361=AXIS2_PLACEMENT_3D('',#9299,#7171,#7172);
#6362=AXIS2_PLACEMENT_3D('',#9316,#7175,#7176);
#6363=AXIS2_PLACEMENT_3D('',#9319,#7179,#7180);
#6364=AXIS2_PLACEMENT_3D('',#9321,#7181,#7182);
#6365=AXIS2_PLACEMENT_3D('',#9323,#7183,#7184);
#6366=AXIS2_PLACEMENT_3D('',#9336,#7185,#7186);
#6367=AXIS2_PLACEMENT_3D('',#9353,#7189,#7190);
#6368=AXIS2_PLACEMENT_3D('',#9356,#7191,#7192);
#6369=AXIS2_PLACEMENT_3D('',#9357,#7193,#7194);
#6370=AXIS2_PLACEMENT_3D('',#9358,#7195,#7196);
#6371=AXIS2_PLACEMENT_3D('',#9359,#7197,#7198);
#6372=AXIS2_PLACEMENT_3D('',#9362,#7199,#7200);
#6373=AXIS2_PLACEMENT_3D('',#9365,#7203,#7204);
#6374=AXIS2_PLACEMENT_3D('',#9368,#7205,#7206);
#6375=AXIS2_PLACEMENT_3D('',#9369,#7207,#7208);
#6376=AXIS2_PLACEMENT_3D('',#9370,#7209,#7210);
#6377=AXIS2_PLACEMENT_3D('',#9371,#7211,#7212);
#6378=AXIS2_PLACEMENT_3D('',#9374,#7213,#7214);
#6379=AXIS2_PLACEMENT_3D('',#9377,#7217,#7218);
#6380=AXIS2_PLACEMENT_3D('',#9380,#7219,#7220);
#6381=AXIS2_PLACEMENT_3D('',#9381,#7221,#7222);
#6382=AXIS2_PLACEMENT_3D('',#9382,#7223,#7224);
#6383=AXIS2_PLACEMENT_3D('',#9383,#7225,#7226);
#6384=AXIS2_PLACEMENT_3D('',#9386,#7227,#7228);
#6385=AXIS2_PLACEMENT_3D('',#9389,#7231,#7232);
#6386=AXIS2_PLACEMENT_3D('',#9392,#7233,#7234);
#6387=AXIS2_PLACEMENT_3D('',#9393,#7235,#7236);
#6388=AXIS2_PLACEMENT_3D('',#9394,#7237,#7238);
#6389=AXIS2_PLACEMENT_3D('',#9395,#7239,#7240);
#6390=AXIS2_PLACEMENT_3D('',#9398,#7243,#7244);
#6391=AXIS2_PLACEMENT_3D('',#9399,#7245,#7246);
#6392=AXIS2_PLACEMENT_3D('',#9400,#7247,#7248);
#6393=AXIS2_PLACEMENT_3D('',#9401,#7249,#7250);
#6394=AXIS2_PLACEMENT_3D('',#9407,#7254,#7255);
#6395=AXIS2_PLACEMENT_3D('',#9410,#7257,#7258);
#6396=AXIS2_PLACEMENT_3D('',#9411,#7259,#7260);
#6397=AXIS2_PLACEMENT_3D('',#9415,#7263,#7264);
#6398=AXIS2_PLACEMENT_3D('',#9418,#7266,#7267);
#6399=AXIS2_PLACEMENT_3D('',#9419,#7268,#7269);
#6400=AXIS2_PLACEMENT_3D('',#9423,#7272,#7273);
#6401=AXIS2_PLACEMENT_3D('',#9426,#7275,#7276);
#6402=AXIS2_PLACEMENT_3D('',#9427,#7277,#7278);
#6403=AXIS2_PLACEMENT_3D('',#9429,#7280,#7281);
#6404=AXIS2_PLACEMENT_3D('',#9433,#7283,#7284);
#6405=AXIS2_PLACEMENT_3D('',#9435,#7286,#7287);
#6406=AXIS2_PLACEMENT_3D('',#9436,#7288,#7289);
#6407=AXIS2_PLACEMENT_3D('',#9438,#7290,#7291);
#6408=AXIS2_PLACEMENT_3D('',#9441,#7293,#7294);
#6409=AXIS2_PLACEMENT_3D('',#9442,#7295,#7296);
#6410=AXIS2_PLACEMENT_3D('',#9447,#7298,#7299);
#6411=AXIS2_PLACEMENT_3D('',#9451,#7301,#7302);
#6412=AXIS2_PLACEMENT_3D('',#9455,#7304,#7305);
#6413=AXIS2_PLACEMENT_3D('',#9458,#7307,#7308);
#6414=AXIS2_PLACEMENT_3D('',#9460,#7309,#7310);
#6415=AXIS2_PLACEMENT_3D('',#9462,#7311,#7312);
#6416=AXIS2_PLACEMENT_3D('',#9465,#7313,#7314);
#6417=AXIS2_PLACEMENT_3D('',#9467,#7315,#7316);
#6418=AXIS2_PLACEMENT_3D('',#9469,#7317,#7318);
#6419=AXIS2_PLACEMENT_3D('',#9471,#7319,#7320);
#6420=AXIS2_PLACEMENT_3D('',#9473,#7321,#7322);
#6421=AXIS2_PLACEMENT_3D('',#9475,#7323,#7324);
#6422=AXIS2_PLACEMENT_3D('',#9477,#7325,#7326);
#6423=AXIS2_PLACEMENT_3D('',#9478,#7327,#7328);
#6424=AXIS2_PLACEMENT_3D('',#9481,#7329,#7330);
#6425=AXIS2_PLACEMENT_3D('',#9485,#7332,#7333);
#6426=AXIS2_PLACEMENT_3D('',#9487,#7334,#7335);
#6427=AXIS2_PLACEMENT_3D('',#9491,#7337,#7338);
#6428=AXIS2_PLACEMENT_3D('',#9493,#7339,#7340);
#6429=AXIS2_PLACEMENT_3D('',#9495,#7341,#7342);
#6430=AXIS2_PLACEMENT_3D('',#9499,#7344,#7345);
#6431=AXIS2_PLACEMENT_3D('',#9501,#7346,#7347);
#6432=AXIS2_PLACEMENT_3D('',#9503,#7348,#7349);
#6433=AXIS2_PLACEMENT_3D('',#9507,#7351,#7352);
#6434=AXIS2_PLACEMENT_3D('',#9509,#7353,#7354);
#6435=AXIS2_PLACEMENT_3D('',#9513,#7356,#7357);
#6436=AXIS2_PLACEMENT_3D('',#9515,#7358,#7359);
#6437=AXIS2_PLACEMENT_3D('',#9519,#7361,#7362);
#6438=AXIS2_PLACEMENT_3D('',#9521,#7363,#7364);
#6439=AXIS2_PLACEMENT_3D('',#9523,#7365,#7366);
#6440=AXIS2_PLACEMENT_3D('',#9527,#7368,#7369);
#6441=AXIS2_PLACEMENT_3D('',#9529,#7370,#7371);
#6442=AXIS2_PLACEMENT_3D('',#9531,#7372,#7373);
#6443=AXIS2_PLACEMENT_3D('',#9534,#7375,#7376);
#6444=AXIS2_PLACEMENT_3D('',#9537,#7377,#7378);
#6445=AXIS2_PLACEMENT_3D('',#9539,#7379,#7380);
#6446=AXIS2_PLACEMENT_3D('',#9541,#7381,#7382);
#6447=AXIS2_PLACEMENT_3D('',#9543,#7383,#7384);
#6448=AXIS2_PLACEMENT_3D('',#9545,#7385,#7386);
#6449=AXIS2_PLACEMENT_3D('',#9547,#7387,#7388);
#6450=AXIS2_PLACEMENT_3D('',#9549,#7389,#7390);
#6451=AXIS2_PLACEMENT_3D('',#9550,#7391,#7392);
#6452=AXIS2_PLACEMENT_3D('',#9552,#7393,#7394);
#6453=AXIS2_PLACEMENT_3D('',#9553,#7395,#7396);
#6454=AXIS2_PLACEMENT_3D('',#9557,#7398,#7399);
#6455=AXIS2_PLACEMENT_3D('',#9561,#7401,#7402);
#6456=AXIS2_PLACEMENT_3D('',#9565,#7404,#7405);
#6457=AXIS2_PLACEMENT_3D('',#9569,#7407,#7408);
#6458=AXIS2_PLACEMENT_3D('',#9572,#7410,#7411);
#6459=AXIS2_PLACEMENT_3D('',#9573,#7412,#7413);
#6460=AXIS2_PLACEMENT_3D('',#9576,#7415,#7416);
#6461=AXIS2_PLACEMENT_3D('',#9577,#7417,#7418);
#6462=AXIS2_PLACEMENT_3D('',#9581,#7420,#7421);
#6463=AXIS2_PLACEMENT_3D('',#9585,#7423,#7424);
#6464=AXIS2_PLACEMENT_3D('',#9589,#7426,#7427);
#6465=AXIS2_PLACEMENT_3D('',#9593,#7429,#7430);
#6466=AXIS2_PLACEMENT_3D('',#9596,#7432,#7433);
#6467=AXIS2_PLACEMENT_3D('',#9597,#7434,#7435);
#6468=AXIS2_PLACEMENT_3D('',#9600,#7437,#7438);
#6469=AXIS2_PLACEMENT_3D('',#9601,#7439,#7440);
#6470=AXIS2_PLACEMENT_3D('',#9605,#7442,#7443);
#6471=AXIS2_PLACEMENT_3D('',#9609,#7445,#7446);
#6472=AXIS2_PLACEMENT_3D('',#9613,#7448,#7449);
#6473=AXIS2_PLACEMENT_3D('',#9617,#7451,#7452);
#6474=AXIS2_PLACEMENT_3D('',#9620,#7454,#7455);
#6475=AXIS2_PLACEMENT_3D('',#9621,#7456,#7457);
#6476=AXIS2_PLACEMENT_3D('',#9624,#7459,#7460);
#6477=AXIS2_PLACEMENT_3D('',#9625,#7461,#7462);
#6478=AXIS2_PLACEMENT_3D('',#9629,#7464,#7465);
#6479=AXIS2_PLACEMENT_3D('',#9633,#7467,#7468);
#6480=AXIS2_PLACEMENT_3D('',#9637,#7470,#7471);
#6481=AXIS2_PLACEMENT_3D('',#9641,#7473,#7474);
#6482=AXIS2_PLACEMENT_3D('',#9644,#7476,#7477);
#6483=AXIS2_PLACEMENT_3D('',#9645,#7478,#7479);
#6484=AXIS2_PLACEMENT_3D('',#9647,#7480,#7481);
#6485=AXIS2_PLACEMENT_3D('',#9650,#7483,#7484);
#6486=AXIS2_PLACEMENT_3D('',#9651,#7485,#7486);
#6487=AXIS2_PLACEMENT_3D('',#9654,#7487,#7488);
#6488=AXIS2_PLACEMENT_3D('',#9656,#7490,#7491);
#6489=AXIS2_PLACEMENT_3D('',#9657,#7492,#7493);
#6490=AXIS2_PLACEMENT_3D('',#9659,#7494,#7495);
#6491=AXIS2_PLACEMENT_3D('',#9660,#7496,#7497);
#6492=AXIS2_PLACEMENT_3D('',#9665,#7500,#7501);
#6493=AXIS2_PLACEMENT_3D('',#9666,#7502,#7503);
#6494=AXIS2_PLACEMENT_3D('',#9668,#7504,#7505);
#6495=AXIS2_PLACEMENT_3D('',#9670,#7507,#7508);
#6496=AXIS2_PLACEMENT_3D('',#9673,#7510,#7511);
#6497=AXIS2_PLACEMENT_3D('',#9674,#7512,#7513);
#6498=AXIS2_PLACEMENT_3D('',#9676,#7514,#7515);
#6499=AXIS2_PLACEMENT_3D('',#9678,#7517,#7518);
#6500=AXIS2_PLACEMENT_3D('',#9681,#7520,#7521);
#6501=AXIS2_PLACEMENT_3D('',#9682,#7522,#7523);
#6502=AXIS2_PLACEMENT_3D('',#9684,#7524,#7525);
#6503=AXIS2_PLACEMENT_3D('',#9686,#7527,#7528);
#6504=AXIS2_PLACEMENT_3D('',#9689,#7530,#7531);
#6505=AXIS2_PLACEMENT_3D('',#9690,#7532,#7533);
#6506=AXIS2_PLACEMENT_3D('',#9691,#7534,#7535);
#6507=AXIS2_PLACEMENT_3D('',#9692,#7536,#7537);
#6508=AXIS2_PLACEMENT_3D('',#9696,#7539,#7540);
#6509=AXIS2_PLACEMENT_3D('',#9698,#7542,#7543);
#6510=AXIS2_PLACEMENT_3D('',#9702,#7545,#7546);
#6511=AXIS2_PLACEMENT_3D('',#9706,#7548,#7549);
#6512=AXIS2_PLACEMENT_3D('',#9709,#7551,#7552);
#6513=AXIS2_PLACEMENT_3D('',#9710,#7553,#7554);
#6514=AXIS2_PLACEMENT_3D('',#9713,#7556,#7557);
#6515=AXIS2_PLACEMENT_3D('',#9714,#7558,#7559);
#6516=AXIS2_PLACEMENT_3D('',#9718,#7561,#7562);
#6517=AXIS2_PLACEMENT_3D('',#9722,#7564,#7565);
#6518=AXIS2_PLACEMENT_3D('',#9725,#7567,#7568);
#6519=AXIS2_PLACEMENT_3D('',#9726,#7569,#7570);
#6520=AXIS2_PLACEMENT_3D('',#9731,#7573,#7574);
#6521=AXIS2_PLACEMENT_3D('',#9732,#7575,#7576);
#6522=AXIS2_PLACEMENT_3D('',#9734,#7577,#7578);
#6523=AXIS2_PLACEMENT_3D('',#9736,#7580,#7581);
#6524=AXIS2_PLACEMENT_3D('',#9739,#7583,#7584);
#6525=AXIS2_PLACEMENT_3D('',#9740,#7585,#7586);
#6526=AXIS2_PLACEMENT_3D('',#9742,#7587,#7588);
#6527=AXIS2_PLACEMENT_3D('',#9744,#7590,#7591);
#6528=AXIS2_PLACEMENT_3D('',#9747,#7593,#7594);
#6529=AXIS2_PLACEMENT_3D('',#9748,#7595,#7596);
#6530=AXIS2_PLACEMENT_3D('',#9750,#7597,#7598);
#6531=AXIS2_PLACEMENT_3D('',#9752,#7600,#7601);
#6532=AXIS2_PLACEMENT_3D('',#9755,#7603,#7604);
#6533=AXIS2_PLACEMENT_3D('',#9756,#7605,#7606);
#6534=AXIS2_PLACEMENT_3D('',#9757,#7607,#7608);
#6535=AXIS2_PLACEMENT_3D('',#9758,#7609,#7610);
#6536=AXIS2_PLACEMENT_3D('',#9762,#7612,#7613);
#6537=AXIS2_PLACEMENT_3D('',#9764,#7615,#7616);
#6538=AXIS2_PLACEMENT_3D('',#9767,#7618,#7619);
#6539=AXIS2_PLACEMENT_3D('',#9768,#7620,#7621);
#6540=AXIS2_PLACEMENT_3D('',#9771,#7623,#7624);
#6541=AXIS2_PLACEMENT_3D('',#9772,#7625,#7626);
#6542=AXIS2_PLACEMENT_3D('',#9776,#7628,#7629);
#6543=AXIS2_PLACEMENT_3D('',#9780,#7631,#7632);
#6544=AXIS2_PLACEMENT_3D('',#9783,#7634,#7635);
#6545=AXIS2_PLACEMENT_3D('',#9784,#7636,#7637);
#6546=AXIS2_PLACEMENT_3D('',#9795,#7639,#7640);
#6547=AXIS2_PLACEMENT_3D('',#9800,#7641,#7642);
#6548=AXIS2_PLACEMENT_3D('',#9807,#7644,#7645);
#6549=AXIS2_PLACEMENT_3D('',#9809,#7646,#7647);
#6550=AXIS2_PLACEMENT_3D('',#9814,#7648,#7649);
#6551=AXIS2_PLACEMENT_3D('',#9821,#7651,#7652);
#6552=AXIS2_PLACEMENT_3D('',#9823,#7653,#7654);
#6553=AXIS2_PLACEMENT_3D('',#9828,#7655,#7656);
#6554=AXIS2_PLACEMENT_3D('',#9835,#7658,#7659);
#6555=AXIS2_PLACEMENT_3D('',#9836,#7660,#7661);
#6556=AXIS2_PLACEMENT_3D('',#9837,#7662,#7663);
#6557=AXIS2_PLACEMENT_3D('',#9840,#7666,#7667);
#6558=AXIS2_PLACEMENT_3D('',#9841,#7668,#7669);
#6559=AXIS2_PLACEMENT_3D('',#9844,#7672,#7673);
#6560=AXIS2_PLACEMENT_3D('',#9855,#7679,#7680);
#6561=AXIS2_PLACEMENT_3D('',#9857,#7681,#7682);
#6562=AXIS2_PLACEMENT_3D('',#9859,#7684,#7685);
#6563=AXIS2_PLACEMENT_3D('',#9861,#7686,#7687);
#6564=AXIS2_PLACEMENT_3D('',#9863,#7689,#7690);
#6565=AXIS2_PLACEMENT_3D('',#9865,#7691,#7692);
#6566=AXIS2_PLACEMENT_3D('',#9869,#7695,#7696);
#6567=AXIS2_PLACEMENT_3D('',#9870,#7697,#7698);
#6568=AXIS2_PLACEMENT_3D('',#9874,#7701,#7702);
#6569=AXIS2_PLACEMENT_3D('',#9880,#7706,#7707);
#6570=AXIS2_PLACEMENT_3D('',#9883,#7708,#7709);
#6571=AXIS2_PLACEMENT_3D('',#9887,#7712,#7713);
#6572=AXIS2_PLACEMENT_3D('',#9889,#7714,#7715);
#6573=AXIS2_PLACEMENT_3D('',#9893,#7718,#7719);
#6574=AXIS2_PLACEMENT_3D('',#9895,#7720,#7721);
#6575=AXIS2_PLACEMENT_3D('',#9899,#7724,#7725);
#6576=AXIS2_PLACEMENT_3D('',#9900,#7726,#7727);
#6577=AXIS2_PLACEMENT_3D('',#9904,#7730,#7731);
#6578=AXIS2_PLACEMENT_3D('',#9910,#7735,#7736);
#6579=AXIS2_PLACEMENT_3D('',#9916,#7740,#7741);
#6580=AXIS2_PLACEMENT_3D('',#9919,#7742,#7743);
#6581=AXIS2_PLACEMENT_3D('',#9923,#7746,#7747);
#6582=AXIS2_PLACEMENT_3D('',#9925,#7748,#7749);
#6583=AXIS2_PLACEMENT_3D('',#9929,#7752,#7753);
#6584=AXIS2_PLACEMENT_3D('',#9931,#7754,#7755);
#6585=AXIS2_PLACEMENT_3D('',#9935,#7758,#7759);
#6586=AXIS2_PLACEMENT_3D('',#9936,#7760,#7761);
#6587=AXIS2_PLACEMENT_3D('',#9940,#7764,#7765);
#6588=AXIS2_PLACEMENT_3D('',#9946,#7769,#7770);
#6589=AXIS2_PLACEMENT_3D('',#9952,#7774,#7775);
#6590=AXIS2_PLACEMENT_3D('',#9963,#7781,#7782);
#6591=AXIS2_PLACEMENT_3D('',#9965,#7783,#7784);
#6592=AXIS2_PLACEMENT_3D('',#9967,#7786,#7787);
#6593=AXIS2_PLACEMENT_3D('',#9969,#7788,#7789);
#6594=AXIS2_PLACEMENT_3D('',#9971,#7791,#7792);
#6595=AXIS2_PLACEMENT_3D('',#9973,#7793,#7794);
#6596=AXIS2_PLACEMENT_3D('',#9977,#7797,#7798);
#6597=AXIS2_PLACEMENT_3D('',#9978,#7799,#7800);
#6598=AXIS2_PLACEMENT_3D('',#9982,#7803,#7804);
#6599=AXIS2_PLACEMENT_3D('',#9988,#7808,#7809);
#6600=AXIS2_PLACEMENT_3D('',#9990,#7811,#7812);
#6601=AXIS2_PLACEMENT_3D('',#9992,#7814,#7815);
#6602=AXIS2_PLACEMENT_3D('',#9994,#7817,#7818);
#6603=AXIS2_PLACEMENT_3D('',#9996,#7820,#7821);
#6604=AXIS2_PLACEMENT_3D('',#9999,#7824,#7825);
#6605=AXIS2_PLACEMENT_3D('',#10002,#7828,#7829);
#6606=AXIS2_PLACEMENT_3D('',#10006,#7833,#7834);
#6607=AXIS2_PLACEMENT_3D('',#10007,#7835,#7836);
#6608=AXIS2_PLACEMENT_3D('',#10010,#7839,#7840);
#6609=AXIS2_PLACEMENT_3D('',#10013,#7843,#7844);
#6610=AXIS2_PLACEMENT_3D('',#10015,#7846,#7847);
#6611=AXIS2_PLACEMENT_3D('',#10018,#7850,#7851);
#6612=AXIS2_PLACEMENT_3D('',#10019,#7852,#7853);
#6613=AXIS2_PLACEMENT_3D('',#10020,#7854,#7855);
#6614=AXIS2_PLACEMENT_3D('',#10022,#7857,#7858);
#6615=AXIS2_PLACEMENT_3D('',#10025,#7861,#7862);
#6616=AXIS2_PLACEMENT_3D('',#10026,#7863,#7864);
#6617=AXIS2_PLACEMENT_3D('',#10028,#7866,#7867);
#6618=AXIS2_PLACEMENT_3D('',#10031,#7870,#7871);
#6619=AXIS2_PLACEMENT_3D('',#10032,#7872,#7873);
#6620=AXIS2_PLACEMENT_3D('',#10033,#7874,#7875);
#6621=AXIS2_PLACEMENT_3D('',#10034,#7876,#7877);
#6622=AXIS2_PLACEMENT_3D('',#10035,#7878,#7879);
#6623=AXIS2_PLACEMENT_3D('',#10036,#7880,#7881);
#6624=AXIS2_PLACEMENT_3D('',#10039,#7882,#7883);
#6625=AXIS2_PLACEMENT_3D('',#10042,#7886,#7887);
#6626=AXIS2_PLACEMENT_3D('',#10045,#7888,#7889);
#6627=AXIS2_PLACEMENT_3D('',#10046,#7890,#7891);
#6628=AXIS2_PLACEMENT_3D('',#10047,#7892,#7893);
#6629=AXIS2_PLACEMENT_3D('',#10048,#7894,#7895);
#6630=AXIS2_PLACEMENT_3D('',#10051,#7896,#7897);
#6631=AXIS2_PLACEMENT_3D('',#10054,#7900,#7901);
#6632=AXIS2_PLACEMENT_3D('',#10057,#7903,#7904);
#6633=AXIS2_PLACEMENT_3D('',#10061,#7906,#7907);
#6634=AXIS2_PLACEMENT_3D('',#10068,#7911,#7912);
#6635=AXIS2_PLACEMENT_3D('',#10072,#7914,#7915);
#6636=AXIS2_PLACEMENT_3D('',#10078,#7918,#7919);
#6637=AXIS2_PLACEMENT_3D('',#10086,#7923,#7924);
#6638=AXIS2_PLACEMENT_3D('',#10092,#7927,#7928);
#6639=AXIS2_PLACEMENT_3D('',#10097,#7932,#7933);
#6640=AXIS2_PLACEMENT_3D('',#10099,#7934,#7935);
#6641=AXIS2_PLACEMENT_3D('',#10101,#7936,#7937);
#6642=AXIS2_PLACEMENT_3D('',#10103,#7938,#7939);
#6643=AXIS2_PLACEMENT_3D('',#10104,#7940,#7941);
#6644=AXIS2_PLACEMENT_3D('',#10106,#7942,#7943);
#6645=AXIS2_PLACEMENT_3D('',#10109,#7945,#7946);
#6646=AXIS2_PLACEMENT_3D('',#10110,#7947,#7948);
#6647=AXIS2_PLACEMENT_3D('',#10112,#7949,#7950);
#6648=AXIS2_PLACEMENT_3D('',#10113,#7951,#7952);
#6649=AXIS2_PLACEMENT_3D('',#10114,#7953,#7954);
#6650=AXIS2_PLACEMENT_3D('',#10116,#7956,#7957);
#6651=AXIS2_PLACEMENT_3D('',#10118,#7958,#7959);
#6652=AXIS2_PLACEMENT_3D('',#10121,#7961,#7962);
#6653=AXIS2_PLACEMENT_3D('',#10122,#7963,#7964);
#6654=AXIS2_PLACEMENT_3D('',#10124,#7965,#7966);
#6655=AXIS2_PLACEMENT_3D('',#10125,#7967,#7968);
#6656=AXIS2_PLACEMENT_3D('',#10126,#7969,#7970);
#6657=AXIS2_PLACEMENT_3D('',#10128,#7971,#7972);
#6658=AXIS2_PLACEMENT_3D('',#10130,#7974,#7975);
#6659=AXIS2_PLACEMENT_3D('',#10132,#7976,#7977);
#6660=AXIS2_PLACEMENT_3D('',#10135,#7979,#7980);
#6661=AXIS2_PLACEMENT_3D('',#10136,#7981,#7982);
#6662=AXIS2_PLACEMENT_3D('',#10138,#7983,#7984);
#6663=AXIS2_PLACEMENT_3D('',#10139,#7985,#7986);
#6664=AXIS2_PLACEMENT_3D('',#10140,#7987,#7988);
#6665=AXIS2_PLACEMENT_3D('',#10142,#7989,#7990);
#6666=AXIS2_PLACEMENT_3D('',#10144,#7992,#7993);
#6667=AXIS2_PLACEMENT_3D('',#10146,#7994,#7995);
#6668=AXIS2_PLACEMENT_3D('',#10147,#7996,#7997);
#6669=AXIS2_PLACEMENT_3D('',#10148,#7998,#7999);
#6670=AXIS2_PLACEMENT_3D('',#10160,#8000,#8001);
#6671=AXIS2_PLACEMENT_3D('',#10161,#8002,#8003);
#6672=AXIS2_PLACEMENT_3D('',#10173,#8004,#8005);
#6673=AXIS2_PLACEMENT_3D('',#10174,#8006,#8007);
#6674=AXIS2_PLACEMENT_3D('',#10176,#8008,#8009);
#6675=AXIS2_PLACEMENT_3D('',#10178,#8010,#8011);
#6676=AXIS2_PLACEMENT_3D('',#10179,#8012,#8013);
#6677=AXIS2_PLACEMENT_3D('',#10180,#8014,#8015);
#6678=AXIS2_PLACEMENT_3D('',#10183,#8016,#8017);
#6679=AXIS2_PLACEMENT_3D('',#10185,#8018,#8019);
#6680=AXIS2_PLACEMENT_3D('',#10186,#8020,#8021);
#6681=AXIS2_PLACEMENT_3D('',#10187,#8022,#8023);
#6682=AXIS2_PLACEMENT_3D('',#10200,#8024,#8025);
#6683=AXIS2_PLACEMENT_3D('',#10201,#8026,#8027);
#6684=AXIS2_PLACEMENT_3D('',#10202,#8028,#8029);
#6685=AXIS2_PLACEMENT_3D('',#10203,#8030,#8031);
#6686=AXIS2_PLACEMENT_3D('',#10204,#8032,#8033);
#6687=AXIS2_PLACEMENT_3D('',#10205,#8034,#8035);
#6688=AXIS2_PLACEMENT_3D('',#10208,#8038,#8039);
#6689=AXIS2_PLACEMENT_3D('',#10220,#8040,#8041);
#6690=AXIS2_PLACEMENT_3D('',#10221,#8042,#8043);
#6691=AXIS2_PLACEMENT_3D('',#10223,#8045,#8046);
#6692=AXIS2_PLACEMENT_3D('',#10225,#8047,#8048);
#6693=AXIS2_PLACEMENT_3D('',#10228,#8051,#8052);
#6694=AXIS2_PLACEMENT_3D('',#10229,#8053,#8054);
#6695=AXIS2_PLACEMENT_3D('',#10231,#8055,#8056);
#6696=AXIS2_PLACEMENT_3D('',#10232,#8057,#8058);
#6697=AXIS2_PLACEMENT_3D('',#10233,#8059,#8060);
#6698=AXIS2_PLACEMENT_3D('',#10245,#8061,#8062);
#6699=AXIS2_PLACEMENT_3D('',#10246,#8063,#8064);
#6700=AXIS2_PLACEMENT_3D('',#10258,#8065,#8066);
#6701=AXIS2_PLACEMENT_3D('',#10259,#8067,#8068);
#6702=AXIS2_PLACEMENT_3D('',#10261,#8069,#8070);
#6703=AXIS2_PLACEMENT_3D('',#10263,#8071,#8072);
#6704=AXIS2_PLACEMENT_3D('',#10264,#8073,#8074);
#6705=AXIS2_PLACEMENT_3D('',#10265,#8075,#8076);
#6706=AXIS2_PLACEMENT_3D('',#10278,#8077,#8078);
#6707=AXIS2_PLACEMENT_3D('',#10279,#8079,#8080);
#6708=AXIS2_PLACEMENT_3D('',#10280,#8081,#8082);
#6709=AXIS2_PLACEMENT_3D('',#10292,#8083,#8084);
#6710=AXIS2_PLACEMENT_3D('',#10293,#8085,#8086);
#6711=AXIS2_PLACEMENT_3D('',#10295,#8088,#8089);
#6712=AXIS2_PLACEMENT_3D('',#10299,#8091,#8092);
#6713=AXIS2_PLACEMENT_3D('',#10302,#8095,#8096);
#6714=AXIS2_PLACEMENT_3D('',#10304,#8097,#8098);
#6715=AXIS2_PLACEMENT_3D('',#10305,#8099,#8100);
#6716=AXIS2_PLACEMENT_3D('',#10306,#8101,#8102);
#6717=AXIS2_PLACEMENT_3D('',#10308,#8103,#8104);
#6718=AXIS2_PLACEMENT_3D('',#10309,#8105,#8106);
#6719=AXIS2_PLACEMENT_3D('',#10310,#8107,#8108);
#6720=AXIS2_PLACEMENT_3D('',#10323,#8109,#8110);
#6721=AXIS2_PLACEMENT_3D('',#10324,#8111,#8112);
#6722=AXIS2_PLACEMENT_3D('',#10325,#8113,#8114);
#6723=AXIS2_PLACEMENT_3D('',#10326,#8115,#8116);
#6724=AXIS2_PLACEMENT_3D('',#10327,#8117,#8118);
#6725=AXIS2_PLACEMENT_3D('',#10339,#8119,#8120);
#6726=AXIS2_PLACEMENT_3D('',#10340,#8121,#8122);
#6727=AXIS2_PLACEMENT_3D('',#10345,#8125,#8126);
#6728=AXIS2_PLACEMENT_3D('',#10347,#8128,#8129);
#6729=AXIS2_PLACEMENT_3D('',#10353,#8132,#8133);
#6730=AXIS2_PLACEMENT_3D('',#10361,#8137,#8138);
#6731=AXIS2_PLACEMENT_3D('',#10370,#8143,#8144);
#6732=AXIS2_PLACEMENT_3D('',#10375,#8147,#8148);
#6733=AXIS2_PLACEMENT_3D('',#10380,#8151,#8152);
#6734=AXIS2_PLACEMENT_3D('',#10381,#8153,#8154);
#6735=AXIS2_PLACEMENT_3D('',#10382,#8155,#8156);
#6736=AXIS2_PLACEMENT_3D('',#10384,#8157,#8158);
#6737=AXIS2_PLACEMENT_3D('',#10385,#8159,#8160);
#6738=AXIS2_PLACEMENT_3D('',#10386,#8161,#8162);
#6739=AXIS2_PLACEMENT_3D('',#10398,#8163,#8164);
#6740=AXIS2_PLACEMENT_3D('',#10399,#8165,#8166);
#6741=AXIS2_PLACEMENT_3D('',#10411,#8167,#8168);
#6742=AXIS2_PLACEMENT_3D('',#10412,#8169,#8170);
#6743=AXIS2_PLACEMENT_3D('',#10413,#8171,#8172);
#6744=AXIS2_PLACEMENT_3D('',#10414,#8173,#8174);
#6745=AXIS2_PLACEMENT_3D('',#10415,#8175,#8176);
#6746=AXIS2_PLACEMENT_3D('',#10417,#8178,#8179);
#6747=AXIS2_PLACEMENT_3D('',#10420,#8180,#8181);
#6748=AXIS2_PLACEMENT_3D('',#10423,#8184,#8185);
#6749=AXIS2_PLACEMENT_3D('',#10427,#8188,#8189);
#6750=AXIS2_PLACEMENT_3D('',#10430,#8190,#8191);
#6751=AXIS2_PLACEMENT_3D('',#10433,#8194,#8195);
#6752=AXIS2_PLACEMENT_3D('',#10434,#8196,#8197);
#6753=AXIS2_PLACEMENT_3D('',#10435,#8198,#8199);
#6754=AXIS2_PLACEMENT_3D('',#10438,#8200,#8201);
#6755=AXIS2_PLACEMENT_3D('',#10441,#8204,#8205);
#6756=AXIS2_PLACEMENT_3D('',#10443,#8207,#8208);
#6757=AXIS2_PLACEMENT_3D('',#10447,#8210,#8211);
#6758=AXIS2_PLACEMENT_3D('',#10449,#8213,#8214);
#6759=AXIS2_PLACEMENT_3D('',#10452,#8216,#8217);
#6760=AXIS2_PLACEMENT_3D('',#10453,#8218,#8219);
#6761=AXIS2_PLACEMENT_3D('',#10456,#8220,#8221);
#6762=AXIS2_PLACEMENT_3D('',#10459,#8224,#8225);
#6763=AXIS2_PLACEMENT_3D('',#10461,#8227,#8228);
#6764=AXIS2_PLACEMENT_3D('',#10464,#8229,#8230);
#6765=AXIS2_PLACEMENT_3D('',#10467,#8233,#8234);
#6766=AXIS2_PLACEMENT_3D('',#10468,#8235,#8236);
#6767=AXIS2_PLACEMENT_3D('',#10469,#8237,#8238);
#6768=AXIS2_PLACEMENT_3D('',#10472,#8239,#8240);
#6769=AXIS2_PLACEMENT_3D('',#10475,#8243,#8244);
#6770=AXIS2_PLACEMENT_3D('',#10479,#8247,#8248);
#6771=AXIS2_PLACEMENT_3D('',#10481,#8249,#8250);
#6772=AXIS2_PLACEMENT_3D('',#10483,#8252,#8253);
#6773=AXIS2_PLACEMENT_3D('',#10486,#8255,#8256);
#6774=AXIS2_PLACEMENT_3D('',#10487,#8257,#8258);
#6775=AXIS2_PLACEMENT_3D('',#10489,#8259,#8260);
#6776=AXIS2_PLACEMENT_3D('',#10491,#8262,#8263);
#6777=AXIS2_PLACEMENT_3D('',#10493,#8265,#8266);
#6778=AXIS2_PLACEMENT_3D('',#10495,#8267,#8268);
#6779=AXIS2_PLACEMENT_3D('',#10497,#8270,#8271);
#6780=AXIS2_PLACEMENT_3D('',#10500,#8273,#8274);
#6781=AXIS2_PLACEMENT_3D('',#10501,#8275,#8276);
#6782=AXIS2_PLACEMENT_3D('',#10505,#8278,#8279);
#6783=AXIS2_PLACEMENT_3D('',#10507,#8281,#8282);
#6784=AXIS2_PLACEMENT_3D('',#10510,#8284,#8285);
#6785=AXIS2_PLACEMENT_3D('',#10511,#8286,#8287);
#6786=AXIS2_PLACEMENT_3D('',#10513,#8288,#8289);
#6787=AXIS2_PLACEMENT_3D('',#10515,#8291,#8292);
#6788=AXIS2_PLACEMENT_3D('',#10517,#8294,#8295);
#6789=AXIS2_PLACEMENT_3D('',#10520,#8296,#8297);
#6790=AXIS2_PLACEMENT_3D('',#10524,#8299,#8300);
#6791=AXIS2_PLACEMENT_3D('',#10526,#8302,#8303);
#6792=AXIS2_PLACEMENT_3D('',#10528,#8304,#8305);
#6793=AXIS2_PLACEMENT_3D('',#10531,#8307,#8308);
#6794=AXIS2_PLACEMENT_3D('',#10532,#8309,#8310);
#6795=AXIS2_PLACEMENT_3D('',#10536,#8312,#8313);
#6796=AXIS2_PLACEMENT_3D('',#10538,#8314,#8315);
#6797=AXIS2_PLACEMENT_3D('',#10540,#8316,#8317);
#6798=AXIS2_PLACEMENT_3D('',#10544,#8319,#8320);
#6799=AXIS2_PLACEMENT_3D('',#10546,#8321,#8322);
#6800=AXIS2_PLACEMENT_3D('',#10548,#8323,#8324);
#6801=AXIS2_PLACEMENT_3D('',#10552,#8326,#8327);
#6802=AXIS2_PLACEMENT_3D('',#10554,#8328,#8329);
#6803=AXIS2_PLACEMENT_3D('',#10558,#8331,#8332);
#6804=AXIS2_PLACEMENT_3D('',#10560,#8333,#8334);
#6805=AXIS2_PLACEMENT_3D('',#10564,#8336,#8337);
#6806=AXIS2_PLACEMENT_3D('',#10566,#8338,#8339);
#6807=AXIS2_PLACEMENT_3D('',#10568,#8340,#8341);
#6808=AXIS2_PLACEMENT_3D('',#10572,#8343,#8344);
#6809=AXIS2_PLACEMENT_3D('',#10574,#8345,#8346);
#6810=AXIS2_PLACEMENT_3D('',#10576,#8347,#8348);
#6811=AXIS2_PLACEMENT_3D('',#10580,#8350,#8351);
#6812=AXIS2_PLACEMENT_3D('',#10582,#8352,#8353);
#6813=AXIS2_PLACEMENT_3D('',#10585,#8355,#8356);
#6814=AXIS2_PLACEMENT_3D('',#10586,#8357,#8358);
#6815=AXIS2_PLACEMENT_3D('',#10590,#8360,#8361);
#6816=AXIS2_PLACEMENT_3D('',#10592,#8363,#8364);
#6817=AXIS2_PLACEMENT_3D('',#10594,#8365,#8366);
#6818=AXIS2_PLACEMENT_3D('',#10596,#8368,#8369);
#6819=AXIS2_PLACEMENT_3D('',#10598,#8370,#8371);
#6820=AXIS2_PLACEMENT_3D('',#10600,#8373,#8374);
#6821=AXIS2_PLACEMENT_3D('',#10603,#8375,#8376);
#6822=AXIS2_PLACEMENT_3D('',#10606,#8379,#8380);
#6823=AXIS2_PLACEMENT_3D('',#10610,#8383,#8384);
#6824=AXIS2_PLACEMENT_3D('',#10613,#8386,#8387);
#6825=AXIS2_PLACEMENT_3D('',#10614,#8388,#8389);
#6826=AXIS2_PLACEMENT_3D('',#10617,#8391,#8392);
#6827=AXIS2_PLACEMENT_3D('',#10618,#8393,#8394);
#6828=AXIS2_PLACEMENT_3D('',#10621,#8396,#8397);
#6829=AXIS2_PLACEMENT_3D('',#10622,#8398,#8399);
#6830=AXIS2_PLACEMENT_3D('',#10626,#8402,#8403);
#6831=AXIS2_PLACEMENT_3D('',#10629,#8405,#8406);
#6832=AXIS2_PLACEMENT_3D('',#10630,#8407,#8408);
#6833=AXIS2_PLACEMENT_3D('',#10633,#8410,#8411);
#6834=AXIS2_PLACEMENT_3D('',#10634,#8412,#8413);
#6835=AXIS2_PLACEMENT_3D('',#10637,#8415,#8416);
#6836=AXIS2_PLACEMENT_3D('',#10638,#8417,#8418);
#6837=AXIS2_PLACEMENT_3D('',#10642,#8421,#8422);
#6838=AXIS2_PLACEMENT_3D('',#10645,#8424,#8425);
#6839=AXIS2_PLACEMENT_3D('',#10646,#8426,#8427);
#6840=AXIS2_PLACEMENT_3D('',#10649,#8429,#8430);
#6841=AXIS2_PLACEMENT_3D('',#10650,#8431,#8432);
#6842=AXIS2_PLACEMENT_3D('',#10654,#8434,#8435);
#6843=AXIS2_PLACEMENT_3D('',#10656,#8437,#8438);
#6844=AXIS2_PLACEMENT_3D('',#10658,#8440,#8441);
#6845=AXIS2_PLACEMENT_3D('',#10661,#8442,#8443);
#6846=AXIS2_PLACEMENT_3D('',#10664,#8446,#8447);
#6847=AXIS2_PLACEMENT_3D('',#10668,#8450,#8451);
#6848=AXIS2_PLACEMENT_3D('',#10671,#8453,#8454);
#6849=AXIS2_PLACEMENT_3D('',#10672,#8455,#8456);
#6850=AXIS2_PLACEMENT_3D('',#10673,#8457,#8458);
#6851=AXIS2_PLACEMENT_3D('',#10682,#8463,#8464);
#6852=AXIS2_PLACEMENT_3D('',#10686,#8466,#8467);
#6853=AXIS2_PLACEMENT_3D('',#10687,#8468,#8469);
#6854=AXIS2_PLACEMENT_3D('',#10688,#8470,#8471);
#6855=AXIS2_PLACEMENT_3D('',#10691,#8474,#8475);
#6856=AXIS2_PLACEMENT_3D('',#10700,#8480,#8481);
#6857=AXIS2_PLACEMENT_3D('',#10704,#8483,#8484);
#6858=AXIS2_PLACEMENT_3D('',#10705,#8485,#8486);
#6859=AXIS2_PLACEMENT_3D('',#10706,#8487,#8488);
#6860=AXIS2_PLACEMENT_3D('',#10712,#8492,#8493);
#6861=AXIS2_PLACEMENT_3D('',#10721,#8498,#8499);
#6862=AXIS2_PLACEMENT_3D('',#10725,#8501,#8502);
#6863=AXIS2_PLACEMENT_3D('',#10726,#8503,#8504);
#6864=AXIS2_PLACEMENT_3D('',#10727,#8505,#8506);
#6865=AXIS2_PLACEMENT_3D('',#10733,#8510,#8511);
#6866=AXIS2_PLACEMENT_3D('',#10739,#8515,#8516);
#6867=AXIS2_PLACEMENT_3D('',#10743,#8518,#8519);
#6868=AXIS2_PLACEMENT_3D('',#10744,#8520,#8521);
#6869=AXIS2_PLACEMENT_3D('',#10745,#8522,#8523);
#6870=AXIS2_PLACEMENT_3D('',#10751,#8527,#8528);
#6871=AXIS2_PLACEMENT_3D('',#10754,#8531,#8532);
#6872=AXIS2_PLACEMENT_3D('',#10756,#8534,#8535);
#6873=AXIS2_PLACEMENT_3D('',#10757,#8536,#8537);
#6874=AXIS2_PLACEMENT_3D('',#10759,#8539,#8540);
#6875=AXIS2_PLACEMENT_3D('',#10761,#8542,#8543);
#6876=AXIS2_PLACEMENT_3D('',#10763,#8545,#8546);
#6877=AXIS2_PLACEMENT_3D('',#10766,#8549,#8550);
#6878=AXIS2_PLACEMENT_3D('',#10768,#8552,#8553);
#6879=AXIS2_PLACEMENT_3D('',#10770,#8555,#8556);
#6880=AXIS2_PLACEMENT_3D('',#10773,#8559,#8560);
#6881=AXIS2_PLACEMENT_3D('',#10775,#8562,#8563);
#6882=AXIS2_PLACEMENT_3D('',#10777,#8565,#8566);
#6883=AXIS2_PLACEMENT_3D('',#10779,#8568,#8569);
#6884=AXIS2_PLACEMENT_3D('',#10780,#8570,#8571);
#6885=AXIS2_PLACEMENT_3D('',#10782,#8573,#8574);
#6886=AXIS2_PLACEMENT_3D('',#10783,#8575,#8576);
#6887=AXIS2_PLACEMENT_3D('',#10785,#8578,#8579);
#6888=AXIS2_PLACEMENT_3D('',#10786,#8580,#8581);
#6889=AXIS2_PLACEMENT_3D('',#10788,#8583,#8584);
#6890=AXIS2_PLACEMENT_3D('',#10790,#8586,#8587);
#6891=AXIS2_PLACEMENT_3D('',#10793,#8590,#8591);
#6892=AXIS2_PLACEMENT_3D('',#10795,#8593,#8594);
#6893=AXIS2_PLACEMENT_3D('',#10797,#8596,#8597);
#6894=AXIS2_PLACEMENT_3D('',#10798,#8598,#8599);
#6895=AXIS2_PLACEMENT_3D('',#10800,#8601,#8602);
#6896=AXIS2_PLACEMENT_3D('',#10802,#8604,#8605);
#6897=AXIS2_PLACEMENT_3D('',#10803,#8606,#8607);
#6898=AXIS2_PLACEMENT_3D('',#10805,#8609,#8610);
#6899=AXIS2_PLACEMENT_3D('',#10807,#8612,#8613);
#6900=AXIS2_PLACEMENT_3D('',#10809,#8615,#8616);
#6901=AXIS2_PLACEMENT_3D('',#10810,#8617,#8618);
#6902=AXIS2_PLACEMENT_3D('',#10812,#8620,#8621);
#6903=AXIS2_PLACEMENT_3D('',#10814,#8623,#8624);
#6904=AXIS2_PLACEMENT_3D('',#10816,#8626,#8627);
#6905=AXIS2_PLACEMENT_3D('',#10817,#8628,#8629);
#6906=AXIS2_PLACEMENT_3D('',#10819,#8631,#8632);
#6907=AXIS2_PLACEMENT_3D('',#10820,#8633,#8634);
#6908=AXIS2_PLACEMENT_3D('',#10821,#8635,#8636);
#6909=AXIS2_PLACEMENT_3D('',#10822,#8637,#8638);
#6910=AXIS2_PLACEMENT_3D('',#10824,#8640,#8641);
#6911=AXIS2_PLACEMENT_3D('',#10828,#8644,#8645);
#6912=AXIS2_PLACEMENT_3D('',#10829,#8646,#8647);
#6913=AXIS2_PLACEMENT_3D('',#10830,#8648,#8649);
#6914=AXIS2_PLACEMENT_3D('',#10834,#8652,#8653);
#6915=AXIS2_PLACEMENT_3D('',#10835,#8654,#8655);
#6916=AXIS2_PLACEMENT_3D('',#10836,#8656,#8657);
#6917=AXIS2_PLACEMENT_3D('',#10838,#8658,#8659);
#6918=AXIS2_PLACEMENT_3D('',#10840,#8661,#8662);
#6919=AXIS2_PLACEMENT_3D('',#10844,#8665,#8666);
#6920=AXIS2_PLACEMENT_3D('',#10845,#8667,#8668);
#6921=AXIS2_PLACEMENT_3D('',#10846,#8669,#8670);
#6922=AXIS2_PLACEMENT_3D('',#10848,#8672,#8673);
#6923=AXIS2_PLACEMENT_3D('',#10849,#8674,#8675);
#6924=AXIS2_PLACEMENT_3D('',#10852,#8677,#8678);
#6925=AXIS2_PLACEMENT_3D('',#10853,#8679,#8680);
#6926=AXIS2_PLACEMENT_3D('',#10856,#8682,#8683);
#6927=AXIS2_PLACEMENT_3D('',#10857,#8684,#8685);
#6928=AXIS2_PLACEMENT_3D('',#10858,#8686,#8687);
#6929=AXIS2_PLACEMENT_3D('',#10859,#8688,#8689);
#6930=AXIS2_PLACEMENT_3D('',#10862,#8692,#8693);
#6931=AXIS2_PLACEMENT_3D('',#10863,#8694,#8695);
#6932=AXIS2_PLACEMENT_3D('',#10865,#8697,#8698);
#6933=AXIS2_PLACEMENT_3D('',#10867,#8700,#8701);
#6934=AXIS2_PLACEMENT_3D('',#10869,#8703,#8704);
#6935=AXIS2_PLACEMENT_3D('',#10871,#8706,#8707);
#6936=AXIS2_PLACEMENT_3D('',#10873,#8709,#8710);
#6937=AXIS2_PLACEMENT_3D('',#10874,#8711,#8712);
#6938=AXIS2_PLACEMENT_3D('',#10877,#8713,#8714);
#6939=AXIS2_PLACEMENT_3D('',#10881,#8716,#8717);
#6940=AXIS2_PLACEMENT_3D('',#10883,#8719,#8720);
#6941=AXIS2_PLACEMENT_3D('',#10889,#8724,#8725);
#6942=AXIS2_PLACEMENT_3D('',#10891,#8726,#8727);
#6943=AXIS2_PLACEMENT_3D('',#10894,#8729,#8730);
#6944=AXIS2_PLACEMENT_3D('',#10895,#8731,#8732);
#6945=AXIS2_PLACEMENT_3D('',#10897,#8733,#8734);
#6946=AXIS2_PLACEMENT_3D('',#10900,#8736,#8737);
#6947=AXIS2_PLACEMENT_3D('',#10901,#8738,#8739);
#6948=AXIS2_PLACEMENT_3D('',#10903,#8740,#8741);
#6949=AXIS2_PLACEMENT_3D('',#10906,#8743,#8744);
#6950=AXIS2_PLACEMENT_3D('',#10907,#8745,#8746);
#6951=AXIS2_PLACEMENT_3D('',#10913,#8750,#8751);
#6952=AXIS2_PLACEMENT_3D('',#10915,#8752,#8753);
#6953=AXIS2_PLACEMENT_3D('',#10918,#8755,#8756);
#6954=AXIS2_PLACEMENT_3D('',#10919,#8757,#8758);
#6955=AXIS2_PLACEMENT_3D('',#10921,#8759,#8760);
#6956=AXIS2_PLACEMENT_3D('',#10924,#8762,#8763);
#6957=AXIS2_PLACEMENT_3D('',#10925,#8764,#8765);
#6958=AXIS2_PLACEMENT_3D('',#10927,#8766,#8767);
#6959=AXIS2_PLACEMENT_3D('',#10930,#8769,#8770);
#6960=AXIS2_PLACEMENT_3D('',#10931,#8771,#8772);
#6961=AXIS2_PLACEMENT_3D('',#10937,#8776,#8777);
#6962=AXIS2_PLACEMENT_3D('',#10939,#8778,#8779);
#6963=AXIS2_PLACEMENT_3D('',#10942,#8781,#8782);
#6964=AXIS2_PLACEMENT_3D('',#10943,#8783,#8784);
#6965=AXIS2_PLACEMENT_3D('',#10945,#8785,#8786);
#6966=AXIS2_PLACEMENT_3D('',#10948,#8788,#8789);
#6967=AXIS2_PLACEMENT_3D('',#10949,#8790,#8791);
#6968=AXIS2_PLACEMENT_3D('',#10955,#8795,#8796);
#6969=AXIS2_PLACEMENT_3D('',#10957,#8797,#8798);
#6970=AXIS2_PLACEMENT_3D('',#10960,#8800,#8801);
#6971=AXIS2_PLACEMENT_3D('',#10961,#8802,#8803);
#6972=AXIS2_PLACEMENT_3D('',#10964,#8804,#8805);
#6973=AXIS2_PLACEMENT_3D('',#10968,#8807,#8808);
#6974=AXIS2_PLACEMENT_3D('',#10970,#8810,#8811);
#6975=AXIS2_PLACEMENT_3D('',#10972,#8812,#8813);
#6976=AXIS2_PLACEMENT_3D('',#10975,#8815,#8816);
#6977=AXIS2_PLACEMENT_3D('',#10976,#8817,#8818);
#6978=AXIS2_PLACEMENT_3D('',#10982,#8822,#8823);
#6979=AXIS2_PLACEMENT_3D('',#10984,#8824,#8825);
#6980=AXIS2_PLACEMENT_3D('',#10987,#8827,#8828);
#6981=AXIS2_PLACEMENT_3D('',#10988,#8829,#8830);
#6982=AXIS2_PLACEMENT_3D('',#10990,#8831,#8832);
#6983=AXIS2_PLACEMENT_3D('',#10993,#8834,#8835);
#6984=AXIS2_PLACEMENT_3D('',#10994,#8836,#8837);
#6985=AXIS2_PLACEMENT_3D('',#11000,#8841,#8842);
#6986=AXIS2_PLACEMENT_3D('',#11002,#8843,#8844);
#6987=AXIS2_PLACEMENT_3D('',#11005,#8846,#8847);
#6988=AXIS2_PLACEMENT_3D('',#11006,#8848,#8849);
#6989=AXIS2_PLACEMENT_3D('',#11008,#8850,#8851);
#6990=AXIS2_PLACEMENT_3D('',#11011,#8853,#8854);
#6991=AXIS2_PLACEMENT_3D('',#11012,#8855,#8856);
#6992=AXIS2_PLACEMENT_3D('',#11018,#8860,#8861);
#6993=AXIS2_PLACEMENT_3D('',#11020,#8862,#8863);
#6994=AXIS2_PLACEMENT_3D('',#11023,#8865,#8866);
#6995=AXIS2_PLACEMENT_3D('',#11024,#8867,#8868);
#6996=AXIS2_PLACEMENT_3D('',#11026,#8869,#8870);
#6997=AXIS2_PLACEMENT_3D('',#11029,#8872,#8873);
#6998=AXIS2_PLACEMENT_3D('',#11030,#8874,#8875);
#6999=AXIS2_PLACEMENT_3D('',#11032,#8876,#8877);
#7000=AXIS2_PLACEMENT_3D('',#11035,#8879,#8880);
#7001=AXIS2_PLACEMENT_3D('',#11036,#8881,#8882);
#7002=AXIS2_PLACEMENT_3D('',#11042,#8886,#8887);
#7003=AXIS2_PLACEMENT_3D('',#11044,#8888,#8889);
#7004=AXIS2_PLACEMENT_3D('',#11047,#8891,#8892);
#7005=AXIS2_PLACEMENT_3D('',#11048,#8893,#8894);
#7006=AXIS2_PLACEMENT_3D('',#11050,#8895,#8896);
#7007=AXIS2_PLACEMENT_3D('',#11053,#8898,#8899);
#7008=AXIS2_PLACEMENT_3D('',#11054,#8900,#8901);
#7009=AXIS2_PLACEMENT_3D('',#11060,#8905,#8906);
#7010=AXIS2_PLACEMENT_3D('',#11062,#8907,#8908);
#7011=AXIS2_PLACEMENT_3D('',#11065,#8910,#8911);
#7012=AXIS2_PLACEMENT_3D('',#11066,#8912,#8913);
#7013=AXIS2_PLACEMENT_3D('',#11068,#8914,#8915);
#7014=AXIS2_PLACEMENT_3D('',#11071,#8917,#8918);
#7015=AXIS2_PLACEMENT_3D('',#11072,#8919,#8920);
#7016=AXIS2_PLACEMENT_3D('',#11074,#8921,#8922);
#7017=AXIS2_PLACEMENT_3D('',#11077,#8924,#8925);
#7018=AXIS2_PLACEMENT_3D('',#11078,#8926,#8927);
#7019=AXIS2_PLACEMENT_3D('',#11084,#8931,#8932);
#7020=AXIS2_PLACEMENT_3D('',#11086,#8933,#8934);
#7021=AXIS2_PLACEMENT_3D('',#11089,#8936,#8937);
#7022=AXIS2_PLACEMENT_3D('',#11090,#8938,#8939);
#7023=AXIS2_PLACEMENT_3D('',#11092,#8940,#8941);
#7024=AXIS2_PLACEMENT_3D('',#11095,#8943,#8944);
#7025=AXIS2_PLACEMENT_3D('',#11096,#8945,#8946);
#7026=AXIS2_PLACEMENT_3D('',#11098,#8947,#8948);
#7027=AXIS2_PLACEMENT_3D('',#11101,#8950,#8951);
#7028=AXIS2_PLACEMENT_3D('',#11102,#8952,#8953);
#7029=AXIS2_PLACEMENT_3D('',#11108,#8957,#8958);
#7030=AXIS2_PLACEMENT_3D('',#11110,#8959,#8960);
#7031=AXIS2_PLACEMENT_3D('',#11113,#8962,#8963);
#7032=AXIS2_PLACEMENT_3D('',#11114,#8964,#8965);
#7033=AXIS2_PLACEMENT_3D('',#11116,#8966,#8967);
#7034=AXIS2_PLACEMENT_3D('',#11119,#8969,#8970);
#7035=AXIS2_PLACEMENT_3D('',#11120,#8971,#8972);
#7036=AXIS2_PLACEMENT_3D('',#11126,#8976,#8977);
#7037=AXIS2_PLACEMENT_3D('',#11127,#8978,#8979);
#7038=AXIS2_PLACEMENT_3D('',#11128,#8980,#8981);
#7039=AXIS2_PLACEMENT_3D('',#11129,#8982,#8983);
#7040=AXIS2_PLACEMENT_3D('',#11131,#8984,#8985);
#7041=AXIS2_PLACEMENT_3D('',#11134,#8987,#8988);
#7042=AXIS2_PLACEMENT_3D('',#11135,#8989,#8990);
#7043=AXIS2_PLACEMENT_3D('',#11137,#8991,#8992);
#7044=AXIS2_PLACEMENT_3D('',#11140,#8994,#8995);
#7045=AXIS2_PLACEMENT_3D('',#11141,#8996,#8997);
#7046=AXIS2_PLACEMENT_3D('',#11147,#9001,#9002);
#7047=AXIS2_PLACEMENT_3D('',#11149,#9003,#9004);
#7048=AXIS2_PLACEMENT_3D('',#11152,#9006,#9007);
#7049=AXIS2_PLACEMENT_3D('',#11153,#9008,#9009);
#7050=AXIS2_PLACEMENT_3D('',#11155,#9010,#9011);
#7051=AXIS2_PLACEMENT_3D('',#11158,#9013,#9014);
#7052=AXIS2_PLACEMENT_3D('',#11159,#9015,#9016);
#7053=AXIS2_PLACEMENT_3D('',#11165,#9020,#9021);
#7054=AXIS2_PLACEMENT_3D('',#11167,#9022,#9023);
#7055=AXIS2_PLACEMENT_3D('',#11170,#9025,#9026);
#7056=AXIS2_PLACEMENT_3D('',#11171,#9027,#9028);
#7057=AXIS2_PLACEMENT_3D('',#11173,#9029,#9030);
#7058=AXIS2_PLACEMENT_3D('',#11176,#9032,#9033);
#7059=AXIS2_PLACEMENT_3D('',#11177,#9034,#9035);
#7060=AXIS2_PLACEMENT_3D('',#11183,#9039,#9040);
#7061=AXIS2_PLACEMENT_3D('',#11185,#9041,#9042);
#7062=AXIS2_PLACEMENT_3D('',#11188,#9044,#9045);
#7063=AXIS2_PLACEMENT_3D('',#11189,#9046,#9047);
#7064=AXIS2_PLACEMENT_3D('',#11191,#9048,#9049);
#7065=AXIS2_PLACEMENT_3D('',#11194,#9051,#9052);
#7066=AXIS2_PLACEMENT_3D('',#11195,#9053,#9054);
#7067=AXIS2_PLACEMENT_3D('',#11197,#9055,#9056);
#7068=AXIS2_PLACEMENT_3D('',#11200,#9058,#9059);
#7069=AXIS2_PLACEMENT_3D('',#11201,#9060,#9061);
#7070=AXIS2_PLACEMENT_3D('',#11207,#9065,#9066);
#7071=AXIS2_PLACEMENT_3D('',#11208,#9067,#9068);
#7072=AXIS2_PLACEMENT_3D('',#11209,#9069,#9070);
#7073=AXIS2_PLACEMENT_3D('',#11210,#9071,#9072);
#7074=AXIS2_PLACEMENT_3D('',#11211,#9073,#9074);
#7075=AXIS2_PLACEMENT_3D('',#11212,#9075,#9076);
#7076=AXIS2_PLACEMENT_3D('',#11214,#9077,#9078);
#7077=AXIS2_PLACEMENT_3D('',#11217,#9080,#9081);
#7078=AXIS2_PLACEMENT_3D('',#11218,#9082,#9083);
#7079=AXIS2_PLACEMENT_3D('',#11220,#9084,#9085);
#7080=AXIS2_PLACEMENT_3D('',#11223,#9087,#9088);
#7081=AXIS2_PLACEMENT_3D('',#11224,#9089,#9090);
#7082=AXIS2_PLACEMENT_3D('',#11225,#9091,#9092);
#7083=DIRECTION('axis',(0.,0.,1.));
#7084=DIRECTION('refdir',(1.,0.,0.));
#7085=DIRECTION('center_axis',(0.,-1.,0.));
#7086=DIRECTION('ref_axis',(0.707106781186548,0.,-0.707106781186547));
#7087=DIRECTION('center_axis',(-6.10012650892943E-17,-1.,0.));
#7088=DIRECTION('ref_axis',(0.707106781186548,0.,-0.707106781186547));
#7089=DIRECTION('',(0.,-1.,0.));
#7090=DIRECTION('center_axis',(9.89307645705586E-16,-1.,0.));
#7091=DIRECTION('ref_axis',(0.707106781186548,0.,-0.707106781186547));
#7092=DIRECTION('',(0.,1.,0.));
#7093=DIRECTION('center_axis',(-1.,0.,0.));
#7094=DIRECTION('ref_axis',(0.,-1.,0.));
#7095=DIRECTION('',(0.,0.,-1.));
#7096=DIRECTION('',(0.,0.,-1.));
#7097=DIRECTION('',(0.,-1.,0.));
#7098=DIRECTION('',(0.,0.,1.));
#7099=DIRECTION('',(0.,-1.,0.));
#7100=DIRECTION('center_axis',(-6.10012650892943E-17,-1.,0.));
#7101=DIRECTION('ref_axis',(1.,-6.10012650892943E-17,0.));
#7102=DIRECTION('',(1.,-5.78241158658935E-17,0.));
#7103=DIRECTION('center_axis',(-6.10012650892943E-17,-1.,0.));
#7104=DIRECTION('ref_axis',(0.707106781186548,0.,-0.707106781186547));
#7105=DIRECTION('',(0.,0.,1.));
#7106=DIRECTION('',(-0.707106781186548,4.31344082055982E-17,-0.707106781186547));
#7107=DIRECTION('',(0.,0.,1.));
#7108=DIRECTION('',(1.,-6.10012650892943E-17,0.));
#7109=DIRECTION('',(0.,0.,1.));
#7110=DIRECTION('',(0.707106781186547,-4.31344082055982E-17,-0.707106781186548));
#7111=DIRECTION('',(0.,0.,1.));
#7112=DIRECTION('center_axis',(-6.10012650892943E-17,-1.,0.));
#7113=DIRECTION('ref_axis',(-0.707106781186548,0.,-0.707106781186547));
#7114=DIRECTION('',(1.,-5.78241158658935E-17,0.));
#7115=DIRECTION('center_axis',(-6.10012650892943E-17,-1.,0.));
#7116=DIRECTION('ref_axis',(-0.707106781186548,0.,-0.707106781186547));
#7117=DIRECTION('',(0.,0.,1.));
#7118=DIRECTION('',(-1.,6.10012650892943E-17,0.));
#7119=DIRECTION('center_axis',(7.0490350769851E-16,1.,0.));
#7120=DIRECTION('ref_axis',(-0.707106781186548,0.,-0.707106781186547));
#7121=DIRECTION('',(-7.0490350769851E-16,-1.,0.));
#7122=DIRECTION('center_axis',(9.89307645705586E-16,-1.,0.));
#7123=DIRECTION('ref_axis',(-0.707106781186548,0.,-0.707106781186547));
#7124=DIRECTION('',(7.0490350769851E-16,1.,0.));
#7125=DIRECTION('center_axis',(1.,-7.0490350769851E-16,0.));
#7126=DIRECTION('ref_axis',(7.0490350769851E-16,1.,0.));
#7127=DIRECTION('',(0.,0.,1.));
#7128=DIRECTION('',(7.0490350769851E-16,1.,0.));
#7129=DIRECTION('',(0.,0.,-1.));
#7130=DIRECTION('',(7.0490350769851E-16,1.,0.));
#7131=DIRECTION('center_axis',(-1.,0.,0.));
#7132=DIRECTION('ref_axis',(0.,-0.70710678118654,-0.707106781186555));
#7133=DIRECTION('',(1.,0.,0.));
#7134=DIRECTION('',(-1.,0.,0.));
#7135=DIRECTION('center_axis',(0.,-1.,0.));
#7136=DIRECTION('ref_axis',(0.707106781186548,0.,-0.707106781186547));
#7137=DIRECTION('',(0.,1.,0.));
#7138=DIRECTION('center_axis',(9.89307645705586E-16,-1.,0.));
#7139=DIRECTION('ref_axis',(0.707106781186548,0.,-0.707106781186547));
#7140=DIRECTION('center_axis',(0.,1.,0.));
#7141=DIRECTION('ref_axis',(0.707106781186548,0.,-0.707106781186547));
#7142=DIRECTION('center_axis',(1.,9.89307645705586E-16,0.));
#7143=DIRECTION('ref_axis',(0.,0.70710678118654,-0.707106781186555));
#7144=DIRECTION('',(1.,9.89307645705586E-16,0.));
#7145=DIRECTION('center_axis',(-1.,0.,0.));
#7146=DIRECTION('ref_axis',(0.,1.,3.46944695195361E-16));
#7147=DIRECTION('',(-1.,-9.89307645705586E-16,0.));
#7148=DIRECTION('center_axis',(7.0490350769851E-16,1.,0.));
#7149=DIRECTION('ref_axis',(-0.707106781186548,0.,-0.707106781186547));
#7150=DIRECTION('',(-7.0490350769851E-16,-1.,0.));
#7151=DIRECTION('center_axis',(0.,1.,0.));
#7152=DIRECTION('ref_axis',(-0.707106781186548,0.,-0.707106781186547));
#7153=DIRECTION('center_axis',(9.89307645705586E-16,-1.,0.));
#7154=DIRECTION('ref_axis',(-0.707106781186548,0.,-0.707106781186547));
#7155=DIRECTION('center_axis',(0.,0.,-1.));
#7156=DIRECTION('ref_axis',(0.707106781186394,-0.707106781186701,0.));
#7157=DIRECTION('center_axis',(0.,0.,1.));
#7158=DIRECTION('ref_axis',(0.707106781186553,-0.707106781186542,0.));
#7159=DIRECTION('center_axis',(0.,0.,-1.));
#7160=DIRECTION('ref_axis',(0.707106781186553,-0.707106781186542,0.));
#7161=DIRECTION('center_axis',(0.,-1.,0.));
#7162=DIRECTION('ref_axis',(0.707106781186555,0.,-0.70710678118654));
#7163=DIRECTION('',(0.,1.,0.));
#7164=DIRECTION('',(0.,-1.,0.));
#7165=DIRECTION('center_axis',(0.,0.,-1.));
#7166=DIRECTION('ref_axis',(0.707106781186528,0.707106781186567,0.));
#7167=DIRECTION('center_axis',(0.,0.,-1.));
#7168=DIRECTION('ref_axis',(0.707106781186547,0.707106781186548,0.));
#7169=DIRECTION('center_axis',(0.,0.,1.));
#7170=DIRECTION('ref_axis',(0.707106781186547,0.707106781186548,0.));
#7171=DIRECTION('center_axis',(1.,-2.46032803241032E-16,0.));
#7172=DIRECTION('ref_axis',(0.,0.707106781186555,-0.70710678118654));
#7173=DIRECTION('',(1.,-2.46032803241032E-16,0.));
#7174=DIRECTION('',(-1.,2.46032803241032E-16,0.));
#7175=DIRECTION('center_axis',(-1.,0.,0.));
#7176=DIRECTION('ref_axis',(0.,-0.70710678118654,-0.707106781186555));
#7177=DIRECTION('',(1.,0.,0.));
#7178=DIRECTION('',(-1.,0.,0.));
#7179=DIRECTION('center_axis',(0.,0.,-1.));
#7180=DIRECTION('ref_axis',(-1.,0.,0.));
#7181=DIRECTION('center_axis',(0.,0.,-1.));
#7182=DIRECTION('ref_axis',(-0.707106781186546,0.70710678118655,0.));
#7183=DIRECTION('center_axis',(0.,0.,1.));
#7184=DIRECTION('ref_axis',(-0.707106781186546,0.707106781186549,0.));
#7185=DIRECTION('center_axis',(0.,1.,0.));
#7186=DIRECTION('ref_axis',(-0.707106781186555,0.,-0.70710678118654));
#7187=DIRECTION('',(0.,1.,0.));
#7188=DIRECTION('',(0.,-1.,0.));
#7189=DIRECTION('center_axis',(0.,0.,-1.));
#7190=DIRECTION('ref_axis',(-1.,0.,0.));
#7191=DIRECTION('center_axis',(0.,-1.,0.));
#7192=DIRECTION('ref_axis',(-1.,0.,0.));
#7193=DIRECTION('center_axis',(0.,0.,-1.));
#7194=DIRECTION('ref_axis',(0.707106781186548,-0.707106781186548,0.));
#7195=DIRECTION('center_axis',(0.,0.,1.));
#7196=DIRECTION('ref_axis',(0.707106781186548,-0.707106781186548,0.));
#7197=DIRECTION('center_axis',(1.09923071745065E-15,1.,0.));
#7198=DIRECTION('ref_axis',(-0.70710678118654,0.,-0.707106781186555));
#7199=DIRECTION('center_axis',(-1.11022302462516E-14,-1.,0.));
#7200=DIRECTION('ref_axis',(-1.,1.11022302462516E-14,3.46944695195361E-16));
#7201=DIRECTION('',(-1.09923071745065E-15,-1.,0.));
#7202=DIRECTION('',(1.09923071745065E-15,1.,0.));
#7203=DIRECTION('center_axis',(0.,0.,-1.));
#7204=DIRECTION('ref_axis',(-1.,0.,0.));
#7205=DIRECTION('center_axis',(1.,0.,0.));
#7206=DIRECTION('ref_axis',(0.,-1.,0.));
#7207=DIRECTION('center_axis',(0.,0.,-1.));
#7208=DIRECTION('ref_axis',(0.707106781186549,0.707106781186546,0.));
#7209=DIRECTION('center_axis',(0.,0.,1.));
#7210=DIRECTION('ref_axis',(0.707106781186549,0.707106781186546,0.));
#7211=DIRECTION('center_axis',(-1.,-2.1984614349013E-16,0.));
#7212=DIRECTION('ref_axis',(0.,-0.70710678118654,-0.707106781186555));
#7213=DIRECTION('center_axis',(1.,0.,0.));
#7214=DIRECTION('ref_axis',(0.,-1.,3.46944695195361E-16));
#7215=DIRECTION('',(1.,2.1984614349013E-16,0.));
#7216=DIRECTION('',(-1.,-2.1984614349013E-16,0.));
#7217=DIRECTION('center_axis',(0.,0.,-1.));
#7218=DIRECTION('ref_axis',(-1.,0.,0.));
#7219=DIRECTION('center_axis',(0.,1.,0.));
#7220=DIRECTION('ref_axis',(1.,0.,0.));
#7221=DIRECTION('center_axis',(0.,0.,-1.));
#7222=DIRECTION('ref_axis',(-0.707106781186547,0.707106781186548,0.));
#7223=DIRECTION('center_axis',(0.,0.,1.));
#7224=DIRECTION('ref_axis',(-0.707106781186547,0.707106781186548,0.));
#7225=DIRECTION('center_axis',(0.,-1.,0.));
#7226=DIRECTION('ref_axis',(0.707106781186556,0.,-0.707106781186539));
#7227=DIRECTION('center_axis',(0.,1.,0.));
#7228=DIRECTION('ref_axis',(1.,0.,3.46944695195361E-16));
#7229=DIRECTION('',(0.,1.,0.));
#7230=DIRECTION('',(0.,-1.,0.));
#7231=DIRECTION('center_axis',(0.,0.,-1.));
#7232=DIRECTION('ref_axis',(-1.,0.,0.));
#7233=DIRECTION('center_axis',(-1.,0.,0.));
#7234=DIRECTION('ref_axis',(0.,1.,0.));
#7235=DIRECTION('center_axis',(0.,0.,-1.));
#7236=DIRECTION('ref_axis',(-0.707106781186547,-0.707106781186548,0.));
#7237=DIRECTION('center_axis',(0.,0.,1.));
#7238=DIRECTION('ref_axis',(-0.707106781186547,-0.707106781186548,0.));
#7239=DIRECTION('center_axis',(1.,9.89307645705586E-16,0.));
#7240=DIRECTION('ref_axis',(0.,0.70710678118654,-0.707106781186555));
#7241=DIRECTION('',(-1.,-9.89307645705586E-16,0.));
#7242=DIRECTION('',(1.,9.89307645705586E-16,0.));
#7243=DIRECTION('center_axis',(0.,0.,-1.));
#7244=DIRECTION('ref_axis',(-1.,0.,0.));
#7245=DIRECTION('center_axis',(0.,0.,-1.));
#7246=DIRECTION('ref_axis',(-0.707106781186552,-0.707106781186543,0.));
#7247=DIRECTION('center_axis',(0.,0.,1.));
#7248=DIRECTION('ref_axis',(-0.707106781186552,-0.707106781186543,0.));
#7249=DIRECTION('center_axis',(1.,0.,0.));
#7250=DIRECTION('ref_axis',(0.,-1.,0.));
#7251=DIRECTION('',(0.,0.,-1.));
#7252=DIRECTION('',(0.,-1.,0.));
#7253=DIRECTION('',(0.,0.,1.));
#7254=DIRECTION('center_axis',(0.,0.,1.));
#7255=DIRECTION('ref_axis',(-0.707106781186548,0.707106781186547,0.));
#7256=DIRECTION('',(0.,0.,1.));
#7257=DIRECTION('center_axis',(0.,0.,-1.));
#7258=DIRECTION('ref_axis',(-0.707106781186548,0.707106781186547,0.));
#7259=DIRECTION('center_axis',(2.1984614349013E-16,-1.,0.));
#7260=DIRECTION('ref_axis',(-1.,-2.1984614349013E-16,0.));
#7261=DIRECTION('',(0.,0.,-1.));
#7262=DIRECTION('',(-1.,-2.1984614349013E-16,0.));
#7263=DIRECTION('center_axis',(0.,0.,1.));
#7264=DIRECTION('ref_axis',(0.707106781186548,0.707106781186547,0.));
#7265=DIRECTION('',(0.,0.,1.));
#7266=DIRECTION('center_axis',(0.,0.,-1.));
#7267=DIRECTION('ref_axis',(0.707106781186548,0.707106781186547,0.));
#7268=DIRECTION('center_axis',(-1.,1.09923071745065E-15,0.));
#7269=DIRECTION('ref_axis',(1.09923071745065E-15,1.,0.));
#7270=DIRECTION('',(0.,0.,-1.));
#7271=DIRECTION('',(1.09923071745065E-15,1.,0.));
#7272=DIRECTION('center_axis',(0.,0.,-1.));
#7273=DIRECTION('ref_axis',(0.707106781186548,-0.707106781186548,0.));
#7274=DIRECTION('',(0.,0.,1.));
#7275=DIRECTION('center_axis',(0.,0.,-1.));
#7276=DIRECTION('ref_axis',(0.707106781186548,-0.707106781186548,0.));
#7277=DIRECTION('center_axis',(-9.89307645705586E-16,1.,0.));
#7278=DIRECTION('ref_axis',(1.,9.89307645705586E-16,0.));
#7279=DIRECTION('',(1.,9.89307645705586E-16,0.));
#7280=DIRECTION('center_axis',(0.,0.,-1.));
#7281=DIRECTION('ref_axis',(-0.0374736605890814,-0.999297615709181,0.));
#7282=DIRECTION('',(0.,0.,-1.));
#7283=DIRECTION('center_axis',(0.,0.,1.));
#7284=DIRECTION('ref_axis',(-0.0374736605890814,-0.999297615709181,0.));
#7285=DIRECTION('',(0.,0.,-1.));
#7286=DIRECTION('center_axis',(0.,0.,1.));
#7287=DIRECTION('ref_axis',(1.,0.,0.));
#7288=DIRECTION('center_axis',(0.,0.,1.));
#7289=DIRECTION('ref_axis',(1.,0.,0.));
#7290=DIRECTION('center_axis',(0.,0.,1.));
#7291=DIRECTION('ref_axis',(1.,0.,0.));
#7292=DIRECTION('',(0.707106781186547,8.65956056235493E-17,-0.707106781186547));
#7293=DIRECTION('center_axis',(0.,0.,-1.));
#7294=DIRECTION('ref_axis',(1.,0.,0.));
#7295=DIRECTION('center_axis',(0.,0.,1.));
#7296=DIRECTION('ref_axis',(1.,0.,0.));
#7297=DIRECTION('',(-1.,0.,0.));
#7298=DIRECTION('center_axis',(0.,0.,-1.));
#7299=DIRECTION('ref_axis',(-0.0374736605890814,-0.999297615709181,0.));
#7300=DIRECTION('',(0.,-1.,0.));
#7301=DIRECTION('center_axis',(0.,0.,-1.));
#7302=DIRECTION('ref_axis',(0.999297615709181,-0.0374736605890928,0.));
#7303=DIRECTION('',(1.,-2.46032803241032E-16,0.));
#7304=DIRECTION('center_axis',(0.,0.,-1.));
#7305=DIRECTION('ref_axis',(0.0374736605890927,0.999297615709181,0.));
#7306=DIRECTION('',(0.,1.,0.));
#7307=DIRECTION('center_axis',(0.,0.,-1.));
#7308=DIRECTION('ref_axis',(-0.99929761570918,0.0374736605891057,0.));
#7309=DIRECTION('center_axis',(0.,0.,1.));
#7310=DIRECTION('ref_axis',(1.,0.,0.));
#7311=DIRECTION('center_axis',(0.,0.,1.));
#7312=DIRECTION('ref_axis',(1.,0.,0.));
#7313=DIRECTION('center_axis',(0.,0.,1.));
#7314=DIRECTION('ref_axis',(1.,0.,0.));
#7315=DIRECTION('center_axis',(0.,0.,-1.));
#7316=DIRECTION('ref_axis',(0.999949694834275,0.0100303440040468,0.));
#7317=DIRECTION('center_axis',(0.,0.,1.));
#7318=DIRECTION('ref_axis',(-1.,0.,0.));
#7319=DIRECTION('center_axis',(0.,0.,-1.));
#7320=DIRECTION('ref_axis',(1.,-4.98958180890864E-15,0.));
#7321=DIRECTION('center_axis',(0.,0.,1.));
#7322=DIRECTION('ref_axis',(1.,0.,0.));
#7323=DIRECTION('center_axis',(0.,0.,-1.));
#7324=DIRECTION('ref_axis',(-1.,-4.98958180890864E-15,0.));
#7325=DIRECTION('center_axis',(0.,0.,1.));
#7326=DIRECTION('ref_axis',(1.,0.,0.));
#7327=DIRECTION('center_axis',(0.,0.,-1.));
#7328=DIRECTION('ref_axis',(-0.999949694834275,0.0100303440040523,0.));
#7329=DIRECTION('center_axis',(0.,0.,1.));
#7330=DIRECTION('ref_axis',(0.268292682926831,0.963337446738121,0.));
#7331=DIRECTION('',(0.,-1.,0.));
#7332=DIRECTION('center_axis',(0.,0.,1.));
#7333=DIRECTION('ref_axis',(-1.,0.,0.));
#7334=DIRECTION('center_axis',(0.,0.,1.));
#7335=DIRECTION('ref_axis',(-1.,0.,0.));
#7336=DIRECTION('',(0.,-1.,0.));
#7337=DIRECTION('center_axis',(0.,0.,1.));
#7338=DIRECTION('ref_axis',(0.695221787153805,-0.718795288428263,0.));
#7339=DIRECTION('center_axis',(0.,0.,1.));
#7340=DIRECTION('ref_axis',(0.409090909090921,0.912493631812937,0.));
#7341=DIRECTION('center_axis',(0.,0.,1.));
#7342=DIRECTION('ref_axis',(0.718795288428263,-0.695221787153805,0.));
#7343=DIRECTION('',(-1.,0.,0.));
#7344=DIRECTION('center_axis',(0.,0.,1.));
#7345=DIRECTION('ref_axis',(-0.718795288428264,-0.695221787153804,0.));
#7346=DIRECTION('center_axis',(0.,0.,1.));
#7347=DIRECTION('ref_axis',(0.912493631812937,-0.409090909090922,0.));
#7348=DIRECTION('center_axis',(0.,0.,1.));
#7349=DIRECTION('ref_axis',(-0.695221787153811,-0.718795288428257,0.));
#7350=DIRECTION('',(0.,1.,0.));
#7351=DIRECTION('center_axis',(0.,0.,1.));
#7352=DIRECTION('ref_axis',(1.,0.,0.));
#7353=DIRECTION('center_axis',(0.,0.,1.));
#7354=DIRECTION('ref_axis',(0.,-1.,0.));
#7355=DIRECTION('',(0.,1.,0.));
#7356=DIRECTION('center_axis',(0.,0.,1.));
#7357=DIRECTION('ref_axis',(1.,0.,0.));
#7358=DIRECTION('center_axis',(0.,0.,1.));
#7359=DIRECTION('ref_axis',(1.,0.,0.));
#7360=DIRECTION('',(0.,1.,0.));
#7361=DIRECTION('center_axis',(0.,0.,1.));
#7362=DIRECTION('ref_axis',(-0.695221787153809,0.718795288428259,0.));
#7363=DIRECTION('center_axis',(0.,0.,1.));
#7364=DIRECTION('ref_axis',(-0.409090909090898,-0.912493631812947,0.));
#7365=DIRECTION('center_axis',(0.,0.,1.));
#7366=DIRECTION('ref_axis',(-0.718795288428257,0.695221787153811,0.));
#7367=DIRECTION('',(1.,0.,0.));
#7368=DIRECTION('center_axis',(0.,0.,1.));
#7369=DIRECTION('ref_axis',(0.718795288428257,0.695221787153811,0.));
#7370=DIRECTION('center_axis',(0.,0.,1.));
#7371=DIRECTION('ref_axis',(-0.912493631812947,0.409090909090899,0.));
#7372=DIRECTION('center_axis',(0.,0.,1.));
#7373=DIRECTION('ref_axis',(0.695221787153804,0.718795288428264,0.));
#7374=DIRECTION('',(0.,-1.,0.));
#7375=DIRECTION('center_axis',(0.,0.,1.));
#7376=DIRECTION('ref_axis',(0.71374642714633,-0.700404195972474,0.));
#7377=DIRECTION('center_axis',(0.,0.,1.));
#7378=DIRECTION('ref_axis',(1.,0.,0.));
#7379=DIRECTION('center_axis',(0.,0.,-1.));
#7380=DIRECTION('ref_axis',(1.,-4.98958180890864E-15,0.));
#7381=DIRECTION('center_axis',(0.,0.,1.));
#7382=DIRECTION('ref_axis',(-1.,0.,0.));
#7383=DIRECTION('center_axis',(0.,0.,-1.));
#7384=DIRECTION('ref_axis',(1.,0.,0.));
#7385=DIRECTION('center_axis',(0.,0.,1.));
#7386=DIRECTION('ref_axis',(1.,0.,0.));
#7387=DIRECTION('center_axis',(0.,0.,-1.));
#7388=DIRECTION('ref_axis',(-1.,0.,0.));
#7389=DIRECTION('center_axis',(0.,0.,1.));
#7390=DIRECTION('ref_axis',(1.,0.,0.));
#7391=DIRECTION('center_axis',(0.,0.,-1.));
#7392=DIRECTION('ref_axis',(-1.,0.,0.));
#7393=DIRECTION('center_axis',(0.,0.,1.));
#7394=DIRECTION('ref_axis',(1.,0.,0.));
#7395=DIRECTION('center_axis',(0.,0.,-1.));
#7396=DIRECTION('ref_axis',(1.,0.,0.));
#7397=DIRECTION('',(0.,0.,-1.));
#7398=DIRECTION('center_axis',(0.,0.,-1.));
#7399=DIRECTION('ref_axis',(1.,0.,0.));
#7400=DIRECTION('',(0.,0.,-1.));
#7401=DIRECTION('center_axis',(0.,0.,-1.));
#7402=DIRECTION('ref_axis',(-1.,0.,0.));
#7403=DIRECTION('',(0.,0.,-1.));
#7404=DIRECTION('center_axis',(0.,0.,-1.));
#7405=DIRECTION('ref_axis',(1.,0.,0.));
#7406=DIRECTION('',(0.,0.,-1.));
#7407=DIRECTION('center_axis',(0.,0.,-1.));
#7408=DIRECTION('ref_axis',(-1.,0.,0.));
#7409=DIRECTION('',(0.,0.,-1.));
#7410=DIRECTION('center_axis',(0.,0.,-1.));
#7411=DIRECTION('ref_axis',(1.,0.,0.));
#7412=DIRECTION('center_axis',(0.,0.,1.));
#7413=DIRECTION('ref_axis',(1.,0.,0.));
#7414=DIRECTION('',(0.707106781186547,8.65956056235493E-17,-0.707106781186547));
#7415=DIRECTION('center_axis',(0.,0.,-1.));
#7416=DIRECTION('ref_axis',(1.,0.,0.));
#7417=DIRECTION('center_axis',(0.,0.,-1.));
#7418=DIRECTION('ref_axis',(1.,0.,0.));
#7419=DIRECTION('',(0.,0.,-1.));
#7420=DIRECTION('center_axis',(0.,0.,-1.));
#7421=DIRECTION('ref_axis',(1.,0.,0.));
#7422=DIRECTION('',(0.,0.,-1.));
#7423=DIRECTION('center_axis',(0.,0.,-1.));
#7424=DIRECTION('ref_axis',(-1.,0.,0.));
#7425=DIRECTION('',(0.,0.,-1.));
#7426=DIRECTION('center_axis',(0.,0.,-1.));
#7427=DIRECTION('ref_axis',(1.,0.,0.));
#7428=DIRECTION('',(0.,0.,-1.));
#7429=DIRECTION('center_axis',(0.,0.,-1.));
#7430=DIRECTION('ref_axis',(-1.,0.,0.));
#7431=DIRECTION('',(0.,0.,-1.));
#7432=DIRECTION('center_axis',(0.,0.,-1.));
#7433=DIRECTION('ref_axis',(1.,0.,0.));
#7434=DIRECTION('center_axis',(0.,0.,1.));
#7435=DIRECTION('ref_axis',(1.,0.,0.));
#7436=DIRECTION('',(0.707106781186547,8.65956056235493E-17,-0.707106781186547));
#7437=DIRECTION('center_axis',(0.,0.,-1.));
#7438=DIRECTION('ref_axis',(1.,0.,0.));
#7439=DIRECTION('center_axis',(0.,0.,-1.));
#7440=DIRECTION('ref_axis',(1.,0.,0.));
#7441=DIRECTION('',(0.,0.,-1.));
#7442=DIRECTION('center_axis',(0.,0.,-1.));
#7443=DIRECTION('ref_axis',(1.,0.,0.));
#7444=DIRECTION('',(0.,0.,-1.));
#7445=DIRECTION('center_axis',(0.,0.,-1.));
#7446=DIRECTION('ref_axis',(-1.,0.,0.));
#7447=DIRECTION('',(0.,0.,-1.));
#7448=DIRECTION('center_axis',(0.,0.,-1.));
#7449=DIRECTION('ref_axis',(1.,0.,0.));
#7450=DIRECTION('',(0.,0.,-1.));
#7451=DIRECTION('center_axis',(0.,0.,-1.));
#7452=DIRECTION('ref_axis',(-1.,0.,0.));
#7453=DIRECTION('',(0.,0.,-1.));
#7454=DIRECTION('center_axis',(0.,0.,-1.));
#7455=DIRECTION('ref_axis',(1.,0.,0.));
#7456=DIRECTION('center_axis',(0.,0.,1.));
#7457=DIRECTION('ref_axis',(1.,0.,0.));
#7458=DIRECTION('',(0.707106781186547,8.65956056235493E-17,-0.707106781186547));
#7459=DIRECTION('center_axis',(0.,0.,-1.));
#7460=DIRECTION('ref_axis',(1.,0.,0.));
#7461=DIRECTION('center_axis',(0.,0.,-1.));
#7462=DIRECTION('ref_axis',(1.,0.,0.));
#7463=DIRECTION('',(0.,0.,-1.));
#7464=DIRECTION('center_axis',(0.,0.,-1.));
#7465=DIRECTION('ref_axis',(1.,0.,0.));
#7466=DIRECTION('',(0.,0.,-1.));
#7467=DIRECTION('center_axis',(0.,0.,-1.));
#7468=DIRECTION('ref_axis',(-1.,0.,0.));
#7469=DIRECTION('',(0.,0.,-1.));
#7470=DIRECTION('center_axis',(0.,0.,-1.));
#7471=DIRECTION('ref_axis',(1.,0.,0.));
#7472=DIRECTION('',(0.,0.,-1.));
#7473=DIRECTION('center_axis',(0.,0.,-1.));
#7474=DIRECTION('ref_axis',(-1.,0.,0.));
#7475=DIRECTION('',(0.,0.,-1.));
#7476=DIRECTION('center_axis',(0.,0.,-1.));
#7477=DIRECTION('ref_axis',(1.,0.,0.));
#7478=DIRECTION('center_axis',(0.,0.,1.));
#7479=DIRECTION('ref_axis',(1.,0.,0.));
#7480=DIRECTION('center_axis',(0.,0.,1.));
#7481=DIRECTION('ref_axis',(1.,0.,0.));
#7482=DIRECTION('',(0.707106781186548,8.65956056235494E-17,-0.707106781186548));
#7483=DIRECTION('center_axis',(0.,0.,-1.));
#7484=DIRECTION('ref_axis',(1.,0.,0.));
#7485=DIRECTION('center_axis',(0.,0.,-1.));
#7486=DIRECTION('ref_axis',(1.,0.,0.));
#7487=DIRECTION('center_axis',(0.,0.,1.));
#7488=DIRECTION('ref_axis',(1.,0.,0.));
#7489=DIRECTION('',(0.,0.,1.));
#7490=DIRECTION('center_axis',(0.,0.,1.));
#7491=DIRECTION('ref_axis',(1.,0.,0.));
#7492=DIRECTION('center_axis',(0.,0.,1.));
#7493=DIRECTION('ref_axis',(1.,0.,0.));
#7494=DIRECTION('center_axis',(0.,0.,1.));
#7495=DIRECTION('ref_axis',(1.,0.,0.));
#7496=DIRECTION('center_axis',(0.,0.,1.));
#7497=DIRECTION('ref_axis',(-1.83697019872103E-16,-1.,0.));
#7498=DIRECTION('',(-0.314674158840425,0.633229953301382,0.707106781186548));
#7499=DIRECTION('',(-0.314674158840417,-0.633229953301385,-0.707106781186549));
#7500=DIRECTION('center_axis',(0.,0.,-1.));
#7501=DIRECTION('ref_axis',(1.,0.,0.));
#7502=DIRECTION('center_axis',(0.,0.,-1.));
#7503=DIRECTION('ref_axis',(1.,-4.98958180890864E-15,0.));
#7504=DIRECTION('center_axis',(0.,0.,1.));
#7505=DIRECTION('ref_axis',(1.,-4.98958180890864E-15,0.));
#7506=DIRECTION('',(-0.314674158840417,-0.633229953301386,0.707106781186548));
#7507=DIRECTION('center_axis',(0.,0.,1.));
#7508=DIRECTION('ref_axis',(-1.,0.,0.));
#7509=DIRECTION('',(-0.314674158840417,0.633229953301385,0.707106781186549));
#7510=DIRECTION('center_axis',(0.,0.,-1.));
#7511=DIRECTION('ref_axis',(-1.,0.,0.));
#7512=DIRECTION('center_axis',(0.,0.,-1.));
#7513=DIRECTION('ref_axis',(1.,0.,0.));
#7514=DIRECTION('center_axis',(0.,0.,1.));
#7515=DIRECTION('ref_axis',(1.,0.,0.));
#7516=DIRECTION('',(-0.314674158840417,-0.633229953301386,0.707106781186548));
#7517=DIRECTION('center_axis',(0.,0.,1.));
#7518=DIRECTION('ref_axis',(2.83276944882399E-16,1.,0.));
#7519=DIRECTION('',(0.314674158840424,-0.633229953301383,0.707106781186547));
#7520=DIRECTION('center_axis',(0.,0.,-1.));
#7521=DIRECTION('ref_axis',(1.,0.,0.));
#7522=DIRECTION('center_axis',(0.,0.,-1.));
#7523=DIRECTION('ref_axis',(-1.,0.,0.));
#7524=DIRECTION('center_axis',(0.,0.,1.));
#7525=DIRECTION('ref_axis',(-1.,0.,0.));
#7526=DIRECTION('',(0.314674158840417,0.633229953301386,0.707106781186548));
#7527=DIRECTION('center_axis',(0.,0.,1.));
#7528=DIRECTION('ref_axis',(1.,0.,0.));
#7529=DIRECTION('',(0.314674158840417,-0.633229953301385,0.707106781186549));
#7530=DIRECTION('center_axis',(0.,0.,-1.));
#7531=DIRECTION('ref_axis',(1.,0.,0.));
#7532=DIRECTION('center_axis',(0.,0.,-1.));
#7533=DIRECTION('ref_axis',(-1.,0.,0.));
#7534=DIRECTION('center_axis',(0.,0.,1.));
#7535=DIRECTION('ref_axis',(-1.,0.,0.));
#7536=DIRECTION('center_axis',(0.,0.,-1.));
#7537=DIRECTION('ref_axis',(1.,0.,0.));
#7538=DIRECTION('',(0.,0.,-1.));
#7539=DIRECTION('center_axis',(-9.97916361781729E-15,-4.95899617665903E-15,
-1.));
#7540=DIRECTION('ref_axis',(0.445016463160464,-0.895522388059702,0.));
#7541=DIRECTION('',(0.,0.,1.));
#7542=DIRECTION('center_axis',(0.,0.,-1.));
#7543=DIRECTION('ref_axis',(-1.,-1.22464679914735E-16,0.));
#7544=DIRECTION('',(0.,0.,1.));
#7545=DIRECTION('center_axis',(0.,0.,1.));
#7546=DIRECTION('ref_axis',(-0.498497014100347,-0.866891415883811,0.));
#7547=DIRECTION('',(0.,0.,-1.));
#7548=DIRECTION('center_axis',(0.,0.,-1.));
#7549=DIRECTION('ref_axis',(1.,0.,0.));
#7550=DIRECTION('',(0.,0.,1.));
#7551=DIRECTION('center_axis',(0.,0.,1.));
#7552=DIRECTION('ref_axis',(-0.498497014100347,0.866891415883811,0.));
#7553=DIRECTION('center_axis',(0.,0.,-1.));
#7554=DIRECTION('ref_axis',(1.,-4.98958180890864E-15,0.));
#7555=DIRECTION('',(0.,0.,-1.));
#7556=DIRECTION('center_axis',(-9.9791636178173E-15,-4.95899617665902E-15,
-1.));
#7557=DIRECTION('ref_axis',(0.445016463160463,-0.895522388059703,0.));
#7558=DIRECTION('center_axis',(0.,0.,-1.));
#7559=DIRECTION('ref_axis',(2.83276944882399E-16,-1.,0.));
#7560=DIRECTION('',(0.,0.,1.));
#7561=DIRECTION('center_axis',(0.,0.,1.));
#7562=DIRECTION('ref_axis',(0.866891415883811,-0.498497014100347,0.));
#7563=DIRECTION('',(0.,0.,-1.));
#7564=DIRECTION('center_axis',(0.,0.,-1.));
#7565=DIRECTION('ref_axis',(1.,0.,0.));
#7566=DIRECTION('',(0.,0.,1.));
#7567=DIRECTION('center_axis',(0.,0.,1.));
#7568=DIRECTION('ref_axis',(-0.498497014100347,0.866891415883811,0.));
#7569=DIRECTION('center_axis',(0.,0.,1.));
#7570=DIRECTION('ref_axis',(-1.83697019872103E-16,-1.,0.));
#7571=DIRECTION('',(-0.290183340850878,0.644820617453119,0.707106781186548));
#7572=DIRECTION('',(-0.290183340850878,-0.64482061745312,-0.707106781186548));
#7573=DIRECTION('center_axis',(0.,0.,-1.));
#7574=DIRECTION('ref_axis',(1.,0.,0.));
#7575=DIRECTION('center_axis',(0.,0.,-1.));
#7576=DIRECTION('ref_axis',(0.999949694834275,0.0100303440040468,0.));
#7577=DIRECTION('center_axis',(0.,0.,1.));
#7578=DIRECTION('ref_axis',(0.999949694834275,0.0100303440040468,0.));
#7579=DIRECTION('',(-0.277190056932177,-0.650511854110236,0.707106781186547));
#7580=DIRECTION('center_axis',(0.,0.,1.));
#7581=DIRECTION('ref_axis',(-1.,0.,0.));
#7582=DIRECTION('',(-0.314674158840418,0.633229953301384,0.70710678118655));
#7583=DIRECTION('center_axis',(0.,0.,-1.));
#7584=DIRECTION('ref_axis',(-1.,0.,0.));
#7585=DIRECTION('center_axis',(0.,0.,-1.));
#7586=DIRECTION('ref_axis',(1.,-4.98958180890864E-15,0.));
#7587=DIRECTION('center_axis',(0.,0.,1.));
#7588=DIRECTION('ref_axis',(1.,-4.98958180890864E-15,0.));
#7589=DIRECTION('',(-0.314674158840417,-0.633229953301386,0.707106781186548));
#7590=DIRECTION('center_axis',(0.,0.,1.));
#7591=DIRECTION('ref_axis',(6.12323399573677E-17,1.,0.));
#7592=DIRECTION('',(0.314674158840417,-0.633229953301386,0.707106781186548));
#7593=DIRECTION('center_axis',(0.,0.,-1.));
#7594=DIRECTION('ref_axis',(1.,0.,0.));
#7595=DIRECTION('center_axis',(0.,0.,-1.));
#7596=DIRECTION('ref_axis',(-1.,-4.98958180890864E-15,0.));
#7597=DIRECTION('center_axis',(0.,0.,1.));
#7598=DIRECTION('ref_axis',(-1.,-4.98958180890864E-15,0.));
#7599=DIRECTION('',(0.314674158840417,0.633229953301387,0.707106781186547));
#7600=DIRECTION('center_axis',(0.,0.,1.));
#7601=DIRECTION('ref_axis',(1.,0.,0.));
#7602=DIRECTION('',(0.277190056932177,-0.650511854110237,0.707106781186546));
#7603=DIRECTION('center_axis',(0.,0.,-1.));
#7604=DIRECTION('ref_axis',(1.,0.,0.));
#7605=DIRECTION('center_axis',(0.,0.,-1.));
#7606=DIRECTION('ref_axis',(-0.999949694834275,0.0100303440040523,0.));
#7607=DIRECTION('center_axis',(0.,0.,1.));
#7608=DIRECTION('ref_axis',(-0.999949694834275,0.0100303440040523,0.));
#7609=DIRECTION('center_axis',(0.,0.,-1.));
#7610=DIRECTION('ref_axis',(1.,-4.98958180890864E-15,0.));
#7611=DIRECTION('',(0.,0.,-1.));
#7612=DIRECTION('center_axis',(-9.9791636178173E-15,-4.95899617665902E-15,
-1.));
#7613=DIRECTION('ref_axis',(0.445016463160463,-0.895522388059703,0.));
#7614=DIRECTION('',(0.,0.,1.));
#7615=DIRECTION('center_axis',(0.,0.,-1.));
#7616=DIRECTION('ref_axis',(-0.999573978755091,-0.0291866578373924,0.));
#7617=DIRECTION('',(0.,0.,1.));
#7618=DIRECTION('center_axis',(0.,0.,1.));
#7619=DIRECTION('ref_axis',(-0.997914043472282,-0.0645566560534311,0.));
#7620=DIRECTION('center_axis',(0.,0.,-1.));
#7621=DIRECTION('ref_axis',(0.999949694834276,0.0100303440040468,0.));
#7622=DIRECTION('',(0.,0.,-1.));
#7623=DIRECTION('center_axis',(-1.10194574478494E-14,-4.95899617665902E-15,
-1.));
#7624=DIRECTION('ref_axis',(0.410381216206037,-0.9119140625,0.));
#7625=DIRECTION('center_axis',(0.,0.,-1.));
#7626=DIRECTION('ref_axis',(2.83276944882399E-16,-1.,0.));
#7627=DIRECTION('',(0.,0.,1.));
#7628=DIRECTION('center_axis',(0.,0.,1.));
#7629=DIRECTION('ref_axis',(0.467791525428706,0.883838836404627,0.));
#7630=DIRECTION('',(0.,0.,-1.));
#7631=DIRECTION('center_axis',(0.,0.,-1.));
#7632=DIRECTION('ref_axis',(1.,0.,0.));
#7633=DIRECTION('',(0.,0.,1.));
#7634=DIRECTION('center_axis',(0.,0.,1.));
#7635=DIRECTION('ref_axis',(-0.883838836404627,-0.467791525428705,0.));
#7636=DIRECTION('center_axis',(0.,-0.707106781186548,0.707106781186548));
#7637=DIRECTION('ref_axis',(1.,0.,0.));
#7638=DIRECTION('',(1.,0.,0.));
#7639=DIRECTION('center_axis',(0.,0.,-1.));
#7640=DIRECTION('ref_axis',(-0.0374736605890814,-0.999297615709181,0.));
#7641=DIRECTION('center_axis',(0.707106781186548,0.,0.707106781186548));
#7642=DIRECTION('ref_axis',(0.707106781186548,0.,-0.707106781186548));
#7643=DIRECTION('',(0.,1.,0.));
#7644=DIRECTION('center_axis',(0.,0.,-1.));
#7645=DIRECTION('ref_axis',(0.999297615709181,-0.0374736605890928,0.));
#7646=DIRECTION('center_axis',(0.,0.,1.));
#7647=DIRECTION('ref_axis',(0.999297615709181,-0.0374736605890928,0.));
#7648=DIRECTION('center_axis',(1.73971463566069E-16,0.707106781186546,0.707106781186549));
#7649=DIRECTION('ref_axis',(1.,0.,-2.46032803241031E-16));
#7650=DIRECTION('',(-1.,2.46032803241032E-16,0.));
#7651=DIRECTION('center_axis',(0.,0.,-1.));
#7652=DIRECTION('ref_axis',(0.0374736605890927,0.999297615709181,0.));
#7653=DIRECTION('center_axis',(0.,0.,1.));
#7654=DIRECTION('ref_axis',(0.0374736605890927,0.999297615709181,0.));
#7655=DIRECTION('center_axis',(-0.707106781186548,0.,0.707106781186548));
#7656=DIRECTION('ref_axis',(0.707106781186548,0.,0.707106781186548));
#7657=DIRECTION('',(0.,-1.,0.));
#7658=DIRECTION('center_axis',(0.,0.,-1.));
#7659=DIRECTION('ref_axis',(-0.99929761570918,0.0374736605891057,0.));
#7660=DIRECTION('center_axis',(0.,0.,1.));
#7661=DIRECTION('ref_axis',(-0.99929761570918,0.0374736605891057,0.));
#7662=DIRECTION('center_axis',(0.,0.,-1.));
#7663=DIRECTION('ref_axis',(0.999297615709181,-0.0374736605890928,0.));
#7664=DIRECTION('',(0.,0.,-1.));
#7665=DIRECTION('',(0.,0.,-1.));
#7666=DIRECTION('center_axis',(1.,0.,0.));
#7667=DIRECTION('ref_axis',(0.,-1.,0.));
#7668=DIRECTION('center_axis',(0.,-1.,0.));
#7669=DIRECTION('ref_axis',(-1.,0.,0.));
#7670=DIRECTION('',(1.,0.,0.));
#7671=DIRECTION('',(0.,0.,-1.));
#7672=DIRECTION('center_axis',(6.02102972531872E-16,1.,0.));
#7673=DIRECTION('ref_axis',(1.,-6.02102972531872E-16,0.));
#7674=DIRECTION('',(-1.,6.02102972531872E-16,0.));
#7675=DIRECTION('',(0.,0.,-1.));
#7676=DIRECTION('',(1.,-6.02102972531872E-16,0.));
#7677=DIRECTION('',(1.,-6.02102972531872E-16,0.));
#7678=DIRECTION('',(0.,0.,-1.));
#7679=DIRECTION('center_axis',(0.,0.,-1.));
#7680=DIRECTION('ref_axis',(-1.,0.,0.));
#7681=DIRECTION('center_axis',(0.,0.,1.));
#7682=DIRECTION('ref_axis',(1.,0.,0.));
#7683=DIRECTION('',(-6.02102972531871E-16,-1.,0.));
#7684=DIRECTION('center_axis',(0.,0.,-1.));
#7685=DIRECTION('ref_axis',(-1.,0.,0.));
#7686=DIRECTION('center_axis',(0.,0.,1.));
#7687=DIRECTION('ref_axis',(1.,0.,0.));
#7688=DIRECTION('',(0.,1.,0.));
#7689=DIRECTION('center_axis',(0.,0.,-1.));
#7690=DIRECTION('ref_axis',(-1.,0.,0.));
#7691=DIRECTION('center_axis',(0.,0.,1.));
#7692=DIRECTION('ref_axis',(1.,0.,0.));
#7693=DIRECTION('',(0.,1.,0.));
#7694=DIRECTION('',(-1.,6.02102972531872E-16,0.));
#7695=DIRECTION('center_axis',(0.,0.,-1.));
#7696=DIRECTION('ref_axis',(-1.,0.,0.));
#7697=DIRECTION('center_axis',(0.,0.,1.));
#7698=DIRECTION('ref_axis',(1.,0.,0.));
#7699=DIRECTION('',(-1.,6.02102972531872E-16,0.));
#7700=DIRECTION('',(-6.02102972531871E-16,-1.,0.));
#7701=DIRECTION('center_axis',(-6.02102972531872E-16,-1.,0.));
#7702=DIRECTION('ref_axis',(-1.,6.02102972531872E-16,0.));
#7703=DIRECTION('',(0.,0.,-1.));
#7704=DIRECTION('',(1.,-6.02102972531872E-16,0.));
#7705=DIRECTION('',(0.,0.,-1.));
#7706=DIRECTION('center_axis',(0.,0.,-1.));
#7707=DIRECTION('ref_axis',(-1.,0.,0.));
#7708=DIRECTION('center_axis',(0.,0.,1.));
#7709=DIRECTION('ref_axis',(1.,0.,0.));
#7710=DIRECTION('',(-1.,0.,0.));
#7711=DIRECTION('',(0.,-1.,0.));
#7712=DIRECTION('center_axis',(0.,0.,-1.));
#7713=DIRECTION('ref_axis',(-1.,0.,0.));
#7714=DIRECTION('center_axis',(0.,0.,1.));
#7715=DIRECTION('ref_axis',(1.,0.,0.));
#7716=DIRECTION('',(0.,-1.,0.));
#7717=DIRECTION('',(1.,6.02102972531872E-16,0.));
#7718=DIRECTION('center_axis',(0.,0.,-1.));
#7719=DIRECTION('ref_axis',(-1.,0.,0.));
#7720=DIRECTION('center_axis',(0.,0.,1.));
#7721=DIRECTION('ref_axis',(1.,0.,0.));
#7722=DIRECTION('',(1.,6.02102972531872E-16,0.));
#7723=DIRECTION('',(0.,1.,0.));
#7724=DIRECTION('center_axis',(0.,0.,-1.));
#7725=DIRECTION('ref_axis',(-1.,0.,0.));
#7726=DIRECTION('center_axis',(0.,0.,1.));
#7727=DIRECTION('ref_axis',(1.,0.,0.));
#7728=DIRECTION('',(0.,1.,0.));
#7729=DIRECTION('',(-1.,0.,0.));
#7730=DIRECTION('center_axis',(0.,-1.,0.));
#7731=DIRECTION('ref_axis',(-1.,0.,0.));
#7732=DIRECTION('',(0.,0.,-1.));
#7733=DIRECTION('',(1.,0.,0.));
#7734=DIRECTION('',(0.,0.,-1.));
#7735=DIRECTION('center_axis',(-6.02102972531872E-16,1.,0.));
#7736=DIRECTION('ref_axis',(1.,6.02102972531872E-16,0.));
#7737=DIRECTION('',(-1.,-6.02102972531872E-16,0.));
#7738=DIRECTION('',(0.,0.,-1.));
#7739=DIRECTION('',(0.,0.,-1.));
#7740=DIRECTION('center_axis',(0.,0.,-1.));
#7741=DIRECTION('ref_axis',(-1.,0.,0.));
#7742=DIRECTION('center_axis',(0.,0.,1.));
#7743=DIRECTION('ref_axis',(1.,0.,0.));
#7744=DIRECTION('',(1.,0.,0.));
#7745=DIRECTION('',(0.,1.,0.));
#7746=DIRECTION('center_axis',(0.,0.,-1.));
#7747=DIRECTION('ref_axis',(-1.,0.,0.));
#7748=DIRECTION('center_axis',(0.,0.,1.));
#7749=DIRECTION('ref_axis',(1.,0.,0.));
#7750=DIRECTION('',(0.,1.,0.));
#7751=DIRECTION('',(-1.,-6.02102972531872E-16,0.));
#7752=DIRECTION('center_axis',(0.,0.,-1.));
#7753=DIRECTION('ref_axis',(-1.,0.,0.));
#7754=DIRECTION('center_axis',(0.,0.,1.));
#7755=DIRECTION('ref_axis',(1.,0.,0.));
#7756=DIRECTION('',(-1.,-6.02102972531872E-16,0.));
#7757=DIRECTION('',(0.,-1.,0.));
#7758=DIRECTION('center_axis',(0.,0.,-1.));
#7759=DIRECTION('ref_axis',(-1.,0.,0.));
#7760=DIRECTION('center_axis',(0.,0.,1.));
#7761=DIRECTION('ref_axis',(1.,0.,0.));
#7762=DIRECTION('',(0.,-1.,0.));
#7763=DIRECTION('',(1.,0.,0.));
#7764=DIRECTION('center_axis',(0.,1.,0.));
#7765=DIRECTION('ref_axis',(1.,0.,0.));
#7766=DIRECTION('',(0.,0.,-1.));
#7767=DIRECTION('',(-1.,0.,0.));
#7768=DIRECTION('',(0.,0.,-1.));
#7769=DIRECTION('center_axis',(6.02102972531872E-16,-1.,0.));
#7770=DIRECTION('ref_axis',(-1.,-6.02102972531872E-16,0.));
#7771=DIRECTION('',(1.,6.02102972531872E-16,0.));
#7772=DIRECTION('',(0.,0.,-1.));
#7773=DIRECTION('',(0.,0.,-1.));
#7774=DIRECTION('center_axis',(6.02102972531872E-16,-1.,0.));
#7775=DIRECTION('ref_axis',(-1.,-6.02102972531872E-16,0.));
#7776=DIRECTION('',(1.,6.02102972531872E-16,0.));
#7777=DIRECTION('',(0.,0.,-1.));
#7778=DIRECTION('',(-1.,-6.02102972531872E-16,0.));
#7779=DIRECTION('',(-1.,-6.02102972531872E-16,0.));
#7780=DIRECTION('',(0.,0.,-1.));
#7781=DIRECTION('center_axis',(0.,0.,-1.));
#7782=DIRECTION('ref_axis',(-1.,0.,0.));
#7783=DIRECTION('center_axis',(0.,0.,1.));
#7784=DIRECTION('ref_axis',(1.,0.,0.));
#7785=DIRECTION('',(-6.02102972531871E-16,1.,0.));
#7786=DIRECTION('center_axis',(0.,0.,-1.));
#7787=DIRECTION('ref_axis',(-1.,0.,0.));
#7788=DIRECTION('center_axis',(0.,0.,1.));
#7789=DIRECTION('ref_axis',(1.,0.,0.));
#7790=DIRECTION('',(1.20420594506374E-15,-1.,0.));
#7791=DIRECTION('center_axis',(0.,0.,-1.));
#7792=DIRECTION('ref_axis',(-1.,0.,0.));
#7793=DIRECTION('center_axis',(0.,0.,1.));
#7794=DIRECTION('ref_axis',(1.,0.,0.));
#7795=DIRECTION('',(1.20420594506374E-15,-1.,0.));
#7796=DIRECTION('',(1.,6.02102972531872E-16,0.));
#7797=DIRECTION('center_axis',(0.,0.,-1.));
#7798=DIRECTION('ref_axis',(-1.,0.,0.));
#7799=DIRECTION('center_axis',(0.,0.,1.));
#7800=DIRECTION('ref_axis',(1.,0.,0.));
#7801=DIRECTION('',(1.,6.02102972531872E-16,0.));
#7802=DIRECTION('',(-6.02102972531871E-16,1.,0.));
#7803=DIRECTION('center_axis',(-6.02102972531872E-16,1.,0.));
#7804=DIRECTION('ref_axis',(1.,6.02102972531872E-16,0.));
#7805=DIRECTION('',(0.,0.,-1.));
#7806=DIRECTION('',(-1.,-6.02102972531872E-16,0.));
#7807=DIRECTION('',(0.,0.,-1.));
#7808=DIRECTION('center_axis',(0.,0.,-1.));
#7809=DIRECTION('ref_axis',(-1.,0.,0.));
#7810=DIRECTION('',(-6.02102972531871E-16,-1.,0.));
#7811=DIRECTION('center_axis',(0.,0.,-1.));
#7812=DIRECTION('ref_axis',(-1.,0.,0.));
#7813=DIRECTION('',(0.,-1.,0.));
#7814=DIRECTION('center_axis',(0.,0.,-1.));
#7815=DIRECTION('ref_axis',(-1.,0.,0.));
#7816=DIRECTION('',(0.,1.,0.));
#7817=DIRECTION('center_axis',(0.,0.,-1.));
#7818=DIRECTION('ref_axis',(-1.,0.,0.));
#7819=DIRECTION('',(-6.02102972531871E-16,1.,0.));
#7820=DIRECTION('center_axis',(0.,0.,1.));
#7821=DIRECTION('ref_axis',(-1.,0.,0.));
#7822=DIRECTION('',(0.,-1.,0.));
#7823=DIRECTION('',(0.,1.,0.));
#7824=DIRECTION('center_axis',(1.,0.,0.));
#7825=DIRECTION('ref_axis',(0.,-1.,0.));
#7826=DIRECTION('',(0.,-1.,0.));
#7827=DIRECTION('',(0.,-1.,0.));
#7828=DIRECTION('center_axis',(-1.,0.,0.));
#7829=DIRECTION('ref_axis',(0.,1.,0.));
#7830=DIRECTION('',(0.,1.,0.));
#7831=DIRECTION('',(0.,1.,0.));
#7832=DIRECTION('',(0.,1.,0.));
#7833=DIRECTION('center_axis',(0.,0.,1.));
#7834=DIRECTION('ref_axis',(-1.,0.,0.));
#7835=DIRECTION('center_axis',(0.,0.,1.));
#7836=DIRECTION('ref_axis',(-1.,0.,0.));
#7837=DIRECTION('',(1.20420594506374E-15,-1.,0.));
#7838=DIRECTION('',(-6.02102972531871E-16,1.,0.));
#7839=DIRECTION('center_axis',(0.,0.,1.));
#7840=DIRECTION('ref_axis',(-1.,0.,0.));
#7841=DIRECTION('',(0.,1.,0.));
#7842=DIRECTION('',(-6.02102972531871E-16,-1.,0.));
#7843=DIRECTION('center_axis',(-1.,0.,0.));
#7844=DIRECTION('ref_axis',(0.,1.,0.));
#7845=DIRECTION('',(0.,1.,0.));
#7846=DIRECTION('center_axis',(1.,0.,0.));
#7847=DIRECTION('ref_axis',(0.,-1.,0.));
#7848=DIRECTION('',(0.,-1.,0.));
#7849=DIRECTION('',(0.,-1.,0.));
#7850=DIRECTION('center_axis',(0.,0.,1.));
#7851=DIRECTION('ref_axis',(-1.,0.,0.));
#7852=DIRECTION('center_axis',(0.,0.,1.));
#7853=DIRECTION('ref_axis',(-1.,0.,0.));
#7854=DIRECTION('center_axis',(-1.,-6.02102972531871E-16,0.));
#7855=DIRECTION('ref_axis',(-6.02102972531871E-16,1.,0.));
#7856=DIRECTION('',(-6.02102972531871E-16,1.,0.));
#7857=DIRECTION('center_axis',(1.,1.20420594506374E-15,0.));
#7858=DIRECTION('ref_axis',(1.20420594506374E-15,-1.,0.));
#7859=DIRECTION('',(1.20420594506374E-15,-1.,0.));
#7860=DIRECTION('',(1.20420594506374E-15,-1.,0.));
#7861=DIRECTION('center_axis',(0.,0.,1.));
#7862=DIRECTION('ref_axis',(-1.,0.,0.));
#7863=DIRECTION('center_axis',(1.,-6.02102972531871E-16,0.));
#7864=DIRECTION('ref_axis',(-6.02102972531871E-16,-1.,0.));
#7865=DIRECTION('',(-6.02102972531871E-16,-1.,0.));
#7866=DIRECTION('center_axis',(-1.,0.,0.));
#7867=DIRECTION('ref_axis',(0.,1.,0.));
#7868=DIRECTION('',(0.,1.,0.));
#7869=DIRECTION('',(0.,1.,0.));
#7870=DIRECTION('center_axis',(0.,0.,1.));
#7871=DIRECTION('ref_axis',(-1.,0.,0.));
#7872=DIRECTION('center_axis',(0.,0.,-1.));
#7873=DIRECTION('ref_axis',(-1.,0.,0.));
#7874=DIRECTION('center_axis',(0.,0.,-1.));
#7875=DIRECTION('ref_axis',(-1.,0.,0.));
#7876=DIRECTION('center_axis',(0.,0.,-1.));
#7877=DIRECTION('ref_axis',(-1.,0.,0.));
#7878=DIRECTION('center_axis',(0.,0.,-1.));
#7879=DIRECTION('ref_axis',(-1.,0.,0.));
#7880=DIRECTION('center_axis',(0.,1.,0.));
#7881=DIRECTION('ref_axis',(0.707106781186548,0.,-0.707106781186547));
#7882=DIRECTION('center_axis',(0.,-1.,0.));
#7883=DIRECTION('ref_axis',(0.,0.,-1.));
#7884=DIRECTION('',(0.,-1.,0.));
#7885=DIRECTION('',(0.,1.,0.));
#7886=DIRECTION('center_axis',(0.,0.,1.));
#7887=DIRECTION('ref_axis',(1.,0.,0.));
#7888=DIRECTION('center_axis',(1.,0.,0.));
#7889=DIRECTION('ref_axis',(0.,0.,-1.));
#7890=DIRECTION('center_axis',(0.,0.,-1.));
#7891=DIRECTION('ref_axis',(0.707106781186548,0.707106781186548,0.));
#7892=DIRECTION('center_axis',(0.,0.,1.));
#7893=DIRECTION('ref_axis',(0.707106781186547,0.707106781186547,0.));
#7894=DIRECTION('center_axis',(-1.,-9.063045098981E-16,0.));
#7895=DIRECTION('ref_axis',(0.,0.707106781186548,-0.707106781186547));
#7896=DIRECTION('center_axis',(-1.,0.,0.));
#7897=DIRECTION('ref_axis',(0.,0.707106781186548,-0.707106781186547));
#7898=DIRECTION('',(1.,9.063045098981E-16,0.));
#7899=DIRECTION('',(-1.,-9.063045098981E-16,0.));
#7900=DIRECTION('center_axis',(0.,0.,1.));
#7901=DIRECTION('ref_axis',(1.,0.,0.));
#7902=DIRECTION('',(1.,9.89307645705586E-16,0.));
#7903=DIRECTION('center_axis',(0.,0.,-1.));
#7904=DIRECTION('ref_axis',(-0.707106781186546,-0.707106781186549,0.));
#7905=DIRECTION('',(9.063045098981E-16,-1.,0.));
#7906=DIRECTION('center_axis',(0.,0.,1.));
#7907=DIRECTION('ref_axis',(-0.707106781186548,0.707106781186547,0.));
#7908=DIRECTION('',(-1.,0.,0.));
#7909=DIRECTION('',(-3.46944695195361E-16,1.,0.));
#7910=DIRECTION('',(-3.46944695195361E-16,1.,0.));
#7911=DIRECTION('center_axis',(0.,0.,-1.));
#7912=DIRECTION('ref_axis',(1.,0.,0.));
#7913=DIRECTION('',(-3.46944695195361E-16,1.,0.));
#7914=DIRECTION('center_axis',(0.,0.,-1.));
#7915=DIRECTION('ref_axis',(1.,0.,0.));
#7916=DIRECTION('',(-3.46944695195361E-16,1.,0.));
#7917=DIRECTION('',(1.,9.063045098981E-16,0.));
#7918=DIRECTION('center_axis',(0.,0.,1.));
#7919=DIRECTION('ref_axis',(-0.707106781186547,-0.707106781186547,0.));
#7920=DIRECTION('',(0.,-1.,0.));
#7921=DIRECTION('',(-1.,0.,0.));
#7922=DIRECTION('',(-9.063045098981E-16,1.,0.));
#7923=DIRECTION('center_axis',(0.,0.,1.));
#7924=DIRECTION('ref_axis',(0.707106781186547,-0.707106781186548,0.));
#7925=DIRECTION('',(1.,0.,0.));
#7926=DIRECTION('',(0.,-1.,0.));
#7927=DIRECTION('center_axis',(0.,0.,-1.));
#7928=DIRECTION('ref_axis',(1.,0.,0.));
#7929=DIRECTION('',(0.,-1.,0.));
#7930=DIRECTION('',(0.,-1.,0.));
#7931=DIRECTION('',(0.,-1.,0.));
#7932=DIRECTION('center_axis',(0.,0.,-1.));
#7933=DIRECTION('ref_axis',(1.,0.,0.));
#7934=DIRECTION('center_axis',(0.,0.,-1.));
#7935=DIRECTION('ref_axis',(1.,0.,0.));
#7936=DIRECTION('center_axis',(0.,0.,-1.));
#7937=DIRECTION('ref_axis',(1.,0.,0.));
#7938=DIRECTION('center_axis',(0.,0.,-1.));
#7939=DIRECTION('ref_axis',(1.,0.,0.));
#7940=DIRECTION('center_axis',(-1.,0.,0.));
#7941=DIRECTION('ref_axis',(0.,0.707106781186548,-0.707106781186547));
#7942=DIRECTION('center_axis',(1.,0.,0.));
#7943=DIRECTION('ref_axis',(0.,0.,-1.));
#7944=DIRECTION('',(1.,0.,0.));
#7945=DIRECTION('center_axis',(1.,6.50859725168892E-16,0.));
#7946=DIRECTION('ref_axis',(0.,0.707106781186548,-0.707106781186547));
#7947=DIRECTION('center_axis',(0.,0.,1.));
#7948=DIRECTION('ref_axis',(1.,0.,0.));
#7949=DIRECTION('center_axis',(-5.55111512312578E-15,1.,0.));
#7950=DIRECTION('ref_axis',(0.,0.,-1.));
#7951=DIRECTION('center_axis',(0.,0.,-1.));
#7952=DIRECTION('ref_axis',(-0.707106781186548,0.707106781186547,0.));
#7953=DIRECTION('center_axis',(9.063045098981E-16,-1.,0.));
#7954=DIRECTION('ref_axis',(-0.707106781186548,0.,-0.707106781186547));
#7955=DIRECTION('',(-9.063045098981E-16,1.,0.));
#7956=DIRECTION('center_axis',(0.,-1.,0.));
#7957=DIRECTION('ref_axis',(-0.707106781186548,0.,-0.707106781186547));
#7958=DIRECTION('center_axis',(0.,1.,0.));
#7959=DIRECTION('ref_axis',(0.,0.,-1.));
#7960=DIRECTION('',(0.,1.,0.));
#7961=DIRECTION('center_axis',(0.,1.,0.));
#7962=DIRECTION('ref_axis',(-0.707106781186548,0.,-0.707106781186547));
#7963=DIRECTION('center_axis',(0.,0.,1.));
#7964=DIRECTION('ref_axis',(1.,0.,0.));
#7965=DIRECTION('center_axis',(-1.,0.,0.));
#7966=DIRECTION('ref_axis',(0.,0.,-1.));
#7967=DIRECTION('center_axis',(0.,0.,-1.));
#7968=DIRECTION('ref_axis',(-0.707106781186548,-0.707106781186548,0.));
#7969=DIRECTION('center_axis',(1.,9.063045098981E-16,0.));
#7970=DIRECTION('ref_axis',(0.,-0.707106781186548,-0.707106781186547));
#7971=DIRECTION('center_axis',(1.,2.21690630758532E-16,0.));
#7972=DIRECTION('ref_axis',(0.,-0.707106781186548,-0.707106781186547));
#7973=DIRECTION('',(-1.,-9.063045098981E-16,0.));
#7974=DIRECTION('center_axis',(1.,0.,0.));
#7975=DIRECTION('ref_axis',(0.,-0.707106781186548,-0.707106781186547));
#7976=DIRECTION('center_axis',(-1.,0.,0.));
#7977=DIRECTION('ref_axis',(0.,0.,-1.));
#7978=DIRECTION('',(-1.,0.,0.));
#7979=DIRECTION('center_axis',(-1.,0.,0.));
#7980=DIRECTION('ref_axis',(0.,-0.707106781186548,-0.707106781186547));
#7981=DIRECTION('center_axis',(0.,0.,1.));
#7982=DIRECTION('ref_axis',(1.,0.,0.));
#7983=DIRECTION('center_axis',(0.,-1.,0.));
#7984=DIRECTION('ref_axis',(0.,0.,-1.));
#7985=DIRECTION('center_axis',(0.,0.,-1.));
#7986=DIRECTION('ref_axis',(0.707106781186547,-0.707106781186548,0.));
#7987=DIRECTION('center_axis',(-9.063045098981E-16,1.,0.));
#7988=DIRECTION('ref_axis',(0.707106781186548,0.,-0.707106781186547));
#7989=DIRECTION('center_axis',(0.,1.,0.));
#7990=DIRECTION('ref_axis',(0.707106781186548,0.,-0.707106781186547));
#7991=DIRECTION('',(9.063045098981E-16,-1.,0.));
#7992=DIRECTION('center_axis',(1.42108547152021E-14,-1.,-7.10542735760103E-15));
#7993=DIRECTION('ref_axis',(0.664841088598535,1.24344978758017E-14,-0.74698482374886));
#7994=DIRECTION('center_axis',(0.895522388059699,0.445016463160471,0.));
#7995=DIRECTION('ref_axis',(0.,0.,-1.));
#7996=DIRECTION('center_axis',(0.895522388059699,-0.445016463160469,-1.97627009495203E-15));
#7997=DIRECTION('ref_axis',(0.445016463160469,0.8955223880597,0.));
#7998=DIRECTION('center_axis',(0.,0.,-1.));
#7999=DIRECTION('ref_axis',(-1.,0.,0.));
#8000=DIRECTION('center_axis',(0.,0.,-1.));
#8001=DIRECTION('ref_axis',(-0.498497014100347,0.866891415883811,0.));
#8002=DIRECTION('center_axis',(0.,0.,-1.));
#8003=DIRECTION('ref_axis',(-1.,0.,0.));
#8004=DIRECTION('center_axis',(0.,0.,-1.));
#8005=DIRECTION('ref_axis',(-0.498497014100347,-0.866891415883811,0.));
#8006=DIRECTION('center_axis',(0.,-1.,0.));
#8007=DIRECTION('ref_axis',(-0.664841088598524,-3.55271367880051E-15,-0.74698482374887));
#8008=DIRECTION('center_axis',(9.9791636178173E-15,4.95899617665902E-15,
-1.));
#8009=DIRECTION('ref_axis',(-0.445016463160463,0.895522388059703,0.));
#8010=DIRECTION('center_axis',(-0.895522388059703,-0.445016463160463,0.));
#8011=DIRECTION('ref_axis',(0.,0.,-1.));
#8012=DIRECTION('center_axis',(-0.895522388059702,0.445016463160465,0.));
#8013=DIRECTION('ref_axis',(-0.445016463160465,-0.895522388059702,0.));
#8014=DIRECTION('center_axis',(0.,-1.,0.));
#8015=DIRECTION('ref_axis',(-0.664841088598524,3.55271367880051E-15,-0.74698482374887));
#8016=DIRECTION('center_axis',(9.97916361781729E-15,4.95899617665903E-15,
-1.));
#8017=DIRECTION('ref_axis',(-0.445016463160464,0.895522388059702,0.));
#8018=DIRECTION('center_axis',(-0.895522388059702,-0.445016463160464,0.));
#8019=DIRECTION('ref_axis',(0.,0.,-1.));
#8020=DIRECTION('center_axis',(-0.895522388059703,0.445016463160463,0.));
#8021=DIRECTION('ref_axis',(-0.445016463160463,-0.895522388059703,0.));
#8022=DIRECTION('center_axis',(0.,0.,-1.));
#8023=DIRECTION('ref_axis',(0.810894985351474,0.585191697422164,0.));
#8024=DIRECTION('center_axis',(0.,0.,-1.));
#8025=DIRECTION('ref_axis',(0.86689141588381,0.498497014100348,0.));
#8026=DIRECTION('center_axis',(0.,0.,1.));
#8027=DIRECTION('ref_axis',(0.86689141588381,0.498497014100348,0.));
#8028=DIRECTION('center_axis',(0.,0.,-1.));
#8029=DIRECTION('ref_axis',(1.,-1.22464679914738E-16,0.));
#8030=DIRECTION('center_axis',(0.,0.,1.));
#8031=DIRECTION('ref_axis',(1.,-7.77156117237611E-16,0.));
#8032=DIRECTION('center_axis',(0.,0.,-1.));
#8033=DIRECTION('ref_axis',(1.,-7.77156117237611E-16,0.));
#8034=DIRECTION('center_axis',(0.,0.,-1.));
#8035=DIRECTION('ref_axis',(-1.,0.,0.));
#8036=DIRECTION('',(0.,0.,-1.));
#8037=DIRECTION('',(0.,0.,1.));
#8038=DIRECTION('center_axis',(0.,0.,-1.));
#8039=DIRECTION('ref_axis',(0.810894985351474,-0.585191697422164,0.));
#8040=DIRECTION('center_axis',(0.,0.,-1.));
#8041=DIRECTION('ref_axis',(0.866891415883811,-0.498497014100347,0.));
#8042=DIRECTION('center_axis',(0.,0.,-1.));
#8043=DIRECTION('ref_axis',(-1.,0.,0.));
#8044=DIRECTION('',(0.,0.,-1.));
#8045=DIRECTION('center_axis',(0.,0.,-1.));
#8046=DIRECTION('ref_axis',(-1.83697019872103E-16,1.,0.));
#8047=DIRECTION('center_axis',(0.,0.,1.));
#8048=DIRECTION('ref_axis',(-0.498497014100348,-0.866891415883811,0.));
#8049=DIRECTION('',(0.,0.,-1.));
#8050=DIRECTION('',(0.,0.,1.));
#8051=DIRECTION('center_axis',(0.,0.,-1.));
#8052=DIRECTION('ref_axis',(1.,0.,0.));
#8053=DIRECTION('center_axis',(0.,-1.,0.));
#8054=DIRECTION('ref_axis',(0.664841088598524,3.55271367880051E-15,-0.74698482374887));
#8055=DIRECTION('center_axis',(0.895522388059702,0.445016463160465,0.));
#8056=DIRECTION('ref_axis',(0.,0.,-1.));
#8057=DIRECTION('center_axis',(0.895522388059703,-0.445016463160463,9.88135047476001E-16));
#8058=DIRECTION('ref_axis',(0.445016463160463,0.895522388059703,0.));
#8059=DIRECTION('center_axis',(0.,0.,-1.));
#8060=DIRECTION('ref_axis',(-1.,0.,0.));
#8061=DIRECTION('center_axis',(0.,0.,-1.));
#8062=DIRECTION('ref_axis',(-0.498497014100347,0.866891415883811,0.));
#8063=DIRECTION('center_axis',(0.,0.,-1.));
#8064=DIRECTION('ref_axis',(-1.,0.,0.));
#8065=DIRECTION('center_axis',(0.,0.,-1.));
#8066=DIRECTION('ref_axis',(-0.498497014100348,-0.866891415883811,0.));
#8067=DIRECTION('center_axis',(-0.00392863275705225,-0.999980296433909,
-0.00489618102322));
#8068=DIRECTION('ref_axis',(-0.625817351418179,0.00627747910805,-0.779944380016923));
#8069=DIRECTION('center_axis',(1.11167160318202E-14,4.73695157173402E-15,
-1.));
#8070=DIRECTION('ref_axis',(-0.392005937868455,0.919962686567164,0.));
#8071=DIRECTION('center_axis',(-0.919962686567163,-0.392005937868456,0.));
#8072=DIRECTION('ref_axis',(0.,0.,-1.));
#8073=DIRECTION('center_axis',(-0.911914062499996,0.410381216206047,8.0994239093357E-15));
#8074=DIRECTION('ref_axis',(-0.410381216206047,-0.911914062499996,0.));
#8075=DIRECTION('center_axis',(0.,0.,-1.));
#8076=DIRECTION('ref_axis',(-1.,0.,0.));
#8077=DIRECTION('center_axis',(0.,0.,-1.));
#8078=DIRECTION('ref_axis',(0.441493560028854,-0.897264418358963,0.));
#8079=DIRECTION('center_axis',(0.,0.,1.));
#8080=DIRECTION('ref_axis',(0.441493560028854,-0.897264418358963,0.));
#8081=DIRECTION('center_axis',(0.,0.,-1.));
#8082=DIRECTION('ref_axis',(-1.,0.,0.));
#8083=DIRECTION('center_axis',(0.,0.,-1.));
#8084=DIRECTION('ref_axis',(0.467791525428706,0.883838836404626,0.));
#8085=DIRECTION('center_axis',(0.,0.,-1.));
#8086=DIRECTION('ref_axis',(-0.999949694834275,0.0100303440040523,0.));
#8087=DIRECTION('',(0.,0.,-1.));
#8088=DIRECTION('center_axis',(0.,0.,-1.));
#8089=DIRECTION('ref_axis',(1.,0.,0.));
#8090=DIRECTION('',(0.,0.,1.));
#8091=DIRECTION('center_axis',(0.,0.,1.));
#8092=DIRECTION('ref_axis',(0.498497014100347,0.866891415883811,0.));
#8093=DIRECTION('',(0.,0.,-1.));
#8094=DIRECTION('',(0.,0.,1.));
#8095=DIRECTION('center_axis',(0.00392863275705224,-0.999980296433909,-0.00489618102321998));
#8096=DIRECTION('ref_axis',(0.625817351418176,0.00627747910804642,-0.779944380016926));
#8097=DIRECTION('center_axis',(0.9119140625,0.410381216206038,0.));
#8098=DIRECTION('ref_axis',(0.,0.,-1.));
#8099=DIRECTION('center_axis',(0.919962686567163,-0.392005937868456,8.70428036022679E-16));
#8100=DIRECTION('ref_axis',(0.392005937868456,0.919962686567163,0.));
#8101=DIRECTION('center_axis',(0.,-1.,0.));
#8102=DIRECTION('ref_axis',(0.66484108859852,-3.55271367880049E-15,-0.746984823748873));
#8103=DIRECTION('center_axis',(0.895522388059707,0.445016463160455,0.));
#8104=DIRECTION('ref_axis',(0.,0.,-1.));
#8105=DIRECTION('center_axis',(0.895522388059703,-0.445016463160463,0.));
#8106=DIRECTION('ref_axis',(0.445016463160463,0.895522388059703,0.));
#8107=DIRECTION('center_axis',(0.,0.,-1.));
#8108=DIRECTION('ref_axis',(-1.,0.,0.));
#8109=DIRECTION('center_axis',(0.,0.,1.));
#8110=DIRECTION('ref_axis',(-0.866891415883812,0.498497014100346,0.));
#8111=DIRECTION('center_axis',(0.,0.,-1.));
#8112=DIRECTION('ref_axis',(-0.866891415883812,0.498497014100346,0.));
#8113=DIRECTION('center_axis',(0.,0.,-1.));
#8114=DIRECTION('ref_axis',(-1.,0.,0.));
#8115=DIRECTION('center_axis',(0.,0.,-1.));
#8116=DIRECTION('ref_axis',(-0.997914043472282,-0.0645566560534311,0.));
#8117=DIRECTION('center_axis',(0.,0.,-1.));
#8118=DIRECTION('ref_axis',(-1.,0.,0.));
#8119=DIRECTION('center_axis',(0.,0.,-1.));
#8120=DIRECTION('ref_axis',(-0.883838836404627,-0.467791525428705,0.));
#8121=DIRECTION('center_axis',(0.,0.,-1.));
#8122=DIRECTION('ref_axis',(-1.83697019872103E-16,1.,0.));
#8123=DIRECTION('',(0.,0.,-1.));
#8124=DIRECTION('',(0.,0.,1.));
#8125=DIRECTION('center_axis',(0.,0.,1.));
#8126=DIRECTION('ref_axis',(0.498497014100347,-0.866891415883811,0.));
#8127=DIRECTION('',(0.,0.,-1.));
#8128=DIRECTION('center_axis',(0.,0.,1.));
#8129=DIRECTION('ref_axis',(1.,0.,0.));
#8130=DIRECTION('',(0.,-1.,0.));
#8131=DIRECTION('',(-1.,0.,0.));
#8132=DIRECTION('center_axis',(0.,0.,-1.));
#8133=DIRECTION('ref_axis',(1.,-4.8801012071435E-16,0.));
#8134=DIRECTION('',(-3.75210067097813E-13,-1.,0.));
#8135=DIRECTION('',(-1.,0.,0.));
#8136=DIRECTION('',(0.,1.,0.));
#8137=DIRECTION('center_axis',(0.,0.,-1.));
#8138=DIRECTION('ref_axis',(0.,-1.,0.));
#8139=DIRECTION('',(-1.,3.75210067097813E-13,0.));
#8140=DIRECTION('',(-2.21690630758532E-16,1.,0.));
#8141=DIRECTION('',(-6.50859725168892E-16,1.,0.));
#8142=DIRECTION('',(1.,0.,0.));
#8143=DIRECTION('center_axis',(0.,0.,-1.));
#8144=DIRECTION('ref_axis',(-1.,-4.88010120714351E-16,0.));
#8145=DIRECTION('',(3.75210067097813E-13,1.,0.));
#8146=DIRECTION('',(0.,-1.,0.));
#8147=DIRECTION('center_axis',(0.,0.,-1.));
#8148=DIRECTION('ref_axis',(0.,1.,0.));
#8149=DIRECTION('',(1.,-3.75210067097813E-13,0.));
#8150=DIRECTION('',(0.,-1.,0.));
#8151=DIRECTION('center_axis',(0.,0.,-1.));
#8152=DIRECTION('ref_axis',(1.,0.,0.));
#8153=DIRECTION('center_axis',(0.,-1.,0.));
#8154=DIRECTION('ref_axis',(-0.664841088598524,1.77635683940026E-15,-0.74698482374887));
#8155=DIRECTION('center_axis',(9.97916361781728E-15,4.95899617665902E-15,
-1.));
#8156=DIRECTION('ref_axis',(-0.445016463160464,0.895522388059702,0.));
#8157=DIRECTION('center_axis',(-0.895522388059703,-0.445016463160463,0.));
#8158=DIRECTION('ref_axis',(0.,0.,-1.));
#8159=DIRECTION('center_axis',(-0.895522388059703,0.445016463160463,-9.88135047476001E-16));
#8160=DIRECTION('ref_axis',(-0.445016463160463,-0.895522388059703,0.));
#8161=DIRECTION('center_axis',(0.,0.,-1.));
#8162=DIRECTION('ref_axis',(-1.,0.,0.));
#8163=DIRECTION('center_axis',(0.,0.,-1.));
#8164=DIRECTION('ref_axis',(0.498497014100347,-0.866891415883811,0.));
#8165=DIRECTION('center_axis',(0.,0.,-1.));
#8166=DIRECTION('ref_axis',(-1.,0.,0.));
#8167=DIRECTION('center_axis',(0.,0.,-1.));
#8168=DIRECTION('ref_axis',(0.498497014100347,0.866891415883811,0.));
#8169=DIRECTION('center_axis',(0.,0.,-1.));
#8170=DIRECTION('ref_axis',(-1.,-4.98958180890864E-15,0.));
#8171=DIRECTION('center_axis',(0.,0.,-1.));
#8172=DIRECTION('ref_axis',(-1.,0.,0.));
#8173=DIRECTION('center_axis',(-1.22464679914735E-16,-1.,0.));
#8174=DIRECTION('ref_axis',(1.,-1.22464679914735E-16,0.));
#8175=DIRECTION('center_axis',(0.,0.,-1.));
#8176=DIRECTION('ref_axis',(-0.707106781186546,-0.707106781186549,0.));
#8177=DIRECTION('',(0.,0.,-1.));
#8178=DIRECTION('center_axis',(0.,0.,-1.));
#8179=DIRECTION('ref_axis',(-0.718795288428264,-0.695221787153804,0.));
#8180=DIRECTION('center_axis',(0.,0.,1.));
#8181=DIRECTION('ref_axis',(-0.718795288428264,-0.695221787153804,0.));
#8182=DIRECTION('',(0.,0.,1.));
#8183=DIRECTION('',(0.,0.,-1.));
#8184=DIRECTION('center_axis',(0.,-1.,0.));
#8185=DIRECTION('ref_axis',(-1.,0.,0.));
#8186=DIRECTION('',(0.,0.,1.));
#8187=DIRECTION('',(-1.,0.,0.));
#8188=DIRECTION('center_axis',(0.,0.,-1.));
#8189=DIRECTION('ref_axis',(-0.695221787153811,-0.718795288428257,0.));
#8190=DIRECTION('center_axis',(0.,0.,1.));
#8191=DIRECTION('ref_axis',(-0.695221787153811,-0.718795288428257,0.));
#8192=DIRECTION('',(0.,0.,1.));
#8193=DIRECTION('',(0.,0.,-1.));
#8194=DIRECTION('center_axis',(0.,0.,-1.));
#8195=DIRECTION('ref_axis',(0.912493631812937,-0.409090909090922,0.));
#8196=DIRECTION('center_axis',(0.,0.,1.));
#8197=DIRECTION('ref_axis',(0.912493631812937,-0.409090909090922,0.));
#8198=DIRECTION('center_axis',(0.,0.,-1.));
#8199=DIRECTION('ref_axis',(1.,0.,0.));
#8200=DIRECTION('center_axis',(0.,0.,1.));
#8201=DIRECTION('ref_axis',(1.,0.,0.));
#8202=DIRECTION('',(0.,0.,1.));
#8203=DIRECTION('',(0.,0.,-1.));
#8204=DIRECTION('center_axis',(-1.,0.,0.));
#8205=DIRECTION('ref_axis',(0.,1.,0.));
#8206=DIRECTION('',(0.,1.,0.));
#8207=DIRECTION('center_axis',(0.,0.,1.));
#8208=DIRECTION('ref_axis',(1.,0.,0.));
#8209=DIRECTION('',(0.,0.,-1.));
#8210=DIRECTION('center_axis',(0.,0.,1.));
#8211=DIRECTION('ref_axis',(1.,0.,0.));
#8212=DIRECTION('',(0.,0.,1.));
#8213=DIRECTION('center_axis',(0.,0.,-1.));
#8214=DIRECTION('ref_axis',(1.,0.,0.));
#8215=DIRECTION('',(0.,0.,-1.));
#8216=DIRECTION('center_axis',(0.,0.,1.));
#8217=DIRECTION('ref_axis',(1.,0.,0.));
#8218=DIRECTION('center_axis',(0.,0.,-1.));
#8219=DIRECTION('ref_axis',(-0.695221787153809,0.718795288428259,0.));
#8220=DIRECTION('center_axis',(0.,0.,1.));
#8221=DIRECTION('ref_axis',(-0.695221787153809,0.718795288428259,0.));
#8222=DIRECTION('',(0.,0.,1.));
#8223=DIRECTION('',(0.,0.,-1.));
#8224=DIRECTION('center_axis',(-1.,0.,0.));
#8225=DIRECTION('ref_axis',(0.,1.,0.));
#8226=DIRECTION('',(0.,1.,0.));
#8227=DIRECTION('center_axis',(0.,0.,-1.));
#8228=DIRECTION('ref_axis',(-0.718795288428257,0.695221787153811,0.));
#8229=DIRECTION('center_axis',(0.,0.,1.));
#8230=DIRECTION('ref_axis',(-0.718795288428257,0.695221787153811,0.));
#8231=DIRECTION('',(0.,0.,1.));
#8232=DIRECTION('',(0.,0.,-1.));
#8233=DIRECTION('center_axis',(0.,0.,-1.));
#8234=DIRECTION('ref_axis',(-0.409090909090898,-0.912493631812947,0.));
#8235=DIRECTION('center_axis',(0.,0.,1.));
#8236=DIRECTION('ref_axis',(-0.409090909090898,-0.912493631812947,0.));
#8237=DIRECTION('center_axis',(0.,0.,-1.));
#8238=DIRECTION('ref_axis',(0.71374642714633,-0.700404195972474,0.));
#8239=DIRECTION('center_axis',(0.,0.,1.));
#8240=DIRECTION('ref_axis',(0.71374642714633,-0.700404195972474,0.));
#8241=DIRECTION('',(0.,0.,1.));
#8242=DIRECTION('',(0.,0.,-1.));
#8243=DIRECTION('center_axis',(1.,0.,0.));
#8244=DIRECTION('ref_axis',(0.,-1.,0.));
#8245=DIRECTION('',(0.,0.,1.));
#8246=DIRECTION('',(0.,-1.,0.));
#8247=DIRECTION('center_axis',(0.,0.,-1.));
#8248=DIRECTION('ref_axis',(0.695221787153804,0.718795288428264,0.));
#8249=DIRECTION('center_axis',(0.,0.,1.));
#8250=DIRECTION('ref_axis',(0.695221787153804,0.718795288428264,0.));
#8251=DIRECTION('',(0.,0.,-1.));
#8252=DIRECTION('center_axis',(0.,0.,-1.));
#8253=DIRECTION('ref_axis',(-0.912493631812947,0.409090909090899,0.));
#8254=DIRECTION('',(0.,0.,1.));
#8255=DIRECTION('center_axis',(0.,0.,1.));
#8256=DIRECTION('ref_axis',(-0.912493631812947,0.409090909090899,0.));
#8257=DIRECTION('center_axis',(0.,0.,-1.));
#8258=DIRECTION('ref_axis',(0.718795288428257,0.695221787153811,0.));
#8259=DIRECTION('center_axis',(0.,0.,1.));
#8260=DIRECTION('ref_axis',(0.718795288428257,0.695221787153811,0.));
#8261=DIRECTION('',(0.,0.,-1.));
#8262=DIRECTION('center_axis',(0.,1.,0.));
#8263=DIRECTION('ref_axis',(1.,0.,0.));
#8264=DIRECTION('',(1.,0.,0.));
#8265=DIRECTION('center_axis',(0.,0.,-1.));
#8266=DIRECTION('ref_axis',(0.718795288428263,-0.695221787153805,0.));
#8267=DIRECTION('center_axis',(0.,0.,1.));
#8268=DIRECTION('ref_axis',(0.718795288428263,-0.695221787153805,0.));
#8269=DIRECTION('',(0.,0.,-1.));
#8270=DIRECTION('center_axis',(0.,0.,-1.));
#8271=DIRECTION('ref_axis',(0.409090909090921,0.912493631812937,0.));
#8272=DIRECTION('',(0.,0.,1.));
#8273=DIRECTION('center_axis',(0.,0.,1.));
#8274=DIRECTION('ref_axis',(0.409090909090921,0.912493631812937,0.));
#8275=DIRECTION('center_axis',(0.,0.,1.));
#8276=DIRECTION('ref_axis',(-1.,0.,0.));
#8277=DIRECTION('',(0.,0.,-1.));
#8278=DIRECTION('center_axis',(0.,0.,1.));
#8279=DIRECTION('ref_axis',(-1.,0.,0.));
#8280=DIRECTION('',(0.,0.,1.));
#8281=DIRECTION('center_axis',(0.,0.,-1.));
#8282=DIRECTION('ref_axis',(-1.,0.,0.));
#8283=DIRECTION('',(0.,0.,-1.));
#8284=DIRECTION('center_axis',(0.,0.,1.));
#8285=DIRECTION('ref_axis',(-1.,0.,0.));
#8286=DIRECTION('center_axis',(0.,0.,-1.));
#8287=DIRECTION('ref_axis',(0.695221787153805,-0.718795288428263,0.));
#8288=DIRECTION('center_axis',(0.,0.,1.));
#8289=DIRECTION('ref_axis',(0.695221787153805,-0.718795288428263,0.));
#8290=DIRECTION('',(0.,0.,-1.));
#8291=DIRECTION('center_axis',(1.,0.,0.));
#8292=DIRECTION('ref_axis',(0.,-1.,0.));
#8293=DIRECTION('',(0.,-1.,0.));
#8294=DIRECTION('center_axis',(0.,0.,-1.));
#8295=DIRECTION('ref_axis',(1.,0.,0.));
#8296=DIRECTION('center_axis',(0.,0.,-1.));
#8297=DIRECTION('ref_axis',(1.,0.,0.));
#8298=DIRECTION('',(0.,0.,-1.));
#8299=DIRECTION('center_axis',(0.,0.,-1.));
#8300=DIRECTION('ref_axis',(1.,0.,0.));
#8301=DIRECTION('',(0.,0.,1.));
#8302=DIRECTION('center_axis',(0.,0.,-1.));
#8303=DIRECTION('ref_axis',(0.,-1.,0.));
#8304=DIRECTION('center_axis',(0.,0.,-1.));
#8305=DIRECTION('ref_axis',(0.,-1.,0.));
#8306=DIRECTION('',(0.,0.,-1.));
#8307=DIRECTION('center_axis',(0.,0.,-1.));
#8308=DIRECTION('ref_axis',(0.,-1.,0.));
#8309=DIRECTION('center_axis',(0.,0.,1.));
#8310=DIRECTION('ref_axis',(1.,0.,0.));
#8311=DIRECTION('',(0.,-1.,0.));
#8312=DIRECTION('center_axis',(0.,0.,-1.));
#8313=DIRECTION('ref_axis',(-0.695221787153812,-0.718795288428256,0.));
#8314=DIRECTION('center_axis',(0.,0.,-1.));
#8315=DIRECTION('ref_axis',(0.990961532589423,-0.134146341463425,0.));
#8316=DIRECTION('center_axis',(0.,0.,-1.));
#8317=DIRECTION('ref_axis',(-0.718795288428264,-0.695221787153804,0.));
#8318=DIRECTION('',(1.,0.,0.));
#8319=DIRECTION('center_axis',(0.,0.,-1.));
#8320=DIRECTION('ref_axis',(0.71879528842826,-0.695221787153808,0.));
#8321=DIRECTION('center_axis',(0.,0.,-1.));
#8322=DIRECTION('ref_axis',(0.134146341463424,0.990961532589423,0.));
#8323=DIRECTION('center_axis',(0.,0.,-1.));
#8324=DIRECTION('ref_axis',(0.695221787153808,-0.71879528842826,0.));
#8325=DIRECTION('',(0.,1.,0.));
#8326=DIRECTION('center_axis',(0.,0.,-1.));
#8327=DIRECTION('ref_axis',(-1.,0.,0.));
#8328=DIRECTION('center_axis',(0.,0.,-1.));
#8329=DIRECTION('ref_axis',(-0.999999999999995,1.01843188304408E-7,0.));
#8330=DIRECTION('',(0.,1.,0.));
#8331=DIRECTION('center_axis',(0.,0.,-1.));
#8332=DIRECTION('ref_axis',(0.0612244897959194,0.998124021276529,0.));
#8333=DIRECTION('center_axis',(0.,0.,-1.));
#8334=DIRECTION('ref_axis',(0.71374642714633,-0.700404195972474,0.));
#8335=DIRECTION('',(0.,1.,0.));
#8336=DIRECTION('center_axis',(0.,0.,-1.));
#8337=DIRECTION('ref_axis',(0.695221787153804,0.718795288428264,0.));
#8338=DIRECTION('center_axis',(0.,0.,-1.));
#8339=DIRECTION('ref_axis',(-0.990961532589426,0.134146341463406,0.));
#8340=DIRECTION('center_axis',(0.,0.,-1.));
#8341=DIRECTION('ref_axis',(0.71879528842826,0.695221787153808,0.));
#8342=DIRECTION('',(-1.,0.,0.));
#8343=DIRECTION('center_axis',(0.,0.,-1.));
#8344=DIRECTION('ref_axis',(-0.71879528842826,0.695221787153808,0.));
#8345=DIRECTION('center_axis',(0.,0.,-1.));
#8346=DIRECTION('ref_axis',(-0.134146341463406,-0.990961532589426,0.));
#8347=DIRECTION('center_axis',(0.,0.,-1.));
#8348=DIRECTION('ref_axis',(-0.695221787153812,0.718795288428256,0.));
#8349=DIRECTION('',(0.,-1.,0.));
#8350=DIRECTION('center_axis',(0.,0.,-1.));
#8351=DIRECTION('ref_axis',(1.,0.,0.));
#8352=DIRECTION('center_axis',(0.,0.,-1.));
#8353=DIRECTION('ref_axis',(1.,-1.09190887624139E-9,0.));
#8354=DIRECTION('',(0.,-1.,0.));
#8355=DIRECTION('center_axis',(0.,0.,-1.));
#8356=DIRECTION('ref_axis',(1.,0.,0.));
#8357=DIRECTION('center_axis',(0.,0.,-1.));
#8358=DIRECTION('ref_axis',(-0.695221787153812,-0.718795288428256,0.));
#8359=DIRECTION('',(0.,0.,-1.));
#8360=DIRECTION('center_axis',(0.,0.,-1.));
#8361=DIRECTION('ref_axis',(-0.695221787153812,-0.718795288428256,0.));
#8362=DIRECTION('',(0.,0.,1.));
#8363=DIRECTION('center_axis',(0.,0.,-1.));
#8364=DIRECTION('ref_axis',(0.990961532589423,-0.134146341463425,0.));
#8365=DIRECTION('center_axis',(0.,0.,-1.));
#8366=DIRECTION('ref_axis',(0.990961532589423,-0.134146341463425,0.));
#8367=DIRECTION('',(0.,0.,-1.));
#8368=DIRECTION('center_axis',(0.,0.,-1.));
#8369=DIRECTION('ref_axis',(-0.718795288428264,-0.695221787153804,0.));
#8370=DIRECTION('center_axis',(0.,0.,-1.));
#8371=DIRECTION('ref_axis',(-0.718795288428264,-0.695221787153804,0.));
#8372=DIRECTION('',(0.,0.,1.));
#8373=DIRECTION('center_axis',(0.,0.,1.));
#8374=DIRECTION('ref_axis',(1.,0.,0.));
#8375=DIRECTION('center_axis',(0.,0.,-1.));
#8376=DIRECTION('ref_axis',(1.,0.,0.));
#8377=DIRECTION('',(0.,0.,1.));
#8378=DIRECTION('',(0.,0.,-1.));
#8379=DIRECTION('center_axis',(1.,0.,0.));
#8380=DIRECTION('ref_axis',(0.,-1.,0.));
#8381=DIRECTION('',(0.,0.,1.));
#8382=DIRECTION('',(0.,-1.,0.));
#8383=DIRECTION('center_axis',(0.,0.,-1.));
#8384=DIRECTION('ref_axis',(-0.695221787153812,0.718795288428256,0.));
#8385=DIRECTION('',(0.,0.,-1.));
#8386=DIRECTION('center_axis',(0.,0.,-1.));
#8387=DIRECTION('ref_axis',(-0.695221787153812,0.718795288428256,0.));
#8388=DIRECTION('center_axis',(0.,0.,-1.));
#8389=DIRECTION('ref_axis',(-0.134146341463406,-0.990961532589426,0.));
#8390=DIRECTION('',(0.,0.,1.));
#8391=DIRECTION('center_axis',(0.,0.,-1.));
#8392=DIRECTION('ref_axis',(-0.134146341463406,-0.990961532589426,0.));
#8393=DIRECTION('center_axis',(0.,0.,-1.));
#8394=DIRECTION('ref_axis',(-0.71879528842826,0.695221787153808,0.));
#8395=DIRECTION('',(0.,0.,-1.));
#8396=DIRECTION('center_axis',(0.,0.,-1.));
#8397=DIRECTION('ref_axis',(-0.71879528842826,0.695221787153808,0.));
#8398=DIRECTION('center_axis',(0.,-1.,0.));
#8399=DIRECTION('ref_axis',(-1.,0.,0.));
#8400=DIRECTION('',(0.,0.,1.));
#8401=DIRECTION('',(-1.,0.,0.));
#8402=DIRECTION('center_axis',(0.,0.,-1.));
#8403=DIRECTION('ref_axis',(0.71879528842826,0.695221787153808,0.));
#8404=DIRECTION('',(0.,0.,-1.));
#8405=DIRECTION('center_axis',(0.,0.,-1.));
#8406=DIRECTION('ref_axis',(0.71879528842826,0.695221787153808,0.));
#8407=DIRECTION('center_axis',(0.,0.,-1.));
#8408=DIRECTION('ref_axis',(-0.990961532589426,0.134146341463406,0.));
#8409=DIRECTION('',(0.,0.,1.));
#8410=DIRECTION('center_axis',(0.,0.,-1.));
#8411=DIRECTION('ref_axis',(-0.990961532589426,0.134146341463406,0.));
#8412=DIRECTION('center_axis',(0.,0.,-1.));
#8413=DIRECTION('ref_axis',(0.695221787153804,0.718795288428264,0.));
#8414=DIRECTION('',(0.,0.,-1.));
#8415=DIRECTION('center_axis',(0.,0.,-1.));
#8416=DIRECTION('ref_axis',(0.695221787153804,0.718795288428264,0.));
#8417=DIRECTION('center_axis',(-1.,0.,0.));
#8418=DIRECTION('ref_axis',(0.,1.,0.));
#8419=DIRECTION('',(0.,0.,1.));
#8420=DIRECTION('',(0.,1.,0.));
#8421=DIRECTION('center_axis',(0.,0.,-1.));
#8422=DIRECTION('ref_axis',(0.71374642714633,-0.700404195972474,0.));
#8423=DIRECTION('',(0.,0.,-1.));
#8424=DIRECTION('center_axis',(0.,0.,-1.));
#8425=DIRECTION('ref_axis',(0.71374642714633,-0.700404195972474,0.));
#8426=DIRECTION('center_axis',(0.,0.,-1.));
#8427=DIRECTION('ref_axis',(0.0612244897959194,0.998124021276529,0.));
#8428=DIRECTION('',(0.,0.,-1.));
#8429=DIRECTION('center_axis',(0.,0.,-1.));
#8430=DIRECTION('ref_axis',(0.0612244897959194,0.998124021276529,0.));
#8431=DIRECTION('center_axis',(0.,0.,-1.));
#8432=DIRECTION('ref_axis',(0.71879528842826,-0.695221787153808,0.));
#8433=DIRECTION('',(0.,0.,-1.));
#8434=DIRECTION('center_axis',(0.,0.,-1.));
#8435=DIRECTION('ref_axis',(0.71879528842826,-0.695221787153808,0.));
#8436=DIRECTION('',(0.,0.,1.));
#8437=DIRECTION('center_axis',(0.,1.,0.));
#8438=DIRECTION('ref_axis',(1.,0.,0.));
#8439=DIRECTION('',(1.,0.,0.));
#8440=DIRECTION('center_axis',(0.,0.,1.));
#8441=DIRECTION('ref_axis',(-1.,0.,0.));
#8442=DIRECTION('center_axis',(0.,0.,-1.));
#8443=DIRECTION('ref_axis',(-1.,0.,0.));
#8444=DIRECTION('',(0.,0.,1.));
#8445=DIRECTION('',(0.,0.,-1.));
#8446=DIRECTION('center_axis',(-1.,0.,0.));
#8447=DIRECTION('ref_axis',(0.,1.,0.));
#8448=DIRECTION('',(0.,0.,1.));
#8449=DIRECTION('',(0.,1.,0.));
#8450=DIRECTION('center_axis',(0.,0.,-1.));
#8451=DIRECTION('ref_axis',(0.695221787153808,-0.71879528842826,0.));
#8452=DIRECTION('',(0.,0.,-1.));
#8453=DIRECTION('center_axis',(0.,0.,-1.));
#8454=DIRECTION('ref_axis',(0.695221787153808,-0.71879528842826,0.));
#8455=DIRECTION('center_axis',(0.,0.,1.));
#8456=DIRECTION('ref_axis',(1.,0.,0.));
#8457=DIRECTION('center_axis',(0.,0.707106781186547,-0.707106781186548));
#8458=DIRECTION('ref_axis',(-1.,0.,0.));
#8459=DIRECTION('',(-4.60227325268136E-16,0.707106781186548,0.707106781186547));
#8460=DIRECTION('',(1.,0.,0.));
#8461=DIRECTION('',(0.,0.707106781186548,0.707106781186547));
#8462=DIRECTION('',(1.,0.,0.));
#8463=DIRECTION('center_axis',(0.,0.,1.));
#8464=DIRECTION('ref_axis',(-1.,-4.88010120714351E-16,0.));
#8465=DIRECTION('',(-0.707106781186548,0.,0.707106781186547));
#8466=DIRECTION('center_axis',(0.,0.,-1.));
#8467=DIRECTION('ref_axis',(-1.,-4.88010120714351E-16,0.));
#8468=DIRECTION('center_axis',(0.,0.,-1.));
#8469=DIRECTION('ref_axis',(-1.,-8.07434927000104E-16,0.));
#8470=DIRECTION('center_axis',(-0.707106781186548,2.65313582814323E-13,
-0.707106781186547));
#8471=DIRECTION('ref_axis',(-0.707106781186547,0.,0.707106781186548));
#8472=DIRECTION('',(3.75210067097813E-13,1.,0.));
#8473=DIRECTION('',(-9.063045098981E-16,1.,0.));
#8474=DIRECTION('center_axis',(-0.707106781186548,0.,-0.707106781186547));
#8475=DIRECTION('ref_axis',(-0.707106781186547,0.,0.707106781186548));
#8476=DIRECTION('',(-0.707106781186547,0.,0.707106781186548));
#8477=DIRECTION('',(0.,1.,0.));
#8478=DIRECTION('',(-0.707106781186548,0.,0.707106781186547));
#8479=DIRECTION('',(0.,1.,0.));
#8480=DIRECTION('center_axis',(0.,0.,1.));
#8481=DIRECTION('ref_axis',(0.,-1.,0.));
#8482=DIRECTION('',(0.,-0.707106781186548,0.707106781186547));
#8483=DIRECTION('center_axis',(0.,0.,-1.));
#8484=DIRECTION('ref_axis',(0.,-1.,0.));
#8485=DIRECTION('center_axis',(0.,0.,-1.));
#8486=DIRECTION('ref_axis',(0.,-1.,0.));
#8487=DIRECTION('center_axis',(-2.65313582814323E-13,-0.707106781186548,
-0.707106781186547));
#8488=DIRECTION('ref_axis',(-1.,0.,3.75210067097813E-13));
#8489=DIRECTION('',(-1.56758948334881E-16,0.707106781186547,-0.707106781186548));
#8490=DIRECTION('',(-1.,3.75210067097813E-13,0.));
#8491=DIRECTION('',(-1.,-9.063045098981E-16,0.));
#8492=DIRECTION('center_axis',(0.,-0.707106781186548,-0.707106781186547));
#8493=DIRECTION('ref_axis',(-1.,0.,0.));
#8494=DIRECTION('',(0.,-0.707106781186547,0.707106781186548));
#8495=DIRECTION('',(-1.,0.,0.));
#8496=DIRECTION('',(0.,-0.707106781186548,0.707106781186547));
#8497=DIRECTION('',(-1.,0.,0.));
#8498=DIRECTION('center_axis',(0.,0.,1.));
#8499=DIRECTION('ref_axis',(1.,-4.8801012071435E-16,0.));
#8500=DIRECTION('',(0.707106781186548,0.,0.707106781186547));
#8501=DIRECTION('center_axis',(0.,0.,-1.));
#8502=DIRECTION('ref_axis',(1.,-4.8801012071435E-16,0.));
#8503=DIRECTION('center_axis',(0.,0.,-1.));
#8504=DIRECTION('ref_axis',(1.,-8.07434927000103E-16,0.));
#8505=DIRECTION('center_axis',(0.707106781186548,-2.65313582814323E-13,
-0.707106781186547));
#8506=DIRECTION('ref_axis',(-0.707106781186547,0.,-0.707106781186548));
#8507=DIRECTION('',(-0.707106781186547,0.,-0.707106781186548));
#8508=DIRECTION('',(-3.75210067097813E-13,-1.,0.));
#8509=DIRECTION('',(9.063045098981E-16,-1.,0.));
#8510=DIRECTION('center_axis',(0.707106781186547,0.,-0.707106781186548));
#8511=DIRECTION('ref_axis',(-0.707106781186548,0.,-0.707106781186547));
#8512=DIRECTION('',(0.,1.,0.));
#8513=DIRECTION('',(0.707106781186548,0.,0.707106781186547));
#8514=DIRECTION('',(0.,1.,0.));
#8515=DIRECTION('center_axis',(0.,0.,1.));
#8516=DIRECTION('ref_axis',(0.,1.,0.));
#8517=DIRECTION('',(0.,0.707106781186548,0.707106781186547));
#8518=DIRECTION('center_axis',(0.,0.,1.));
#8519=DIRECTION('ref_axis',(0.,1.,0.));
#8520=DIRECTION('center_axis',(0.,0.,1.));
#8521=DIRECTION('ref_axis',(0.,1.,0.));
#8522=DIRECTION('center_axis',(2.65313582814323E-13,0.707106781186548,-0.707106781186547));
#8523=DIRECTION('ref_axis',(-1.,0.,-3.75210067097813E-13));
#8524=DIRECTION('',(0.,0.707106781186547,0.707106781186548));
#8525=DIRECTION('',(-1.,3.75210067097813E-13,0.));
#8526=DIRECTION('',(-1.,-9.063045098981E-16,-3.76116371607712E-13));
#8527=DIRECTION('center_axis',(0.,-1.,0.));
#8528=DIRECTION('ref_axis',(1.,0.,0.));
#8529=DIRECTION('',(0.,0.,1.));
#8530=DIRECTION('',(0.,0.,1.));
#8531=DIRECTION('center_axis',(0.,0.,1.));
#8532=DIRECTION('ref_axis',(-1.,-8.07434927000104E-16,0.));
#8533=DIRECTION('',(0.,0.,1.));
#8534=DIRECTION('center_axis',(1.,9.063045098981E-16,0.));
#8535=DIRECTION('ref_axis',(-9.063045098981E-16,1.,0.));
#8536=DIRECTION('center_axis',(-1.,0.,0.));
#8537=DIRECTION('ref_axis',(0.,-1.,0.));
#8538=DIRECTION('',(0.,0.,1.));
#8539=DIRECTION('center_axis',(0.,0.,1.));
#8540=DIRECTION('ref_axis',(0.,1.,0.));
#8541=DIRECTION('',(0.,0.,1.));
#8542=DIRECTION('center_axis',(9.063045098981E-16,-1.,0.));
#8543=DIRECTION('ref_axis',(1.,9.063045098981E-16,0.));
#8544=DIRECTION('',(0.,0.,1.));
#8545=DIRECTION('center_axis',(0.,1.,0.));
#8546=DIRECTION('ref_axis',(-1.,0.,0.));
#8547=DIRECTION('',(0.,0.,1.));
#8548=DIRECTION('',(0.,0.,1.));
#8549=DIRECTION('center_axis',(0.,0.,1.));
#8550=DIRECTION('ref_axis',(1.,-8.07434927000103E-16,0.));
#8551=DIRECTION('',(0.,0.,1.));
#8552=DIRECTION('center_axis',(-1.,-9.063045098981E-16,0.));
#8553=DIRECTION('ref_axis',(9.063045098981E-16,-1.,0.));
#8554=DIRECTION('',(0.,0.,1.));
#8555=DIRECTION('center_axis',(1.,0.,0.));
#8556=DIRECTION('ref_axis',(0.,1.,0.));
#8557=DIRECTION('',(0.,0.,1.));
#8558=DIRECTION('',(0.,0.,1.));
#8559=DIRECTION('center_axis',(0.,0.,1.));
#8560=DIRECTION('ref_axis',(0.,-1.,0.));
#8561=DIRECTION('',(0.,0.,1.));
#8562=DIRECTION('center_axis',(-9.063045098981E-16,1.,0.));
#8563=DIRECTION('ref_axis',(-1.,-9.063045098981E-16,0.));
#8564=DIRECTION('',(0.,0.,1.));
#8565=DIRECTION('center_axis',(-1.,-1.36062240192425E-15,0.));
#8566=DIRECTION('ref_axis',(1.36062240192425E-15,-1.,0.));
#8567=DIRECTION('',(1.36062240192425E-15,-1.,0.));
#8568=DIRECTION('center_axis',(0.,0.,1.));
#8569=DIRECTION('ref_axis',(1.,0.,0.));
#8570=DIRECTION('center_axis',(-1.,0.,0.));
#8571=DIRECTION('ref_axis',(0.,-1.,0.));
#8572=DIRECTION('',(0.,-1.,0.));
#8573=DIRECTION('center_axis',(0.,0.,1.));
#8574=DIRECTION('ref_axis',(1.,0.,0.));
#8575=DIRECTION('center_axis',(1.,0.,0.));
#8576=DIRECTION('ref_axis',(0.,1.,0.));
#8577=DIRECTION('',(0.,1.,0.));
#8578=DIRECTION('center_axis',(0.,0.,1.));
#8579=DIRECTION('ref_axis',(1.,0.,0.));
#8580=DIRECTION('center_axis',(1.,6.50859725168892E-16,0.));
#8581=DIRECTION('ref_axis',(-6.50859725168892E-16,1.,0.));
#8582=DIRECTION('',(0.,0.,1.));
#8583=DIRECTION('center_axis',(1.,2.21690630758532E-16,0.));
#8584=DIRECTION('ref_axis',(-2.21690630758532E-16,1.,0.));
#8585=DIRECTION('',(0.,0.,1.));
#8586=DIRECTION('center_axis',(0.,1.,0.));
#8587=DIRECTION('ref_axis',(-1.,0.,0.));
#8588=DIRECTION('',(0.,0.,1.));
#8589=DIRECTION('',(0.,0.,1.));
#8590=DIRECTION('center_axis',(1.,0.,0.));
#8591=DIRECTION('ref_axis',(0.,1.,0.));
#8592=DIRECTION('',(0.,0.,1.));
#8593=DIRECTION('center_axis',(0.,0.,1.));
#8594=DIRECTION('ref_axis',(0.,-1.,0.));
#8595=DIRECTION('',(0.,0.,1.));
#8596=DIRECTION('center_axis',(3.75210067097813E-13,1.,0.));
#8597=DIRECTION('ref_axis',(-1.,3.75210067097813E-13,0.));
#8598=DIRECTION('center_axis',(0.,-1.,0.));
#8599=DIRECTION('ref_axis',(1.,0.,0.));
#8600=DIRECTION('',(0.,0.,1.));
#8601=DIRECTION('center_axis',(0.,0.,1.));
#8602=DIRECTION('ref_axis',(-1.,-4.88010120714351E-16,0.));
#8603=DIRECTION('',(0.,0.,1.));
#8604=DIRECTION('center_axis',(1.,-3.75210067097813E-13,0.));
#8605=DIRECTION('ref_axis',(3.75210067097813E-13,1.,0.));
#8606=DIRECTION('center_axis',(-1.,0.,0.));
#8607=DIRECTION('ref_axis',(0.,-1.,0.));
#8608=DIRECTION('',(0.,0.,1.));
#8609=DIRECTION('center_axis',(0.,0.,1.));
#8610=DIRECTION('ref_axis',(0.,1.,0.));
#8611=DIRECTION('',(0.,0.,1.));
#8612=DIRECTION('center_axis',(-3.75210067097813E-13,-1.,0.));
#8613=DIRECTION('ref_axis',(1.,-3.75210067097813E-13,0.));
#8614=DIRECTION('',(0.,0.,1.));
#8615=DIRECTION('center_axis',(-1.,0.,0.));
#8616=DIRECTION('ref_axis',(0.,-1.,0.));
#8617=DIRECTION('center_axis',(-1.,0.,0.));
#8618=DIRECTION('ref_axis',(0.,-1.,0.));
#8619=DIRECTION('',(0.,0.,1.));
#8620=DIRECTION('center_axis',(0.,1.,0.));
#8621=DIRECTION('ref_axis',(-1.,0.,0.));
#8622=DIRECTION('',(0.,0.,1.));
#8623=DIRECTION('center_axis',(0.,0.,1.));
#8624=DIRECTION('ref_axis',(1.,-4.8801012071435E-16,0.));
#8625=DIRECTION('',(0.,0.,1.));
#8626=DIRECTION('center_axis',(-1.,3.75210067097813E-13,0.));
#8627=DIRECTION('ref_axis',(-3.75210067097813E-13,-1.,0.));
#8628=DIRECTION('center_axis',(1.,2.72124480384848E-15,0.));
#8629=DIRECTION('ref_axis',(-2.72124480384848E-15,1.,0.));
#8630=DIRECTION('',(-2.72124480384848E-15,1.,0.));
#8631=DIRECTION('center_axis',(0.,0.,1.));
#8632=DIRECTION('ref_axis',(1.,0.,0.));
#8633=DIRECTION('center_axis',(0.,0.,-1.));
#8634=DIRECTION('ref_axis',(0.134146341463424,0.990961532589423,0.));
#8635=DIRECTION('center_axis',(0.,0.,-1.));
#8636=DIRECTION('ref_axis',(0.134146341463424,0.990961532589423,0.));
#8637=DIRECTION('center_axis',(1.,0.,0.));
#8638=DIRECTION('ref_axis',(0.,-1.,0.));
#8639=DIRECTION('',(0.,-1.,0.));
#8640=DIRECTION('center_axis',(1.,0.,0.));
#8641=DIRECTION('ref_axis',(0.,-1.,0.));
#8642=DIRECTION('',(0.,0.,-1.));
#8643=DIRECTION('',(0.,-1.,0.));
#8644=DIRECTION('center_axis',(0.,0.,-1.));
#8645=DIRECTION('ref_axis',(1.,-1.09190887624139E-9,0.));
#8646=DIRECTION('center_axis',(0.,0.,-1.));
#8647=DIRECTION('ref_axis',(1.,-1.09190887624139E-9,0.));
#8648=DIRECTION('center_axis',(-1.,0.,0.));
#8649=DIRECTION('ref_axis',(0.,1.,0.));
#8650=DIRECTION('',(0.,0.,-1.));
#8651=DIRECTION('',(0.,1.,0.));
#8652=DIRECTION('center_axis',(0.,0.,-1.));
#8653=DIRECTION('ref_axis',(-0.999999999999995,1.01843188304408E-7,0.));
#8654=DIRECTION('center_axis',(0.,0.,-1.));
#8655=DIRECTION('ref_axis',(-0.999999999999995,1.01843188304408E-7,0.));
#8656=DIRECTION('center_axis',(0.,0.,-1.));
#8657=DIRECTION('ref_axis',(0.268292682926831,0.963337446738121,0.));
#8658=DIRECTION('center_axis',(0.,0.,1.));
#8659=DIRECTION('ref_axis',(0.268292682926831,0.963337446738121,0.));
#8660=DIRECTION('',(0.,0.,-1.));
#8661=DIRECTION('center_axis',(-1.,0.,0.));
#8662=DIRECTION('ref_axis',(0.,1.,0.));
#8663=DIRECTION('',(0.,0.,-1.));
#8664=DIRECTION('',(0.,1.,0.));
#8665=DIRECTION('center_axis',(0.,0.,-1.));
#8666=DIRECTION('ref_axis',(0.,-1.,0.));
#8667=DIRECTION('center_axis',(0.,0.,1.));
#8668=DIRECTION('ref_axis',(0.,-1.,0.));
#8669=DIRECTION('center_axis',(1.,0.,0.));
#8670=DIRECTION('ref_axis',(0.,-1.,0.));
#8671=DIRECTION('',(0.,-1.,0.));
#8672=DIRECTION('center_axis',(0.,0.,1.));
#8673=DIRECTION('ref_axis',(1.,0.,0.));
#8674=DIRECTION('center_axis',(0.,0.,-1.));
#8675=DIRECTION('ref_axis',(1.,0.,0.));
#8676=DIRECTION('',(0.,0.,-1.));
#8677=DIRECTION('center_axis',(0.,0.,1.));
#8678=DIRECTION('ref_axis',(1.,0.,0.));
#8679=DIRECTION('center_axis',(0.,0.,-1.));
#8680=DIRECTION('ref_axis',(1.,0.,0.));
#8681=DIRECTION('',(0.,0.,-1.));
#8682=DIRECTION('center_axis',(0.,0.,-1.));
#8683=DIRECTION('ref_axis',(1.,0.,0.));
#8684=DIRECTION('center_axis',(0.,0.,1.));
#8685=DIRECTION('ref_axis',(1.,0.,0.));
#8686=DIRECTION('center_axis',(-9.89307645705586E-16,1.,0.));
#8687=DIRECTION('ref_axis',(1.,9.89307645705586E-16,0.));
#8688=DIRECTION('center_axis',(-1.,0.,0.));
#8689=DIRECTION('ref_axis',(0.,1.,0.));
#8690=DIRECTION('',(0.,0.,-1.));
#8691=DIRECTION('',(0.,0.,-1.));
#8692=DIRECTION('center_axis',(0.,0.,-1.));
#8693=DIRECTION('ref_axis',(-0.99929761570918,0.0374736605891057,0.));
#8694=DIRECTION('center_axis',(0.,0.,-1.));
#8695=DIRECTION('ref_axis',(1.,0.,0.));
#8696=DIRECTION('',(0.,0.,1.));
#8697=DIRECTION('center_axis',(0.,0.,-1.));
#8698=DIRECTION('ref_axis',(1.,0.,0.));
#8699=DIRECTION('',(0.,0.,1.));
#8700=DIRECTION('center_axis',(0.,0.,-1.));
#8701=DIRECTION('ref_axis',(1.,0.,0.));
#8702=DIRECTION('',(0.,0.,1.));
#8703=DIRECTION('center_axis',(0.,0.,-1.));
#8704=DIRECTION('ref_axis',(1.,0.,0.));
#8705=DIRECTION('',(0.,0.,1.));
#8706=DIRECTION('center_axis',(2.46032803241032E-16,1.,0.));
#8707=DIRECTION('ref_axis',(1.,-2.46032803241032E-16,0.));
#8708=DIRECTION('',(0.,0.,-1.));
#8709=DIRECTION('center_axis',(0.,0.,-1.));
#8710=DIRECTION('ref_axis',(0.0374736605890927,0.999297615709181,0.));
#8711=DIRECTION('center_axis',(0.,0.,1.));
#8712=DIRECTION('ref_axis',(0.71374642714633,-0.700404195972474,0.));
#8713=DIRECTION('center_axis',(0.,0.,1.));
#8714=DIRECTION('ref_axis',(0.71374642714633,-0.700404195972474,0.));
#8715=DIRECTION('',(0.,0.,1.));
#8716=DIRECTION('center_axis',(0.,0.,-1.));
#8717=DIRECTION('ref_axis',(0.71374642714633,-0.700404195972474,0.));
#8718=DIRECTION('',(0.,0.,1.));
#8719=DIRECTION('center_axis',(-1.,0.,0.));
#8720=DIRECTION('ref_axis',(0.,-1.,0.));
#8721=DIRECTION('',(0.,1.,0.));
#8722=DIRECTION('',(0.,0.,1.));
#8723=DIRECTION('',(0.,1.,0.));
#8724=DIRECTION('center_axis',(0.,0.,1.));
#8725=DIRECTION('ref_axis',(0.695221787153804,0.718795288428264,0.));
#8726=DIRECTION('center_axis',(0.,0.,1.));
#8727=DIRECTION('ref_axis',(0.695221787153804,0.718795288428264,0.));
#8728=DIRECTION('',(0.,0.,1.));
#8729=DIRECTION('center_axis',(0.,0.,-1.));
#8730=DIRECTION('ref_axis',(0.695221787153804,0.718795288428264,0.));
#8731=DIRECTION('center_axis',(0.,0.,1.));
#8732=DIRECTION('ref_axis',(-0.990961532589426,0.134146341463406,0.));
#8733=DIRECTION('center_axis',(0.,0.,-1.));
#8734=DIRECTION('ref_axis',(-0.990961532589426,0.134146341463406,0.));
#8735=DIRECTION('',(0.,0.,1.));
#8736=DIRECTION('center_axis',(0.,0.,-1.));
#8737=DIRECTION('ref_axis',(-0.990961532589426,0.134146341463406,0.));
#8738=DIRECTION('center_axis',(0.,0.,1.));
#8739=DIRECTION('ref_axis',(0.71879528842826,0.695221787153808,0.));
#8740=DIRECTION('center_axis',(0.,0.,1.));
#8741=DIRECTION('ref_axis',(0.71879528842826,0.695221787153808,0.));
#8742=DIRECTION('',(0.,0.,1.));
#8743=DIRECTION('center_axis',(0.,0.,-1.));
#8744=DIRECTION('ref_axis',(0.71879528842826,0.695221787153808,0.));
#8745=DIRECTION('center_axis',(0.,-1.,0.));
#8746=DIRECTION('ref_axis',(1.,0.,0.));
#8747=DIRECTION('',(-1.,0.,0.));
#8748=DIRECTION('',(0.,0.,1.));
#8749=DIRECTION('',(-1.,0.,0.));
#8750=DIRECTION('center_axis',(0.,0.,1.));
#8751=DIRECTION('ref_axis',(-0.71879528842826,0.695221787153808,0.));
#8752=DIRECTION('center_axis',(0.,0.,1.));
#8753=DIRECTION('ref_axis',(-0.71879528842826,0.695221787153808,0.));
#8754=DIRECTION('',(0.,0.,1.));
#8755=DIRECTION('center_axis',(0.,0.,-1.));
#8756=DIRECTION('ref_axis',(-0.71879528842826,0.695221787153808,0.));
#8757=DIRECTION('center_axis',(0.,0.,1.));
#8758=DIRECTION('ref_axis',(-0.134146341463406,-0.990961532589426,0.));
#8759=DIRECTION('center_axis',(0.,0.,-1.));
#8760=DIRECTION('ref_axis',(-0.134146341463406,-0.990961532589426,0.));
#8761=DIRECTION('',(0.,0.,1.));
#8762=DIRECTION('center_axis',(0.,0.,-1.));
#8763=DIRECTION('ref_axis',(-0.134146341463406,-0.990961532589426,0.));
#8764=DIRECTION('center_axis',(0.,0.,1.));
#8765=DIRECTION('ref_axis',(-0.695221787153812,0.718795288428256,0.));
#8766=DIRECTION('center_axis',(0.,0.,1.));
#8767=DIRECTION('ref_axis',(-0.695221787153812,0.718795288428256,0.));
#8768=DIRECTION('',(0.,0.,1.));
#8769=DIRECTION('center_axis',(0.,0.,-1.));
#8770=DIRECTION('ref_axis',(-0.695221787153812,0.718795288428256,0.));
#8771=DIRECTION('center_axis',(1.,0.,0.));
#8772=DIRECTION('ref_axis',(0.,1.,0.));
#8773=DIRECTION('',(0.,-1.,0.));
#8774=DIRECTION('',(0.,0.,1.));
#8775=DIRECTION('',(0.,-1.,0.));
#8776=DIRECTION('center_axis',(0.,0.,1.));
#8777=DIRECTION('ref_axis',(1.,0.,0.));
#8778=DIRECTION('center_axis',(0.,0.,1.));
#8779=DIRECTION('ref_axis',(1.,0.,0.));
#8780=DIRECTION('',(0.,0.,1.));
#8781=DIRECTION('center_axis',(0.,0.,-1.));
#8782=DIRECTION('ref_axis',(1.,0.,0.));
#8783=DIRECTION('center_axis',(0.,0.,1.));
#8784=DIRECTION('ref_axis',(1.,-1.09190887624139E-9,0.));
#8785=DIRECTION('center_axis',(0.,0.,-1.));
#8786=DIRECTION('ref_axis',(1.,-1.09190887624139E-9,0.));
#8787=DIRECTION('',(0.,0.,1.));
#8788=DIRECTION('center_axis',(0.,0.,-1.));
#8789=DIRECTION('ref_axis',(1.,-1.09190887624139E-9,0.));
#8790=DIRECTION('center_axis',(1.,0.,0.));
#8791=DIRECTION('ref_axis',(0.,1.,0.));
#8792=DIRECTION('',(0.,-1.,0.));
#8793=DIRECTION('',(0.,0.,1.));
#8794=DIRECTION('',(0.,-1.,0.));
#8795=DIRECTION('center_axis',(0.,0.,1.));
#8796=DIRECTION('ref_axis',(0.,-1.,0.));
#8797=DIRECTION('center_axis',(0.,0.,-1.));
#8798=DIRECTION('ref_axis',(0.,-1.,0.));
#8799=DIRECTION('',(0.,0.,1.));
#8800=DIRECTION('center_axis',(0.,0.,-1.));
#8801=DIRECTION('ref_axis',(0.,-1.,0.));
#8802=DIRECTION('center_axis',(0.,0.,1.));
#8803=DIRECTION('ref_axis',(-0.912493631812947,0.409090909090899,0.));
#8804=DIRECTION('center_axis',(0.,0.,1.));
#8805=DIRECTION('ref_axis',(-0.912493631812947,0.409090909090899,0.));
#8806=DIRECTION('',(0.,0.,1.));
#8807=DIRECTION('center_axis',(0.,0.,1.));
#8808=DIRECTION('ref_axis',(-0.912493631812947,0.409090909090899,0.));
#8809=DIRECTION('',(0.,0.,1.));
#8810=DIRECTION('center_axis',(0.,0.,1.));
#8811=DIRECTION('ref_axis',(0.695221787153804,0.718795288428264,0.));
#8812=DIRECTION('center_axis',(0.,0.,-1.));
#8813=DIRECTION('ref_axis',(0.695221787153804,0.718795288428264,0.));
#8814=DIRECTION('',(0.,0.,1.));
#8815=DIRECTION('center_axis',(0.,0.,1.));
#8816=DIRECTION('ref_axis',(0.695221787153804,0.718795288428264,0.));
#8817=DIRECTION('center_axis',(1.,0.,0.));
#8818=DIRECTION('ref_axis',(0.,1.,0.));
#8819=DIRECTION('',(0.,-1.,0.));
#8820=DIRECTION('',(0.,0.,1.));
#8821=DIRECTION('',(0.,-1.,0.));
#8822=DIRECTION('center_axis',(0.,0.,1.));
#8823=DIRECTION('ref_axis',(0.71374642714633,-0.700404195972474,0.));
#8824=DIRECTION('center_axis',(0.,0.,-1.));
#8825=DIRECTION('ref_axis',(0.71374642714633,-0.700404195972474,0.));
#8826=DIRECTION('',(0.,0.,1.));
#8827=DIRECTION('center_axis',(0.,0.,1.));
#8828=DIRECTION('ref_axis',(0.71374642714633,-0.700404195972474,0.));
#8829=DIRECTION('center_axis',(0.,0.,1.));
#8830=DIRECTION('ref_axis',(0.268292682926831,0.963337446738121,0.));
#8831=DIRECTION('center_axis',(0.,0.,1.));
#8832=DIRECTION('ref_axis',(0.268292682926831,0.963337446738121,0.));
#8833=DIRECTION('',(0.,0.,1.));
#8834=DIRECTION('center_axis',(0.,0.,1.));
#8835=DIRECTION('ref_axis',(0.268292682926831,0.963337446738121,0.));
#8836=DIRECTION('center_axis',(1.,0.,0.));
#8837=DIRECTION('ref_axis',(0.,1.,0.));
#8838=DIRECTION('',(0.,-1.,0.));
#8839=DIRECTION('',(0.,0.,1.));
#8840=DIRECTION('',(0.,-1.,0.));
#8841=DIRECTION('center_axis',(0.,0.,1.));
#8842=DIRECTION('ref_axis',(-1.,0.,0.));
#8843=DIRECTION('center_axis',(0.,0.,1.));
#8844=DIRECTION('ref_axis',(-1.,0.,0.));
#8845=DIRECTION('',(0.,0.,1.));
#8846=DIRECTION('center_axis',(0.,0.,1.));
#8847=DIRECTION('ref_axis',(-1.,0.,0.));
#8848=DIRECTION('center_axis',(0.,0.,1.));
#8849=DIRECTION('ref_axis',(-1.,0.,0.));
#8850=DIRECTION('center_axis',(0.,0.,-1.));
#8851=DIRECTION('ref_axis',(-1.,0.,0.));
#8852=DIRECTION('',(0.,0.,1.));
#8853=DIRECTION('center_axis',(0.,0.,1.));
#8854=DIRECTION('ref_axis',(-1.,0.,0.));
#8855=DIRECTION('center_axis',(1.,0.,0.));
#8856=DIRECTION('ref_axis',(0.,1.,0.));
#8857=DIRECTION('',(0.,-1.,0.));
#8858=DIRECTION('',(0.,0.,1.));
#8859=DIRECTION('',(0.,-1.,0.));
#8860=DIRECTION('center_axis',(0.,0.,1.));
#8861=DIRECTION('ref_axis',(0.695221787153805,-0.718795288428263,0.));
#8862=DIRECTION('center_axis',(0.,0.,-1.));
#8863=DIRECTION('ref_axis',(0.695221787153805,-0.718795288428263,0.));
#8864=DIRECTION('',(0.,0.,1.));
#8865=DIRECTION('center_axis',(0.,0.,1.));
#8866=DIRECTION('ref_axis',(0.695221787153805,-0.718795288428263,0.));
#8867=DIRECTION('center_axis',(0.,0.,1.));
#8868=DIRECTION('ref_axis',(0.409090909090921,0.912493631812937,0.));
#8869=DIRECTION('center_axis',(0.,0.,1.));
#8870=DIRECTION('ref_axis',(0.409090909090921,0.912493631812937,0.));
#8871=DIRECTION('',(0.,0.,1.));
#8872=DIRECTION('center_axis',(0.,0.,1.));
#8873=DIRECTION('ref_axis',(0.409090909090921,0.912493631812937,0.));
#8874=DIRECTION('center_axis',(0.,0.,1.));
#8875=DIRECTION('ref_axis',(0.718795288428263,-0.695221787153805,0.));
#8876=DIRECTION('center_axis',(0.,0.,-1.));
#8877=DIRECTION('ref_axis',(0.718795288428263,-0.695221787153805,0.));
#8878=DIRECTION('',(0.,0.,1.));
#8879=DIRECTION('center_axis',(0.,0.,1.));
#8880=DIRECTION('ref_axis',(0.718795288428263,-0.695221787153805,0.));
#8881=DIRECTION('center_axis',(0.,-1.,0.));
#8882=DIRECTION('ref_axis',(1.,0.,0.));
#8883=DIRECTION('',(-1.,0.,0.));
#8884=DIRECTION('',(0.,0.,1.));
#8885=DIRECTION('',(-1.,0.,0.));
#8886=DIRECTION('center_axis',(0.,0.,1.));
#8887=DIRECTION('ref_axis',(-0.718795288428264,-0.695221787153804,0.));
#8888=DIRECTION('center_axis',(0.,0.,-1.));
#8889=DIRECTION('ref_axis',(-0.718795288428264,-0.695221787153804,0.));
#8890=DIRECTION('',(0.,0.,1.));
#8891=DIRECTION('center_axis',(0.,0.,1.));
#8892=DIRECTION('ref_axis',(-0.718795288428264,-0.695221787153804,0.));
#8893=DIRECTION('center_axis',(0.,0.,1.));
#8894=DIRECTION('ref_axis',(1.,0.,0.));
#8895=DIRECTION('center_axis',(0.,0.,1.));
#8896=DIRECTION('ref_axis',(1.,0.,0.));
#8897=DIRECTION('',(0.,0.,1.));
#8898=DIRECTION('center_axis',(0.,0.,-1.));
#8899=DIRECTION('ref_axis',(1.,0.,0.));
#8900=DIRECTION('center_axis',(1.,0.,0.));
#8901=DIRECTION('ref_axis',(0.,1.,0.));
#8902=DIRECTION('',(0.,-1.,0.));
#8903=DIRECTION('',(0.,0.,1.));
#8904=DIRECTION('',(0.,-1.,0.));
#8905=DIRECTION('center_axis',(0.,0.,1.));
#8906=DIRECTION('ref_axis',(-0.695221787153812,-0.718795288428256,0.));
#8907=DIRECTION('center_axis',(0.,0.,1.));
#8908=DIRECTION('ref_axis',(-0.695221787153812,-0.718795288428256,0.));
#8909=DIRECTION('',(0.,0.,1.));
#8910=DIRECTION('center_axis',(0.,0.,-1.));
#8911=DIRECTION('ref_axis',(-0.695221787153812,-0.718795288428256,0.));
#8912=DIRECTION('center_axis',(0.,0.,1.));
#8913=DIRECTION('ref_axis',(0.990961532589423,-0.134146341463425,0.));
#8914=DIRECTION('center_axis',(0.,0.,-1.));
#8915=DIRECTION('ref_axis',(0.990961532589423,-0.134146341463425,0.));
#8916=DIRECTION('',(0.,0.,1.));
#8917=DIRECTION('center_axis',(0.,0.,-1.));
#8918=DIRECTION('ref_axis',(0.990961532589423,-0.134146341463425,0.));
#8919=DIRECTION('center_axis',(0.,0.,1.));
#8920=DIRECTION('ref_axis',(-0.718795288428264,-0.695221787153804,0.));
#8921=DIRECTION('center_axis',(0.,0.,1.));
#8922=DIRECTION('ref_axis',(-0.718795288428264,-0.695221787153804,0.));
#8923=DIRECTION('',(0.,0.,1.));
#8924=DIRECTION('center_axis',(0.,0.,-1.));
#8925=DIRECTION('ref_axis',(-0.718795288428264,-0.695221787153804,0.));
#8926=DIRECTION('center_axis',(0.,1.,0.));
#8927=DIRECTION('ref_axis',(-1.,0.,0.));
#8928=DIRECTION('',(1.,0.,0.));
#8929=DIRECTION('',(0.,0.,1.));
#8930=DIRECTION('',(1.,0.,0.));
#8931=DIRECTION('center_axis',(0.,0.,1.));
#8932=DIRECTION('ref_axis',(0.71879528842826,-0.695221787153808,0.));
#8933=DIRECTION('center_axis',(0.,0.,1.));
#8934=DIRECTION('ref_axis',(0.71879528842826,-0.695221787153808,0.));
#8935=DIRECTION('',(0.,0.,1.));
#8936=DIRECTION('center_axis',(0.,0.,-1.));
#8937=DIRECTION('ref_axis',(0.71879528842826,-0.695221787153808,0.));
#8938=DIRECTION('center_axis',(0.,0.,1.));
#8939=DIRECTION('ref_axis',(0.134146341463424,0.990961532589423,0.));
#8940=DIRECTION('center_axis',(0.,0.,-1.));
#8941=DIRECTION('ref_axis',(0.134146341463424,0.990961532589423,0.));
#8942=DIRECTION('',(0.,0.,1.));
#8943=DIRECTION('center_axis',(0.,0.,-1.));
#8944=DIRECTION('ref_axis',(0.134146341463424,0.990961532589423,0.));
#8945=DIRECTION('center_axis',(0.,0.,1.));
#8946=DIRECTION('ref_axis',(0.695221787153808,-0.71879528842826,0.));
#8947=DIRECTION('center_axis',(0.,0.,1.));
#8948=DIRECTION('ref_axis',(0.695221787153808,-0.71879528842826,0.));
#8949=DIRECTION('',(0.,0.,1.));
#8950=DIRECTION('center_axis',(0.,0.,-1.));
#8951=DIRECTION('ref_axis',(0.695221787153808,-0.71879528842826,0.));
#8952=DIRECTION('center_axis',(-1.,0.,0.));
#8953=DIRECTION('ref_axis',(0.,-1.,0.));
#8954=DIRECTION('',(0.,1.,0.));
#8955=DIRECTION('',(0.,0.,1.));
#8956=DIRECTION('',(0.,1.,0.));
#8957=DIRECTION('center_axis',(0.,0.,1.));
#8958=DIRECTION('ref_axis',(-1.,0.,0.));
#8959=DIRECTION('center_axis',(0.,0.,1.));
#8960=DIRECTION('ref_axis',(-1.,0.,0.));
#8961=DIRECTION('',(0.,0.,1.));
#8962=DIRECTION('center_axis',(0.,0.,-1.));
#8963=DIRECTION('ref_axis',(-1.,0.,0.));
#8964=DIRECTION('center_axis',(0.,0.,1.));
#8965=DIRECTION('ref_axis',(-0.999999999999995,1.01843188304408E-7,0.));
#8966=DIRECTION('center_axis',(0.,0.,-1.));
#8967=DIRECTION('ref_axis',(-0.999999999999995,1.01843188304408E-7,0.));
#8968=DIRECTION('',(0.,0.,1.));
#8969=DIRECTION('center_axis',(0.,0.,-1.));
#8970=DIRECTION('ref_axis',(-0.999999999999995,1.01843188304408E-7,0.));
#8971=DIRECTION('center_axis',(-1.,0.,0.));
#8972=DIRECTION('ref_axis',(0.,-1.,0.));
#8973=DIRECTION('',(0.,1.,0.));
#8974=DIRECTION('',(0.,0.,1.));
#8975=DIRECTION('',(0.,1.,0.));
#8976=DIRECTION('center_axis',(0.,0.,1.));
#8977=DIRECTION('ref_axis',(0.0612244897959194,0.998124021276529,0.));
#8978=DIRECTION('center_axis',(0.,0.,-1.));
#8979=DIRECTION('ref_axis',(0.0612244897959194,0.998124021276529,0.));
#8980=DIRECTION('center_axis',(0.,0.,-1.));
#8981=DIRECTION('ref_axis',(0.0612244897959194,0.998124021276529,0.));
#8982=DIRECTION('center_axis',(0.,0.,1.));
#8983=DIRECTION('ref_axis',(0.912493631812937,-0.409090909090922,0.));
#8984=DIRECTION('center_axis',(0.,0.,1.));
#8985=DIRECTION('ref_axis',(0.912493631812937,-0.409090909090922,0.));
#8986=DIRECTION('',(0.,0.,1.));
#8987=DIRECTION('center_axis',(0.,0.,1.));
#8988=DIRECTION('ref_axis',(0.912493631812937,-0.409090909090922,0.));
#8989=DIRECTION('center_axis',(0.,0.,1.));
#8990=DIRECTION('ref_axis',(-0.695221787153811,-0.718795288428257,0.));
#8991=DIRECTION('center_axis',(0.,0.,-1.));
#8992=DIRECTION('ref_axis',(-0.695221787153811,-0.718795288428257,0.));
#8993=DIRECTION('',(0.,0.,1.));
#8994=DIRECTION('center_axis',(0.,0.,1.));
#8995=DIRECTION('ref_axis',(-0.695221787153811,-0.718795288428257,0.));
#8996=DIRECTION('center_axis',(-1.,0.,0.));
#8997=DIRECTION('ref_axis',(0.,-1.,0.));
#8998=DIRECTION('',(0.,1.,0.));
#8999=DIRECTION('',(0.,0.,1.));
#9000=DIRECTION('',(0.,1.,0.));
#9001=DIRECTION('center_axis',(0.,0.,1.));
#9002=DIRECTION('ref_axis',(1.,0.,0.));
#9003=DIRECTION('center_axis',(0.,0.,-1.));
#9004=DIRECTION('ref_axis',(1.,0.,0.));
#9005=DIRECTION('',(0.,0.,1.));
#9006=DIRECTION('center_axis',(0.,0.,1.));
#9007=DIRECTION('ref_axis',(1.,0.,0.));
#9008=DIRECTION('center_axis',(0.,0.,1.));
#9009=DIRECTION('ref_axis',(0.,-1.,0.));
#9010=DIRECTION('center_axis',(0.,0.,1.));
#9011=DIRECTION('ref_axis',(0.,-1.,0.));
#9012=DIRECTION('',(0.,0.,1.));
#9013=DIRECTION('center_axis',(0.,0.,1.));
#9014=DIRECTION('ref_axis',(0.,-1.,0.));
#9015=DIRECTION('center_axis',(-1.,0.,0.));
#9016=DIRECTION('ref_axis',(0.,-1.,0.));
#9017=DIRECTION('',(0.,1.,0.));
#9018=DIRECTION('',(0.,0.,1.));
#9019=DIRECTION('',(0.,1.,0.));
#9020=DIRECTION('center_axis',(0.,0.,1.));
#9021=DIRECTION('ref_axis',(1.,0.,0.));
#9022=DIRECTION('center_axis',(0.,0.,1.));
#9023=DIRECTION('ref_axis',(1.,0.,0.));
#9024=DIRECTION('',(0.,0.,1.));
#9025=DIRECTION('center_axis',(0.,0.,1.));
#9026=DIRECTION('ref_axis',(1.,0.,0.));
#9027=DIRECTION('center_axis',(0.,0.,1.));
#9028=DIRECTION('ref_axis',(1.,0.,0.));
#9029=DIRECTION('center_axis',(0.,0.,-1.));
#9030=DIRECTION('ref_axis',(1.,0.,0.));
#9031=DIRECTION('',(0.,0.,1.));
#9032=DIRECTION('center_axis',(0.,0.,1.));
#9033=DIRECTION('ref_axis',(1.,0.,0.));
#9034=DIRECTION('center_axis',(-1.,0.,0.));
#9035=DIRECTION('ref_axis',(0.,-1.,0.));
#9036=DIRECTION('',(0.,1.,0.));
#9037=DIRECTION('',(0.,0.,1.));
#9038=DIRECTION('',(0.,1.,0.));
#9039=DIRECTION('center_axis',(0.,0.,1.));
#9040=DIRECTION('ref_axis',(-0.695221787153809,0.718795288428259,0.));
#9041=DIRECTION('center_axis',(0.,0.,-1.));
#9042=DIRECTION('ref_axis',(-0.695221787153809,0.718795288428259,0.));
#9043=DIRECTION('',(0.,0.,1.));
#9044=DIRECTION('center_axis',(0.,0.,1.));
#9045=DIRECTION('ref_axis',(-0.695221787153809,0.718795288428259,0.));
#9046=DIRECTION('center_axis',(0.,0.,1.));
#9047=DIRECTION('ref_axis',(-0.409090909090898,-0.912493631812947,0.));
#9048=DIRECTION('center_axis',(0.,0.,1.));
#9049=DIRECTION('ref_axis',(-0.409090909090898,-0.912493631812947,0.));
#9050=DIRECTION('',(0.,0.,1.));
#9051=DIRECTION('center_axis',(0.,0.,1.));
#9052=DIRECTION('ref_axis',(-0.409090909090898,-0.912493631812947,0.));
#9053=DIRECTION('center_axis',(0.,0.,1.));
#9054=DIRECTION('ref_axis',(-0.718795288428257,0.695221787153811,0.));
#9055=DIRECTION('center_axis',(0.,0.,-1.));
#9056=DIRECTION('ref_axis',(-0.718795288428257,0.695221787153811,0.));
#9057=DIRECTION('',(0.,0.,1.));
#9058=DIRECTION('center_axis',(0.,0.,1.));
#9059=DIRECTION('ref_axis',(-0.718795288428257,0.695221787153811,0.));
#9060=DIRECTION('center_axis',(0.,1.,0.));
#9061=DIRECTION('ref_axis',(-1.,0.,0.));
#9062=DIRECTION('',(1.,0.,0.));
#9063=DIRECTION('',(0.,0.,1.));
#9064=DIRECTION('',(1.,0.,0.));
#9065=DIRECTION('center_axis',(0.,0.,1.));
#9066=DIRECTION('ref_axis',(0.718795288428257,0.695221787153811,0.));
#9067=DIRECTION('center_axis',(0.,0.,-1.));
#9068=DIRECTION('ref_axis',(0.718795288428257,0.695221787153811,0.));
#9069=DIRECTION('center_axis',(0.,0.,1.));
#9070=DIRECTION('ref_axis',(0.718795288428257,0.695221787153811,0.));
#9071=DIRECTION('center_axis',(0.,0.,1.));
#9072=DIRECTION('ref_axis',(1.,0.,0.));
#9073=DIRECTION('center_axis',(0.,0.,1.));
#9074=DIRECTION('ref_axis',(1.,0.,0.));
#9075=DIRECTION('center_axis',(0.,0.,1.));
#9076=DIRECTION('ref_axis',(1.,0.,0.));
#9077=DIRECTION('center_axis',(0.,0.,1.));
#9078=DIRECTION('ref_axis',(1.,0.,0.));
#9079=DIRECTION('',(0.,0.,-1.));
#9080=DIRECTION('center_axis',(0.,0.,1.));
#9081=DIRECTION('ref_axis',(1.,0.,0.));
#9082=DIRECTION('center_axis',(0.,0.,1.));
#9083=DIRECTION('ref_axis',(1.,0.,0.));
#9084=DIRECTION('center_axis',(0.,0.,-1.));
#9085=DIRECTION('ref_axis',(1.,0.,0.));
#9086=DIRECTION('',(0.,0.,-1.));
#9087=DIRECTION('center_axis',(0.,0.,-1.));
#9088=DIRECTION('ref_axis',(1.,0.,0.));
#9089=DIRECTION('center_axis',(0.,0.,1.));
#9090=DIRECTION('ref_axis',(1.,0.,0.));
#9091=DIRECTION('center_axis',(0.,0.,1.));
#9092=DIRECTION('ref_axis',(1.,0.,0.));
#9093=CARTESIAN_POINT('',(0.,0.,0.));
#9094=CARTESIAN_POINT('Origin',(-6.34999999999999,-9.60000000000001,1.9));
#9095=CARTESIAN_POINT('',(-6.34999999999999,-19.2,1.3));
#9096=CARTESIAN_POINT('',(-5.74999999999999,-19.2,1.9));
#9097=CARTESIAN_POINT('Origin',(-6.34999999999999,-19.2,1.9));
#9098=CARTESIAN_POINT('',(-5.74999999999999,-20.3000000000001,1.9));
#9099=CARTESIAN_POINT('',(-5.74999999999999,-9.60000000000001,1.9));
#9100=CARTESIAN_POINT('',(-6.34999999999999,-20.3000000000001,1.3));
#9101=CARTESIAN_POINT('Origin',(-6.34999999999999,-20.3000000000001,1.9));
#9102=CARTESIAN_POINT('',(-6.34999999999999,-9.60000000000001,1.3));
#9103=CARTESIAN_POINT('Origin',(-5.74999999999999,-19.2,0.3));
#9104=CARTESIAN_POINT('',(-5.74999999999999,-20.3,0.9));
#9105=CARTESIAN_POINT('',(-5.74999999999999,-20.3,0.8));
#9106=CARTESIAN_POINT('',(-5.74999999999999,-19.2,8.3));
#9107=CARTESIAN_POINT('',(-5.74999999999999,-19.2,0.3));
#9108=CARTESIAN_POINT('',(-5.74999999999999,-22.2,8.3));
#9109=CARTESIAN_POINT('',(-5.74999999999999,-19.95,8.3));
#9110=CARTESIAN_POINT('',(-5.74999999999999,-22.2,0.9));
#9111=CARTESIAN_POINT('',(-5.74999999999999,-22.2,8.05));
#9112=CARTESIAN_POINT('',(-5.74999999999999,-9.60000000000002,0.9));
#9113=CARTESIAN_POINT('Origin',(-12.2,-19.2,0.3));
#9114=CARTESIAN_POINT('',(-14.4,-19.2,1.3));
#9115=CARTESIAN_POINT('',(9.60000000000001,-19.2,1.3));
#9116=CARTESIAN_POINT('',(-14.,-19.2,1.7));
#9117=CARTESIAN_POINT('Origin',(-14.4,-19.2,1.7));
#9118=CARTESIAN_POINT('',(-14.,-19.2,7.54264068711929));
#9119=CARTESIAN_POINT('',(-14.,-19.2,0.3));
#9120=CARTESIAN_POINT('',(-12.2,-19.2,9.34264068711929));
#9121=CARTESIAN_POINT('',(-15.9713203435597,-19.2,5.57132034355964));
#9122=CARTESIAN_POINT('',(-12.2,-19.2,12.8));
#9123=CARTESIAN_POINT('',(-12.2,-19.2,0.3));
#9124=CARTESIAN_POINT('',(12.199999999999,-19.2,12.8));
#9125=CARTESIAN_POINT('',(-6.1,-19.2,12.8));
#9126=CARTESIAN_POINT('',(12.199999999999,-19.2,5.1));
#9127=CARTESIAN_POINT('',(12.199999999999,-19.2,0.3));
#9128=CARTESIAN_POINT('',(13.9999999999999,-19.2,3.3));
#9129=CARTESIAN_POINT('',(7.74999999999943,-19.2,9.54999999999959));
#9130=CARTESIAN_POINT('',(13.9999999999999,-19.2,1.7));
#9131=CARTESIAN_POINT('',(13.9999999999999,-19.2,0.3));
#9132=CARTESIAN_POINT('',(14.3999999999999,-19.2,1.3));
#9133=CARTESIAN_POINT('Origin',(14.3999999999999,-19.2,1.7));
#9134=CARTESIAN_POINT('',(6.34999999999999,-19.2,1.3));
#9135=CARTESIAN_POINT('',(9.60000000000001,-19.2,1.3));
#9136=CARTESIAN_POINT('',(5.74999999999999,-19.2,1.9));
#9137=CARTESIAN_POINT('Origin',(6.34999999999999,-19.2,1.9));
#9138=CARTESIAN_POINT('',(5.74999999999999,-19.2,8.3));
#9139=CARTESIAN_POINT('',(5.74999999999999,-19.2,0.3));
#9140=CARTESIAN_POINT('',(-6.1,-19.2,8.3));
#9141=CARTESIAN_POINT('Origin',(6.35,-11.1,1.9));
#9142=CARTESIAN_POINT('',(6.34999999999999,-20.3,1.3));
#9143=CARTESIAN_POINT('',(6.35,-11.1,1.3));
#9144=CARTESIAN_POINT('',(5.74999999999999,-20.3,1.9));
#9145=CARTESIAN_POINT('Origin',(6.34999999999999,-20.3000000000001,1.9));
#9146=CARTESIAN_POINT('',(5.75,-11.1,1.9));
#9147=CARTESIAN_POINT('Origin',(5.74999999999999,-22.2,0.3));
#9148=CARTESIAN_POINT('',(5.74999999999999,-20.3,0.9));
#9149=CARTESIAN_POINT('',(5.74999999999999,-20.3,0.8));
#9150=CARTESIAN_POINT('',(5.74999999999999,-22.2,0.9));
#9151=CARTESIAN_POINT('',(5.75,-11.1,0.9));
#9152=CARTESIAN_POINT('',(5.74999999999999,-22.2,8.3));
#9153=CARTESIAN_POINT('',(5.74999999999999,-22.2,8.05));
#9154=CARTESIAN_POINT('',(5.74999999999999,-21.45,8.3));
#9155=CARTESIAN_POINT('Origin',(9.025,-22.,0.5));
#9156=CARTESIAN_POINT('',(-18.0537967331748,-22.,0.3));
#9157=CARTESIAN_POINT('',(-6.34999999999999,-22.,0.3));
#9158=CARTESIAN_POINT('',(9.025,-22.,0.3));
#9159=CARTESIAN_POINT('',(-5.90278640450003,-22.2,0.5));
#9160=CARTESIAN_POINT('Ctrl Pts',(-6.34999999999999,-22.,0.3));
#9161=CARTESIAN_POINT('Ctrl Pts',(-6.34884669242304,-22.00066586244,0.3));
#9162=CARTESIAN_POINT('Ctrl Pts',(-6.3476933812502,-22.0013317269563,0.30000332529592));
#9163=CARTESIAN_POINT('Ctrl Pts',(-6.28446798210887,-22.0378340177611,0.300367922638514));
#9164=CARTESIAN_POINT('Ctrl Pts',(-6.22193247661497,-22.0739599803101,0.31036182318489));
#9165=CARTESIAN_POINT('Ctrl Pts',(-6.10096919054825,-22.1380243260896,0.350429283167134));
#9166=CARTESIAN_POINT('Ctrl Pts',(-6.04661194329281,-22.1637671352084,0.37903791242595));
#9167=CARTESIAN_POINT('Ctrl Pts',(-5.96170497522819,-22.1931954493363,0.440280627143875));
#9168=CARTESIAN_POINT('Ctrl Pts',(-5.92974461627662,-22.2,0.469859802957856));
#9169=CARTESIAN_POINT('Ctrl Pts',(-5.90278640450003,-22.2,0.5));
#9170=CARTESIAN_POINT('',(-18.05,-22.2,0.5));
#9171=CARTESIAN_POINT('',(9.025,-22.2,0.5));
#9172=CARTESIAN_POINT('Ctrl Pts',(-18.0537967331748,-22.,0.3));
#9173=CARTESIAN_POINT('Ctrl Pts',(-18.0537788096391,-22.0009320534813,0.3));
#9174=CARTESIAN_POINT('Ctrl Pts',(-18.053760889617,-22.0018640956561,0.300006515427688));
#9175=CARTESIAN_POINT('Ctrl Pts',(-18.0532433588959,-22.0287864441627,0.30038293448248));
#9176=CARTESIAN_POINT('Ctrl Pts',(-18.0527525012159,-22.0544588559886,0.305809614148673));
#9177=CARTESIAN_POINT('Ctrl Pts',(-18.0518412230442,-22.102332833977,0.326200755167408));
#9178=CARTESIAN_POINT('Ctrl Pts',(-18.0514295918484,-22.1240705528675,0.340988147134928));
#9179=CARTESIAN_POINT('Ctrl Pts',(-18.0507389449889,-22.1606516547547,0.378061208606079));
#9180=CARTESIAN_POINT('Ctrl Pts',(-18.0504664481496,-22.1751465884757,0.399991116677515));
#9181=CARTESIAN_POINT('Ctrl Pts',(-18.0500952273696,-22.1949149084458,0.44817183744119));
#9182=CARTESIAN_POINT('Ctrl Pts',(-18.0499999999988,-22.2,0.473961318294932));
#9183=CARTESIAN_POINT('Ctrl Pts',(-18.0499999999988,-22.2,0.5));
#9184=CARTESIAN_POINT('Origin',(-6.34999999999999,-9.60000000000002,0.9));
#9185=CARTESIAN_POINT('',(-6.34999999999999,-20.5,0.3));
#9186=CARTESIAN_POINT('',(-6.34999999999999,-9.60000000000002,0.3));
#9187=CARTESIAN_POINT('',(-5.90278640450003,-20.3000000000001,0.5));
#9188=CARTESIAN_POINT('Ctrl Pts',(-6.34999999999999,-20.5,0.3));
#9189=CARTESIAN_POINT('Ctrl Pts',(-6.34884668921178,-20.499334135706,0.3));
#9190=CARTESIAN_POINT('Ctrl Pts',(-6.34769337482766,-20.4986682693357,0.300003325314437));
#9191=CARTESIAN_POINT('Ctrl Pts',(-6.27714778562754,-20.4579397702423,0.300410136601075));
#9192=CARTESIAN_POINT('Ctrl Pts',(-6.20713734354276,-20.4174578849766,0.312853450152981));
#9193=CARTESIAN_POINT('Ctrl Pts',(-6.08461811428046,-20.3541792926093,0.358652567037362));
#9194=CARTESIAN_POINT('Ctrl Pts',(-6.03495242824417,-20.3315421476533,0.386477363381796));
#9195=CARTESIAN_POINT('Ctrl Pts',(-5.95712075174882,-20.3058354573415,0.444514240970727));
#9196=CARTESIAN_POINT('Ctrl Pts',(-5.92781791868573,-20.3,0.47201391635051));
#9197=CARTESIAN_POINT('Ctrl Pts',(-5.90278640450003,-20.3,0.5));
#9198=CARTESIAN_POINT('Origin',(-6.34999999999999,-20.3000000000001,0.9));
#9199=CARTESIAN_POINT('Origin',(-6.34999999999999,-22.2,0.9));
#9200=CARTESIAN_POINT('Origin',(-10.1,-20.5,0.5));
#9201=CARTESIAN_POINT('',(5.90278640450004,-20.3,0.5));
#9202=CARTESIAN_POINT('',(18.3,-20.3,0.5));
#9203=CARTESIAN_POINT('',(-10.1,-20.3000000000001,0.5));
#9204=CARTESIAN_POINT('',(18.3,-20.5,0.3));
#9205=CARTESIAN_POINT('Origin',(18.3,-20.5,0.5));
#9206=CARTESIAN_POINT('',(6.34999999999999,-20.5,0.3));
#9207=CARTESIAN_POINT('',(-10.1,-20.5,0.3));
#9208=CARTESIAN_POINT('Ctrl Pts',(6.34999999999999,-20.5,0.3));
#9209=CARTESIAN_POINT('Ctrl Pts',(6.34884669242305,-20.49933413756,0.3));
#9210=CARTESIAN_POINT('Ctrl Pts',(6.34769338125021,-20.4986682730438,0.300003325295919));
#9211=CARTESIAN_POINT('Ctrl Pts',(6.28446798210876,-20.4621659822389,0.300367922638514));
#9212=CARTESIAN_POINT('Ctrl Pts',(6.221932476615,-20.42604001969,0.310361823184883));
#9213=CARTESIAN_POINT('Ctrl Pts',(6.10096919054815,-20.3619756739104,0.350429283167163));
#9214=CARTESIAN_POINT('Ctrl Pts',(6.04661194329273,-20.3362328647917,0.379037912426006));
#9215=CARTESIAN_POINT('Ctrl Pts',(5.96170497522856,-20.3068045506639,0.440280627143605));
#9216=CARTESIAN_POINT('Ctrl Pts',(5.9297446162769,-20.3,0.469859802957545));
#9217=CARTESIAN_POINT('Ctrl Pts',(5.90278640450004,-20.3,0.499999999999997));
#9218=CARTESIAN_POINT('Origin',(6.35,-11.1,0.9));
#9219=CARTESIAN_POINT('',(6.34999999999999,-22.,0.3));
#9220=CARTESIAN_POINT('',(6.35,-11.1,0.3));
#9221=CARTESIAN_POINT('',(5.90278640450003,-22.2,0.5));
#9222=CARTESIAN_POINT('Ctrl Pts',(6.34999999999999,-22.,0.3));
#9223=CARTESIAN_POINT('Ctrl Pts',(6.34884668921178,-22.000665864294,0.3));
#9224=CARTESIAN_POINT('Ctrl Pts',(6.34769337482765,-22.0013317306643,0.300003325314438));
#9225=CARTESIAN_POINT('Ctrl Pts',(6.27714778562776,-22.0420602297577,0.300410136601075));
#9226=CARTESIAN_POINT('Ctrl Pts',(6.20713734354276,-22.0825421150234,0.312853450152984));
#9227=CARTESIAN_POINT('Ctrl Pts',(6.08461811428049,-22.1458207073907,0.358652567037354));
#9228=CARTESIAN_POINT('Ctrl Pts',(6.03495242824419,-22.1684578523468,0.386477363381783));
#9229=CARTESIAN_POINT('Ctrl Pts',(5.95712075174923,-22.1941645426585,0.444514240970422));
#9230=CARTESIAN_POINT('Ctrl Pts',(5.92781791868603,-22.2,0.472013916350182));
#9231=CARTESIAN_POINT('Ctrl Pts',(5.90278640450003,-22.2,0.5));
#9232=CARTESIAN_POINT('Origin',(6.34999999999999,-22.2,0.9));
#9233=CARTESIAN_POINT('Origin',(6.34999999999999,-20.3000000000001,0.9));
#9234=CARTESIAN_POINT('Origin',(18.2,-18.2,0.5));
#9235=CARTESIAN_POINT('',(18.0537967331761,-22.,0.3));
#9236=CARTESIAN_POINT('',(22.,-18.0537967331778,0.3));
#9237=CARTESIAN_POINT('Origin',(18.2,-18.2,0.3));
#9238=CARTESIAN_POINT('',(22.2,-18.05,0.5));
#9239=CARTESIAN_POINT('Ctrl Pts',(22.000000000003,-18.0537967331778,0.3));
#9240=CARTESIAN_POINT('Ctrl Pts',(22.0009320534831,-18.0537788096421,0.300000000000014));
#9241=CARTESIAN_POINT('Ctrl Pts',(22.001864095657,-18.0537608896199,0.300006515427702));
#9242=CARTESIAN_POINT('Ctrl Pts',(22.0287864441592,-18.0532433588992,0.300382934482399));
#9243=CARTESIAN_POINT('Ctrl Pts',(22.0544588559878,-18.0527525012189,0.305809614148375));
#9244=CARTESIAN_POINT('Ctrl Pts',(22.102332833977,-18.0518412230471,0.326200755167401));
#9245=CARTESIAN_POINT('Ctrl Pts',(22.1240705528675,-18.0514295918514,0.340988147134924));
#9246=CARTESIAN_POINT('Ctrl Pts',(22.1606516547547,-18.0507389449919,0.378061208606079));
#9247=CARTESIAN_POINT('Ctrl Pts',(22.1751465884757,-18.0504664481527,0.399991116677513));
#9248=CARTESIAN_POINT('Ctrl Pts',(22.1949149084458,-18.0500952273727,0.448171837441166));
#9249=CARTESIAN_POINT('Ctrl Pts',(22.2,-18.0500000000018,0.473961318294918));
#9250=CARTESIAN_POINT('Ctrl Pts',(22.2,-18.0500000000018,0.5));
#9251=CARTESIAN_POINT('',(18.05,-22.2,0.5));
#9252=CARTESIAN_POINT('Origin',(18.2,-18.2,0.5));
#9253=CARTESIAN_POINT('Ctrl Pts',(18.05,-22.2,0.5));
#9254=CARTESIAN_POINT('Ctrl Pts',(18.05,-22.2,0.473961318294932));
#9255=CARTESIAN_POINT('Ctrl Pts',(18.0500952273709,-22.1949149084458,0.448171837441189));
#9256=CARTESIAN_POINT('Ctrl Pts',(18.0504664481508,-22.1751465884757,0.399991116677512));
#9257=CARTESIAN_POINT('Ctrl Pts',(18.0507389449902,-22.1606516547547,0.378061208606075));
#9258=CARTESIAN_POINT('Ctrl Pts',(18.0514295918498,-22.1240705528675,0.340988147134926));
#9259=CARTESIAN_POINT('Ctrl Pts',(18.0518412230455,-22.102332833977,0.326200755167404));
#9260=CARTESIAN_POINT('Ctrl Pts',(18.0527525012172,-22.0544588559885,0.30580961414866));
#9261=CARTESIAN_POINT('Ctrl Pts',(18.0532433588971,-22.0287864441626,0.300382934482478));
#9262=CARTESIAN_POINT('Ctrl Pts',(18.0537608896183,-22.0018640956561,0.300006515427688));
#9263=CARTESIAN_POINT('Ctrl Pts',(18.0537788096404,-22.0009320534813,0.3));
#9264=CARTESIAN_POINT('Ctrl Pts',(18.0537967331761,-22.,0.3));
#9265=CARTESIAN_POINT('Origin',(22.,9.025,0.5));
#9266=CARTESIAN_POINT('',(22.,18.0537967331762,0.3));
#9267=CARTESIAN_POINT('',(22.,9.025,0.3));
#9268=CARTESIAN_POINT('',(22.2,18.05,0.5));
#9269=CARTESIAN_POINT('Ctrl Pts',(22.,18.0537967331762,0.3));
#9270=CARTESIAN_POINT('Ctrl Pts',(22.0009320534813,18.0537788096405,0.3));
#9271=CARTESIAN_POINT('Ctrl Pts',(22.0018640956561,18.0537608896182,0.300006515427688));
#9272=CARTESIAN_POINT('Ctrl Pts',(22.0287864441627,18.0532433588983,0.300382934482481));
#9273=CARTESIAN_POINT('Ctrl Pts',(22.0544588559886,18.0527525012174,0.305809614148671));
#9274=CARTESIAN_POINT('Ctrl Pts',(22.1023328339771,18.0518412230456,0.32620075516742));
#9275=CARTESIAN_POINT('Ctrl Pts',(22.1240705528675,18.0514295918496,0.340988147134944));
#9276=CARTESIAN_POINT('Ctrl Pts',(22.1606516547546,18.0507389449902,0.378061208606074));
#9277=CARTESIAN_POINT('Ctrl Pts',(22.1751465884757,18.0504664481508,0.39999111667751));
#9278=CARTESIAN_POINT('Ctrl Pts',(22.1949149084458,18.0500952273709,0.448171837441179));
#9279=CARTESIAN_POINT('Ctrl Pts',(22.2,18.05,0.473961318294927));
#9280=CARTESIAN_POINT('Ctrl Pts',(22.2,18.05,0.5));
#9281=CARTESIAN_POINT('',(22.2,9.025,0.5));
#9282=CARTESIAN_POINT('Origin',(18.2,18.2,0.5));
#9283=CARTESIAN_POINT('',(18.05,22.2,0.5));
#9284=CARTESIAN_POINT('Origin',(18.2,18.2,0.5));
#9285=CARTESIAN_POINT('',(18.053796733176,22.,0.3));
#9286=CARTESIAN_POINT('Origin',(18.2,18.2,0.3));
#9287=CARTESIAN_POINT('Ctrl Pts',(18.053796733176,22.0000000000135,0.3));
#9288=CARTESIAN_POINT('Ctrl Pts',(18.0537788096403,22.0009320534899,0.300000000000063));
#9289=CARTESIAN_POINT('Ctrl Pts',(18.0537608896179,22.0018640956598,0.300006515427745));
#9290=CARTESIAN_POINT('Ctrl Pts',(18.0532433588988,22.0287864441646,0.300382934482356));
#9291=CARTESIAN_POINT('Ctrl Pts',(18.052752501217,22.0544588559887,0.30580961414872));
#9292=CARTESIAN_POINT('Ctrl Pts',(18.0518412230454,22.102332833977,0.326200755167412));
#9293=CARTESIAN_POINT('Ctrl Pts',(18.0514295918496,22.1240705528675,0.34098814713493));
#9294=CARTESIAN_POINT('Ctrl Pts',(18.0507389449901,22.1606516547546,0.378061208606057));
#9295=CARTESIAN_POINT('Ctrl Pts',(18.0504664481508,22.1751465884757,0.399991116677498));
#9296=CARTESIAN_POINT('Ctrl Pts',(18.0500952273709,22.1949149084458,0.448171837441189));
#9297=CARTESIAN_POINT('Ctrl Pts',(18.05,22.2,0.473961318294931));
#9298=CARTESIAN_POINT('Ctrl Pts',(18.05,22.2,0.5));
#9299=CARTESIAN_POINT('Origin',(-9.02500000000001,22.,0.5));
#9300=CARTESIAN_POINT('',(-18.05,22.2,0.5));
#9301=CARTESIAN_POINT('',(-9.02500000000001,22.2,0.5));
#9302=CARTESIAN_POINT('',(-18.0537967331762,22.,0.3));
#9303=CARTESIAN_POINT('',(-9.02500000000001,22.,0.3));
#9304=CARTESIAN_POINT('Ctrl Pts',(-18.0537967331762,22.,0.3));
#9305=CARTESIAN_POINT('Ctrl Pts',(-18.0537788096404,22.0009320534813,0.3));
#9306=CARTESIAN_POINT('Ctrl Pts',(-18.0537608896183,22.0018640956561,0.300006515427688));
#9307=CARTESIAN_POINT('Ctrl Pts',(-18.0532433588961,22.0287864441626,0.300382934482479));
#9308=CARTESIAN_POINT('Ctrl Pts',(-18.0527525012174,22.0544588559886,0.305809614148664));
#9309=CARTESIAN_POINT('Ctrl Pts',(-18.0518412230456,22.1023328339771,0.326200755167411));
#9310=CARTESIAN_POINT('Ctrl Pts',(-18.0514295918497,22.1240705528675,0.340988147134935));
#9311=CARTESIAN_POINT('Ctrl Pts',(-18.0507389449902,22.1606516547546,0.378061208606055));
#9312=CARTESIAN_POINT('Ctrl Pts',(-18.0504664481509,22.1751465884757,0.399991116677497));
#9313=CARTESIAN_POINT('Ctrl Pts',(-18.050095227371,22.1949149084458,0.448171837441199));
#9314=CARTESIAN_POINT('Ctrl Pts',(-18.0499999999999,22.2,0.473961318294937));
#9315=CARTESIAN_POINT('Ctrl Pts',(-18.0499999999999,22.2,0.5));
#9316=CARTESIAN_POINT('Origin',(9.025,-22.,0.5));
#9317=CARTESIAN_POINT('',(9.025,-22.,0.3));
#9318=CARTESIAN_POINT('',(9.025,-22.2,0.5));
#9319=CARTESIAN_POINT('Origin',(-18.2,18.2,0.5));
#9320=CARTESIAN_POINT('',(-22.2,18.05,0.5));
#9321=CARTESIAN_POINT('Origin',(-18.2,18.2,0.5));
#9322=CARTESIAN_POINT('',(-22.,18.0537967331756,0.3));
#9323=CARTESIAN_POINT('Origin',(-18.2,18.2,0.3));
#9324=CARTESIAN_POINT('Ctrl Pts',(-21.999999999997,18.0537967331756,0.3));
#9325=CARTESIAN_POINT('Ctrl Pts',(-22.0009320534793,18.0537788096399,0.299999999999986));
#9326=CARTESIAN_POINT('Ctrl Pts',(-22.0018640956553,18.0537608896175,0.300006515427676));
#9327=CARTESIAN_POINT('Ctrl Pts',(-22.0287864441578,18.0532433588976,0.300382934482443));
#9328=CARTESIAN_POINT('Ctrl Pts',(-22.0544588559877,18.0527525012167,0.305809614148305));
#9329=CARTESIAN_POINT('Ctrl Pts',(-22.1023328339771,18.0518412230448,0.326200755167415));
#9330=CARTESIAN_POINT('Ctrl Pts',(-22.1240705528675,18.051429591849,0.340988147134935));
#9331=CARTESIAN_POINT('Ctrl Pts',(-22.1606516547546,18.0507389449895,0.378061208606051));
#9332=CARTESIAN_POINT('Ctrl Pts',(-22.1751465884757,18.0504664481502,0.399991116677493));
#9333=CARTESIAN_POINT('Ctrl Pts',(-22.1949149084458,18.0500952273703,0.448171837441177));
#9334=CARTESIAN_POINT('Ctrl Pts',(-22.2,18.0499999999993,0.473961318294924));
#9335=CARTESIAN_POINT('Ctrl Pts',(-22.2,18.0499999999993,0.5));
#9336=CARTESIAN_POINT('Origin',(-22.,-9.02500000000002,0.5));
#9337=CARTESIAN_POINT('',(-22.2,-18.05,0.5));
#9338=CARTESIAN_POINT('',(-22.2,-9.02500000000002,0.5));
#9339=CARTESIAN_POINT('',(-22.,-18.0537967331761,0.3));
#9340=CARTESIAN_POINT('',(-22.,-9.02500000000002,0.3));
#9341=CARTESIAN_POINT('Ctrl Pts',(-22.,-18.0537967331761,0.3));
#9342=CARTESIAN_POINT('Ctrl Pts',(-22.0009320534813,-18.0537788096404,0.3));
#9343=CARTESIAN_POINT('Ctrl Pts',(-22.0018640956561,-18.0537608896182,0.300006515427688));
#9344=CARTESIAN_POINT('Ctrl Pts',(-22.0287864441627,-18.0532433588981,0.300382934482481));
#9345=CARTESIAN_POINT('Ctrl Pts',(-22.0544588559885,-18.0527525012173,0.305809614148668));
#9346=CARTESIAN_POINT('Ctrl Pts',(-22.1023328339771,-18.0518412230455,0.326200755167418));
#9347=CARTESIAN_POINT('Ctrl Pts',(-22.1240705528675,-18.0514295918498,0.340988147134941));
#9348=CARTESIAN_POINT('Ctrl Pts',(-22.1606516547547,-18.0507389449902,0.378061208606086));
#9349=CARTESIAN_POINT('Ctrl Pts',(-22.1751465884757,-18.0504664481508,0.39999111667752));
#9350=CARTESIAN_POINT('Ctrl Pts',(-22.1949149084458,-18.0500952273709,0.448171837441195));
#9351=CARTESIAN_POINT('Ctrl Pts',(-22.2,-18.05,0.473961318294935));
#9352=CARTESIAN_POINT('Ctrl Pts',(-22.2,-18.05,0.5));
#9353=CARTESIAN_POINT('Origin',(18.3,-18.3,0.5));
#9354=CARTESIAN_POINT('',(20.3,-18.3,0.5));
#9355=CARTESIAN_POINT('',(20.5,-18.3,0.3));
#9356=CARTESIAN_POINT('Origin',(20.5,-18.3,0.5));
#9357=CARTESIAN_POINT('Origin',(18.3,-18.3,0.3));
#9358=CARTESIAN_POINT('Origin',(18.3,-18.3,0.5));
#9359=CARTESIAN_POINT('Origin',(20.5,-10.1,0.5));
#9360=CARTESIAN_POINT('',(20.3,18.3,0.5));
#9361=CARTESIAN_POINT('',(20.5,18.3,0.3));
#9362=CARTESIAN_POINT('Origin',(20.5,18.3,0.5));
#9363=CARTESIAN_POINT('',(20.5,-10.1,0.3));
#9364=CARTESIAN_POINT('',(20.3,-10.1,0.5));
#9365=CARTESIAN_POINT('Origin',(18.3,18.3,0.5));
#9366=CARTESIAN_POINT('',(18.3,20.3,0.5));
#9367=CARTESIAN_POINT('',(18.3,20.5,0.3));
#9368=CARTESIAN_POINT('Origin',(18.3,20.5,0.5));
#9369=CARTESIAN_POINT('Origin',(18.3,18.3,0.3));
#9370=CARTESIAN_POINT('Origin',(18.3,18.3,0.5));
#9371=CARTESIAN_POINT('Origin',(10.1,20.5,0.5));
#9372=CARTESIAN_POINT('',(-18.3,20.3,0.5));
#9373=CARTESIAN_POINT('',(-18.3,20.5,0.3));
#9374=CARTESIAN_POINT('Origin',(-18.3,20.5,0.5));
#9375=CARTESIAN_POINT('',(10.1,20.5,0.3));
#9376=CARTESIAN_POINT('',(10.1,20.3,0.5));
#9377=CARTESIAN_POINT('Origin',(-18.3,18.3,0.5));
#9378=CARTESIAN_POINT('',(-20.3,18.3,0.5));
#9379=CARTESIAN_POINT('',(-20.5,18.3,0.3));
#9380=CARTESIAN_POINT('Origin',(-20.5,18.3,0.5));
#9381=CARTESIAN_POINT('Origin',(-18.3,18.3,0.3));
#9382=CARTESIAN_POINT('Origin',(-18.3,18.3,0.5));
#9383=CARTESIAN_POINT('Origin',(-20.5,10.1,0.5));
#9384=CARTESIAN_POINT('',(-20.3,-18.3000000000001,0.5));
#9385=CARTESIAN_POINT('',(-20.5,-18.3000000000001,0.3));
#9386=CARTESIAN_POINT('Origin',(-20.5,-18.3000000000001,0.5));
#9387=CARTESIAN_POINT('',(-20.5,10.1,0.3));
#9388=CARTESIAN_POINT('',(-20.3,10.1,0.5));
#9389=CARTESIAN_POINT('Origin',(-18.3,-18.3000000000001,0.5));
#9390=CARTESIAN_POINT('',(-18.3,-20.3000000000001,0.5));
#9391=CARTESIAN_POINT('',(-18.3,-20.5000000000001,0.3));
#9392=CARTESIAN_POINT('Origin',(-18.3,-20.5000000000001,0.5));
#9393=CARTESIAN_POINT('Origin',(-18.3,-18.3000000000001,0.3));
#9394=CARTESIAN_POINT('Origin',(-18.3,-18.3000000000001,0.5));
#9395=CARTESIAN_POINT('Origin',(-10.1,-20.5,0.5));
#9396=CARTESIAN_POINT('',(-10.1,-20.5,0.3));
#9397=CARTESIAN_POINT('',(-10.1,-20.3000000000001,0.5));
#9398=CARTESIAN_POINT('Origin',(-18.2,-18.2000000000001,0.5));
#9399=CARTESIAN_POINT('Origin',(-18.2,-18.2000000000001,0.5));
#9400=CARTESIAN_POINT('Origin',(-18.2,-18.2000000000001,0.3));
#9401=CARTESIAN_POINT('Origin',(-20.3,20.2,1.3));
#9402=CARTESIAN_POINT('',(-20.3,18.3,1.3));
#9403=CARTESIAN_POINT('',(-20.3,18.3,1.3));
#9404=CARTESIAN_POINT('',(-20.3,-18.3000000000001,1.3));
#9405=CARTESIAN_POINT('',(-20.3,10.1,1.3));
#9406=CARTESIAN_POINT('',(-20.3,-18.3000000000001,1.3));
#9407=CARTESIAN_POINT('Origin',(-18.3,18.3,1.3));
#9408=CARTESIAN_POINT('',(-18.3,20.3,1.3));
#9409=CARTESIAN_POINT('',(-18.3,20.3,1.3));
#9410=CARTESIAN_POINT('Origin',(-18.3,18.3,1.3));
#9411=CARTESIAN_POINT('Origin',(20.2,20.3,1.3));
#9412=CARTESIAN_POINT('',(18.3,20.3,1.3));
#9413=CARTESIAN_POINT('',(18.3,20.3,1.3));
#9414=CARTESIAN_POINT('',(10.1,20.3,1.3));
#9415=CARTESIAN_POINT('Origin',(18.3,18.3,1.3));
#9416=CARTESIAN_POINT('',(20.3,18.3,1.3));
#9417=CARTESIAN_POINT('',(20.3,18.3,1.3));
#9418=CARTESIAN_POINT('Origin',(18.3,18.3,1.3));
#9419=CARTESIAN_POINT('Origin',(20.3,-20.2,1.3));
#9420=CARTESIAN_POINT('',(20.3,-18.3,1.3));
#9421=CARTESIAN_POINT('',(20.3,-18.3,1.3));
#9422=CARTESIAN_POINT('',(20.3,-10.1,1.3));
#9423=CARTESIAN_POINT('Origin',(18.3,-18.3,1.3));
#9424=CARTESIAN_POINT('',(18.3,-20.3,1.3));
#9425=CARTESIAN_POINT('',(18.3,-20.3,1.3));
#9426=CARTESIAN_POINT('Origin',(18.3,-18.3,1.3));
#9427=CARTESIAN_POINT('Origin',(-20.2,-20.3000000000001,1.3));
#9428=CARTESIAN_POINT('',(-10.1,-20.3000000000001,1.3));
#9429=CARTESIAN_POINT('Origin',(18.2,-18.2,15.8));
#9430=CARTESIAN_POINT('',(22.2,-18.05,14.8));
#9431=CARTESIAN_POINT('',(22.2,-18.05,15.8));
#9432=CARTESIAN_POINT('',(18.05,-22.2,14.8));
#9433=CARTESIAN_POINT('Origin',(18.2,-18.2,14.8));
#9434=CARTESIAN_POINT('',(18.05,-22.2,15.8));
#9435=CARTESIAN_POINT('Origin',(-1.33226762955019E-14,-1.77635683940025E-14,
0.3));
#9436=CARTESIAN_POINT('Origin',(-16.75,-16.75,15.7));
#9437=CARTESIAN_POINT('',(-19.15,-16.75,15.8));
#9438=CARTESIAN_POINT('Origin',(-16.75,-16.75,15.8));
#9439=CARTESIAN_POINT('',(-18.95,-16.75,15.6));
#9440=CARTESIAN_POINT('',(-19.05,-16.75,15.7));
#9441=CARTESIAN_POINT('Origin',(-16.75,-16.75,15.6));
#9442=CARTESIAN_POINT('Origin',(-1.33226762955019E-14,-1.77635683940025E-14,
15.8));
#9443=CARTESIAN_POINT('',(18.0700885834506,-21.2,15.8));
#9444=CARTESIAN_POINT('',(-18.0700885834496,-21.2,15.8));
#9445=CARTESIAN_POINT('',(9.025,-21.2,15.8));
#9446=CARTESIAN_POINT('',(21.2,-18.0700885834522,15.8));
#9447=CARTESIAN_POINT('Origin',(18.2,-18.2,15.8));
#9448=CARTESIAN_POINT('',(21.2,18.0700885834507,15.8));
#9449=CARTESIAN_POINT('',(21.2,9.025,15.8));
#9450=CARTESIAN_POINT('',(18.0700885834506,21.2,15.8));
#9451=CARTESIAN_POINT('Origin',(18.2,18.2,15.8));
#9452=CARTESIAN_POINT('',(-18.0700885834508,21.2,15.8));
#9453=CARTESIAN_POINT('',(-9.02500000000001,21.2,15.8));
#9454=CARTESIAN_POINT('',(-21.2,18.0700885834502,15.8));
#9455=CARTESIAN_POINT('Origin',(-18.2,18.2,15.8));
#9456=CARTESIAN_POINT('',(-21.2,-18.0700885834508,15.8));
#9457=CARTESIAN_POINT('',(-21.2,-9.02500000000002,15.8));
#9458=CARTESIAN_POINT('Origin',(-18.2,-18.2000000000001,15.8));
#9459=CARTESIAN_POINT('',(-19.15,16.75,15.8));
#9460=CARTESIAN_POINT('Origin',(-16.75,16.75,15.8));
#9461=CARTESIAN_POINT('',(14.35,-16.75,15.8));
#9462=CARTESIAN_POINT('Origin',(16.75,-16.75,15.8));
#9463=CARTESIAN_POINT('',(15.707299168951,-3.1274707031251,15.8));
#9464=CARTESIAN_POINT('',(18.292700831049,-3.1274707031251,15.8));
#9465=CARTESIAN_POINT('Origin',(17.,-6.00000000000009,15.8));
#9466=CARTESIAN_POINT('',(15.7063804050341,-3.03587686567174,15.8));
#9467=CARTESIAN_POINT('Origin',(15.6867801081407,-3.0818750000001,15.8));
#9468=CARTESIAN_POINT('',(15.5314456715705,2.95522388059691,15.8));
#9469=CARTESIAN_POINT('Origin',(17.,-1.03805852802452E-13,15.8));
#9470=CARTESIAN_POINT('',(15.5314456715705,3.04477611940288,15.8));
#9471=CARTESIAN_POINT('Origin',(15.5091948484125,2.9999999999999,15.8));
#9472=CARTESIAN_POINT('',(18.4685543284295,3.04477611940288,15.8));
#9473=CARTESIAN_POINT('Origin',(17.,5.9999999999999,15.8));
#9474=CARTESIAN_POINT('',(18.4685543284295,2.95522388059691,15.8));
#9475=CARTESIAN_POINT('Origin',(18.4908051515876,2.9999999999999,15.8));
#9476=CARTESIAN_POINT('',(18.2936195949659,-3.03587686567174,15.8));
#9477=CARTESIAN_POINT('Origin',(17.,-1.03805852802452E-13,15.8));
#9478=CARTESIAN_POINT('Origin',(18.3132198918593,-3.0818750000001,15.8));
#9479=CARTESIAN_POINT('',(16.922641509434,10.0992701379558,15.8));
#9480=CARTESIAN_POINT('',(12.9,5.9999999999999,15.8));
#9481=CARTESIAN_POINT('Origin',(17.,5.9999999999999,15.8));
#9482=CARTESIAN_POINT('',(12.9,-6.00000000000009,15.8));
#9483=CARTESIAN_POINT('',(12.9,2.99999999999994,15.8));
#9484=CARTESIAN_POINT('',(16.922641509434,-10.099270137956,15.8));
#9485=CARTESIAN_POINT('Origin',(17.,-6.00000000000009,15.8));
#9486=CARTESIAN_POINT('',(18.1,-11.2990565197968,15.8));
#9487=CARTESIAN_POINT('Origin',(16.9,-11.2990565197968,15.8));
#9488=CARTESIAN_POINT('',(18.1,-12.2525006948305,15.8));
#9489=CARTESIAN_POINT('',(18.1,-5.05000000000005,15.8));
#9490=CARTESIAN_POINT('',(16.86,-13.4518338428757,15.8));
#9491=CARTESIAN_POINT('Origin',(16.9,-12.2525006948305,15.8));
#9492=CARTESIAN_POINT('',(13.4518338428757,-16.86,15.8));
#9493=CARTESIAN_POINT('Origin',(16.75,-16.75,15.8));
#9494=CARTESIAN_POINT('',(12.2525006948305,-18.1,15.8));
#9495=CARTESIAN_POINT('Origin',(12.2525006948305,-16.9,15.8));
#9496=CARTESIAN_POINT('',(-12.2525006948306,-18.1,15.8));
#9497=CARTESIAN_POINT('',(6.86938550750863,-18.1,15.8));
#9498=CARTESIAN_POINT('',(-13.4518338428758,-16.86,15.8));
#9499=CARTESIAN_POINT('Origin',(-12.2525006948306,-16.9,15.8));
#9500=CARTESIAN_POINT('',(-16.86,-13.4518338428757,15.8));
#9501=CARTESIAN_POINT('Origin',(-16.75,-16.75,15.8));
#9502=CARTESIAN_POINT('',(-18.1,-12.2525006948305,15.8));
#9503=CARTESIAN_POINT('Origin',(-16.9,-12.2525006948305,15.8));
#9504=CARTESIAN_POINT('',(-18.1,-11.2990565197968,15.8));
#9505=CARTESIAN_POINT('',(-18.1,-6.86938550750863,15.8));
#9506=CARTESIAN_POINT('',(-16.922641509434,-10.099270137956,15.8));
#9507=CARTESIAN_POINT('Origin',(-16.9,-11.2990565197968,15.8));
#9508=CARTESIAN_POINT('',(-12.9,-6.0000000000001,15.8));
#9509=CARTESIAN_POINT('Origin',(-17.,-6.0000000000001,15.8));
#9510=CARTESIAN_POINT('',(-12.9,5.9999999999999,15.8));
#9511=CARTESIAN_POINT('',(-12.9,-3.00000000000006,15.8));
#9512=CARTESIAN_POINT('',(-16.922641509434,10.0992701379558,15.8));
#9513=CARTESIAN_POINT('Origin',(-17.,5.9999999999999,15.8));
#9514=CARTESIAN_POINT('',(-18.1,11.2990565197966,15.8));
#9515=CARTESIAN_POINT('Origin',(-16.9,11.2990565197966,15.8));
#9516=CARTESIAN_POINT('',(-18.1,12.2525006948306,15.8));
#9517=CARTESIAN_POINT('',(-18.1,5.04999999999994,15.8));
#9518=CARTESIAN_POINT('',(-16.86,13.4518338428758,15.8));
#9519=CARTESIAN_POINT('Origin',(-16.9,12.2525006948306,15.8));
#9520=CARTESIAN_POINT('',(-13.4518338428758,16.86,15.8));
#9521=CARTESIAN_POINT('Origin',(-16.75,16.75,15.8));
#9522=CARTESIAN_POINT('',(-12.2525006948306,18.1,15.8));
#9523=CARTESIAN_POINT('Origin',(-12.2525006948306,16.9,15.8));
#9524=CARTESIAN_POINT('',(12.2525006948305,18.1,15.8));
#9525=CARTESIAN_POINT('',(-6.86938550750867,18.1,15.8));
#9526=CARTESIAN_POINT('',(13.4518338428757,16.86,15.8));
#9527=CARTESIAN_POINT('Origin',(12.2525006948305,16.9,15.8));
#9528=CARTESIAN_POINT('',(16.86,13.4518338428758,15.8));
#9529=CARTESIAN_POINT('Origin',(16.75,16.75,15.8));
#9530=CARTESIAN_POINT('',(18.1,12.2525006948306,15.8));
#9531=CARTESIAN_POINT('Origin',(16.9,12.2525006948306,15.8));
#9532=CARTESIAN_POINT('',(18.1,11.2990565197966,15.8));
#9533=CARTESIAN_POINT('',(18.1,6.86938550750867,15.8));
#9534=CARTESIAN_POINT('Origin',(16.9,11.2990565197966,15.8));
#9535=CARTESIAN_POINT('',(-18.4685543284295,-3.04477611940309,15.8));
#9536=CARTESIAN_POINT('',(-15.5314456715705,-3.04477611940309,15.8));
#9537=CARTESIAN_POINT('Origin',(-17.,-6.0000000000001,15.8));
#9538=CARTESIAN_POINT('',(-18.4685543284295,-2.95522388059712,15.8));
#9539=CARTESIAN_POINT('Origin',(-18.4908051515876,-3.0000000000001,15.8));
#9540=CARTESIAN_POINT('',(-18.4685543284295,2.95522388059691,15.8));
#9541=CARTESIAN_POINT('Origin',(-17.,-1.03805852802452E-13,15.8));
#9542=CARTESIAN_POINT('',(-18.4685543284295,3.04477611940288,15.8));
#9543=CARTESIAN_POINT('Origin',(-18.4908051515876,2.9999999999999,15.8));
#9544=CARTESIAN_POINT('',(-15.5314456715705,3.04477611940288,15.8));
#9545=CARTESIAN_POINT('Origin',(-17.,5.9999999999999,15.8));
#9546=CARTESIAN_POINT('',(-15.5314456715705,2.95522388059691,15.8));
#9547=CARTESIAN_POINT('Origin',(-15.5091948484124,2.9999999999999,15.8));
#9548=CARTESIAN_POINT('',(-15.5314456715705,-2.95522388059712,15.8));
#9549=CARTESIAN_POINT('Origin',(-17.,-1.03805852802452E-13,15.8));
#9550=CARTESIAN_POINT('Origin',(-15.5091948484124,-3.0000000000001,15.8));
#9551=CARTESIAN_POINT('',(14.35,16.75,15.8));
#9552=CARTESIAN_POINT('Origin',(16.75,16.75,15.8));
#9553=CARTESIAN_POINT('Origin',(-16.75,-16.75,15.8));
#9554=CARTESIAN_POINT('',(-18.95,-16.75,11.));
#9555=CARTESIAN_POINT('',(-18.95,-16.75,15.8));
#9556=CARTESIAN_POINT('',(-17.95,-14.9060911085414,11.));
#9557=CARTESIAN_POINT('Origin',(-16.75,-16.75,11.));
#9558=CARTESIAN_POINT('',(-17.95,-14.9060911085414,10.8));
#9559=CARTESIAN_POINT('',(-17.95,-14.9060911085414,11.));
#9560=CARTESIAN_POINT('',(-15.55,-14.9060911085414,10.8));
#9561=CARTESIAN_POINT('Origin',(-16.75,-16.75,10.8));
#9562=CARTESIAN_POINT('',(-15.55,-14.9060911085414,11.));
#9563=CARTESIAN_POINT('',(-15.55,-14.9060911085414,11.));
#9564=CARTESIAN_POINT('',(-15.55,-18.5939088914585,11.));
#9565=CARTESIAN_POINT('Origin',(-16.75,-16.75,11.));
#9566=CARTESIAN_POINT('',(-15.55,-18.5939088914585,10.8));
#9567=CARTESIAN_POINT('',(-15.55,-18.5939088914585,11.));
#9568=CARTESIAN_POINT('',(-17.95,-18.5939088914585,10.8));
#9569=CARTESIAN_POINT('Origin',(-16.75,-16.75,10.8));
#9570=CARTESIAN_POINT('',(-17.95,-18.5939088914585,11.));
#9571=CARTESIAN_POINT('',(-17.95,-18.5939088914585,11.));
#9572=CARTESIAN_POINT('Origin',(-16.75,-16.75,11.));
#9573=CARTESIAN_POINT('Origin',(-16.75,16.75,15.7));
#9574=CARTESIAN_POINT('',(-18.95,16.75,15.6));
#9575=CARTESIAN_POINT('',(-19.05,16.75,15.7));
#9576=CARTESIAN_POINT('Origin',(-16.75,16.75,15.6));
#9577=CARTESIAN_POINT('Origin',(-16.75,16.75,15.8));
#9578=CARTESIAN_POINT('',(-18.95,16.75,11.));
#9579=CARTESIAN_POINT('',(-18.95,16.75,15.8));
#9580=CARTESIAN_POINT('',(-17.95,18.5939088914585,11.));
#9581=CARTESIAN_POINT('Origin',(-16.75,16.75,11.));
#9582=CARTESIAN_POINT('',(-17.95,18.5939088914585,10.8));
#9583=CARTESIAN_POINT('',(-17.95,18.5939088914585,11.));
#9584=CARTESIAN_POINT('',(-15.55,18.5939088914585,10.8));
#9585=CARTESIAN_POINT('Origin',(-16.75,16.75,10.8));
#9586=CARTESIAN_POINT('',(-15.55,18.5939088914585,11.));
#9587=CARTESIAN_POINT('',(-15.55,18.5939088914585,11.));
#9588=CARTESIAN_POINT('',(-15.55,14.9060911085414,11.));
#9589=CARTESIAN_POINT('Origin',(-16.75,16.75,11.));
#9590=CARTESIAN_POINT('',(-15.55,14.9060911085414,10.8));
#9591=CARTESIAN_POINT('',(-15.55,14.9060911085414,11.));
#9592=CARTESIAN_POINT('',(-17.95,14.9060911085414,10.8));
#9593=CARTESIAN_POINT('Origin',(-16.75,16.75,10.8));
#9594=CARTESIAN_POINT('',(-17.95,14.9060911085414,11.));
#9595=CARTESIAN_POINT('',(-17.95,14.9060911085414,11.));
#9596=CARTESIAN_POINT('Origin',(-16.75,16.75,11.));
#9597=CARTESIAN_POINT('Origin',(16.75,16.75,15.7));
#9598=CARTESIAN_POINT('',(14.55,16.75,15.6));
#9599=CARTESIAN_POINT('',(14.45,16.75,15.7));
#9600=CARTESIAN_POINT('Origin',(16.75,16.75,15.6));
#9601=CARTESIAN_POINT('Origin',(16.75,16.75,15.8));
#9602=CARTESIAN_POINT('',(14.55,16.75,11.));
#9603=CARTESIAN_POINT('',(14.55,16.75,15.8));
#9604=CARTESIAN_POINT('',(15.55,18.5939088914586,11.));
#9605=CARTESIAN_POINT('Origin',(16.75,16.75,11.));
#9606=CARTESIAN_POINT('',(15.55,18.5939088914586,10.8));
#9607=CARTESIAN_POINT('',(15.55,18.5939088914586,11.));
#9608=CARTESIAN_POINT('',(17.95,18.5939088914586,10.8));
#9609=CARTESIAN_POINT('Origin',(16.75,16.75,10.8));
#9610=CARTESIAN_POINT('',(17.95,18.5939088914586,11.));
#9611=CARTESIAN_POINT('',(17.95,18.5939088914586,11.));
#9612=CARTESIAN_POINT('',(17.95,14.9060911085414,11.));
#9613=CARTESIAN_POINT('Origin',(16.75,16.75,11.));
#9614=CARTESIAN_POINT('',(17.95,14.9060911085414,10.8));
#9615=CARTESIAN_POINT('',(17.95,14.9060911085414,11.));
#9616=CARTESIAN_POINT('',(15.55,14.9060911085414,10.8));
#9617=CARTESIAN_POINT('Origin',(16.75,16.75,10.8));
#9618=CARTESIAN_POINT('',(15.55,14.9060911085414,11.));
#9619=CARTESIAN_POINT('',(15.55,14.9060911085414,11.));
#9620=CARTESIAN_POINT('Origin',(16.75,16.75,11.));
#9621=CARTESIAN_POINT('Origin',(16.75,-16.75,15.7));
#9622=CARTESIAN_POINT('',(14.55,-16.75,15.6));
#9623=CARTESIAN_POINT('',(14.45,-16.75,15.7));
#9624=CARTESIAN_POINT('Origin',(16.75,-16.75,15.6));
#9625=CARTESIAN_POINT('Origin',(16.75,-16.75,15.8));
#9626=CARTESIAN_POINT('',(14.55,-16.75,11.));
#9627=CARTESIAN_POINT('',(14.55,-16.75,15.8));
#9628=CARTESIAN_POINT('',(15.55,-14.9060911085414,11.));
#9629=CARTESIAN_POINT('Origin',(16.75,-16.75,11.));
#9630=CARTESIAN_POINT('',(15.55,-14.9060911085414,10.8));
#9631=CARTESIAN_POINT('',(15.55,-14.9060911085414,11.));
#9632=CARTESIAN_POINT('',(17.95,-14.9060911085414,10.8));
#9633=CARTESIAN_POINT('Origin',(16.75,-16.75,10.8));
#9634=CARTESIAN_POINT('',(17.95,-14.9060911085414,11.));
#9635=CARTESIAN_POINT('',(17.95,-14.9060911085414,11.));
#9636=CARTESIAN_POINT('',(17.95,-18.5939088914585,11.));
#9637=CARTESIAN_POINT('Origin',(16.75,-16.75,11.));
#9638=CARTESIAN_POINT('',(17.95,-18.5939088914585,10.8));
#9639=CARTESIAN_POINT('',(17.95,-18.5939088914585,11.));
#9640=CARTESIAN_POINT('',(15.55,-18.5939088914585,10.8));
#9641=CARTESIAN_POINT('Origin',(16.75,-16.75,10.8));
#9642=CARTESIAN_POINT('',(15.55,-18.5939088914585,11.));
#9643=CARTESIAN_POINT('',(15.55,-18.5939088914585,11.));
#9644=CARTESIAN_POINT('Origin',(16.75,-16.75,11.));
#9645=CARTESIAN_POINT('Origin',(-4.13318294712232E-16,-4.66293670342566E-14,
15.7));
#9646=CARTESIAN_POINT('',(-8.9,-4.77193026854977E-14,15.8));
#9647=CARTESIAN_POINT('Origin',(-4.13318294712232E-16,-4.66293670342566E-14,
15.8));
#9648=CARTESIAN_POINT('',(-8.7,-4.55639243189984E-14,15.6));
#9649=CARTESIAN_POINT('',(-8.8,-4.77070562175062E-14,15.7));
#9650=CARTESIAN_POINT('Origin',(-4.13318294712232E-16,-4.66293670342566E-14,
15.6));
#9651=CARTESIAN_POINT('Origin',(-4.13318294712232E-16,-4.66293670342566E-14,
15.8));
#9652=CARTESIAN_POINT('',(-8.7,-4.76948097495148E-14,13.6));
#9653=CARTESIAN_POINT('',(8.7,-4.76948097495148E-14,13.6));
#9654=CARTESIAN_POINT('Origin',(-4.13318294712232E-16,-4.66293670342566E-14,
13.6));
#9655=CARTESIAN_POINT('',(-8.7,-4.55639243189984E-14,15.8));
#9656=CARTESIAN_POINT('Origin',(-4.13318294712232E-16,-4.66293670342566E-14,
13.6));
#9657=CARTESIAN_POINT('Origin',(-1.33226762955019E-14,-1.77635683940025E-14,
15.8));
#9658=CARTESIAN_POINT('',(-10.3,-4.78907532373783E-14,15.8));
#9659=CARTESIAN_POINT('Origin',(-4.13318294712232E-16,-4.66293670342566E-14,
15.8));
#9660=CARTESIAN_POINT('Origin',(-17.,-6.0000000000001,15.7));
#9661=CARTESIAN_POINT('',(-18.3795510357974,-3.22388059701503,15.6));
#9662=CARTESIAN_POINT('',(-18.3795510357974,-3.22388059701503,15.6));
#9663=CARTESIAN_POINT('',(-15.6204489642026,-3.22388059701503,15.6));
#9664=CARTESIAN_POINT('',(-15.5314456715705,-3.04477611940309,15.8));
#9665=CARTESIAN_POINT('Origin',(-17.,-6.0000000000001,15.6));
#9666=CARTESIAN_POINT('Origin',(-18.4908051515876,-3.0000000000001,15.7));
#9667=CARTESIAN_POINT('',(-18.3795510357974,-2.77611940298518,15.6));
#9668=CARTESIAN_POINT('Origin',(-18.4908051515876,-3.0000000000001,15.6));
#9669=CARTESIAN_POINT('',(-18.3795510357974,-2.77611940298518,15.6));
#9670=CARTESIAN_POINT('Origin',(-17.,-1.03805852802452E-13,15.7));
#9671=CARTESIAN_POINT('',(-18.3795510357974,2.77611940298497,15.6));
#9672=CARTESIAN_POINT('',(-18.3795510357974,2.77611940298497,15.6));
#9673=CARTESIAN_POINT('Origin',(-17.,-1.03805852802452E-13,15.6));
#9674=CARTESIAN_POINT('Origin',(-18.4908051515876,2.9999999999999,15.7));
#9675=CARTESIAN_POINT('',(-18.3795510357974,3.22388059701482,15.6));
#9676=CARTESIAN_POINT('Origin',(-18.4908051515876,2.9999999999999,15.6));
#9677=CARTESIAN_POINT('',(-18.3795510357974,3.22388059701482,15.6));
#9678=CARTESIAN_POINT('Origin',(-17.,5.9999999999999,15.7));
#9679=CARTESIAN_POINT('',(-15.6204489642026,3.22388059701482,15.6));
#9680=CARTESIAN_POINT('',(-15.6204489642026,3.22388059701482,15.6));
#9681=CARTESIAN_POINT('Origin',(-17.,5.9999999999999,15.6));
#9682=CARTESIAN_POINT('Origin',(-15.5091948484124,2.9999999999999,15.7));
#9683=CARTESIAN_POINT('',(-15.6204489642026,2.77611940298497,15.6));
#9684=CARTESIAN_POINT('Origin',(-15.5091948484124,2.9999999999999,15.6));
#9685=CARTESIAN_POINT('',(-15.6204489642026,2.77611940298497,15.6));
#9686=CARTESIAN_POINT('Origin',(-17.,-1.03805852802452E-13,15.7));
#9687=CARTESIAN_POINT('',(-15.6204489642026,-2.77611940298518,15.6));
#9688=CARTESIAN_POINT('',(-15.6204489642026,-2.77611940298518,15.6));
#9689=CARTESIAN_POINT('Origin',(-17.,-1.03805852802452E-13,15.6));
#9690=CARTESIAN_POINT('Origin',(-15.5091948484124,-3.0000000000001,15.7));
#9691=CARTESIAN_POINT('Origin',(-15.5091948484124,-3.0000000000001,15.6));
#9692=CARTESIAN_POINT('Origin',(-18.4908051515876,2.9999999999999,15.8));
#9693=CARTESIAN_POINT('',(-18.3795510357974,2.77611940298497,13.05));
#9694=CARTESIAN_POINT('',(-18.3795510357974,2.77611940298497,15.8));
#9695=CARTESIAN_POINT('',(-18.3795510357974,3.22388059701482,13.05));
#9696=CARTESIAN_POINT('Origin',(-18.4908051515876,2.9999999999999,13.05));
#9697=CARTESIAN_POINT('',(-18.3795510357974,3.22388059701482,15.8));
#9698=CARTESIAN_POINT('Origin',(-17.,-1.03805852802452E-13,15.8));
#9699=CARTESIAN_POINT('',(-18.3795510357974,-2.77611940298518,13.05));
#9700=CARTESIAN_POINT('',(-18.3795510357974,-2.77611940298518,15.8));
#9701=CARTESIAN_POINT('',(-19.2,-2.18403296678425,13.05));
#9702=CARTESIAN_POINT('Origin',(-17.,-1.03805852802452E-13,13.05));
#9703=CARTESIAN_POINT('',(-19.2,-2.18403296678425,1.3));
#9704=CARTESIAN_POINT('',(-19.2,-2.18403296678425,15.8));
#9705=CARTESIAN_POINT('',(-19.2,2.18403296678404,1.3));
#9706=CARTESIAN_POINT('Origin',(-17.,-1.03805852802452E-13,1.3));
#9707=CARTESIAN_POINT('',(-19.2,2.18403296678405,13.05));
#9708=CARTESIAN_POINT('',(-19.2,2.18403296678404,15.8));
#9709=CARTESIAN_POINT('Origin',(-17.,-1.03805852802452E-13,13.05));
#9710=CARTESIAN_POINT('Origin',(-18.4908051515876,-3.0000000000001,15.8));
#9711=CARTESIAN_POINT('',(-18.3795510357974,-3.22388059701503,13.05));
#9712=CARTESIAN_POINT('',(-18.3795510357974,-3.22388059701503,15.8));
#9713=CARTESIAN_POINT('Origin',(-18.4908051515876,-3.0000000000001,13.05));
#9714=CARTESIAN_POINT('Origin',(-17.,-6.0000000000001,15.8));
#9715=CARTESIAN_POINT('',(-15.6204489642026,-3.22388059701503,13.05));
#9716=CARTESIAN_POINT('',(-15.6204489642026,-3.22388059701503,15.8));
#9717=CARTESIAN_POINT('',(-19.2,-8.18403296678425,13.05));
#9718=CARTESIAN_POINT('Origin',(-17.,-6.0000000000001,13.05));
#9719=CARTESIAN_POINT('',(-19.2,-8.18403296678425,1.3));
#9720=CARTESIAN_POINT('',(-19.2,-8.18403296678425,15.8));
#9721=CARTESIAN_POINT('',(-19.2,-3.81596703321596,1.3));
#9722=CARTESIAN_POINT('Origin',(-17.,-6.0000000000001,1.3));
#9723=CARTESIAN_POINT('',(-19.2,-3.81596703321596,13.05));
#9724=CARTESIAN_POINT('',(-19.2,-3.81596703321596,15.8));
#9725=CARTESIAN_POINT('Origin',(-17.,-6.0000000000001,13.05));
#9726=CARTESIAN_POINT('Origin',(17.,-6.00000000000009,15.7));
#9727=CARTESIAN_POINT('',(15.7893754121922,-3.30985351562509,15.6));
#9728=CARTESIAN_POINT('',(15.7893754121922,-3.30985351562509,15.6));
#9729=CARTESIAN_POINT('',(18.2106245878078,-3.30985351562509,15.6));
#9730=CARTESIAN_POINT('',(18.292700831049,-3.1274707031251,15.8));
#9731=CARTESIAN_POINT('Origin',(17.,-6.00000000000009,15.6));
#9732=CARTESIAN_POINT('Origin',(15.6867801081407,-3.0818750000001,15.7));
#9733=CARTESIAN_POINT('',(15.7847815926078,-2.8518843283583,15.6));
#9734=CARTESIAN_POINT('Origin',(15.6867801081407,-3.0818750000001,15.6));
#9735=CARTESIAN_POINT('',(15.7847815926078,-2.8518843283583,15.6));
#9736=CARTESIAN_POINT('Origin',(17.,-1.03805852802452E-13,15.7));
#9737=CARTESIAN_POINT('',(15.6204489642026,2.77611940298497,15.6));
#9738=CARTESIAN_POINT('',(15.6204489642026,2.77611940298497,15.6));
#9739=CARTESIAN_POINT('Origin',(17.,-1.03805852802452E-13,15.6));
#9740=CARTESIAN_POINT('Origin',(15.5091948484125,2.9999999999999,15.7));
#9741=CARTESIAN_POINT('',(15.6204489642026,3.22388059701482,15.6));
#9742=CARTESIAN_POINT('Origin',(15.5091948484125,2.9999999999999,15.6));
#9743=CARTESIAN_POINT('',(15.6204489642026,3.22388059701482,15.6));
#9744=CARTESIAN_POINT('Origin',(17.,5.9999999999999,15.7));
#9745=CARTESIAN_POINT('',(18.3795510357974,3.22388059701482,15.6));
#9746=CARTESIAN_POINT('',(18.3795510357974,3.22388059701482,15.6));
#9747=CARTESIAN_POINT('Origin',(17.,5.9999999999999,15.6));
#9748=CARTESIAN_POINT('Origin',(18.4908051515876,2.9999999999999,15.7));
#9749=CARTESIAN_POINT('',(18.3795510357974,2.77611940298497,15.6));
#9750=CARTESIAN_POINT('Origin',(18.4908051515876,2.9999999999999,15.6));
#9751=CARTESIAN_POINT('',(18.3795510357974,2.77611940298497,15.6));
#9752=CARTESIAN_POINT('Origin',(17.,-1.03805852802452E-13,15.7));
#9753=CARTESIAN_POINT('',(18.2152184073922,-2.8518843283583,15.6));
#9754=CARTESIAN_POINT('',(18.2152184073922,-2.8518843283583,15.6));
#9755=CARTESIAN_POINT('Origin',(17.,-1.03805852802452E-13,15.6));
#9756=CARTESIAN_POINT('Origin',(18.3132198918593,-3.0818750000001,15.7));
#9757=CARTESIAN_POINT('Origin',(18.3132198918593,-3.0818750000001,15.6));
#9758=CARTESIAN_POINT('Origin',(15.5091948484125,2.9999999999999,15.8));
#9759=CARTESIAN_POINT('',(15.6204489642026,2.77611940298497,13.05));
#9760=CARTESIAN_POINT('',(15.6204489642026,2.77611940298497,15.8));
#9761=CARTESIAN_POINT('',(15.6204489642026,3.22388059701482,13.05));
#9762=CARTESIAN_POINT('Origin',(15.5091948484125,2.9999999999999,13.05));
#9763=CARTESIAN_POINT('',(15.6204489642026,3.22388059701482,15.8));
#9764=CARTESIAN_POINT('Origin',(17.,-1.03805852802452E-13,15.8));
#9765=CARTESIAN_POINT('',(15.7847815926078,-2.8518843283583,13.05));
#9766=CARTESIAN_POINT('',(15.7847815926078,-2.8518843283583,15.8));
#9767=CARTESIAN_POINT('Origin',(17.,-1.03805852802452E-13,13.05));
#9768=CARTESIAN_POINT('Origin',(15.6867801081407,-3.0818750000001,15.8));
#9769=CARTESIAN_POINT('',(15.7893754121922,-3.30985351562509,13.05));
#9770=CARTESIAN_POINT('',(15.7893754121922,-3.30985351562509,15.8));
#9771=CARTESIAN_POINT('Origin',(15.6867801081407,-3.0818750000001,13.05));
#9772=CARTESIAN_POINT('Origin',(17.,-6.00000000000009,15.8));
#9773=CARTESIAN_POINT('',(18.2106245878078,-3.30985351562509,13.05));
#9774=CARTESIAN_POINT('',(18.2106245878078,-3.30985351562509,15.8));
#9775=CARTESIAN_POINT('',(19.2,-4.03467559929675,13.05));
#9776=CARTESIAN_POINT('Origin',(17.,-6.00000000000009,13.05));
#9777=CARTESIAN_POINT('',(19.2,-4.03467559929675,1.3));
#9778=CARTESIAN_POINT('',(19.2,-4.03467559929675,15.8));
#9779=CARTESIAN_POINT('',(19.2,-7.96532440070343,1.3));
#9780=CARTESIAN_POINT('Origin',(17.,-6.00000000000009,1.3));
#9781=CARTESIAN_POINT('',(19.2,-7.96532440070343,13.05));
#9782=CARTESIAN_POINT('',(19.2,-7.96532440070343,15.8));
#9783=CARTESIAN_POINT('Origin',(17.,-6.00000000000009,13.05));
#9784=CARTESIAN_POINT('Origin',(9.025,-21.7,15.3));
#9785=CARTESIAN_POINT('',(-18.05,-22.2,14.8));
#9786=CARTESIAN_POINT('Ctrl Pts',(-18.0700885834496,-21.2,15.8));
#9787=CARTESIAN_POINT('Ctrl Pts',(-18.0629206310018,-21.5312092856271,15.4687907143729));
#9788=CARTESIAN_POINT('Ctrl Pts',(-18.0562065331924,-21.8688685647206,15.1311314352794));
#9789=CARTESIAN_POINT('Ctrl Pts',(-18.0499999999987,-22.2,14.8));
#9790=CARTESIAN_POINT('',(9.025,-22.2,14.8));
#9791=CARTESIAN_POINT('Ctrl Pts',(18.05,-22.2,14.8));
#9792=CARTESIAN_POINT('Ctrl Pts',(18.0562065332105,-21.8688685638225,15.1311314361775));
#9793=CARTESIAN_POINT('Ctrl Pts',(18.0629206310096,-21.5312092853172,15.4687907146828));
#9794=CARTESIAN_POINT('Ctrl Pts',(18.0700885834506,-21.2,15.8));
#9795=CARTESIAN_POINT('Origin',(18.2,-18.2,15.3));
#9796=CARTESIAN_POINT('Ctrl Pts',(22.2,-18.0500000000018,14.8));
#9797=CARTESIAN_POINT('Ctrl Pts',(21.868868562569,-18.0562065332357,15.131131437431));
#9798=CARTESIAN_POINT('Ctrl Pts',(21.5312092848855,-18.0629206310206,15.4687907151145));
#9799=CARTESIAN_POINT('Ctrl Pts',(21.2,-18.0700885834522,15.8));
#9800=CARTESIAN_POINT('Origin',(21.7,9.025,15.3));
#9801=CARTESIAN_POINT('',(22.2,18.05,14.8));
#9802=CARTESIAN_POINT('',(22.2,9.025,14.8));
#9803=CARTESIAN_POINT('Ctrl Pts',(22.2,18.05,14.8));
#9804=CARTESIAN_POINT('Ctrl Pts',(21.8688685637741,18.0562065332115,15.1311314362259));
#9805=CARTESIAN_POINT('Ctrl Pts',(21.5312092853004,18.0629206310101,15.4687907146996));
#9806=CARTESIAN_POINT('Ctrl Pts',(21.2,18.0700885834507,15.8));
#9807=CARTESIAN_POINT('Origin',(18.2,18.2,15.3));
#9808=CARTESIAN_POINT('',(18.05,22.2,14.8));
#9809=CARTESIAN_POINT('Origin',(18.2,18.2,14.8));
#9810=CARTESIAN_POINT('Ctrl Pts',(18.0500000000001,22.2,14.8));
#9811=CARTESIAN_POINT('Ctrl Pts',(18.0562065332119,21.8688685637526,15.1311314362474));
#9812=CARTESIAN_POINT('Ctrl Pts',(18.0629206310102,21.5312092852933,15.4687907147067));
#9813=CARTESIAN_POINT('Ctrl Pts',(18.0700885834507,21.2,15.8));
#9814=CARTESIAN_POINT('Origin',(-9.02500000000001,21.7,15.3));
#9815=CARTESIAN_POINT('',(-18.05,22.2,14.8));
#9816=CARTESIAN_POINT('',(-9.02500000000001,22.2,14.8));
#9817=CARTESIAN_POINT('Ctrl Pts',(-18.0500000000001,22.2,14.8));
#9818=CARTESIAN_POINT('Ctrl Pts',(-18.0562065332127,21.8688685637107,15.1311314362893));
#9819=CARTESIAN_POINT('Ctrl Pts',(-18.0629206310106,21.5312092852787,15.4687907147213));
#9820=CARTESIAN_POINT('Ctrl Pts',(-18.0700885834508,21.2,15.8));
#9821=CARTESIAN_POINT('Origin',(-18.2,18.2,15.3));
#9822=CARTESIAN_POINT('',(-22.2,18.05,14.8));
#9823=CARTESIAN_POINT('Origin',(-18.2,18.2,14.8));
#9824=CARTESIAN_POINT('Ctrl Pts',(-22.2,18.0499999999994,14.8));
#9825=CARTESIAN_POINT('Ctrl Pts',(-21.8688685642728,18.0562065332016,15.1311314357272));
#9826=CARTESIAN_POINT('Ctrl Pts',(-21.5312092854729,18.0629206310059,15.4687907145271));
#9827=CARTESIAN_POINT('Ctrl Pts',(-21.2,18.0700885834503,15.8));
#9828=CARTESIAN_POINT('Origin',(-21.7,-9.02500000000002,15.3));
#9829=CARTESIAN_POINT('',(-22.2,-18.05,14.8));
#9830=CARTESIAN_POINT('',(-22.2,-9.02500000000002,14.8));
#9831=CARTESIAN_POINT('Ctrl Pts',(-22.2,-18.0500000000001,14.8));
#9832=CARTESIAN_POINT('Ctrl Pts',(-21.8688685637824,-18.0562065332114,15.1311314362176));
#9833=CARTESIAN_POINT('Ctrl Pts',(-21.5312092853033,-18.0629206310101,15.4687907146967));
#9834=CARTESIAN_POINT('Ctrl Pts',(-21.2,-18.0700885834508,15.8));
#9835=CARTESIAN_POINT('Origin',(-18.2,-18.2000000000001,15.3));
#9836=CARTESIAN_POINT('Origin',(-18.2,-18.2000000000001,14.8));
#9837=CARTESIAN_POINT('Origin',(18.2,18.2,15.8));
#9838=CARTESIAN_POINT('',(18.05,22.2,15.8));
#9839=CARTESIAN_POINT('',(22.2,18.05,15.8));
#9840=CARTESIAN_POINT('Origin',(22.2,18.05,15.8));
#9841=CARTESIAN_POINT('Origin',(18.05,-22.2,15.8));
#9842=CARTESIAN_POINT('',(9.02500000000001,-22.2,8.3));
#9843=CARTESIAN_POINT('',(-18.05,-22.2,15.8));
#9844=CARTESIAN_POINT('Origin',(-17.95,-15.55,11.));
#9845=CARTESIAN_POINT('',(-15.55,-15.55,10.8));
#9846=CARTESIAN_POINT('',(-17.95,-15.55,10.8));
#9847=CARTESIAN_POINT('',(-18.5939088914586,-15.55,10.8));
#9848=CARTESIAN_POINT('',(-17.95,-15.55,10.6));
#9849=CARTESIAN_POINT('',(-17.95,-15.55,11.));
#9850=CARTESIAN_POINT('',(-16.75,-15.55,10.6));
#9851=CARTESIAN_POINT('',(-18.5939088914586,-15.55,10.6));
#9852=CARTESIAN_POINT('',(-15.55,-15.55,10.6));
#9853=CARTESIAN_POINT('',(-18.5939088914586,-15.55,10.6));
#9854=CARTESIAN_POINT('',(-15.55,-15.55,11.));
#9855=CARTESIAN_POINT('Origin',(-16.75,-16.75,10.6));
#9856=CARTESIAN_POINT('',(-15.55,-16.75,10.6));
#9857=CARTESIAN_POINT('Origin',(-16.75,-16.75,10.6));
#9858=CARTESIAN_POINT('',(-15.55,-14.9060911085414,10.6));
#9859=CARTESIAN_POINT('Origin',(-16.75,-16.75,10.6));
#9860=CARTESIAN_POINT('',(-17.95,-16.75,10.6));
#9861=CARTESIAN_POINT('Origin',(-16.75,-16.75,10.6));
#9862=CARTESIAN_POINT('',(-17.95,-18.5939088914585,10.6));
#9863=CARTESIAN_POINT('Origin',(-16.75,-16.75,10.6));
#9864=CARTESIAN_POINT('',(-16.75,-17.95,10.6));
#9865=CARTESIAN_POINT('Origin',(-16.75,-16.75,10.6));
#9866=CARTESIAN_POINT('',(-17.95,-17.95,10.6));
#9867=CARTESIAN_POINT('',(-17.95,-18.5939088914585,10.6));
#9868=CARTESIAN_POINT('',(-14.9060911085414,-17.95,10.6));
#9869=CARTESIAN_POINT('Origin',(-16.75,-16.75,10.6));
#9870=CARTESIAN_POINT('Origin',(-16.75,-16.75,10.6));
#9871=CARTESIAN_POINT('',(-15.55,-17.95,10.6));
#9872=CARTESIAN_POINT('',(-14.9060911085414,-17.95,10.6));
#9873=CARTESIAN_POINT('',(-15.55,-14.9060911085414,10.6));
#9874=CARTESIAN_POINT('Origin',(-15.55,-17.95,11.));
#9875=CARTESIAN_POINT('',(-17.95,-17.95,10.8));
#9876=CARTESIAN_POINT('',(-17.95,-17.95,11.));
#9877=CARTESIAN_POINT('',(-15.55,-17.95,10.8));
#9878=CARTESIAN_POINT('',(-14.9060911085414,-17.95,10.8));
#9879=CARTESIAN_POINT('',(-15.55,-17.95,11.));
#9880=CARTESIAN_POINT('Origin',(-16.75,16.75,10.6));
#9881=CARTESIAN_POINT('',(-16.75,15.55,10.6));
#9882=CARTESIAN_POINT('',(-15.55,16.75,10.6));
#9883=CARTESIAN_POINT('Origin',(-16.75,16.75,10.6));
#9884=CARTESIAN_POINT('',(-15.55,15.55,10.6));
#9885=CARTESIAN_POINT('',(-14.9060911085414,15.55,10.6));
#9886=CARTESIAN_POINT('',(-15.55,18.5939088914585,10.6));
#9887=CARTESIAN_POINT('Origin',(-16.75,16.75,10.6));
#9888=CARTESIAN_POINT('',(-16.75,17.95,10.6));
#9889=CARTESIAN_POINT('Origin',(-16.75,16.75,10.6));
#9890=CARTESIAN_POINT('',(-15.55,17.95,10.6));
#9891=CARTESIAN_POINT('',(-15.55,18.5939088914585,10.6));
#9892=CARTESIAN_POINT('',(-18.5939088914585,17.95,10.6));
#9893=CARTESIAN_POINT('Origin',(-16.75,16.75,10.6));
#9894=CARTESIAN_POINT('',(-17.95,16.75,10.6));
#9895=CARTESIAN_POINT('Origin',(-16.75,16.75,10.6));
#9896=CARTESIAN_POINT('',(-17.95,17.95,10.6));
#9897=CARTESIAN_POINT('',(-18.5939088914585,17.95,10.6));
#9898=CARTESIAN_POINT('',(-17.95,14.9060911085414,10.6));
#9899=CARTESIAN_POINT('Origin',(-16.75,16.75,10.6));
#9900=CARTESIAN_POINT('Origin',(-16.75,16.75,10.6));
#9901=CARTESIAN_POINT('',(-17.95,15.55,10.6));
#9902=CARTESIAN_POINT('',(-17.95,14.9060911085414,10.6));
#9903=CARTESIAN_POINT('',(-14.9060911085414,15.55,10.6));
#9904=CARTESIAN_POINT('Origin',(-15.55,15.55,11.));
#9905=CARTESIAN_POINT('',(-17.95,15.55,10.8));
#9906=CARTESIAN_POINT('',(-17.95,15.55,11.));
#9907=CARTESIAN_POINT('',(-15.55,15.55,10.8));
#9908=CARTESIAN_POINT('',(-14.9060911085414,15.55,10.8));
#9909=CARTESIAN_POINT('',(-15.55,15.55,11.));
#9910=CARTESIAN_POINT('Origin',(-17.95,17.95,11.));
#9911=CARTESIAN_POINT('',(-15.55,17.95,10.8));
#9912=CARTESIAN_POINT('',(-17.95,17.95,10.8));
#9913=CARTESIAN_POINT('',(-18.5939088914585,17.95,10.8));
#9914=CARTESIAN_POINT('',(-17.95,17.95,11.));
#9915=CARTESIAN_POINT('',(-15.55,17.95,11.));
#9916=CARTESIAN_POINT('Origin',(16.75,-16.75,10.6));
#9917=CARTESIAN_POINT('',(16.75,-15.55,10.6));
#9918=CARTESIAN_POINT('',(15.55,-16.75,10.6));
#9919=CARTESIAN_POINT('Origin',(16.75,-16.75,10.6));
#9920=CARTESIAN_POINT('',(15.55,-15.55,10.6));
#9921=CARTESIAN_POINT('',(14.9060911085414,-15.55,10.6));
#9922=CARTESIAN_POINT('',(15.55,-18.5939088914585,10.6));
#9923=CARTESIAN_POINT('Origin',(16.75,-16.75,10.6));
#9924=CARTESIAN_POINT('',(16.75,-17.95,10.6));
#9925=CARTESIAN_POINT('Origin',(16.75,-16.75,10.6));
#9926=CARTESIAN_POINT('',(15.55,-17.95,10.6));
#9927=CARTESIAN_POINT('',(15.55,-18.5939088914585,10.6));
#9928=CARTESIAN_POINT('',(18.5939088914585,-17.95,10.6));
#9929=CARTESIAN_POINT('Origin',(16.75,-16.75,10.6));
#9930=CARTESIAN_POINT('',(17.95,-16.75,10.6));
#9931=CARTESIAN_POINT('Origin',(16.75,-16.75,10.6));
#9932=CARTESIAN_POINT('',(17.95,-17.95,10.6));
#9933=CARTESIAN_POINT('',(18.5939088914585,-17.95,10.6));
#9934=CARTESIAN_POINT('',(17.95,-14.9060911085414,10.6));
#9935=CARTESIAN_POINT('Origin',(16.75,-16.75,10.6));
#9936=CARTESIAN_POINT('Origin',(16.75,-16.75,10.6));
#9937=CARTESIAN_POINT('',(17.95,-15.55,10.6));
#9938=CARTESIAN_POINT('',(17.95,-14.9060911085414,10.6));
#9939=CARTESIAN_POINT('',(14.9060911085414,-15.55,10.6));
#9940=CARTESIAN_POINT('Origin',(15.55,-15.55,11.));
#9941=CARTESIAN_POINT('',(17.95,-15.55,10.8));
#9942=CARTESIAN_POINT('',(17.95,-15.55,11.));
#9943=CARTESIAN_POINT('',(15.55,-15.55,10.8));
#9944=CARTESIAN_POINT('',(14.9060911085414,-15.55,10.8));
#9945=CARTESIAN_POINT('',(15.55,-15.55,11.));
#9946=CARTESIAN_POINT('Origin',(17.95,-17.95,11.));
#9947=CARTESIAN_POINT('',(15.55,-17.95,10.8));
#9948=CARTESIAN_POINT('',(17.95,-17.95,10.8));
#9949=CARTESIAN_POINT('',(18.5939088914585,-17.95,10.8));
#9950=CARTESIAN_POINT('',(17.95,-17.95,11.));
#9951=CARTESIAN_POINT('',(15.55,-17.95,11.));
#9952=CARTESIAN_POINT('Origin',(17.95,15.55,11.));
#9953=CARTESIAN_POINT('',(15.55,15.55,10.8));
#9954=CARTESIAN_POINT('',(17.95,15.55,10.8));
#9955=CARTESIAN_POINT('',(18.5939088914585,15.55,10.8));
#9956=CARTESIAN_POINT('',(17.95,15.55,10.6));
#9957=CARTESIAN_POINT('',(17.95,15.55,11.));
#9958=CARTESIAN_POINT('',(16.75,15.55,10.6));
#9959=CARTESIAN_POINT('',(18.5939088914585,15.55,10.6));
#9960=CARTESIAN_POINT('',(15.55,15.55,10.6));
#9961=CARTESIAN_POINT('',(18.5939088914585,15.55,10.6));
#9962=CARTESIAN_POINT('',(15.55,15.55,11.));
#9963=CARTESIAN_POINT('Origin',(16.75,16.75,10.6));
#9964=CARTESIAN_POINT('',(15.55,16.75,10.6));
#9965=CARTESIAN_POINT('Origin',(16.75,16.75,10.6));
#9966=CARTESIAN_POINT('',(15.55,14.9060911085414,10.6));
#9967=CARTESIAN_POINT('Origin',(16.75,16.75,10.6));
#9968=CARTESIAN_POINT('',(17.95,16.75,10.6));
#9969=CARTESIAN_POINT('Origin',(16.75,16.75,10.6));
#9970=CARTESIAN_POINT('',(17.95,18.5939088914586,10.6));
#9971=CARTESIAN_POINT('Origin',(16.75,16.75,10.6));
#9972=CARTESIAN_POINT('',(16.75,17.95,10.6));
#9973=CARTESIAN_POINT('Origin',(16.75,16.75,10.6));
#9974=CARTESIAN_POINT('',(17.95,17.95,10.6));
#9975=CARTESIAN_POINT('',(17.95,18.5939088914586,10.6));
#9976=CARTESIAN_POINT('',(14.9060911085414,17.95,10.6));
#9977=CARTESIAN_POINT('Origin',(16.75,16.75,10.6));
#9978=CARTESIAN_POINT('Origin',(16.75,16.75,10.6));
#9979=CARTESIAN_POINT('',(15.55,17.95,10.6));
#9980=CARTESIAN_POINT('',(14.9060911085414,17.95,10.6));
#9981=CARTESIAN_POINT('',(15.55,14.9060911085414,10.6));
#9982=CARTESIAN_POINT('Origin',(15.55,17.95,11.));
#9983=CARTESIAN_POINT('',(17.95,17.95,10.8));
#9984=CARTESIAN_POINT('',(17.95,17.95,11.));
#9985=CARTESIAN_POINT('',(15.55,17.95,10.8));
#9986=CARTESIAN_POINT('',(14.9060911085414,17.95,10.8));
#9987=CARTESIAN_POINT('',(15.55,17.95,11.));
#9988=CARTESIAN_POINT('Origin',(-3.5527136788005E-14,3.5527136788005E-14,
11.));
#9989=CARTESIAN_POINT('',(-15.55,-7.45304555427067,11.));
#9990=CARTESIAN_POINT('Origin',(-3.5527136788005E-14,3.5527136788005E-14,
11.));
#9991=CARTESIAN_POINT('',(-15.55,9.29695444572929,11.));
#9992=CARTESIAN_POINT('Origin',(-3.5527136788005E-14,3.5527136788005E-14,
11.));
#9993=CARTESIAN_POINT('',(15.55,-9.29695444572926,11.));
#9994=CARTESIAN_POINT('Origin',(-3.5527136788005E-14,3.5527136788005E-14,
11.));
#9995=CARTESIAN_POINT('',(15.55,7.45304555427072,11.));
#9996=CARTESIAN_POINT('Origin',(16.75,-15.05,10.8));
#9997=CARTESIAN_POINT('',(17.95,-14.9060911085414,10.8));
#9998=CARTESIAN_POINT('',(15.55,-18.5939088914585,10.8));
#9999=CARTESIAN_POINT('Origin',(-15.55,18.5939088914585,11.));
#10000=CARTESIAN_POINT('',(-15.55,18.5939088914585,10.8));
#10001=CARTESIAN_POINT('',(-15.55,18.5939088914585,10.8));
#10002=CARTESIAN_POINT('Origin',(-17.95,17.95,11.));
#10003=CARTESIAN_POINT('',(-17.95,8.97500000000001,11.));
#10004=CARTESIAN_POINT('',(-17.95,14.9060911085414,10.8));
#10005=CARTESIAN_POINT('',(-17.95,14.9060911085414,10.8));
#10006=CARTESIAN_POINT('Origin',(-16.75,18.45,10.8));
#10007=CARTESIAN_POINT('Origin',(16.75,18.45,10.8));
#10008=CARTESIAN_POINT('',(17.95,18.5939088914586,10.8));
#10009=CARTESIAN_POINT('',(15.55,14.9060911085414,10.8));
#10010=CARTESIAN_POINT('Origin',(-16.75,-18.45,10.8));
#10011=CARTESIAN_POINT('',(-17.95,-18.5939088914585,10.8));
#10012=CARTESIAN_POINT('',(-15.55,-14.9060911085414,10.8));
#10013=CARTESIAN_POINT('Origin',(15.55,-18.5939088914585,11.));
#10014=CARTESIAN_POINT('',(15.55,-18.5939088914585,10.8));
#10015=CARTESIAN_POINT('Origin',(17.95,-17.95,11.));
#10016=CARTESIAN_POINT('',(17.95,-8.97499999999997,11.));
#10017=CARTESIAN_POINT('',(17.95,-14.9060911085414,10.8));
#10018=CARTESIAN_POINT('Origin',(16.75,-18.45,10.8));
#10019=CARTESIAN_POINT('Origin',(-16.75,15.05,10.8));
#10020=CARTESIAN_POINT('Origin',(15.55,14.9060911085414,11.));
#10021=CARTESIAN_POINT('',(15.55,14.9060911085414,10.8));
#10022=CARTESIAN_POINT('Origin',(17.95,15.55,11.));
#10023=CARTESIAN_POINT('',(17.95,7.77500000000002,11.));
#10024=CARTESIAN_POINT('',(17.95,18.5939088914586,10.8));
#10025=CARTESIAN_POINT('Origin',(16.75,15.05,10.8));
#10026=CARTESIAN_POINT('Origin',(-15.55,-14.9060911085414,11.));
#10027=CARTESIAN_POINT('',(-15.55,-14.9060911085414,10.8));
#10028=CARTESIAN_POINT('Origin',(-17.95,-15.55,11.));
#10029=CARTESIAN_POINT('',(-17.95,-7.77499999999996,11.));
#10030=CARTESIAN_POINT('',(-17.95,-18.5939088914585,10.8));
#10031=CARTESIAN_POINT('Origin',(-16.75,-15.05,10.8));
#10032=CARTESIAN_POINT('Origin',(-3.5527136788005E-14,3.5527136788005E-14,
11.));
#10033=CARTESIAN_POINT('Origin',(-3.5527136788005E-14,3.5527136788005E-14,
11.));
#10034=CARTESIAN_POINT('Origin',(-3.5527136788005E-14,3.5527136788005E-14,
11.));
#10035=CARTESIAN_POINT('Origin',(-3.5527136788005E-14,3.5527136788005E-14,
11.));
#10036=CARTESIAN_POINT('Origin',(-14.4,-8.37499999999998,1.7));
#10037=CARTESIAN_POINT('',(-14.4,-16.75,1.3));
#10038=CARTESIAN_POINT('',(-14.,-16.75,1.7));
#10039=CARTESIAN_POINT('Origin',(-14.4,-16.75,1.7));
#10040=CARTESIAN_POINT('',(-14.,-8.37499999999998,1.7));
#10041=CARTESIAN_POINT('',(-14.4,-8.37499999999998,1.3));
#10042=CARTESIAN_POINT('Origin',(-16.75,-16.75,1.7));
#10043=CARTESIAN_POINT('',(-16.75,-14.3999999999999,1.3));
#10044=CARTESIAN_POINT('',(-16.75,-13.9999999999999,1.7));
#10045=CARTESIAN_POINT('Origin',(-16.75,-14.3999999999999,1.7));
#10046=CARTESIAN_POINT('Origin',(-16.75,-16.75,1.7));
#10047=CARTESIAN_POINT('Origin',(-16.75,-16.75,1.3));
#10048=CARTESIAN_POINT('Origin',(-9.6,-14.3999999999999,1.7));
#10049=CARTESIAN_POINT('',(-19.2,-14.3999999999999,1.3));
#10050=CARTESIAN_POINT('',(-19.2,-13.9999999999999,1.7));
#10051=CARTESIAN_POINT('Origin',(-19.2,-14.3999999999999,1.7));
#10052=CARTESIAN_POINT('',(-9.6,-13.9999999999999,1.7));
#10053=CARTESIAN_POINT('',(-9.6,-14.3999999999999,1.3));
#10054=CARTESIAN_POINT('Origin',(0.,4.44089209850063E-15,1.3));
#10055=CARTESIAN_POINT('',(-18.3,-20.3000000000001,1.3));
#10056=CARTESIAN_POINT('',(-10.1,-20.3000000000001,1.3));
#10057=CARTESIAN_POINT('Origin',(-18.3,-18.3000000000001,1.3));
#10058=CARTESIAN_POINT('',(14.3999999999999,-16.75,1.3));
#10059=CARTESIAN_POINT('',(14.3999999999999,-9.59999999999999,1.3));
#10060=CARTESIAN_POINT('',(16.75,-14.4,1.3));
#10061=CARTESIAN_POINT('Origin',(16.75,-16.75,1.3));
#10062=CARTESIAN_POINT('',(19.2,-14.4,1.3));
#10063=CARTESIAN_POINT('',(8.37499999999999,-14.4,1.3));
#10064=CARTESIAN_POINT('',(19.2,9.60000000000001,1.3));
#10065=CARTESIAN_POINT('',(19.2,-2.18403296678424,1.3));
#10066=CARTESIAN_POINT('',(19.2,9.60000000000001,1.3));
#10067=CARTESIAN_POINT('',(19.2,2.18403296678404,1.3));
#10068=CARTESIAN_POINT('Origin',(17.,-1.03805852802452E-13,1.3));
#10069=CARTESIAN_POINT('',(19.2,3.81596703321575,1.3));
#10070=CARTESIAN_POINT('',(19.2,9.60000000000001,1.3));
#10071=CARTESIAN_POINT('',(19.2,8.18403296678404,1.3));
#10072=CARTESIAN_POINT('Origin',(17.,5.9999999999999,1.3));
#10073=CARTESIAN_POINT('',(19.2,14.3999999999999,1.3));
#10074=CARTESIAN_POINT('',(19.2,9.60000000000001,1.3));
#10075=CARTESIAN_POINT('',(16.75,14.3999999999999,1.3));
#10076=CARTESIAN_POINT('',(9.6,14.3999999999999,1.3));
#10077=CARTESIAN_POINT('',(14.4,16.75,1.3));
#10078=CARTESIAN_POINT('Origin',(16.75,16.75,1.3));
#10079=CARTESIAN_POINT('',(14.4,19.2,1.3));
#10080=CARTESIAN_POINT('',(14.4,8.37499999999999,1.3));
#10081=CARTESIAN_POINT('',(-14.3999999999999,19.2,1.3));
#10082=CARTESIAN_POINT('',(-9.6,19.2,1.3));
#10083=CARTESIAN_POINT('',(-14.3999999999999,16.75,1.3));
#10084=CARTESIAN_POINT('',(-14.3999999999999,9.6,1.3));
#10085=CARTESIAN_POINT('',(-16.75,14.4,1.3));
#10086=CARTESIAN_POINT('Origin',(-16.75,16.75,1.3));
#10087=CARTESIAN_POINT('',(-19.2,14.4,1.3));
#10088=CARTESIAN_POINT('',(-8.37499999999999,14.4,1.3));
#10089=CARTESIAN_POINT('',(-19.2,8.18403296678404,1.3));
#10090=CARTESIAN_POINT('',(-19.2,-9.60000000000001,1.3));
#10091=CARTESIAN_POINT('',(-19.2,3.81596703321575,1.3));
#10092=CARTESIAN_POINT('Origin',(-17.,5.9999999999999,1.3));
#10093=CARTESIAN_POINT('',(-19.2,-9.60000000000001,1.3));
#10094=CARTESIAN_POINT('',(-19.2,-9.60000000000001,1.3));
#10095=CARTESIAN_POINT('',(-19.2,-9.60000000000001,1.3));
#10096=CARTESIAN_POINT('',(15.55,16.75,1.3));
#10097=CARTESIAN_POINT('Origin',(16.75,16.75,1.3));
#10098=CARTESIAN_POINT('',(-17.95,16.75,1.3));
#10099=CARTESIAN_POINT('Origin',(-16.75,16.75,1.3));
#10100=CARTESIAN_POINT('',(-17.95,-16.75,1.3));
#10101=CARTESIAN_POINT('Origin',(-16.75,-16.75,1.3));
#10102=CARTESIAN_POINT('',(15.55,-16.75,1.3));
#10103=CARTESIAN_POINT('Origin',(16.75,-16.75,1.3));
#10104=CARTESIAN_POINT('Origin',(8.37499999999999,-14.4,1.7));
#10105=CARTESIAN_POINT('',(16.75,-14.,1.7));
#10106=CARTESIAN_POINT('Origin',(16.75,-14.4,1.7));
#10107=CARTESIAN_POINT('',(19.2,-14.,1.7));
#10108=CARTESIAN_POINT('',(8.37499999999999,-14.,1.7));
#10109=CARTESIAN_POINT('Origin',(19.2,-14.4,1.7));
#10110=CARTESIAN_POINT('Origin',(16.75,-16.75,1.7));
#10111=CARTESIAN_POINT('',(13.9999999999999,-16.75,1.7));
#10112=CARTESIAN_POINT('Origin',(14.3999999999999,-16.75,1.7));
#10113=CARTESIAN_POINT('Origin',(16.75,-16.75,1.7));
#10114=CARTESIAN_POINT('Origin',(14.3999999999999,-9.59999999999999,1.7));
#10115=CARTESIAN_POINT('',(13.9999999999999,-9.59999999999999,1.7));
#10116=CARTESIAN_POINT('Origin',(14.4,8.37499999999999,1.7));
#10117=CARTESIAN_POINT('',(14.,16.75,1.7));
#10118=CARTESIAN_POINT('Origin',(14.4,16.75,1.7));
#10119=CARTESIAN_POINT('',(14.,19.2,1.7));
#10120=CARTESIAN_POINT('',(14.,8.37499999999999,1.7));
#10121=CARTESIAN_POINT('Origin',(14.4,19.2,1.7));
#10122=CARTESIAN_POINT('Origin',(16.75,16.75,1.7));
#10123=CARTESIAN_POINT('',(16.75,13.9999999999999,1.7));
#10124=CARTESIAN_POINT('Origin',(16.75,14.3999999999999,1.7));
#10125=CARTESIAN_POINT('Origin',(16.75,16.75,1.7));
#10126=CARTESIAN_POINT('Origin',(9.6,14.3999999999999,1.7));
#10127=CARTESIAN_POINT('',(19.2,13.9999999999999,1.7));
#10128=CARTESIAN_POINT('Origin',(19.2,14.3999999999999,1.7));
#10129=CARTESIAN_POINT('',(9.6,13.9999999999999,1.7));
#10130=CARTESIAN_POINT('Origin',(-8.37499999999999,14.4,1.7));
#10131=CARTESIAN_POINT('',(-16.75,14.,1.7));
#10132=CARTESIAN_POINT('Origin',(-16.75,14.4,1.7));
#10133=CARTESIAN_POINT('',(-19.2,14.,1.7));
#10134=CARTESIAN_POINT('',(-8.37499999999999,14.,1.7));
#10135=CARTESIAN_POINT('Origin',(-19.2,14.4,1.7));
#10136=CARTESIAN_POINT('Origin',(-16.75,16.75,1.7));
#10137=CARTESIAN_POINT('',(-13.9999999999999,16.75,1.7));
#10138=CARTESIAN_POINT('Origin',(-14.3999999999999,16.75,1.7));
#10139=CARTESIAN_POINT('Origin',(-16.75,16.75,1.7));
#10140=CARTESIAN_POINT('Origin',(-14.3999999999999,9.6,1.7));
#10141=CARTESIAN_POINT('',(-13.9999999999999,19.2,1.7));
#10142=CARTESIAN_POINT('Origin',(-14.3999999999999,19.2,1.7));
#10143=CARTESIAN_POINT('',(-13.9999999999999,9.6,1.7));
#10144=CARTESIAN_POINT('Origin',(-18.4908051515876,-3.00000000000011,13.05));
#10145=CARTESIAN_POINT('',(-18.4908051515876,-3.0000000000001,12.8));
#10146=CARTESIAN_POINT('Origin',(-18.4908051515876,-3.00000000000011,13.05));
#10147=CARTESIAN_POINT('Origin',(-18.4908051515876,-3.0000000000001,13.05));
#10148=CARTESIAN_POINT('Origin',(-17.,-6.0000000000001,13.05));
#10149=CARTESIAN_POINT('',(-19.2,-3.47363898066816,12.8));
#10150=CARTESIAN_POINT('Ctrl Pts',(-19.2,-3.47363898066816,12.8));
#10151=CARTESIAN_POINT('Ctrl Pts',(-19.2,-3.5188815017743,12.8));
#10152=CARTESIAN_POINT('Ctrl Pts',(-19.2,-3.57247089485223,12.8087001368171));
#10153=CARTESIAN_POINT('Ctrl Pts',(-19.2,-3.65349771067943,12.8364157691142));
#10154=CARTESIAN_POINT('Ctrl Pts',(-19.2,-3.69643870023186,12.8589014819339));
#10155=CARTESIAN_POINT('Ctrl Pts',(-19.2,-3.75371190281324,12.9054211526618));
#10156=CARTESIAN_POINT('Ctrl Pts',(-19.2,-3.77998948422506,12.935672441438));
#10157=CARTESIAN_POINT('Ctrl Pts',(-19.2,-3.80764149874568,12.9901386869807));
#10158=CARTESIAN_POINT('Ctrl Pts',(-19.2,-3.81596703321596,13.0223085570065));
#10159=CARTESIAN_POINT('Ctrl Pts',(-19.2,-3.81596703321596,13.05));
#10160=CARTESIAN_POINT('Origin',(-17.,-6.0000000000001,12.8));
#10161=CARTESIAN_POINT('Origin',(-17.,-1.03805852802452E-13,13.05));
#10162=CARTESIAN_POINT('',(-19.2,-2.52636101933205,12.8));
#10163=CARTESIAN_POINT('Ctrl Pts',(-19.2,-2.18403296678425,13.05));
#10164=CARTESIAN_POINT('Ctrl Pts',(-19.2,-2.18403296678425,13.0223085570065));
#10165=CARTESIAN_POINT('Ctrl Pts',(-19.2,-2.19235850125452,12.9901386869807));
#10166=CARTESIAN_POINT('Ctrl Pts',(-19.2,-2.22001051577515,12.935672441438));
#10167=CARTESIAN_POINT('Ctrl Pts',(-19.2,-2.24628809718697,12.9054211526618));
#10168=CARTESIAN_POINT('Ctrl Pts',(-19.2,-2.30356129976835,12.8589014819339));
#10169=CARTESIAN_POINT('Ctrl Pts',(-19.2,-2.34650228932078,12.8364157691142));
#10170=CARTESIAN_POINT('Ctrl Pts',(-19.2,-2.42752910514798,12.8087001368171));
#10171=CARTESIAN_POINT('Ctrl Pts',(-19.2,-2.48111849822591,12.8));
#10172=CARTESIAN_POINT('Ctrl Pts',(-19.2,-2.52636101933205,12.8));
#10173=CARTESIAN_POINT('Origin',(-17.,-1.03805852802452E-13,12.8));
#10174=CARTESIAN_POINT('Origin',(-15.5091948484124,-3.0000000000001,13.05));
#10175=CARTESIAN_POINT('',(-15.6204489642026,-2.77611940298518,13.05));
#10176=CARTESIAN_POINT('Origin',(-15.5091948484124,-3.0000000000001,13.05));
#10177=CARTESIAN_POINT('',(-15.5091948484124,-3.00000000000011,12.8));
#10178=CARTESIAN_POINT('Origin',(-15.5091948484124,-3.0000000000001,13.05));
#10179=CARTESIAN_POINT('Origin',(-15.5091948484124,-3.00000000000011,13.05));
#10180=CARTESIAN_POINT('Origin',(-15.5091948484124,2.9999999999999,13.05));
#10181=CARTESIAN_POINT('',(-15.6204489642026,3.22388059701482,13.05));
#10182=CARTESIAN_POINT('',(-15.6204489642026,2.77611940298497,13.05));
#10183=CARTESIAN_POINT('Origin',(-15.5091948484124,2.9999999999999,13.05));
#10184=CARTESIAN_POINT('',(-15.5091948484124,2.9999999999999,12.8));
#10185=CARTESIAN_POINT('Origin',(-15.5091948484124,2.9999999999999,13.05));
#10186=CARTESIAN_POINT('Origin',(-15.5091948484124,2.9999999999999,13.05));
#10187=CARTESIAN_POINT('Origin',(-17.,5.9999999999999,13.05));
#10188=CARTESIAN_POINT('',(-19.2,8.18403296678404,13.05));
#10189=CARTESIAN_POINT('',(-19.2,8.52636101933184,12.8));
#10190=CARTESIAN_POINT('Ctrl Pts',(-19.2,8.52636101933184,12.8));
#10191=CARTESIAN_POINT('Ctrl Pts',(-19.2,8.4811184982257,12.8));
#10192=CARTESIAN_POINT('Ctrl Pts',(-19.2,8.42752910514777,12.8087001368171));
#10193=CARTESIAN_POINT('Ctrl Pts',(-19.2,8.34650228932057,12.8364157691142));
#10194=CARTESIAN_POINT('Ctrl Pts',(-19.2,8.30356129976814,12.8589014819339));
#10195=CARTESIAN_POINT('Ctrl Pts',(-19.2,8.24628809718676,12.9054211526618));
#10196=CARTESIAN_POINT('Ctrl Pts',(-19.2,8.22001051577494,12.935672441438));
#10197=CARTESIAN_POINT('Ctrl Pts',(-19.2,8.19235850125431,12.9901386869807));
#10198=CARTESIAN_POINT('Ctrl Pts',(-19.2,8.18403296678404,13.0223085570065));
#10199=CARTESIAN_POINT('Ctrl Pts',(-19.2,8.18403296678404,13.05));
#10200=CARTESIAN_POINT('Origin',(-17.,5.9999999999999,12.8));
#10201=CARTESIAN_POINT('Origin',(-17.,5.9999999999999,13.05));
#10202=CARTESIAN_POINT('Origin',(-17.,-1.03805852802452E-13,13.05));
#10203=CARTESIAN_POINT('Origin',(-17.,-1.03805852802452E-13,13.05));
#10204=CARTESIAN_POINT('Origin',(-17.,-1.03805852802452E-13,12.8));
#10205=CARTESIAN_POINT('Origin',(-15.5091948484124,2.9999999999999,15.8));
#10206=CARTESIAN_POINT('',(-15.6204489642026,3.22388059701482,15.8));
#10207=CARTESIAN_POINT('',(-15.6204489642026,2.77611940298497,15.8));
#10208=CARTESIAN_POINT('Origin',(-17.,-6.0000000000001,13.05));
#10209=CARTESIAN_POINT('',(-19.2,-8.52636101933205,12.8));
#10210=CARTESIAN_POINT('Ctrl Pts',(-19.2,-8.18403296678425,13.05));
#10211=CARTESIAN_POINT('Ctrl Pts',(-19.2,-8.18403296678425,13.0223085570065));
#10212=CARTESIAN_POINT('Ctrl Pts',(-19.2,-8.19235850125452,12.9901386869807));
#10213=CARTESIAN_POINT('Ctrl Pts',(-19.2,-8.22001051577515,12.935672441438));
#10214=CARTESIAN_POINT('Ctrl Pts',(-19.2,-8.24628809718697,12.9054211526618));
#10215=CARTESIAN_POINT('Ctrl Pts',(-19.2,-8.30356129976835,12.8589014819339));
#10216=CARTESIAN_POINT('Ctrl Pts',(-19.2,-8.34650228932078,12.8364157691142));
#10217=CARTESIAN_POINT('Ctrl Pts',(-19.2,-8.42752910514798,12.8087001368171));
#10218=CARTESIAN_POINT('Ctrl Pts',(-19.2,-8.48111849822591,12.8));
#10219=CARTESIAN_POINT('Ctrl Pts',(-19.2,-8.52636101933205,12.8));
#10220=CARTESIAN_POINT('Origin',(-17.,-6.0000000000001,12.8));
#10221=CARTESIAN_POINT('Origin',(-15.5091948484124,-3.0000000000001,15.8));
#10222=CARTESIAN_POINT('',(-15.6204489642026,-2.77611940298518,15.8));
#10223=CARTESIAN_POINT('Origin',(-17.,5.9999999999999,15.8));
#10224=CARTESIAN_POINT('',(-19.2,3.81596703321575,13.05));
#10225=CARTESIAN_POINT('Origin',(-17.,5.9999999999999,13.05));
#10226=CARTESIAN_POINT('',(-19.2,3.81596703321575,15.8));
#10227=CARTESIAN_POINT('',(-19.2,8.18403296678404,15.8));
#10228=CARTESIAN_POINT('Origin',(-17.,-1.03805852802452E-13,15.8));
#10229=CARTESIAN_POINT('Origin',(-18.4908051515876,2.9999999999999,13.05));
#10230=CARTESIAN_POINT('',(-18.4908051515876,2.9999999999999,12.8));
#10231=CARTESIAN_POINT('Origin',(-18.4908051515876,2.9999999999999,13.05));
#10232=CARTESIAN_POINT('Origin',(-18.4908051515876,2.9999999999999,13.05));
#10233=CARTESIAN_POINT('Origin',(-17.,-1.03805852802452E-13,13.05));
#10234=CARTESIAN_POINT('',(-19.2,2.52636101933185,12.8));
#10235=CARTESIAN_POINT('Ctrl Pts',(-19.2,2.52636101933185,12.8));
#10236=CARTESIAN_POINT('Ctrl Pts',(-19.2,2.48111849822571,12.8));
#10237=CARTESIAN_POINT('Ctrl Pts',(-19.2,2.42752910514777,12.8087001368171));
#10238=CARTESIAN_POINT('Ctrl Pts',(-19.2,2.34650228932057,12.8364157691142));
#10239=CARTESIAN_POINT('Ctrl Pts',(-19.2,2.30356129976814,12.8589014819339));
#10240=CARTESIAN_POINT('Ctrl Pts',(-19.2,2.24628809718676,12.9054211526618));
#10241=CARTESIAN_POINT('Ctrl Pts',(-19.2,2.22001051577494,12.935672441438));
#10242=CARTESIAN_POINT('Ctrl Pts',(-19.2,2.19235850125432,12.9901386869807));
#10243=CARTESIAN_POINT('Ctrl Pts',(-19.2,2.18403296678404,13.0223085570065));
#10244=CARTESIAN_POINT('Ctrl Pts',(-19.2,2.18403296678404,13.05));
#10245=CARTESIAN_POINT('Origin',(-17.,-1.03805852802452E-13,12.8));
#10246=CARTESIAN_POINT('Origin',(-17.,5.9999999999999,13.05));
#10247=CARTESIAN_POINT('',(-19.2,3.47363898066795,12.8));
#10248=CARTESIAN_POINT('Ctrl Pts',(-19.2,3.81596703321575,13.05));
#10249=CARTESIAN_POINT('Ctrl Pts',(-19.2,3.81596703321575,13.0223085570065));
#10250=CARTESIAN_POINT('Ctrl Pts',(-19.2,3.80764149874548,12.9901386869807));
#10251=CARTESIAN_POINT('Ctrl Pts',(-19.2,3.77998948422485,12.935672441438));
#10252=CARTESIAN_POINT('Ctrl Pts',(-19.2,3.75371190281303,12.9054211526618));
#10253=CARTESIAN_POINT('Ctrl Pts',(-19.2,3.69643870023165,12.8589014819339));
#10254=CARTESIAN_POINT('Ctrl Pts',(-19.2,3.65349771067922,12.8364157691142));
#10255=CARTESIAN_POINT('Ctrl Pts',(-19.2,3.57247089485202,12.8087001368171));
#10256=CARTESIAN_POINT('Ctrl Pts',(-19.2,3.51888150177409,12.8));
#10257=CARTESIAN_POINT('Ctrl Pts',(-19.2,3.47363898066795,12.8));
#10258=CARTESIAN_POINT('Origin',(-17.,5.9999999999999,12.8));
#10259=CARTESIAN_POINT('Origin',(18.3132198918593,-3.0818750000001,13.05));
#10260=CARTESIAN_POINT('',(18.2152184073922,-2.8518843283583,13.05));
#10261=CARTESIAN_POINT('Origin',(18.3132198918593,-3.0818750000001,13.05));
#10262=CARTESIAN_POINT('',(18.3132198918593,-3.0818750000001,12.8));
#10263=CARTESIAN_POINT('Origin',(18.3132198918593,-3.0818750000001,13.05));
#10264=CARTESIAN_POINT('Origin',(18.3132198918593,-3.0818750000001,13.05));
#10265=CARTESIAN_POINT('Origin',(17.,-1.03805852802452E-13,13.05));
#10266=CARTESIAN_POINT('',(19.2,-2.18403296678424,13.05));
#10267=CARTESIAN_POINT('',(19.2,-2.52636101933204,12.8));
#10268=CARTESIAN_POINT('Ctrl Pts',(19.2,-2.52636101933204,12.8));
#10269=CARTESIAN_POINT('Ctrl Pts',(19.2,-2.4811184982259,12.8));
#10270=CARTESIAN_POINT('Ctrl Pts',(19.2,-2.42752910514797,12.8087001368171));
#10271=CARTESIAN_POINT('Ctrl Pts',(19.2,-2.34650228932077,12.8364157691142));
#10272=CARTESIAN_POINT('Ctrl Pts',(19.2,-2.30356129976834,12.8589014819339));
#10273=CARTESIAN_POINT('Ctrl Pts',(19.2,-2.24628809718696,12.9054211526618));
#10274=CARTESIAN_POINT('Ctrl Pts',(19.2,-2.22001051577514,12.935672441438));
#10275=CARTESIAN_POINT('Ctrl Pts',(19.2,-2.19235850125452,12.9901386869807));
#10276=CARTESIAN_POINT('Ctrl Pts',(19.2,-2.18403296678424,13.0223085570065));
#10277=CARTESIAN_POINT('Ctrl Pts',(19.2,-2.18403296678424,13.05));
#10278=CARTESIAN_POINT('Origin',(17.,-1.03805852802452E-13,12.8));
#10279=CARTESIAN_POINT('Origin',(17.,-1.03805852802452E-13,13.05));
#10280=CARTESIAN_POINT('Origin',(17.,-6.00000000000009,13.05));
#10281=CARTESIAN_POINT('',(19.2,-3.67620999227565,12.8));
#10282=CARTESIAN_POINT('Ctrl Pts',(19.2,-4.03467559929675,13.05));
#10283=CARTESIAN_POINT('Ctrl Pts',(19.2,-4.03467559929675,13.022769949477));
#10284=CARTESIAN_POINT('Ctrl Pts',(19.2,-4.02615749352611,12.9912236848452));
#10285=CARTESIAN_POINT('Ctrl Pts',(19.2,-3.99777222312625,12.9370958907047));
#10286=CARTESIAN_POINT('Ctrl Pts',(19.2,-3.97046639728696,12.9069598132862));
#10287=CARTESIAN_POINT('Ctrl Pts',(19.2,-3.91070089719287,12.8599961188468));
#10288=CARTESIAN_POINT('Ctrl Pts',(19.2,-3.86557569482242,12.8372251532763));
#10289=CARTESIAN_POINT('Ctrl Pts',(19.2,-3.78036682625863,12.8089307540163));
#10290=CARTESIAN_POINT('Ctrl Pts',(19.2,-3.72387289232257,12.8));
#10291=CARTESIAN_POINT('Ctrl Pts',(19.2,-3.67620999227565,12.8));
#10292=CARTESIAN_POINT('Origin',(17.,-6.00000000000009,12.8));
#10293=CARTESIAN_POINT('Origin',(18.3132198918593,-3.0818750000001,15.8));
#10294=CARTESIAN_POINT('',(18.2152184073922,-2.8518843283583,15.8));
#10295=CARTESIAN_POINT('Origin',(17.,-1.03805852802452E-13,15.8));
#10296=CARTESIAN_POINT('',(18.3795510357974,2.77611940298497,13.05));
#10297=CARTESIAN_POINT('',(18.3795510357974,2.77611940298497,15.8));
#10298=CARTESIAN_POINT('',(19.2,2.18403296678404,13.05));
#10299=CARTESIAN_POINT('Origin',(17.,-1.03805852802452E-13,13.05));
#10300=CARTESIAN_POINT('',(19.2,2.18403296678404,15.8));
#10301=CARTESIAN_POINT('',(19.2,-2.18403296678424,15.8));
#10302=CARTESIAN_POINT('Origin',(15.6867801081407,-3.08187500000009,13.05));
#10303=CARTESIAN_POINT('',(15.6867801081407,-3.0818750000001,12.8));
#10304=CARTESIAN_POINT('Origin',(15.6867801081407,-3.0818750000001,13.05));
#10305=CARTESIAN_POINT('Origin',(15.6867801081407,-3.08187500000009,13.05));
#10306=CARTESIAN_POINT('Origin',(15.5091948484125,2.9999999999999,13.05));
#10307=CARTESIAN_POINT('',(15.5091948484125,2.9999999999999,12.8));
#10308=CARTESIAN_POINT('Origin',(15.5091948484125,2.9999999999999,13.05));
#10309=CARTESIAN_POINT('Origin',(15.5091948484125,2.9999999999999,13.05));
#10310=CARTESIAN_POINT('Origin',(17.,5.9999999999999,13.05));
#10311=CARTESIAN_POINT('',(19.2,8.52636101933184,12.8));
#10312=CARTESIAN_POINT('',(19.2,8.18403296678404,13.05));
#10313=CARTESIAN_POINT('Ctrl Pts',(19.2,8.18403296678404,13.05));
#10314=CARTESIAN_POINT('Ctrl Pts',(19.2,8.18403296678404,13.0223085570065));
#10315=CARTESIAN_POINT('Ctrl Pts',(19.2,8.19235850125431,12.9901386869807));
#10316=CARTESIAN_POINT('Ctrl Pts',(19.2,8.22001051577494,12.935672441438));
#10317=CARTESIAN_POINT('Ctrl Pts',(19.2,8.24628809718676,12.9054211526618));
#10318=CARTESIAN_POINT('Ctrl Pts',(19.2,8.30356129976814,12.8589014819339));
#10319=CARTESIAN_POINT('Ctrl Pts',(19.2,8.34650228932056,12.8364157691142));
#10320=CARTESIAN_POINT('Ctrl Pts',(19.2,8.42752910514777,12.8087001368171));
#10321=CARTESIAN_POINT('Ctrl Pts',(19.2,8.4811184982257,12.8));
#10322=CARTESIAN_POINT('Ctrl Pts',(19.2,8.52636101933184,12.8));
#10323=CARTESIAN_POINT('Origin',(17.,5.9999999999999,13.05));
#10324=CARTESIAN_POINT('Origin',(17.,5.9999999999999,12.8));
#10325=CARTESIAN_POINT('Origin',(17.,-1.03805852802452E-13,13.05));
#10326=CARTESIAN_POINT('Origin',(17.,-1.03805852802452E-13,12.8));
#10327=CARTESIAN_POINT('Origin',(17.,-6.00000000000009,13.05));
#10328=CARTESIAN_POINT('',(19.2,-8.32379000772453,12.8));
#10329=CARTESIAN_POINT('Ctrl Pts',(19.2,-8.32379000772453,12.8));
#10330=CARTESIAN_POINT('Ctrl Pts',(19.2,-8.27612710767761,12.8));
#10331=CARTESIAN_POINT('Ctrl Pts',(19.2,-8.21963317374155,12.8089307540163));
#10332=CARTESIAN_POINT('Ctrl Pts',(19.2,-8.13442430517776,12.8372251532763));
#10333=CARTESIAN_POINT('Ctrl Pts',(19.2,-8.08929910280731,12.8599961188468));
#10334=CARTESIAN_POINT('Ctrl Pts',(19.2,-8.02953360271322,12.9069598132862));
#10335=CARTESIAN_POINT('Ctrl Pts',(19.2,-8.00222777687393,12.9370958907047));
#10336=CARTESIAN_POINT('Ctrl Pts',(19.2,-7.97384250647406,12.9912236848452));
#10337=CARTESIAN_POINT('Ctrl Pts',(19.2,-7.96532440070343,13.022769949477));
#10338=CARTESIAN_POINT('Ctrl Pts',(19.2,-7.96532440070343,13.05));
#10339=CARTESIAN_POINT('Origin',(17.,-6.00000000000009,12.8));
#10340=CARTESIAN_POINT('Origin',(17.,5.9999999999999,15.8));
#10341=CARTESIAN_POINT('',(19.2,8.18403296678404,15.8));
#10342=CARTESIAN_POINT('',(19.2,3.81596703321575,13.05));
#10343=CARTESIAN_POINT('',(19.2,3.81596703321575,15.8));
#10344=CARTESIAN_POINT('',(18.3795510357974,3.22388059701482,13.05));
#10345=CARTESIAN_POINT('Origin',(17.,5.9999999999999,13.05));
#10346=CARTESIAN_POINT('',(18.3795510357974,3.22388059701482,15.8));
#10347=CARTESIAN_POINT('Origin',(1.11022302462516E-15,0.,12.8));
#10348=CARTESIAN_POINT('',(-19.2,12.2,12.8));
#10349=CARTESIAN_POINT('',(-19.2,6.10000000000001,12.8));
#10350=CARTESIAN_POINT('',(-16.75,12.2,12.8));
#10351=CARTESIAN_POINT('',(-8.37499999999999,12.2,12.8));
#10352=CARTESIAN_POINT('',(-12.1999999999999,16.75,12.8));
#10353=CARTESIAN_POINT('Origin',(-16.75,16.75,12.8));
#10354=CARTESIAN_POINT('',(-12.199999999999,19.2,12.8));
#10355=CARTESIAN_POINT('',(-12.2000000000026,9.6000000000023,12.8));
#10356=CARTESIAN_POINT('',(12.2,19.2,12.8));
#10357=CARTESIAN_POINT('',(6.1,19.2,12.8));
#10358=CARTESIAN_POINT('',(12.2,16.75,12.8));
#10359=CARTESIAN_POINT('',(12.2,8.37499999999999,12.8));
#10360=CARTESIAN_POINT('',(16.75,12.1999999999999,12.8));
#10361=CARTESIAN_POINT('Origin',(16.75,16.75,12.8));
#10362=CARTESIAN_POINT('',(19.2,12.199999999999,12.8));
#10363=CARTESIAN_POINT('',(9.60000000000229,12.2000000000026,12.8));
#10364=CARTESIAN_POINT('',(19.2,4.09201648339202,12.8));
#10365=CARTESIAN_POINT('',(19.2,-12.2,12.8));
#10366=CARTESIAN_POINT('',(19.2,-6.09999999999999,12.8));
#10367=CARTESIAN_POINT('',(16.75,-12.2,12.8));
#10368=CARTESIAN_POINT('',(8.37499999999999,-12.2,12.8));
#10369=CARTESIAN_POINT('',(12.1999999999999,-16.75,12.8));
#10370=CARTESIAN_POINT('Origin',(16.75,-16.75,12.8));
#10371=CARTESIAN_POINT('',(12.2000000000026,-9.60000000000229,12.8));
#10372=CARTESIAN_POINT('',(-12.2,-16.75,12.8));
#10373=CARTESIAN_POINT('',(-12.2,-8.37499999999999,12.8));
#10374=CARTESIAN_POINT('',(-16.75,-12.1999999999999,12.8));
#10375=CARTESIAN_POINT('Origin',(-16.75,-16.75,12.8));
#10376=CARTESIAN_POINT('',(-19.2,-12.199999999999,12.8));
#10377=CARTESIAN_POINT('',(-9.60000000000229,-12.2000000000026,12.8));
#10378=CARTESIAN_POINT('',(-19.2,-4.09201648339212,12.8));
#10379=CARTESIAN_POINT('',(9.5,-4.77927814934466E-14,12.8));
#10380=CARTESIAN_POINT('Origin',(-4.13318294712232E-16,-4.66293670342566E-14,
12.8));
#10381=CARTESIAN_POINT('Origin',(18.4908051515876,2.9999999999999,13.05));
#10382=CARTESIAN_POINT('Origin',(18.4908051515876,2.9999999999999,13.05));
#10383=CARTESIAN_POINT('',(18.4908051515876,2.9999999999999,12.8));
#10384=CARTESIAN_POINT('Origin',(18.4908051515876,2.9999999999999,13.05));
#10385=CARTESIAN_POINT('Origin',(18.4908051515876,2.9999999999999,13.05));
#10386=CARTESIAN_POINT('Origin',(17.,5.9999999999999,13.05));
#10387=CARTESIAN_POINT('',(19.2,3.47363898066795,12.8));
#10388=CARTESIAN_POINT('Ctrl Pts',(19.2,3.47363898066795,12.8));
#10389=CARTESIAN_POINT('Ctrl Pts',(19.2,3.51888150177409,12.8));
#10390=CARTESIAN_POINT('Ctrl Pts',(19.2,3.57247089485203,12.8087001368171));
#10391=CARTESIAN_POINT('Ctrl Pts',(19.2,3.65349771067923,12.8364157691142));
#10392=CARTESIAN_POINT('Ctrl Pts',(19.2,3.69643870023165,12.8589014819339));
#10393=CARTESIAN_POINT('Ctrl Pts',(19.2,3.75371190281303,12.9054211526618));
#10394=CARTESIAN_POINT('Ctrl Pts',(19.2,3.77998948422486,12.935672441438));
#10395=CARTESIAN_POINT('Ctrl Pts',(19.2,3.80764149874548,12.9901386869807));
#10396=CARTESIAN_POINT('Ctrl Pts',(19.2,3.81596703321575,13.0223085570065));
#10397=CARTESIAN_POINT('Ctrl Pts',(19.2,3.81596703321575,13.05));
#10398=CARTESIAN_POINT('Origin',(17.,5.9999999999999,12.8));
#10399=CARTESIAN_POINT('Origin',(17.,-1.03805852802452E-13,13.05));
#10400=CARTESIAN_POINT('',(19.2,2.52636101933184,12.8));
#10401=CARTESIAN_POINT('Ctrl Pts',(19.2,2.18403296678404,13.05));
#10402=CARTESIAN_POINT('Ctrl Pts',(19.2,2.18403296678404,13.0223085570065));
#10403=CARTESIAN_POINT('Ctrl Pts',(19.2,2.19235850125431,12.9901386869807));
#10404=CARTESIAN_POINT('Ctrl Pts',(19.2,2.22001051577494,12.935672441438));
#10405=CARTESIAN_POINT('Ctrl Pts',(19.2,2.24628809718676,12.9054211526618));
#10406=CARTESIAN_POINT('Ctrl Pts',(19.2,2.30356129976813,12.8589014819339));
#10407=CARTESIAN_POINT('Ctrl Pts',(19.2,2.34650228932056,12.8364157691142));
#10408=CARTESIAN_POINT('Ctrl Pts',(19.2,2.42752910514776,12.8087001368171));
#10409=CARTESIAN_POINT('Ctrl Pts',(19.2,2.4811184982257,12.8));
#10410=CARTESIAN_POINT('Ctrl Pts',(19.2,2.52636101933184,12.8));
#10411=CARTESIAN_POINT('Origin',(17.,-1.03805852802452E-13,12.8));
#10412=CARTESIAN_POINT('Origin',(18.4908051515876,2.9999999999999,15.8));
#10413=CARTESIAN_POINT('Origin',(-4.13318294712232E-16,-4.66293670342566E-14,
13.6));
#10414=CARTESIAN_POINT('Origin',(9.5,-4.77927814934466E-14,13.6));
#10415=CARTESIAN_POINT('Origin',(-18.3,-18.3000000000001,1.3));
#10416=CARTESIAN_POINT('',(-18.3,-20.3000000000001,1.3));
#10417=CARTESIAN_POINT('Origin',(-12.2525006948306,-16.9,15.8));
#10418=CARTESIAN_POINT('',(-13.4518338428758,-16.86,15.4));
#10419=CARTESIAN_POINT('',(-12.2525006948306,-18.1,15.4));
#10420=CARTESIAN_POINT('Origin',(-12.2525006948306,-16.9,15.4));
#10421=CARTESIAN_POINT('',(-13.4518338428758,-16.86,15.8));
#10422=CARTESIAN_POINT('',(-12.2525006948306,-18.1,15.8));
#10423=CARTESIAN_POINT('Origin',(13.7387710150173,-18.1,15.8));
#10424=CARTESIAN_POINT('',(12.2525006948305,-18.1,15.4));
#10425=CARTESIAN_POINT('',(12.2525006948305,-18.1,15.8));
#10426=CARTESIAN_POINT('',(13.7387710150173,-18.1,15.4));
#10427=CARTESIAN_POINT('Origin',(-16.9,-12.2525006948305,15.8));
#10428=CARTESIAN_POINT('',(-18.1,-12.2525006948305,15.4));
#10429=CARTESIAN_POINT('',(-16.86,-13.4518338428757,15.4));
#10430=CARTESIAN_POINT('Origin',(-16.9,-12.2525006948305,15.4));
#10431=CARTESIAN_POINT('',(-18.1,-12.2525006948305,15.8));
#10432=CARTESIAN_POINT('',(-16.86,-13.4518338428757,15.8));
#10433=CARTESIAN_POINT('Origin',(-16.75,-16.75,15.8));
#10434=CARTESIAN_POINT('Origin',(-16.75,-16.75,15.4));
#10435=CARTESIAN_POINT('Origin',(-16.9,-11.2990565197968,15.8));
#10436=CARTESIAN_POINT('',(-16.922641509434,-10.099270137956,15.4));
#10437=CARTESIAN_POINT('',(-18.1,-11.2990565197968,15.4));
#10438=CARTESIAN_POINT('Origin',(-16.9,-11.2990565197968,15.4));
#10439=CARTESIAN_POINT('',(-16.922641509434,-10.099270137956,15.8));
#10440=CARTESIAN_POINT('',(-18.1,-11.2990565197968,15.8));
#10441=CARTESIAN_POINT('Origin',(-18.1,-13.7387710150172,15.8));
#10442=CARTESIAN_POINT('',(-18.1,-13.7387710150172,15.4));
#10443=CARTESIAN_POINT('Origin',(-16.9,11.2990565197966,15.8));
#10444=CARTESIAN_POINT('',(-16.922641509434,10.0992701379558,15.4));
#10445=CARTESIAN_POINT('',(-16.922641509434,10.0992701379558,15.8));
#10446=CARTESIAN_POINT('',(-18.1,11.2990565197966,15.4));
#10447=CARTESIAN_POINT('Origin',(-16.9,11.2990565197966,15.4));
#10448=CARTESIAN_POINT('',(-18.1,11.2990565197966,15.8));
#10449=CARTESIAN_POINT('Origin',(-17.,5.9999999999999,15.8));
#10450=CARTESIAN_POINT('',(-12.9,5.9999999999999,15.4));
#10451=CARTESIAN_POINT('',(-12.9,5.9999999999999,15.8));
#10452=CARTESIAN_POINT('Origin',(-17.,5.9999999999999,15.4));
#10453=CARTESIAN_POINT('Origin',(-16.9,12.2525006948306,15.8));
#10454=CARTESIAN_POINT('',(-16.86,13.4518338428758,15.4));
#10455=CARTESIAN_POINT('',(-18.1,12.2525006948306,15.4));
#10456=CARTESIAN_POINT('Origin',(-16.9,12.2525006948306,15.4));
#10457=CARTESIAN_POINT('',(-16.86,13.4518338428758,15.8));
#10458=CARTESIAN_POINT('',(-18.1,12.2525006948306,15.8));
#10459=CARTESIAN_POINT('Origin',(-18.1,10.0999999999999,15.8));
#10460=CARTESIAN_POINT('',(-18.1,10.0999999999999,15.4));
#10461=CARTESIAN_POINT('Origin',(-12.2525006948306,16.9,15.8));
#10462=CARTESIAN_POINT('',(-12.2525006948306,18.1,15.4));
#10463=CARTESIAN_POINT('',(-13.4518338428758,16.86,15.4));
#10464=CARTESIAN_POINT('Origin',(-12.2525006948306,16.9,15.4));
#10465=CARTESIAN_POINT('',(-12.2525006948306,18.1,15.8));
#10466=CARTESIAN_POINT('',(-13.4518338428758,16.86,15.8));
#10467=CARTESIAN_POINT('Origin',(-16.75,16.75,15.8));
#10468=CARTESIAN_POINT('Origin',(-16.75,16.75,15.4));
#10469=CARTESIAN_POINT('Origin',(16.9,11.2990565197966,15.8));
#10470=CARTESIAN_POINT('',(16.922641509434,10.0992701379558,15.4));
#10471=CARTESIAN_POINT('',(18.1,11.2990565197966,15.4));
#10472=CARTESIAN_POINT('Origin',(16.9,11.2990565197966,15.4));
#10473=CARTESIAN_POINT('',(16.922641509434,10.0992701379558,15.8));
#10474=CARTESIAN_POINT('',(18.1,11.2990565197966,15.8));
#10475=CARTESIAN_POINT('Origin',(18.1,13.7387710150173,15.8));
#10476=CARTESIAN_POINT('',(18.1,12.2525006948306,15.4));
#10477=CARTESIAN_POINT('',(18.1,12.2525006948306,15.8));
#10478=CARTESIAN_POINT('',(18.1,13.7387710150173,15.4));
#10479=CARTESIAN_POINT('Origin',(16.9,12.2525006948306,15.8));
#10480=CARTESIAN_POINT('',(16.86,13.4518338428758,15.4));
#10481=CARTESIAN_POINT('Origin',(16.9,12.2525006948306,15.4));
#10482=CARTESIAN_POINT('',(16.86,13.4518338428758,15.8));
#10483=CARTESIAN_POINT('Origin',(16.75,16.75,15.8));
#10484=CARTESIAN_POINT('',(13.4518338428757,16.86,15.4));
#10485=CARTESIAN_POINT('',(13.4518338428757,16.86,15.8));
#10486=CARTESIAN_POINT('Origin',(16.75,16.75,15.4));
#10487=CARTESIAN_POINT('Origin',(12.2525006948305,16.9,15.8));
#10488=CARTESIAN_POINT('',(12.2525006948305,18.1,15.4));
#10489=CARTESIAN_POINT('Origin',(12.2525006948305,16.9,15.4));
#10490=CARTESIAN_POINT('',(12.2525006948305,18.1,15.8));
#10491=CARTESIAN_POINT('Origin',(-13.7387710150173,18.1,15.8));
#10492=CARTESIAN_POINT('',(-13.7387710150173,18.1,15.4));
#10493=CARTESIAN_POINT('Origin',(12.2525006948305,-16.9,15.8));
#10494=CARTESIAN_POINT('',(13.4518338428757,-16.86,15.4));
#10495=CARTESIAN_POINT('Origin',(12.2525006948305,-16.9,15.4));
#10496=CARTESIAN_POINT('',(13.4518338428757,-16.86,15.8));
#10497=CARTESIAN_POINT('Origin',(16.75,-16.75,15.8));
#10498=CARTESIAN_POINT('',(16.86,-13.4518338428757,15.4));
#10499=CARTESIAN_POINT('',(16.86,-13.4518338428757,15.8));
#10500=CARTESIAN_POINT('Origin',(16.75,-16.75,15.4));
#10501=CARTESIAN_POINT('Origin',(16.9,-11.2990565197968,15.8));
#10502=CARTESIAN_POINT('',(16.922641509434,-10.099270137956,15.4));
#10503=CARTESIAN_POINT('',(16.922641509434,-10.099270137956,15.8));
#10504=CARTESIAN_POINT('',(18.1,-11.2990565197968,15.4));
#10505=CARTESIAN_POINT('Origin',(16.9,-11.2990565197968,15.4));
#10506=CARTESIAN_POINT('',(18.1,-11.2990565197968,15.8));
#10507=CARTESIAN_POINT('Origin',(17.,-6.00000000000009,15.8));
#10508=CARTESIAN_POINT('',(12.9,-6.00000000000009,15.4));
#10509=CARTESIAN_POINT('',(12.9,-6.00000000000009,15.8));
#10510=CARTESIAN_POINT('Origin',(17.,-6.00000000000009,15.4));
#10511=CARTESIAN_POINT('Origin',(16.9,-12.2525006948305,15.8));
#10512=CARTESIAN_POINT('',(18.1,-12.2525006948305,15.4));
#10513=CARTESIAN_POINT('Origin',(16.9,-12.2525006948305,15.4));
#10514=CARTESIAN_POINT('',(18.1,-12.2525006948305,15.8));
#10515=CARTESIAN_POINT('Origin',(18.1,-10.1000000000001,15.8));
#10516=CARTESIAN_POINT('',(18.1,-10.1000000000001,15.4));
#10517=CARTESIAN_POINT('Origin',(-16.9,-11.2990565197968,15.8));
#10518=CARTESIAN_POINT('',(-17.3,-11.2990565197968,15.8));
#10519=CARTESIAN_POINT('',(-16.9075471698113,-10.8991277258499,15.8));
#10520=CARTESIAN_POINT('Origin',(-16.9,-11.2990565197968,15.8));
#10521=CARTESIAN_POINT('',(-16.9075471698113,-10.8991277258499,15.4));
#10522=CARTESIAN_POINT('',(-16.9075471698113,-10.8991277258499,15.8));
#10523=CARTESIAN_POINT('',(-17.3,-11.2990565197968,15.4));
#10524=CARTESIAN_POINT('Origin',(-16.9,-11.2990565197968,15.4));
#10525=CARTESIAN_POINT('',(-17.3,-11.2990565197968,15.8));
#10526=CARTESIAN_POINT('Origin',(-17.,-6.0000000000001,15.8));
#10527=CARTESIAN_POINT('',(-12.1,-6.0000000000001,15.8));
#10528=CARTESIAN_POINT('Origin',(-17.,-6.0000000000001,15.8));
#10529=CARTESIAN_POINT('',(-12.1,-6.0000000000001,15.4));
#10530=CARTESIAN_POINT('',(-12.1,-6.0000000000001,15.8));
#10531=CARTESIAN_POINT('Origin',(-17.,-6.0000000000001,15.4));
#10532=CARTESIAN_POINT('Origin',(-1.33226762955019E-14,-1.77635683940025E-14,
15.8));
#10533=CARTESIAN_POINT('',(-17.3,-12.2525006948305,15.8));
#10534=CARTESIAN_POINT('',(-17.3,-5.45000000000006,15.8));
#10535=CARTESIAN_POINT('',(-16.8866666666667,-12.6522784108456,15.8));
#10536=CARTESIAN_POINT('Origin',(-16.9,-12.2525006948305,15.8));
#10537=CARTESIAN_POINT('',(-12.6522784108456,-16.8866666666667,15.8));
#10538=CARTESIAN_POINT('Origin',(-16.75,-16.75,15.8));
#10539=CARTESIAN_POINT('',(-12.2525006948306,-17.3,15.8));
#10540=CARTESIAN_POINT('Origin',(-12.2525006948306,-16.9,15.8));
#10541=CARTESIAN_POINT('',(12.2525006948305,-17.3,15.8));
#10542=CARTESIAN_POINT('',(-6.34352885819171,-17.3,15.8));
#10543=CARTESIAN_POINT('',(12.6522784108456,-16.8866666666667,15.8));
#10544=CARTESIAN_POINT('Origin',(12.2525006948305,-16.9,15.8));
#10545=CARTESIAN_POINT('',(16.8866666666667,-12.6522784108456,15.8));
#10546=CARTESIAN_POINT('Origin',(16.75,-16.75,15.8));
#10547=CARTESIAN_POINT('',(17.3,-12.2525006948305,15.8));
#10548=CARTESIAN_POINT('Origin',(16.9,-12.2525006948305,15.8));
#10549=CARTESIAN_POINT('',(17.3,-11.2990565197968,15.8));
#10550=CARTESIAN_POINT('',(17.3,-6.34352885819168,15.8));
#10551=CARTESIAN_POINT('',(16.9075471698113,-10.8991277258499,15.8));
#10552=CARTESIAN_POINT('Origin',(16.9,-11.2990565197968,15.8));
#10553=CARTESIAN_POINT('',(12.1,-5.99999950096847,15.8));
#10554=CARTESIAN_POINT('Origin',(17.,-6.00000000000009,15.8));
#10555=CARTESIAN_POINT('',(12.1,5.9999999999999,15.8));
#10556=CARTESIAN_POINT('',(12.1,-2.99999975048424,15.8));
#10557=CARTESIAN_POINT('',(16.9075471698113,10.8991277258497,15.8));
#10558=CARTESIAN_POINT('Origin',(17.,5.9999999999999,15.8));
#10559=CARTESIAN_POINT('',(17.3,11.2990565197966,15.8));
#10560=CARTESIAN_POINT('Origin',(16.9,11.2990565197966,15.8));
#10561=CARTESIAN_POINT('',(17.3,12.2525006948306,15.8));
#10562=CARTESIAN_POINT('',(17.3,5.44540385212743,15.8));
#10563=CARTESIAN_POINT('',(16.8866666666667,12.6522784108456,15.8));
#10564=CARTESIAN_POINT('Origin',(16.9,12.2525006948306,15.8));
#10565=CARTESIAN_POINT('',(12.6522784108455,16.8866666666667,15.8));
#10566=CARTESIAN_POINT('Origin',(16.75,16.75,15.8));
#10567=CARTESIAN_POINT('',(12.2525006948305,17.3,15.8));
#10568=CARTESIAN_POINT('Origin',(12.2525006948305,16.9,15.8));
#10569=CARTESIAN_POINT('',(-12.2525006948306,17.3,15.8));
#10570=CARTESIAN_POINT('',(6.34352885819165,17.3,15.8));
#10571=CARTESIAN_POINT('',(-12.6522784108456,16.8866666666667,15.8));
#10572=CARTESIAN_POINT('Origin',(-12.2525006948306,16.9,15.8));
#10573=CARTESIAN_POINT('',(-16.8866666666667,12.6522784108456,15.8));
#10574=CARTESIAN_POINT('Origin',(-16.75,16.75,15.8));
#10575=CARTESIAN_POINT('',(-17.3,12.2525006948306,15.8));
#10576=CARTESIAN_POINT('Origin',(-16.9,12.2525006948306,15.8));
#10577=CARTESIAN_POINT('',(-17.3,11.2990565197966,15.8));
#10578=CARTESIAN_POINT('',(-17.3,6.34352885819169,15.8));
#10579=CARTESIAN_POINT('',(-16.9075471698113,10.8991277258497,15.8));
#10580=CARTESIAN_POINT('Origin',(-16.9,11.2990565197966,15.8));
#10581=CARTESIAN_POINT('',(-12.1,5.99999999464954,15.8));
#10582=CARTESIAN_POINT('Origin',(-17.,5.9999999999999,15.8));
#10583=CARTESIAN_POINT('',(-12.1,2.99999999732476,15.8));
#10584=CARTESIAN_POINT('',(-11.1,-4.79887249813101E-14,15.8));
#10585=CARTESIAN_POINT('Origin',(-4.13318294712232E-16,-4.66293670342566E-14,
15.8));
#10586=CARTESIAN_POINT('Origin',(-16.9,-12.2525006948305,15.8));
#10587=CARTESIAN_POINT('',(-17.3,-12.2525006948305,15.4));
#10588=CARTESIAN_POINT('',(-17.3,-12.2525006948305,15.8));
#10589=CARTESIAN_POINT('',(-16.8866666666667,-12.6522784108456,15.4));
#10590=CARTESIAN_POINT('Origin',(-16.9,-12.2525006948305,15.4));
#10591=CARTESIAN_POINT('',(-16.8866666666667,-12.6522784108456,15.8));
#10592=CARTESIAN_POINT('Origin',(-16.75,-16.75,15.8));
#10593=CARTESIAN_POINT('',(-12.6522784108456,-16.8866666666667,15.4));
#10594=CARTESIAN_POINT('Origin',(-16.75,-16.75,15.4));
#10595=CARTESIAN_POINT('',(-12.6522784108456,-16.8866666666667,15.8));
#10596=CARTESIAN_POINT('Origin',(-12.2525006948306,-16.9,15.8));
#10597=CARTESIAN_POINT('',(-12.2525006948306,-17.3,15.4));
#10598=CARTESIAN_POINT('Origin',(-12.2525006948306,-16.9,15.4));
#10599=CARTESIAN_POINT('',(-12.2525006948306,-17.3,15.8));
#10600=CARTESIAN_POINT('Origin',(-16.9,11.2990565197966,15.8));
#10601=CARTESIAN_POINT('',(-17.3,11.2990565197966,15.4));
#10602=CARTESIAN_POINT('',(-16.9075471698113,10.8991277258497,15.4));
#10603=CARTESIAN_POINT('Origin',(-16.9,11.2990565197966,15.4));
#10604=CARTESIAN_POINT('',(-16.9075471698113,10.8991277258497,15.8));
#10605=CARTESIAN_POINT('',(-17.3,11.2990565197966,15.8));
#10606=CARTESIAN_POINT('Origin',(-17.3,12.6870577163834,15.8));
#10607=CARTESIAN_POINT('',(-17.3,12.2525006948306,15.4));
#10608=CARTESIAN_POINT('',(-17.3,12.2525006948306,15.8));
#10609=CARTESIAN_POINT('',(-17.3,10.8999999999999,15.4));
#10610=CARTESIAN_POINT('Origin',(-16.9,12.2525006948306,15.8));
#10611=CARTESIAN_POINT('',(-16.8866666666667,12.6522784108456,15.4));
#10612=CARTESIAN_POINT('',(-16.8866666666667,12.6522784108456,15.8));
#10613=CARTESIAN_POINT('Origin',(-16.9,12.2525006948306,15.4));
#10614=CARTESIAN_POINT('Origin',(-16.75,16.75,15.8));
#10615=CARTESIAN_POINT('',(-12.6522784108456,16.8866666666667,15.4));
#10616=CARTESIAN_POINT('',(-12.6522784108456,16.8866666666667,15.8));
#10617=CARTESIAN_POINT('Origin',(-16.75,16.75,15.4));
#10618=CARTESIAN_POINT('Origin',(-12.2525006948306,16.9,15.8));
#10619=CARTESIAN_POINT('',(-12.2525006948306,17.3,15.4));
#10620=CARTESIAN_POINT('',(-12.2525006948306,17.3,15.8));
#10621=CARTESIAN_POINT('Origin',(-12.2525006948306,16.9,15.4));
#10622=CARTESIAN_POINT('Origin',(12.6870577163833,17.3,15.8));
#10623=CARTESIAN_POINT('',(12.2525006948305,17.3,15.4));
#10624=CARTESIAN_POINT('',(12.2525006948305,17.3,15.8));
#10625=CARTESIAN_POINT('',(-12.6870577163834,17.3,15.4));
#10626=CARTESIAN_POINT('Origin',(12.2525006948305,16.9,15.8));
#10627=CARTESIAN_POINT('',(12.6522784108455,16.8866666666667,15.4));
#10628=CARTESIAN_POINT('',(12.6522784108455,16.8866666666667,15.8));
#10629=CARTESIAN_POINT('Origin',(12.2525006948305,16.9,15.4));
#10630=CARTESIAN_POINT('Origin',(16.75,16.75,15.8));
#10631=CARTESIAN_POINT('',(16.8866666666667,12.6522784108456,15.4));
#10632=CARTESIAN_POINT('',(16.8866666666667,12.6522784108456,15.8));
#10633=CARTESIAN_POINT('Origin',(16.75,16.75,15.4));
#10634=CARTESIAN_POINT('Origin',(16.9,12.2525006948306,15.8));
#10635=CARTESIAN_POINT('',(17.3,12.2525006948306,15.4));
#10636=CARTESIAN_POINT('',(17.3,12.2525006948306,15.8));
#10637=CARTESIAN_POINT('Origin',(16.9,12.2525006948306,15.4));
#10638=CARTESIAN_POINT('Origin',(17.3,10.8908077042549,15.8));
#10639=CARTESIAN_POINT('',(17.3,11.2990565197966,15.4));
#10640=CARTESIAN_POINT('',(17.3,11.2990565197966,15.8));
#10641=CARTESIAN_POINT('',(17.3,12.6870577163834,15.4));
#10642=CARTESIAN_POINT('Origin',(16.9,11.2990565197966,15.8));
#10643=CARTESIAN_POINT('',(16.9075471698113,10.8991277258497,15.4));
#10644=CARTESIAN_POINT('',(16.9075471698113,10.8991277258497,15.8));
#10645=CARTESIAN_POINT('Origin',(16.9,11.2990565197966,15.4));
#10646=CARTESIAN_POINT('Origin',(17.,5.9999999999999,15.8));
#10647=CARTESIAN_POINT('',(12.1,5.9999999999999,15.4));
#10648=CARTESIAN_POINT('',(12.1,5.9999999999999,15.8));
#10649=CARTESIAN_POINT('Origin',(17.,5.9999999999999,15.4));
#10650=CARTESIAN_POINT('Origin',(12.2525006948305,-16.9,15.8));
#10651=CARTESIAN_POINT('',(12.2525006948305,-17.3,15.4));
#10652=CARTESIAN_POINT('',(12.2525006948305,-17.3,15.8));
#10653=CARTESIAN_POINT('',(12.6522784108456,-16.8866666666667,15.4));
#10654=CARTESIAN_POINT('Origin',(12.2525006948305,-16.9,15.4));
#10655=CARTESIAN_POINT('',(12.6522784108456,-16.8866666666667,15.8));
#10656=CARTESIAN_POINT('Origin',(-12.6870577163834,-17.3,15.8));
#10657=CARTESIAN_POINT('',(12.6870577163833,-17.3,15.4));
#10658=CARTESIAN_POINT('Origin',(16.9,-11.2990565197968,15.8));
#10659=CARTESIAN_POINT('',(17.3,-11.2990565197968,15.4));
#10660=CARTESIAN_POINT('',(16.9075471698113,-10.8991277258499,15.4));
#10661=CARTESIAN_POINT('Origin',(16.9,-11.2990565197968,15.4));
#10662=CARTESIAN_POINT('',(16.9075471698113,-10.8991277258499,15.8));
#10663=CARTESIAN_POINT('',(17.3,-11.2990565197968,15.8));
#10664=CARTESIAN_POINT('Origin',(17.3,-12.6870577163833,15.8));
#10665=CARTESIAN_POINT('',(17.3,-12.2525006948305,15.4));
#10666=CARTESIAN_POINT('',(17.3,-12.2525006948305,15.8));
#10667=CARTESIAN_POINT('',(17.3,-10.9000000000001,15.4));
#10668=CARTESIAN_POINT('Origin',(16.9,-12.2525006948305,15.8));
#10669=CARTESIAN_POINT('',(16.8866666666667,-12.6522784108456,15.4));
#10670=CARTESIAN_POINT('',(16.8866666666667,-12.6522784108456,15.8));
#10671=CARTESIAN_POINT('Origin',(16.9,-12.2525006948305,15.4));
#10672=CARTESIAN_POINT('Origin',(5.55111512312578E-16,-20.7,8.3));
#10673=CARTESIAN_POINT('Origin',(16.2249999999997,-13.1,4.2));
#10674=CARTESIAN_POINT('',(19.2,-12.2,5.1));
#10675=CARTESIAN_POINT('',(19.2,-14.,3.3));
#10676=CARTESIAN_POINT('',(19.2,-13.85,3.45));
#10677=CARTESIAN_POINT('',(16.75,-14.,3.3));
#10678=CARTESIAN_POINT('',(19.2,-14.,3.3));
#10679=CARTESIAN_POINT('',(16.75,-12.2,5.1));
#10680=CARTESIAN_POINT('',(16.75,-14.,3.3));
#10681=CARTESIAN_POINT('',(16.2249999999997,-12.2,5.1));
#10682=CARTESIAN_POINT('Origin',(16.75,-16.75,4.2));
#10683=CARTESIAN_POINT('',(13.9999999999999,-16.75,3.3));
#10684=CARTESIAN_POINT('',(12.1999999999999,-16.75,5.1));
#10685=CARTESIAN_POINT('',(13.9999999999999,-16.75,3.3));
#10686=CARTESIAN_POINT('Origin',(16.75,-16.75,5.1));
#10687=CARTESIAN_POINT('Origin',(16.75,-16.75,3.3));
#10688=CARTESIAN_POINT('Origin',(13.0999999999997,-17.4499999999997,4.2));
#10689=CARTESIAN_POINT('',(12.1999999999997,-17.4499999999994,5.1));
#10690=CARTESIAN_POINT('',(13.9999999999999,-16.75,3.3));
#10691=CARTESIAN_POINT('Origin',(13.1,16.2249999999997,4.2));
#10692=CARTESIAN_POINT('',(12.2,19.2,5.1));
#10693=CARTESIAN_POINT('',(14.,19.2,3.3));
#10694=CARTESIAN_POINT('',(13.85,19.2,3.45));
#10695=CARTESIAN_POINT('',(14.,16.75,3.3));
#10696=CARTESIAN_POINT('',(14.,19.2,3.3));
#10697=CARTESIAN_POINT('',(12.2,16.75,5.1));
#10698=CARTESIAN_POINT('',(14.,16.75,3.3));
#10699=CARTESIAN_POINT('',(12.2,16.2249999999997,5.1));
#10700=CARTESIAN_POINT('Origin',(16.75,16.75,4.2));
#10701=CARTESIAN_POINT('',(16.75,13.9999999999999,3.3));
#10702=CARTESIAN_POINT('',(16.75,12.1999999999999,5.1));
#10703=CARTESIAN_POINT('',(16.75,13.9999999999999,3.3));
#10704=CARTESIAN_POINT('Origin',(16.75,16.75,5.1));
#10705=CARTESIAN_POINT('Origin',(16.75,16.75,3.3));
#10706=CARTESIAN_POINT('Origin',(17.4499999999997,13.0999999999997,4.2));
#10707=CARTESIAN_POINT('',(19.2,13.9999999999999,3.3));
#10708=CARTESIAN_POINT('',(19.2,12.199999999999,5.1));
#10709=CARTESIAN_POINT('',(19.2,12.8460082416954,4.45399175830358));
#10710=CARTESIAN_POINT('',(17.4499999999993,12.1999999999997,5.1));
#10711=CARTESIAN_POINT('',(16.75,13.9999999999999,3.3));
#10712=CARTESIAN_POINT('Origin',(-16.2249999999997,13.1,4.2));
#10713=CARTESIAN_POINT('',(-19.2,12.2,5.1));
#10714=CARTESIAN_POINT('',(-19.2,14.,3.3));
#10715=CARTESIAN_POINT('',(-19.2,13.85,3.45));
#10716=CARTESIAN_POINT('',(-16.75,14.,3.3));
#10717=CARTESIAN_POINT('',(-19.2,14.,3.3));
#10718=CARTESIAN_POINT('',(-16.75,12.2,5.1));
#10719=CARTESIAN_POINT('',(-16.75,14.,3.3));
#10720=CARTESIAN_POINT('',(-16.2249999999997,12.2,5.1));
#10721=CARTESIAN_POINT('Origin',(-16.75,16.75,4.2));
#10722=CARTESIAN_POINT('',(-13.9999999999999,16.75,3.3));
#10723=CARTESIAN_POINT('',(-12.1999999999999,16.75,5.1));
#10724=CARTESIAN_POINT('',(-13.9999999999999,16.75,3.3));
#10725=CARTESIAN_POINT('Origin',(-16.75,16.75,5.1));
#10726=CARTESIAN_POINT('Origin',(-16.75,16.75,3.3));
#10727=CARTESIAN_POINT('Origin',(-13.0999999999997,17.4499999999997,4.2));
#10728=CARTESIAN_POINT('',(-13.9999999999999,19.2,3.3));
#10729=CARTESIAN_POINT('',(-12.199999999999,19.2,5.1));
#10730=CARTESIAN_POINT('',(-7.74999999999943,19.2,9.54999999999959));
#10731=CARTESIAN_POINT('',(-12.1999999999997,17.4499999999994,5.1));
#10732=CARTESIAN_POINT('',(-13.9999999999999,16.75,3.3));
#10733=CARTESIAN_POINT('Origin',(-15.2213203435597,-16.2249999999997,6.32132034355964));
#10734=CARTESIAN_POINT('',(-14.,-16.75,7.54264068711929));
#10735=CARTESIAN_POINT('',(-14.,-16.4874999999999,7.54264068711928));
#10736=CARTESIAN_POINT('',(-12.2,-16.75,9.34264068711929));
#10737=CARTESIAN_POINT('',(-16.1213203435597,-16.75,5.42132034355964));
#10738=CARTESIAN_POINT('',(-12.2,-16.4874999999999,9.34264068711929));
#10739=CARTESIAN_POINT('Origin',(-16.75,-16.75,6.32132034355964));
#10740=CARTESIAN_POINT('',(-16.7500000000008,-13.9999999999999,7.54264068711929));
#10741=CARTESIAN_POINT('',(-16.7500000000008,-12.1999999999999,9.34264068711929));
#10742=CARTESIAN_POINT('',(-16.7500000000008,-16.1213203435596,5.42132034355964));
#10743=CARTESIAN_POINT('Origin',(-16.75,-16.75,9.34264068711929));
#10744=CARTESIAN_POINT('Origin',(-16.75,-16.75,7.54264068711929));
#10745=CARTESIAN_POINT('Origin',(-17.4500000000005,-15.2213203435593,6.32132034355964));
#10746=CARTESIAN_POINT('',(-19.2,-13.9999999999999,7.54264068711836));
#10747=CARTESIAN_POINT('',(-19.2,-12.199999999999,9.34264068711929));
#10748=CARTESIAN_POINT('',(-19.2,-14.9673285852551,6.57531210186317));
#10749=CARTESIAN_POINT('',(-18.3249999999997,-12.1999999999993,9.34264068711929));
#10750=CARTESIAN_POINT('',(-18.3250000000018,-13.9999999999999,7.54264068711869));
#10751=CARTESIAN_POINT('Origin',(16.75,-14.,0.3));
#10752=CARTESIAN_POINT('',(16.75,-14.,0.3));
#10753=CARTESIAN_POINT('',(19.2,-14.,0.3));
#10754=CARTESIAN_POINT('Origin',(16.75,-16.75,0.3));
#10755=CARTESIAN_POINT('',(13.9999999999999,-16.75,0.3));
#10756=CARTESIAN_POINT('Origin',(13.9999999999999,-19.2,0.3));
#10757=CARTESIAN_POINT('Origin',(-14.,-16.75,0.3));
#10758=CARTESIAN_POINT('',(-14.,-16.75,0.3));
#10759=CARTESIAN_POINT('Origin',(-16.75,-16.75,0.3));
#10760=CARTESIAN_POINT('',(-16.75,-13.9999999999999,0.3));
#10761=CARTESIAN_POINT('Origin',(-19.2,-13.9999999999999,0.3));
#10762=CARTESIAN_POINT('',(-19.2,-13.9999999999999,0.3));
#10763=CARTESIAN_POINT('Origin',(-16.75,14.,0.3));
#10764=CARTESIAN_POINT('',(-16.75,14.,0.3));
#10765=CARTESIAN_POINT('',(-19.2,14.,0.3));
#10766=CARTESIAN_POINT('Origin',(-16.75,16.75,0.3));
#10767=CARTESIAN_POINT('',(-13.9999999999999,16.75,0.3));
#10768=CARTESIAN_POINT('Origin',(-13.9999999999999,19.2,0.3));
#10769=CARTESIAN_POINT('',(-13.9999999999999,19.2,0.3));
#10770=CARTESIAN_POINT('Origin',(14.,16.75,0.3));
#10771=CARTESIAN_POINT('',(14.,16.75,0.3));
#10772=CARTESIAN_POINT('',(14.,19.2,0.3));
#10773=CARTESIAN_POINT('Origin',(16.75,16.75,0.3));
#10774=CARTESIAN_POINT('',(16.75,13.9999999999999,0.3));
#10775=CARTESIAN_POINT('Origin',(19.2,13.9999999999999,0.3));
#10776=CARTESIAN_POINT('',(19.2,13.9999999999999,0.3));
#10777=CARTESIAN_POINT('Origin',(-19.2,3.81596703321575,0.3));
#10778=CARTESIAN_POINT('',(-19.2,1.90798351660786,12.8));
#10779=CARTESIAN_POINT('Origin',(1.11022302462516E-15,0.,12.8));
#10780=CARTESIAN_POINT('Origin',(-19.2,-2.18403296678426,0.3));
#10781=CARTESIAN_POINT('',(-19.2,-1.09201648339213,12.8));
#10782=CARTESIAN_POINT('Origin',(1.11022302462516E-15,0.,12.8));
#10783=CARTESIAN_POINT('Origin',(19.2,-4.03467559929675,0.3));
#10784=CARTESIAN_POINT('',(19.2,-2.01733779964837,12.8));
#10785=CARTESIAN_POINT('Origin',(1.11022302462516E-15,0.,12.8));
#10786=CARTESIAN_POINT('Origin',(19.2,-12.2,0.3));
#10787=CARTESIAN_POINT('',(19.2,-12.2,0.3));
#10788=CARTESIAN_POINT('Origin',(19.2,8.18403296678404,0.3));
#10789=CARTESIAN_POINT('',(19.2,12.199999999999,0.3));
#10790=CARTESIAN_POINT('Origin',(12.2,19.2,0.3));
#10791=CARTESIAN_POINT('',(12.2,19.2,0.3));
#10792=CARTESIAN_POINT('',(-12.199999999999,19.2,0.3));
#10793=CARTESIAN_POINT('Origin',(12.2,16.75,0.3));
#10794=CARTESIAN_POINT('',(12.2,16.75,0.3));
#10795=CARTESIAN_POINT('Origin',(16.75,16.75,0.3));
#10796=CARTESIAN_POINT('',(16.75,12.1999999999999,0.3));
#10797=CARTESIAN_POINT('Origin',(19.2,12.199999999999,0.3));
#10798=CARTESIAN_POINT('Origin',(16.75,-12.2,0.3));
#10799=CARTESIAN_POINT('',(16.75,-12.2,0.3));
#10800=CARTESIAN_POINT('Origin',(16.75,-16.75,0.3));
#10801=CARTESIAN_POINT('',(12.1999999999999,-16.75,0.3));
#10802=CARTESIAN_POINT('Origin',(12.199999999999,-19.2,0.3));
#10803=CARTESIAN_POINT('Origin',(-12.2,-16.75,0.3));
#10804=CARTESIAN_POINT('',(-12.2,-16.75,0.3));
#10805=CARTESIAN_POINT('Origin',(-16.75,-16.75,0.3));
#10806=CARTESIAN_POINT('',(-16.75,-12.1999999999999,0.3));
#10807=CARTESIAN_POINT('Origin',(-19.2,-12.199999999999,0.3));
#10808=CARTESIAN_POINT('',(-19.2,-12.199999999999,0.3));
#10809=CARTESIAN_POINT('Origin',(-19.2,-8.18403296678425,0.3));
#10810=CARTESIAN_POINT('Origin',(-19.2,12.2,0.3));
#10811=CARTESIAN_POINT('',(-19.2,12.2,0.3));
#10812=CARTESIAN_POINT('Origin',(-16.75,12.2,0.3));
#10813=CARTESIAN_POINT('',(-16.75,12.2,0.3));
#10814=CARTESIAN_POINT('Origin',(-16.75,16.75,0.3));
#10815=CARTESIAN_POINT('',(-12.1999999999999,16.75,0.3));
#10816=CARTESIAN_POINT('Origin',(-12.199999999999,19.2,0.3));
#10817=CARTESIAN_POINT('Origin',(19.2,2.18403296678404,0.3));
#10818=CARTESIAN_POINT('',(19.2,1.09201648339204,12.8));
#10819=CARTESIAN_POINT('Origin',(1.11022302462516E-15,0.,12.8));
#10820=CARTESIAN_POINT('Origin',(16.75,-16.75,15.8));
#10821=CARTESIAN_POINT('Origin',(16.75,-16.75,15.4));
#10822=CARTESIAN_POINT('Origin',(-17.3,-10.9000000000001,15.8));
#10823=CARTESIAN_POINT('',(-17.3,-12.6870577163833,15.4));
#10824=CARTESIAN_POINT('Origin',(-12.1,5.99999999464954,15.8));
#10825=CARTESIAN_POINT('',(-12.1,5.99999999464954,15.4));
#10826=CARTESIAN_POINT('',(-12.1,5.99999999464954,15.8));
#10827=CARTESIAN_POINT('',(-12.1,-6.0000000000001,15.4));
#10828=CARTESIAN_POINT('Origin',(-17.,5.9999999999999,15.8));
#10829=CARTESIAN_POINT('Origin',(-17.,5.9999999999999,15.4));
#10830=CARTESIAN_POINT('Origin',(12.1,-5.99999950096847,15.8));
#10831=CARTESIAN_POINT('',(12.1,-5.99999950096847,15.4));
#10832=CARTESIAN_POINT('',(12.1,-5.99999950096847,15.8));
#10833=CARTESIAN_POINT('',(12.1,5.9999999999999,15.4));
#10834=CARTESIAN_POINT('Origin',(17.,-6.00000000000009,15.8));
#10835=CARTESIAN_POINT('Origin',(17.,-6.00000000000009,15.4));
#10836=CARTESIAN_POINT('Origin',(17.,5.9999999999999,15.8));
#10837=CARTESIAN_POINT('',(12.9,5.9999999999999,15.4));
#10838=CARTESIAN_POINT('Origin',(17.,5.9999999999999,15.4));
#10839=CARTESIAN_POINT('',(12.9,5.9999999999999,15.8));
#10840=CARTESIAN_POINT('Origin',(-12.9,-6.0000000000001,15.8));
#10841=CARTESIAN_POINT('',(-12.9,-6.0000000000001,15.4));
#10842=CARTESIAN_POINT('',(-12.9,-6.0000000000001,15.8));
#10843=CARTESIAN_POINT('',(-12.9,-6.0000000000001,15.4));
#10844=CARTESIAN_POINT('Origin',(-17.,-6.0000000000001,15.8));
#10845=CARTESIAN_POINT('Origin',(-17.,-6.0000000000001,15.4));
#10846=CARTESIAN_POINT('Origin',(12.9,5.9999999999999,15.8));
#10847=CARTESIAN_POINT('',(12.9,5.9999999999999,15.4));
#10848=CARTESIAN_POINT('Origin',(2.22044604925031E-15,-2.22044604925031E-15,
15.4));
#10849=CARTESIAN_POINT('Origin',(-4.13318294712232E-16,-4.66293670342566E-14,
15.8));
#10850=CARTESIAN_POINT('',(-10.3,-4.78907532373783E-14,15.4));
#10851=CARTESIAN_POINT('',(-10.3,-4.53679808311348E-14,15.8));
#10852=CARTESIAN_POINT('Origin',(-4.13318294712232E-16,-4.66293670342566E-14,
15.4));
#10853=CARTESIAN_POINT('Origin',(-4.13318294712232E-16,-4.66293670342566E-14,
15.8));
#10854=CARTESIAN_POINT('',(-11.1,-4.79887249813101E-14,15.4));
#10855=CARTESIAN_POINT('',(-11.1,-4.5270009087203E-14,15.8));
#10856=CARTESIAN_POINT('Origin',(-4.13318294712232E-16,-4.66293670342566E-14,
15.4));
#10857=CARTESIAN_POINT('Origin',(0.,-4.66293670342566E-14,15.4));
#10858=CARTESIAN_POINT('Origin',(-20.2,-20.3000000000001,1.3));
#10859=CARTESIAN_POINT('Origin',(-22.2,-18.05,15.8));
#10860=CARTESIAN_POINT('',(-22.2,-18.05,15.8));
#10861=CARTESIAN_POINT('',(-22.2,18.05,15.8));
#10862=CARTESIAN_POINT('Origin',(-18.2,-18.2000000000001,15.8));
#10863=CARTESIAN_POINT('Origin',(-16.75,16.75,15.8));
#10864=CARTESIAN_POINT('',(-17.95,16.75,15.8));
#10865=CARTESIAN_POINT('Origin',(16.75,-16.75,15.8));
#10866=CARTESIAN_POINT('',(15.55,-16.75,15.8));
#10867=CARTESIAN_POINT('Origin',(16.75,16.75,15.8));
#10868=CARTESIAN_POINT('',(15.55,16.75,15.8));
#10869=CARTESIAN_POINT('Origin',(-16.75,-16.75,15.8));
#10870=CARTESIAN_POINT('',(-17.95,-16.75,15.8));
#10871=CARTESIAN_POINT('Origin',(-18.05,22.2,15.8));
#10872=CARTESIAN_POINT('',(-18.05,22.2,15.8));
#10873=CARTESIAN_POINT('Origin',(-18.2,18.2,15.8));
#10874=CARTESIAN_POINT('Origin',(16.9,11.2990565197966,15.4));
#10875=CARTESIAN_POINT('',(16.9075471698113,10.8991277258497,15.8));
#10876=CARTESIAN_POINT('',(17.3,11.2990565197966,15.8));
#10877=CARTESIAN_POINT('Origin',(16.9,11.2990565197966,15.8));
#10878=CARTESIAN_POINT('',(17.3,11.2990565197966,15.4));
#10879=CARTESIAN_POINT('',(17.3,11.2990565197966,15.4));
#10880=CARTESIAN_POINT('',(16.9075471698113,10.8991277258497,15.4));
#10881=CARTESIAN_POINT('Origin',(16.9,11.2990565197966,15.4));
#10882=CARTESIAN_POINT('',(16.9075471698113,10.8991277258497,15.4));
#10883=CARTESIAN_POINT('Origin',(17.3,12.2525006948306,15.4));
#10884=CARTESIAN_POINT('',(17.3,12.2525006948306,15.8));
#10885=CARTESIAN_POINT('',(17.3,6.12625034741528,15.8));
#10886=CARTESIAN_POINT('',(17.3,12.2525006948306,15.4));
#10887=CARTESIAN_POINT('',(17.3,12.2525006948306,15.4));
#10888=CARTESIAN_POINT('',(17.3,12.6870577163834,15.4));
#10889=CARTESIAN_POINT('Origin',(16.9,12.2525006948306,15.4));
#10890=CARTESIAN_POINT('',(16.8866666666667,12.6522784108456,15.8));
#10891=CARTESIAN_POINT('Origin',(16.9,12.2525006948306,15.8));
#10892=CARTESIAN_POINT('',(16.8866666666667,12.6522784108456,15.4));
#10893=CARTESIAN_POINT('',(16.8866666666667,12.6522784108456,15.4));
#10894=CARTESIAN_POINT('Origin',(16.9,12.2525006948306,15.4));
#10895=CARTESIAN_POINT('Origin',(16.75,16.75,15.4));
#10896=CARTESIAN_POINT('',(12.6522784108455,16.8866666666667,15.8));
#10897=CARTESIAN_POINT('Origin',(16.75,16.75,15.8));
#10898=CARTESIAN_POINT('',(12.6522784108455,16.8866666666667,15.4));
#10899=CARTESIAN_POINT('',(12.6522784108455,16.8866666666667,15.4));
#10900=CARTESIAN_POINT('Origin',(16.75,16.75,15.4));
#10901=CARTESIAN_POINT('Origin',(12.2525006948305,16.9,15.4));
#10902=CARTESIAN_POINT('',(12.2525006948305,17.3,15.8));
#10903=CARTESIAN_POINT('Origin',(12.2525006948305,16.9,15.8));
#10904=CARTESIAN_POINT('',(12.2525006948305,17.3,15.4));
#10905=CARTESIAN_POINT('',(12.2525006948305,17.3,15.4));
#10906=CARTESIAN_POINT('Origin',(12.2525006948305,16.9,15.4));
#10907=CARTESIAN_POINT('Origin',(-12.2525006948306,17.3,15.4));
#10908=CARTESIAN_POINT('',(-12.2525006948306,17.3,15.8));
#10909=CARTESIAN_POINT('',(-6.12625034741527,17.3,15.8));
#10910=CARTESIAN_POINT('',(-12.2525006948306,17.3,15.4));
#10911=CARTESIAN_POINT('',(-12.2525006948306,17.3,15.4));
#10912=CARTESIAN_POINT('',(-12.6870577163834,17.3,15.4));
#10913=CARTESIAN_POINT('Origin',(-12.2525006948306,16.9,15.4));
#10914=CARTESIAN_POINT('',(-12.6522784108456,16.8866666666667,15.8));
#10915=CARTESIAN_POINT('Origin',(-12.2525006948306,16.9,15.8));
#10916=CARTESIAN_POINT('',(-12.6522784108456,16.8866666666667,15.4));
#10917=CARTESIAN_POINT('',(-12.6522784108456,16.8866666666667,15.4));
#10918=CARTESIAN_POINT('Origin',(-12.2525006948306,16.9,15.4));
#10919=CARTESIAN_POINT('Origin',(-16.75,16.75,15.4));
#10920=CARTESIAN_POINT('',(-16.8866666666667,12.6522784108456,15.8));
#10921=CARTESIAN_POINT('Origin',(-16.75,16.75,15.8));
#10922=CARTESIAN_POINT('',(-16.8866666666667,12.6522784108456,15.4));
#10923=CARTESIAN_POINT('',(-16.8866666666667,12.6522784108456,15.4));
#10924=CARTESIAN_POINT('Origin',(-16.75,16.75,15.4));
#10925=CARTESIAN_POINT('Origin',(-16.9,12.2525006948306,15.4));
#10926=CARTESIAN_POINT('',(-17.3,12.2525006948306,15.8));
#10927=CARTESIAN_POINT('Origin',(-16.9,12.2525006948306,15.8));
#10928=CARTESIAN_POINT('',(-17.3,12.2525006948306,15.4));
#10929=CARTESIAN_POINT('',(-17.3,12.2525006948306,15.4));
#10930=CARTESIAN_POINT('Origin',(-16.9,12.2525006948306,15.4));
#10931=CARTESIAN_POINT('Origin',(-17.3,11.2990565197966,15.4));
#10932=CARTESIAN_POINT('',(-17.3,11.2990565197966,15.8));
#10933=CARTESIAN_POINT('',(-17.3,5.6495282598983,15.8));
#10934=CARTESIAN_POINT('',(-17.3,11.2990565197966,15.4));
#10935=CARTESIAN_POINT('',(-17.3,11.2990565197966,15.4));
#10936=CARTESIAN_POINT('',(-17.3,10.8999999999999,15.4));
#10937=CARTESIAN_POINT('Origin',(-16.9,11.2990565197966,15.4));
#10938=CARTESIAN_POINT('',(-16.9075471698113,10.8991277258497,15.8));
#10939=CARTESIAN_POINT('Origin',(-16.9,11.2990565197966,15.8));
#10940=CARTESIAN_POINT('',(-16.9075471698113,10.8991277258497,15.4));
#10941=CARTESIAN_POINT('',(-16.9075471698113,10.8991277258497,15.4));
#10942=CARTESIAN_POINT('Origin',(-16.9,11.2990565197966,15.4));
#10943=CARTESIAN_POINT('Origin',(-17.,5.9999999999999,15.4));
#10944=CARTESIAN_POINT('',(-12.1,5.99999999464954,15.8));
#10945=CARTESIAN_POINT('Origin',(-17.,5.9999999999999,15.8));
#10946=CARTESIAN_POINT('',(-12.1,5.99999999464954,15.4));
#10947=CARTESIAN_POINT('',(-12.1,5.99999999464954,15.4));
#10948=CARTESIAN_POINT('Origin',(-17.,5.9999999999999,15.4));
#10949=CARTESIAN_POINT('Origin',(-12.1,-6.0000000000001,15.4));
#10950=CARTESIAN_POINT('',(-12.1,-6.0000000000001,15.8));
#10951=CARTESIAN_POINT('',(-12.1,-3.00000000000005,15.8));
#10952=CARTESIAN_POINT('',(-12.1,-6.0000000000001,15.4));
#10953=CARTESIAN_POINT('',(-12.1,-6.0000000000001,15.4));
#10954=CARTESIAN_POINT('',(-12.1,-6.0000000000001,15.4));
#10955=CARTESIAN_POINT('Origin',(-17.,-6.0000000000001,15.4));
#10956=CARTESIAN_POINT('',(-16.9075471698113,-10.8991277258499,15.8));
#10957=CARTESIAN_POINT('Origin',(-17.,-6.0000000000001,15.8));
#10958=CARTESIAN_POINT('',(-16.9075471698113,-10.8991277258499,15.4));
#10959=CARTESIAN_POINT('',(-16.9075471698113,-10.8991277258499,15.4));
#10960=CARTESIAN_POINT('Origin',(-17.,-6.0000000000001,15.4));
#10961=CARTESIAN_POINT('Origin',(16.75,16.75,15.4));
#10962=CARTESIAN_POINT('',(13.4518338428757,16.86,15.8));
#10963=CARTESIAN_POINT('',(16.86,13.4518338428758,15.8));
#10964=CARTESIAN_POINT('Origin',(16.75,16.75,15.8));
#10965=CARTESIAN_POINT('',(16.86,13.4518338428758,15.4));
#10966=CARTESIAN_POINT('',(16.86,13.4518338428758,15.4));
#10967=CARTESIAN_POINT('',(13.4518338428757,16.86,15.4));
#10968=CARTESIAN_POINT('Origin',(16.75,16.75,15.4));
#10969=CARTESIAN_POINT('',(13.4518338428757,16.86,15.4));
#10970=CARTESIAN_POINT('Origin',(16.9,12.2525006948306,15.4));
#10971=CARTESIAN_POINT('',(18.1,12.2525006948306,15.8));
#10972=CARTESIAN_POINT('Origin',(16.9,12.2525006948306,15.8));
#10973=CARTESIAN_POINT('',(18.1,12.2525006948306,15.4));
#10974=CARTESIAN_POINT('',(18.1,12.2525006948306,15.4));
#10975=CARTESIAN_POINT('Origin',(16.9,12.2525006948306,15.4));
#10976=CARTESIAN_POINT('Origin',(18.1,11.2990565197966,15.4));
#10977=CARTESIAN_POINT('',(18.1,11.2990565197966,15.8));
#10978=CARTESIAN_POINT('',(18.1,5.6495282598983,15.8));
#10979=CARTESIAN_POINT('',(18.1,11.2990565197966,15.4));
#10980=CARTESIAN_POINT('',(18.1,11.2990565197966,15.4));
#10981=CARTESIAN_POINT('',(18.1,13.7387710150173,15.4));
#10982=CARTESIAN_POINT('Origin',(16.9,11.2990565197966,15.4));
#10983=CARTESIAN_POINT('',(16.922641509434,10.0992701379558,15.8));
#10984=CARTESIAN_POINT('Origin',(16.9,11.2990565197966,15.8));
#10985=CARTESIAN_POINT('',(16.922641509434,10.0992701379558,15.4));
#10986=CARTESIAN_POINT('',(16.922641509434,10.0992701379558,15.4));
#10987=CARTESIAN_POINT('Origin',(16.9,11.2990565197966,15.4));
#10988=CARTESIAN_POINT('Origin',(17.,5.9999999999999,15.4));
#10989=CARTESIAN_POINT('',(12.9,5.9999999999999,15.8));
#10990=CARTESIAN_POINT('Origin',(17.,5.9999999999999,15.8));
#10991=CARTESIAN_POINT('',(12.9,5.9999999999999,15.4));
#10992=CARTESIAN_POINT('',(12.9,5.9999999999999,15.4));
#10993=CARTESIAN_POINT('Origin',(17.,5.9999999999999,15.4));
#10994=CARTESIAN_POINT('Origin',(12.9,-6.00000000000009,15.4));
#10995=CARTESIAN_POINT('',(12.9,-6.00000000000009,15.8));
#10996=CARTESIAN_POINT('',(12.9,-3.00000000000005,15.8));
#10997=CARTESIAN_POINT('',(12.9,-6.00000000000009,15.4));
#10998=CARTESIAN_POINT('',(12.9,-6.00000000000009,15.4));
#10999=CARTESIAN_POINT('',(12.9,5.9999999999999,15.4));
#11000=CARTESIAN_POINT('Origin',(17.,-6.00000000000009,15.4));
#11001=CARTESIAN_POINT('',(16.922641509434,-10.099270137956,15.8));
#11002=CARTESIAN_POINT('Origin',(17.,-6.00000000000009,15.8));
#11003=CARTESIAN_POINT('',(16.922641509434,-10.099270137956,15.4));
#11004=CARTESIAN_POINT('',(16.922641509434,-10.099270137956,15.4));
#11005=CARTESIAN_POINT('Origin',(17.,-6.00000000000009,15.4));
#11006=CARTESIAN_POINT('Origin',(16.9,-11.2990565197968,15.4));
#11007=CARTESIAN_POINT('',(18.1,-11.2990565197968,15.8));
#11008=CARTESIAN_POINT('Origin',(16.9,-11.2990565197968,15.8));
#11009=CARTESIAN_POINT('',(18.1,-11.2990565197968,15.4));
#11010=CARTESIAN_POINT('',(18.1,-11.2990565197968,15.4));
#11011=CARTESIAN_POINT('Origin',(16.9,-11.2990565197968,15.4));
#11012=CARTESIAN_POINT('Origin',(18.1,-12.2525006948305,15.4));
#11013=CARTESIAN_POINT('',(18.1,-12.2525006948305,15.8));
#11014=CARTESIAN_POINT('',(18.1,-6.12625034741524,15.8));
#11015=CARTESIAN_POINT('',(18.1,-12.2525006948305,15.4));
#11016=CARTESIAN_POINT('',(18.1,-12.2525006948305,15.4));
#11017=CARTESIAN_POINT('',(18.1,-10.1000000000001,15.4));
#11018=CARTESIAN_POINT('Origin',(16.9,-12.2525006948305,15.4));
#11019=CARTESIAN_POINT('',(16.86,-13.4518338428757,15.8));
#11020=CARTESIAN_POINT('Origin',(16.9,-12.2525006948305,15.8));
#11021=CARTESIAN_POINT('',(16.86,-13.4518338428757,15.4));
#11022=CARTESIAN_POINT('',(16.86,-13.4518338428757,15.4));
#11023=CARTESIAN_POINT('Origin',(16.9,-12.2525006948305,15.4));
#11024=CARTESIAN_POINT('Origin',(16.75,-16.75,15.4));
#11025=CARTESIAN_POINT('',(13.4518338428757,-16.86,15.8));
#11026=CARTESIAN_POINT('Origin',(16.75,-16.75,15.8));
#11027=CARTESIAN_POINT('',(13.4518338428757,-16.86,15.4));
#11028=CARTESIAN_POINT('',(13.4518338428757,-16.86,15.4));
#11029=CARTESIAN_POINT('Origin',(16.75,-16.75,15.4));
#11030=CARTESIAN_POINT('Origin',(12.2525006948305,-16.9,15.4));
#11031=CARTESIAN_POINT('',(12.2525006948305,-18.1,15.8));
#11032=CARTESIAN_POINT('Origin',(12.2525006948305,-16.9,15.8));
#11033=CARTESIAN_POINT('',(12.2525006948305,-18.1,15.4));
#11034=CARTESIAN_POINT('',(12.2525006948305,-18.1,15.4));
#11035=CARTESIAN_POINT('Origin',(12.2525006948305,-16.9,15.4));
#11036=CARTESIAN_POINT('Origin',(-12.2525006948306,-18.1,15.4));
#11037=CARTESIAN_POINT('',(-12.2525006948306,-18.1,15.8));
#11038=CARTESIAN_POINT('',(-6.12625034741528,-18.1,15.8));
#11039=CARTESIAN_POINT('',(-12.2525006948306,-18.1,15.4));
#11040=CARTESIAN_POINT('',(-12.2525006948306,-18.1,15.4));
#11041=CARTESIAN_POINT('',(13.7387710150173,-18.1,15.4));
#11042=CARTESIAN_POINT('Origin',(-12.2525006948306,-16.9,15.4));
#11043=CARTESIAN_POINT('',(-13.4518338428758,-16.86,15.8));
#11044=CARTESIAN_POINT('Origin',(-12.2525006948306,-16.9,15.8));
#11045=CARTESIAN_POINT('',(-13.4518338428758,-16.86,15.4));
#11046=CARTESIAN_POINT('',(-13.4518338428758,-16.86,15.4));
#11047=CARTESIAN_POINT('Origin',(-12.2525006948306,-16.9,15.4));
#11048=CARTESIAN_POINT('Origin',(-16.9,-11.2990565197968,15.4));
#11049=CARTESIAN_POINT('',(-17.3,-11.2990565197968,15.8));
#11050=CARTESIAN_POINT('Origin',(-16.9,-11.2990565197968,15.8));
#11051=CARTESIAN_POINT('',(-17.3,-11.2990565197968,15.4));
#11052=CARTESIAN_POINT('',(-17.3,-11.2990565197968,15.4));
#11053=CARTESIAN_POINT('Origin',(-16.9,-11.2990565197968,15.4));
#11054=CARTESIAN_POINT('Origin',(-17.3,-12.2525006948305,15.4));
#11055=CARTESIAN_POINT('',(-17.3,-12.2525006948305,15.8));
#11056=CARTESIAN_POINT('',(-17.3,-6.12625034741524,15.8));
#11057=CARTESIAN_POINT('',(-17.3,-12.2525006948305,15.4));
#11058=CARTESIAN_POINT('',(-17.3,-12.2525006948305,15.4));
#11059=CARTESIAN_POINT('',(-17.3,-12.6870577163833,15.4));
#11060=CARTESIAN_POINT('Origin',(-16.9,-12.2525006948305,15.4));
#11061=CARTESIAN_POINT('',(-16.8866666666667,-12.6522784108456,15.8));
#11062=CARTESIAN_POINT('Origin',(-16.9,-12.2525006948305,15.8));
#11063=CARTESIAN_POINT('',(-16.8866666666667,-12.6522784108456,15.4));
#11064=CARTESIAN_POINT('',(-16.8866666666667,-12.6522784108456,15.4));
#11065=CARTESIAN_POINT('Origin',(-16.9,-12.2525006948305,15.4));
#11066=CARTESIAN_POINT('Origin',(-16.75,-16.75,15.4));
#11067=CARTESIAN_POINT('',(-12.6522784108456,-16.8866666666667,15.8));
#11068=CARTESIAN_POINT('Origin',(-16.75,-16.75,15.8));
#11069=CARTESIAN_POINT('',(-12.6522784108456,-16.8866666666667,15.4));
#11070=CARTESIAN_POINT('',(-12.6522784108456,-16.8866666666667,15.4));
#11071=CARTESIAN_POINT('Origin',(-16.75,-16.75,15.4));
#11072=CARTESIAN_POINT('Origin',(-12.2525006948306,-16.9,15.4));
#11073=CARTESIAN_POINT('',(-12.2525006948306,-17.3,15.8));
#11074=CARTESIAN_POINT('Origin',(-12.2525006948306,-16.9,15.8));
#11075=CARTESIAN_POINT('',(-12.2525006948306,-17.3,15.4));
#11076=CARTESIAN_POINT('',(-12.2525006948306,-17.3,15.4));
#11077=CARTESIAN_POINT('Origin',(-12.2525006948306,-16.9,15.4));
#11078=CARTESIAN_POINT('Origin',(12.2525006948305,-17.3,15.4));
#11079=CARTESIAN_POINT('',(12.2525006948305,-17.3,15.8));
#11080=CARTESIAN_POINT('',(6.12625034741525,-17.3,15.8));
#11081=CARTESIAN_POINT('',(12.2525006948305,-17.3,15.4));
#11082=CARTESIAN_POINT('',(12.2525006948305,-17.3,15.4));
#11083=CARTESIAN_POINT('',(12.6870577163833,-17.3,15.4));
#11084=CARTESIAN_POINT('Origin',(12.2525006948305,-16.9,15.4));
#11085=CARTESIAN_POINT('',(12.6522784108456,-16.8866666666667,15.8));
#11086=CARTESIAN_POINT('Origin',(12.2525006948305,-16.9,15.8));
#11087=CARTESIAN_POINT('',(12.6522784108456,-16.8866666666667,15.4));
#11088=CARTESIAN_POINT('',(12.6522784108456,-16.8866666666667,15.4));
#11089=CARTESIAN_POINT('Origin',(12.2525006948305,-16.9,15.4));
#11090=CARTESIAN_POINT('Origin',(16.75,-16.75,15.4));
#11091=CARTESIAN_POINT('',(16.8866666666667,-12.6522784108456,15.8));
#11092=CARTESIAN_POINT('Origin',(16.75,-16.75,15.8));
#11093=CARTESIAN_POINT('',(16.8866666666667,-12.6522784108456,15.4));
#11094=CARTESIAN_POINT('',(16.8866666666667,-12.6522784108456,15.4));
#11095=CARTESIAN_POINT('Origin',(16.75,-16.75,15.4));
#11096=CARTESIAN_POINT('Origin',(16.9,-12.2525006948305,15.4));
#11097=CARTESIAN_POINT('',(17.3,-12.2525006948305,15.8));
#11098=CARTESIAN_POINT('Origin',(16.9,-12.2525006948305,15.8));
#11099=CARTESIAN_POINT('',(17.3,-12.2525006948305,15.4));
#11100=CARTESIAN_POINT('',(17.3,-12.2525006948305,15.4));
#11101=CARTESIAN_POINT('Origin',(16.9,-12.2525006948305,15.4));
#11102=CARTESIAN_POINT('Origin',(17.3,-11.2990565197968,15.4));
#11103=CARTESIAN_POINT('',(17.3,-11.2990565197968,15.8));
#11104=CARTESIAN_POINT('',(17.3,-5.64952825989841,15.8));
#11105=CARTESIAN_POINT('',(17.3,-11.2990565197968,15.4));
#11106=CARTESIAN_POINT('',(17.3,-11.2990565197968,15.4));
#11107=CARTESIAN_POINT('',(17.3,-10.9000000000001,15.4));
#11108=CARTESIAN_POINT('Origin',(16.9,-11.2990565197968,15.4));
#11109=CARTESIAN_POINT('',(16.9075471698113,-10.8991277258499,15.8));
#11110=CARTESIAN_POINT('Origin',(16.9,-11.2990565197968,15.8));
#11111=CARTESIAN_POINT('',(16.9075471698113,-10.8991277258499,15.4));
#11112=CARTESIAN_POINT('',(16.9075471698113,-10.8991277258499,15.4));
#11113=CARTESIAN_POINT('Origin',(16.9,-11.2990565197968,15.4));
#11114=CARTESIAN_POINT('Origin',(17.,-6.00000000000009,15.4));
#11115=CARTESIAN_POINT('',(12.1,-5.99999950096847,15.8));
#11116=CARTESIAN_POINT('Origin',(17.,-6.00000000000009,15.8));
#11117=CARTESIAN_POINT('',(12.1,-5.99999950096847,15.4));
#11118=CARTESIAN_POINT('',(12.1,-5.99999950096847,15.4));
#11119=CARTESIAN_POINT('Origin',(17.,-6.00000000000009,15.4));
#11120=CARTESIAN_POINT('Origin',(12.1,5.9999999999999,15.4));
#11121=CARTESIAN_POINT('',(12.1,5.9999999999999,15.8));
#11122=CARTESIAN_POINT('',(12.1,2.99999999999995,15.8));
#11123=CARTESIAN_POINT('',(12.1,5.9999999999999,15.4));
#11124=CARTESIAN_POINT('',(12.1,5.9999999999999,15.4));
#11125=CARTESIAN_POINT('',(12.1,5.9999999999999,15.4));
#11126=CARTESIAN_POINT('Origin',(17.,5.9999999999999,15.4));
#11127=CARTESIAN_POINT('Origin',(17.,5.9999999999999,15.8));
#11128=CARTESIAN_POINT('Origin',(17.,5.9999999999999,15.4));
#11129=CARTESIAN_POINT('Origin',(-16.75,-16.75,15.4));
#11130=CARTESIAN_POINT('',(-16.86,-13.4518338428757,15.8));
#11131=CARTESIAN_POINT('Origin',(-16.75,-16.75,15.8));
#11132=CARTESIAN_POINT('',(-16.86,-13.4518338428757,15.4));
#11133=CARTESIAN_POINT('',(-16.86,-13.4518338428757,15.4));
#11134=CARTESIAN_POINT('Origin',(-16.75,-16.75,15.4));
#11135=CARTESIAN_POINT('Origin',(-16.9,-12.2525006948305,15.4));
#11136=CARTESIAN_POINT('',(-18.1,-12.2525006948305,15.8));
#11137=CARTESIAN_POINT('Origin',(-16.9,-12.2525006948305,15.8));
#11138=CARTESIAN_POINT('',(-18.1,-12.2525006948305,15.4));
#11139=CARTESIAN_POINT('',(-18.1,-12.2525006948305,15.4));
#11140=CARTESIAN_POINT('Origin',(-16.9,-12.2525006948305,15.4));
#11141=CARTESIAN_POINT('Origin',(-18.1,-11.2990565197968,15.4));
#11142=CARTESIAN_POINT('',(-18.1,-11.2990565197968,15.8));
#11143=CARTESIAN_POINT('',(-18.1,-5.64952825989841,15.8));
#11144=CARTESIAN_POINT('',(-18.1,-11.2990565197968,15.4));
#11145=CARTESIAN_POINT('',(-18.1,-11.2990565197968,15.4));
#11146=CARTESIAN_POINT('',(-18.1,-13.7387710150172,15.4));
#11147=CARTESIAN_POINT('Origin',(-16.9,-11.2990565197968,15.4));
#11148=CARTESIAN_POINT('',(-16.922641509434,-10.099270137956,15.8));
#11149=CARTESIAN_POINT('Origin',(-16.9,-11.2990565197968,15.8));
#11150=CARTESIAN_POINT('',(-16.922641509434,-10.099270137956,15.4));
#11151=CARTESIAN_POINT('',(-16.922641509434,-10.099270137956,15.4));
#11152=CARTESIAN_POINT('Origin',(-16.9,-11.2990565197968,15.4));
#11153=CARTESIAN_POINT('Origin',(-17.,-6.0000000000001,15.4));
#11154=CARTESIAN_POINT('',(-12.9,-6.0000000000001,15.8));
#11155=CARTESIAN_POINT('Origin',(-17.,-6.0000000000001,15.8));
#11156=CARTESIAN_POINT('',(-12.9,-6.0000000000001,15.4));
#11157=CARTESIAN_POINT('',(-12.9,-6.0000000000001,15.4));
#11158=CARTESIAN_POINT('Origin',(-17.,-6.0000000000001,15.4));
#11159=CARTESIAN_POINT('Origin',(-12.9,5.9999999999999,15.4));
#11160=CARTESIAN_POINT('',(-12.9,5.9999999999999,15.8));
#11161=CARTESIAN_POINT('',(-12.9,2.99999999999995,15.8));
#11162=CARTESIAN_POINT('',(-12.9,5.9999999999999,15.4));
#11163=CARTESIAN_POINT('',(-12.9,5.9999999999999,15.4));
#11164=CARTESIAN_POINT('',(-12.9,-6.0000000000001,15.4));
#11165=CARTESIAN_POINT('Origin',(-17.,5.9999999999999,15.4));
#11166=CARTESIAN_POINT('',(-16.922641509434,10.0992701379558,15.8));
#11167=CARTESIAN_POINT('Origin',(-17.,5.9999999999999,15.8));
#11168=CARTESIAN_POINT('',(-16.922641509434,10.0992701379558,15.4));
#11169=CARTESIAN_POINT('',(-16.922641509434,10.0992701379558,15.4));
#11170=CARTESIAN_POINT('Origin',(-17.,5.9999999999999,15.4));
#11171=CARTESIAN_POINT('Origin',(-16.9,11.2990565197966,15.4));
#11172=CARTESIAN_POINT('',(-18.1,11.2990565197966,15.8));
#11173=CARTESIAN_POINT('Origin',(-16.9,11.2990565197966,15.8));
#11174=CARTESIAN_POINT('',(-18.1,11.2990565197966,15.4));
#11175=CARTESIAN_POINT('',(-18.1,11.2990565197966,15.4));
#11176=CARTESIAN_POINT('Origin',(-16.9,11.2990565197966,15.4));
#11177=CARTESIAN_POINT('Origin',(-18.1,12.2525006948306,15.4));
#11178=CARTESIAN_POINT('',(-18.1,12.2525006948306,15.8));
#11179=CARTESIAN_POINT('',(-18.1,6.12625034741527,15.8));
#11180=CARTESIAN_POINT('',(-18.1,12.2525006948306,15.4));
#11181=CARTESIAN_POINT('',(-18.1,12.2525006948306,15.4));
#11182=CARTESIAN_POINT('',(-18.1,10.0999999999999,15.4));
#11183=CARTESIAN_POINT('Origin',(-16.9,12.2525006948306,15.4));
#11184=CARTESIAN_POINT('',(-16.86,13.4518338428758,15.8));
#11185=CARTESIAN_POINT('Origin',(-16.9,12.2525006948306,15.8));
#11186=CARTESIAN_POINT('',(-16.86,13.4518338428758,15.4));
#11187=CARTESIAN_POINT('',(-16.86,13.4518338428758,15.4));
#11188=CARTESIAN_POINT('Origin',(-16.9,12.2525006948306,15.4));
#11189=CARTESIAN_POINT('Origin',(-16.75,16.75,15.4));
#11190=CARTESIAN_POINT('',(-13.4518338428758,16.86,15.8));
#11191=CARTESIAN_POINT('Origin',(-16.75,16.75,15.8));
#11192=CARTESIAN_POINT('',(-13.4518338428758,16.86,15.4));
#11193=CARTESIAN_POINT('',(-13.4518338428758,16.86,15.4));
#11194=CARTESIAN_POINT('Origin',(-16.75,16.75,15.4));
#11195=CARTESIAN_POINT('Origin',(-12.2525006948306,16.9,15.4));
#11196=CARTESIAN_POINT('',(-12.2525006948306,18.1,15.8));
#11197=CARTESIAN_POINT('Origin',(-12.2525006948306,16.9,15.8));
#11198=CARTESIAN_POINT('',(-12.2525006948306,18.1,15.4));
#11199=CARTESIAN_POINT('',(-12.2525006948306,18.1,15.4));
#11200=CARTESIAN_POINT('Origin',(-12.2525006948306,16.9,15.4));
#11201=CARTESIAN_POINT('Origin',(12.2525006948305,18.1,15.4));
#11202=CARTESIAN_POINT('',(12.2525006948305,18.1,15.8));
#11203=CARTESIAN_POINT('',(6.12625034741524,18.1,15.8));
#11204=CARTESIAN_POINT('',(12.2525006948305,18.1,15.4));
#11205=CARTESIAN_POINT('',(12.2525006948305,18.1,15.4));
#11206=CARTESIAN_POINT('',(-13.7387710150173,18.1,15.4));
#11207=CARTESIAN_POINT('Origin',(12.2525006948305,16.9,15.4));
#11208=CARTESIAN_POINT('Origin',(12.2525006948305,16.9,15.8));
#11209=CARTESIAN_POINT('Origin',(12.2525006948305,16.9,15.4));
#11210=CARTESIAN_POINT('Origin',(2.22044604925031E-15,-2.22044604925031E-15,
15.4));
#11211=CARTESIAN_POINT('Origin',(2.22044604925031E-15,-2.22044604925031E-15,
15.8));
#11212=CARTESIAN_POINT('Origin',(-4.13318294712232E-16,-4.66293670342566E-14,
15.4));
#11213=CARTESIAN_POINT('',(-10.3,-4.78907532373783E-14,15.8));
#11214=CARTESIAN_POINT('Origin',(-4.13318294712232E-16,-4.66293670342566E-14,
15.8));
#11215=CARTESIAN_POINT('',(-10.3,-4.78907532373783E-14,15.4));
#11216=CARTESIAN_POINT('',(-10.3,-4.78907532373783E-14,15.4));
#11217=CARTESIAN_POINT('Origin',(-4.13318294712232E-16,-4.66293670342566E-14,
15.4));
#11218=CARTESIAN_POINT('Origin',(-4.13318294712232E-16,-4.66293670342566E-14,
15.4));
#11219=CARTESIAN_POINT('',(-11.1,-4.5270009087203E-14,15.8));
#11220=CARTESIAN_POINT('Origin',(-4.13318294712232E-16,-4.66293670342566E-14,
15.8));
#11221=CARTESIAN_POINT('',(-11.1,-4.79887249813101E-14,15.4));
#11222=CARTESIAN_POINT('',(-11.1,-4.79887249813101E-14,15.4));
#11223=CARTESIAN_POINT('Origin',(-4.13318294712232E-16,-4.66293670342566E-14,
15.4));
#11224=CARTESIAN_POINT('Origin',(0.,-4.66293670342566E-14,15.4));
#11225=CARTESIAN_POINT('Origin',(2.22044604925031E-15,-2.22044604925031E-15,
15.8));
#11226=UNCERTAINTY_MEASURE_WITH_UNIT(LENGTH_MEASURE(0.01),#11230,
'DISTANCE_ACCURACY_VALUE',
'Maximum model space distance between geometric entities at asserted c
onnectivities');
#11227=UNCERTAINTY_MEASURE_WITH_UNIT(LENGTH_MEASURE(0.01),#11230,
'DISTANCE_ACCURACY_VALUE',
'Maximum model space distance between geometric entities at asserted c
onnectivities');
#11228=(
GEOMETRIC_REPRESENTATION_CONTEXT(3)
GLOBAL_UNCERTAINTY_ASSIGNED_CONTEXT((#11226))
GLOBAL_UNIT_ASSIGNED_CONTEXT((#11230,#11232,#11233))
REPRESENTATION_CONTEXT('','3D')
);
#11229=(
GEOMETRIC_REPRESENTATION_CONTEXT(3)
GLOBAL_UNCERTAINTY_ASSIGNED_CONTEXT((#11227))
GLOBAL_UNIT_ASSIGNED_CONTEXT((#11230,#11232,#11233))
REPRESENTATION_CONTEXT('','3D')
);
#11230=(
LENGTH_UNIT()
NAMED_UNIT(*)
SI_UNIT(.MILLI.,.METRE.)
);
#11231=(
LENGTH_UNIT()
NAMED_UNIT(*)
SI_UNIT($,.METRE.)
);
#11232=(
NAMED_UNIT(*)
PLANE_ANGLE_UNIT()
SI_UNIT($,.RADIAN.)
);
#11233=(
NAMED_UNIT(*)
SI_UNIT($,.STERADIAN.)
SOLID_ANGLE_UNIT()
);
#11234=SHAPE_DEFINITION_REPRESENTATION(#11235,#11236);
#11235=PRODUCT_DEFINITION_SHAPE('',$,#11238);
#11236=SHAPE_REPRESENTATION('',(#6333),#11228);
#11237=PRODUCT_DEFINITION_CONTEXT('part definition',#11242,'design');
#11238=PRODUCT_DEFINITION('Case Front','Case Front',#11239,#11237);
#11239=PRODUCT_DEFINITION_FORMATION('',$,#11244);
#11240=PRODUCT_RELATED_PRODUCT_CATEGORY('Case Front','Case Front',(#11244));
#11241=APPLICATION_PROTOCOL_DEFINITION('international standard',
'automotive_design',2009,#11242);
#11242=APPLICATION_CONTEXT(
'Core Data for Automotive Mechanical Design Process');
#11243=PRODUCT_CONTEXT('part definition',#11242,'mechanical');
#11244=PRODUCT('Case Front','Case Front',$,(#11243));
#11245=PRESENTATION_STYLE_ASSIGNMENT((#11248));
#11246=PRESENTATION_STYLE_ASSIGNMENT((#11249));
#11247=PRESENTATION_STYLE_ASSIGNMENT((#11250));
#11248=SURFACE_STYLE_USAGE(.BOTH.,#11251);
#11249=SURFACE_STYLE_USAGE(.BOTH.,#11252);
#11250=SURFACE_STYLE_USAGE(.BOTH.,#11253);
#11251=SURFACE_SIDE_STYLE('',(#11254));
#11252=SURFACE_SIDE_STYLE('',(#11255));
#11253=SURFACE_SIDE_STYLE('',(#11256));
#11254=SURFACE_STYLE_FILL_AREA(#11257);
#11255=SURFACE_STYLE_FILL_AREA(#11258);
#11256=SURFACE_STYLE_FILL_AREA(#11259);
#11257=FILL_AREA_STYLE('Steel - Satin',(#11260));
#11258=FILL_AREA_STYLE('Plastic - Matte (Black)',(#11261));
#11259=FILL_AREA_STYLE('Plastic - Matte (Purple)',(#11262));
#11260=FILL_AREA_STYLE_COLOUR('Steel - Satin',#11263);
#11261=FILL_AREA_STYLE_COLOUR('Plastic - Matte (Black)',#11264);
#11262=FILL_AREA_STYLE_COLOUR('Plastic - Matte (Purple)',#11265);
#11263=COLOUR_RGB('Steel - Satin',0.627450980392157,0.627450980392157,0.627450980392157);
#11264=COLOUR_RGB('Plastic - Matte (Black)',0.0901960784313725,0.0901960784313725,
0.0901960784313725);
#11265=COLOUR_RGB('Plastic - Matte (Purple)',0.388235294117647,0.223529411764706,
0.796078431372549);
ENDSEC;
END-ISO-10303-21;
