ISO-10303-21;
HEADER;
/* Generated by software containing ST-Developer
 * from STEP Tools, Inc. (www.steptools.com) 
 */

FILE_DESCRIPTION(
/* description */ (''),
/* implementation_level */ '2;1');

FILE_NAME(
/* name */ 'Extrusion Mount.step',
/* time_stamp */ '2025-06-27T20:05:19-04:00',
/* author */ (''),
/* organization */ (''),
/* preprocessor_version */ 'ST-DEVELOPER v20.1',
/* originating_system */ 'Autodesk Translation Framework v14.10.0.0',
/* authorisation */ '');

FILE_SCHEMA (('AUTOMOTIVE_DESIGN { 1 0 10303 214 3 1 1 }'));
ENDSEC;

DATA;
#10=MECHANICAL_DESIGN_GEOMETRIC_PRESENTATION_REPRESENTATION('',(#13),#9624);
#11=SHAPE_REPRESENTATION_RELATIONSHIP('SRR','None',#9631,#12);
#12=ADVANCED_BREP_SHAPE_REPRESENTATION('',(#14),#9623);
#13=STYLED_ITEM('',(#9641),#14);
#14=MANIFOLD_SOLID_BREP('Extrusion Mount',#5115);
#15=FACE_BOUND('',#984,.T.);
#16=FACE_BOUND('',#989,.T.);
#17=FACE_BOUND('',#1001,.T.);
#18=FACE_BOUND('',#1150,.T.);
#19=FACE_BOUND('',#1154,.T.);
#20=FACE_BOUND('',#1157,.T.);
#21=FACE_BOUND('',#1163,.T.);
#22=FACE_BOUND('',#1164,.T.);
#23=FACE_BOUND('',#1165,.T.);
#24=FACE_BOUND('',#1176,.T.);
#25=FACE_BOUND('',#1182,.T.);
#26=FACE_BOUND('',#1183,.T.);
#27=FACE_BOUND('',#1184,.T.);
#28=TOROIDAL_SURFACE('',#5294,12.,2.);
#29=TOROIDAL_SURFACE('',#5300,4.3,1.);
#30=TOROIDAL_SURFACE('',#5402,12.,2.);
#31=TOROIDAL_SURFACE('',#5413,2.05,0.4);
#32=TOROIDAL_SURFACE('',#5423,2.05,0.4);
#33=TOROIDAL_SURFACE('',#5618,12.,2.);
#34=TOROIDAL_SURFACE('',#5625,4.3,1.);
#35=TOROIDAL_SURFACE('',#5727,12.,2.);
#36=TOROIDAL_SURFACE('',#5738,2.05,0.4);
#37=TOROIDAL_SURFACE('',#5748,2.05,0.4);
#38=B_SPLINE_SURFACE_WITH_KNOTS('',3,3,((#7868,#7869,#7870,#7871,#7872),
(#7873,#7874,#7875,#7876,#7877),(#7878,#7879,#7880,#7881,#7882),(#7883,
#7884,#7885,#7886,#7887),(#7888,#7889,#7890,#7891,#7892)),.UNSPECIFIED.,
 .F.,.F.,.F.,(4,1,4),(4,1,4),(0.,0.571428571428571,1.),(0.54539861260634,
0.984854775830007,1.5707963267949),.UNSPECIFIED.);
#39=B_SPLINE_SURFACE_WITH_KNOTS('',3,3,((#8255,#8256,#8257,#8258),(#8259,
#8260,#8261,#8262),(#8263,#8264,#8265,#8266),(#8267,#8268,#8269,#8270),
(#8271,#8272,#8273,#8274)),.UNSPECIFIED.,.F.,.F.,.F.,(4,1,4),(4,4),(0.,
0.571428571428571,1.),(1.24203634154875,1.5707963267949),.UNSPECIFIED.);
#40=B_SPLINE_SURFACE_WITH_KNOTS('',3,3,((#8436,#8437,#8438,#8439),(#8440,
#8441,#8442,#8443),(#8444,#8445,#8446,#8447),(#8448,#8449,#8450,#8451),
(#8452,#8453,#8454,#8455)),.UNSPECIFIED.,.F.,.F.,.F.,(4,1,4),(4,4),(0.,
0.571428571428571,1.),(0.54539861260634,0.998779790247905),
 .UNSPECIFIED.);
#41=B_SPLINE_SURFACE_WITH_KNOTS('',3,3,((#8968,#8969,#8970,#8971,#8972),
(#8973,#8974,#8975,#8976,#8977),(#8978,#8979,#8980,#8981,#8982),(#8983,
#8984,#8985,#8986,#8987),(#8988,#8989,#8990,#8991,#8992)),.UNSPECIFIED.,
 .F.,.F.,.F.,(4,1,4),(4,1,4),(0.,0.571428571428571,1.),(0.54539861260634,
0.984854775830007,1.5707963267949),.UNSPECIFIED.);
#42=B_SPLINE_SURFACE_WITH_KNOTS('',3,3,((#9358,#9359,#9360,#9361),(#9362,
#9363,#9364,#9365),(#9366,#9367,#9368,#9369),(#9370,#9371,#9372,#9373),
(#9374,#9375,#9376,#9377)),.UNSPECIFIED.,.F.,.F.,.F.,(4,1,4),(4,4),(0.,
0.571428571428571,1.),(1.24203634154875,1.5707963267949),.UNSPECIFIED.);
#43=B_SPLINE_SURFACE_WITH_KNOTS('',3,3,((#9557,#9558,#9559,#9560),(#9561,
#9562,#9563,#9564),(#9565,#9566,#9567,#9568),(#9569,#9570,#9571,#9572),
(#9573,#9574,#9575,#9576)),.UNSPECIFIED.,.F.,.F.,.F.,(4,1,4),(4,4),(0.,
0.571428571428571,1.),(0.54539861260634,0.998779790247905),
 .UNSPECIFIED.);
#44=CONICAL_SURFACE('',#5186,4.15,1.31561393617408);
#45=CONICAL_SURFACE('',#5190,4.15,1.31561393617408);
#46=CONICAL_SURFACE('',#5195,4.15,1.31561393617408);
#47=CONICAL_SURFACE('',#5201,4.15,1.31561393617408);
#48=CONICAL_SURFACE('',#5207,4.15,1.31561393617408);
#49=CONICAL_SURFACE('',#5213,4.15,1.31561393617408);
#50=CONICAL_SURFACE('',#5219,4.15,1.31561393617408);
#51=CONICAL_SURFACE('',#5225,4.15,1.31561393617408);
#52=CONICAL_SURFACE('',#5231,4.15,1.31561393617408);
#53=CONICAL_SURFACE('',#5237,4.15,1.31561393617408);
#54=CONICAL_SURFACE('',#5241,4.15,1.31561393617408);
#55=CONICAL_SURFACE('',#5245,4.15,1.31561393617408);
#56=CONICAL_SURFACE('',#5249,4.15,1.31561393617408);
#57=CONICAL_SURFACE('',#5253,4.15,1.31561393617408);
#58=CONICAL_SURFACE('',#5257,4.15,1.31561393617408);
#59=CONICAL_SURFACE('',#5261,4.15,1.31561393617408);
#60=CONICAL_SURFACE('',#5265,4.15,1.31561393617408);
#61=CONICAL_SURFACE('',#5269,4.15,1.31561393617408);
#62=CONICAL_SURFACE('',#5281,4.15,1.31561393617408);
#63=CONICAL_SURFACE('',#5308,4.15,1.31561393617408);
#64=CONICAL_SURFACE('',#5312,4.15,1.31561393617408);
#65=CONICAL_SURFACE('',#5317,4.15,1.31561393617408);
#66=CONICAL_SURFACE('',#5323,4.15,1.31561393617408);
#67=CONICAL_SURFACE('',#5329,4.15,1.31561393617408);
#68=CONICAL_SURFACE('',#5335,4.15,1.31561393617408);
#69=CONICAL_SURFACE('',#5341,4.15,1.31561393617408);
#70=CONICAL_SURFACE('',#5347,4.15,1.31561393617408);
#71=CONICAL_SURFACE('',#5353,4.15,1.31561393617408);
#72=CONICAL_SURFACE('',#5360,4.15,1.31561393617408);
#73=CONICAL_SURFACE('',#5364,4.15,1.31561393617408);
#74=CONICAL_SURFACE('',#5368,4.15,1.31561393617408);
#75=CONICAL_SURFACE('',#5372,4.15,1.31561393617408);
#76=CONICAL_SURFACE('',#5376,4.15,1.31561393617408);
#77=CONICAL_SURFACE('',#5380,4.15,1.31561393617408);
#78=CONICAL_SURFACE('',#5384,4.15,1.31561393617408);
#79=CONICAL_SURFACE('',#5388,4.15,1.31561393617408);
#80=CONICAL_SURFACE('',#5432,1.8,0.785398163397458);
#81=CONICAL_SURFACE('',#5436,0.9,0.78539816339746);
#82=CONICAL_SURFACE('',#5439,0.9,0.785398163397307);
#83=CONICAL_SURFACE('',#5510,4.15,1.31561393617408);
#84=CONICAL_SURFACE('',#5514,4.15,1.31561393617408);
#85=CONICAL_SURFACE('',#5519,4.15,1.31561393617408);
#86=CONICAL_SURFACE('',#5525,4.15,1.31561393617408);
#87=CONICAL_SURFACE('',#5531,4.15,1.31561393617408);
#88=CONICAL_SURFACE('',#5537,4.15,1.31561393617408);
#89=CONICAL_SURFACE('',#5543,4.15,1.31561393617408);
#90=CONICAL_SURFACE('',#5549,4.15,1.31561393617408);
#91=CONICAL_SURFACE('',#5555,4.15,1.31561393617408);
#92=CONICAL_SURFACE('',#5561,4.15,1.31561393617408);
#93=CONICAL_SURFACE('',#5565,4.15,1.31561393617408);
#94=CONICAL_SURFACE('',#5569,4.15,1.31561393617408);
#95=CONICAL_SURFACE('',#5573,4.15,1.31561393617408);
#96=CONICAL_SURFACE('',#5577,4.15,1.31561393617408);
#97=CONICAL_SURFACE('',#5581,4.15,1.31561393617408);
#98=CONICAL_SURFACE('',#5585,4.15,1.31561393617408);
#99=CONICAL_SURFACE('',#5589,4.15,1.31561393617408);
#100=CONICAL_SURFACE('',#5593,4.15,1.31561393617408);
#101=CONICAL_SURFACE('',#5605,4.15,1.31561393617408);
#102=CONICAL_SURFACE('',#5633,4.15,1.31561393617408);
#103=CONICAL_SURFACE('',#5637,4.15,1.31561393617408);
#104=CONICAL_SURFACE('',#5642,4.15,1.31561393617408);
#105=CONICAL_SURFACE('',#5648,4.15,1.31561393617408);
#106=CONICAL_SURFACE('',#5654,4.15,1.31561393617408);
#107=CONICAL_SURFACE('',#5660,4.15,1.31561393617408);
#108=CONICAL_SURFACE('',#5666,4.15,1.31561393617408);
#109=CONICAL_SURFACE('',#5672,4.15,1.31561393617408);
#110=CONICAL_SURFACE('',#5678,4.15,1.31561393617408);
#111=CONICAL_SURFACE('',#5685,4.15,1.31561393617408);
#112=CONICAL_SURFACE('',#5689,4.15,1.31561393617408);
#113=CONICAL_SURFACE('',#5693,4.15,1.31561393617408);
#114=CONICAL_SURFACE('',#5697,4.15,1.31561393617408);
#115=CONICAL_SURFACE('',#5701,4.15,1.31561393617408);
#116=CONICAL_SURFACE('',#5705,4.15,1.31561393617408);
#117=CONICAL_SURFACE('',#5709,4.15,1.31561393617408);
#118=CONICAL_SURFACE('',#5713,4.15,1.31561393617408);
#119=CONICAL_SURFACE('',#5760,1.8,0.785398163397458);
#120=CONICAL_SURFACE('',#5764,1.8,0.785398163397458);
#121=CONICAL_SURFACE('',#5772,0.9,0.78539816339746);
#122=CONICAL_SURFACE('',#5774,0.9,0.785398163397307);
#123=(
BOUNDED_CURVE()
B_SPLINE_CURVE(2,(#7529,#7530,#7531),.UNSPECIFIED.,.F.,.F.)
B_SPLINE_CURVE_WITH_KNOTS((3,3),(67.0441736912273,95.5825017085503),
 .UNSPECIFIED.)
CURVE()
GEOMETRIC_REPRESENTATION_ITEM()
RATIONAL_B_SPLINE_CURVE((709.939488272626,847.322643271141,973.211110972154))
REPRESENTATION_ITEM('')
);
#124=(
BOUNDED_CURVE()
B_SPLINE_CURVE(2,(#7535,#7536,#7537),.UNSPECIFIED.,.F.,.F.)
B_SPLINE_CURVE_WITH_KNOTS((3,3),(67.044173685696,95.5825017014344),
 .UNSPECIFIED.)
CURVE()
GEOMETRIC_REPRESENTATION_ITEM()
RATIONAL_B_SPLINE_CURVE((709.939488284953,847.322643290776,973.211110999311))
REPRESENTATION_ITEM('')
);
#125=(
BOUNDED_CURVE()
B_SPLINE_CURVE(2,(#7546,#7547,#7548),.UNSPECIFIED.,.F.,.F.)
B_SPLINE_CURVE_WITH_KNOTS((3,3),(67.0441736873611,95.5825016691209),
 .UNSPECIFIED.)
CURVE()
GEOMETRIC_REPRESENTATION_ITEM()
RATIONAL_B_SPLINE_CURVE((709.93948859963,847.32264349908,973.21111112377))
REPRESENTATION_ITEM('')
);
#126=(
BOUNDED_CURVE()
B_SPLINE_CURVE(2,(#7553,#7554,#7555),.UNSPECIFIED.,.F.,.F.)
B_SPLINE_CURVE_WITH_KNOTS((3,3),(67.0441736897319,95.5825016721474),
 .UNSPECIFIED.)
CURVE()
GEOMETRIC_REPRESENTATION_ITEM()
RATIONAL_B_SPLINE_CURVE((709.939488593925,847.322643490049,973.211111111346))
REPRESENTATION_ITEM('')
);
#127=(
BOUNDED_CURVE()
B_SPLINE_CURVE(2,(#7564,#7565,#7566),.UNSPECIFIED.,.F.,.F.)
B_SPLINE_CURVE_WITH_KNOTS((3,3),(67.0441736916106,95.5825016896504),
 .UNSPECIFIED.)
CURVE()
GEOMETRIC_REPRESENTATION_ITEM()
RATIONAL_B_SPLINE_CURVE((709.939488451204,847.322643390625,973.211111045242))
REPRESENTATION_ITEM('')
);
#128=(
BOUNDED_CURVE()
B_SPLINE_CURVE(2,(#7573,#7574,#7575),.UNSPECIFIED.,.F.,.F.)
B_SPLINE_CURVE_WITH_KNOTS((3,3),(67.0441736541754,95.5825016398077),
 .UNSPECIFIED.)
CURVE()
GEOMETRIC_REPRESENTATION_ITEM()
RATIONAL_B_SPLINE_CURVE((709.939488534574,847.322643515344,973.211111214108))
REPRESENTATION_ITEM('')
);
#129=(
BOUNDED_CURVE()
B_SPLINE_CURVE(2,(#7584,#7585,#7586),.UNSPECIFIED.,.F.,.F.)
B_SPLINE_CURVE_WITH_KNOTS((3,3),(67.0441736519253,95.5825016369479),
 .UNSPECIFIED.)
CURVE()
GEOMETRIC_REPRESENTATION_ITEM()
RATIONAL_B_SPLINE_CURVE((709.939488539218,847.322643523057,973.211111224953))
REPRESENTATION_ITEM('')
);
#130=(
BOUNDED_CURVE()
B_SPLINE_CURVE(2,(#7590,#7591,#7592),.UNSPECIFIED.,.F.,.F.)
B_SPLINE_CURVE_WITH_KNOTS((3,3),(67.0441736628206,95.5825016509478),
 .UNSPECIFIED.)
CURVE()
GEOMETRIC_REPRESENTATION_ITEM()
RATIONAL_B_SPLINE_CURVE((709.939488514434,847.3226434837,973.211111170626))
REPRESENTATION_ITEM('')
);
#131=(
BOUNDED_CURVE()
B_SPLINE_CURVE(2,(#7601,#7602,#7603),.UNSPECIFIED.,.F.,.F.)
B_SPLINE_CURVE_WITH_KNOTS((3,3),(67.0441736942217,95.5825016815915),
 .UNSPECIFIED.)
CURVE()
GEOMETRIC_REPRESENTATION_ITEM()
RATIONAL_B_SPLINE_CURVE((709.93948855082,847.322643452256,973.211111076274))
REPRESENTATION_ITEM('')
);
#132=(
BOUNDED_CURVE()
B_SPLINE_CURVE(2,(#7607,#7608,#7609),.UNSPECIFIED.,.F.,.F.)
B_SPLINE_CURVE_WITH_KNOTS((3,3),(67.0441736829084,95.5825016670599),
 .UNSPECIFIED.)
CURVE()
GEOMETRIC_REPRESENTATION_ITEM()
RATIONAL_B_SPLINE_CURVE((709.939488576397,847.322643492961,973.211111132517))
REPRESENTATION_ITEM('')
);
#133=(
BOUNDED_CURVE()
B_SPLINE_CURVE(2,(#7618,#7619,#7620),.UNSPECIFIED.,.F.,.F.)
B_SPLINE_CURVE_WITH_KNOTS((3,3),(67.0441736826081,95.5825016732527),
 .UNSPECIFIED.)
CURVE()
GEOMETRIC_REPRESENTATION_ITEM()
RATIONAL_B_SPLINE_CURVE((709.939488515702,847.322643452444,973.211111107885))
REPRESENTATION_ITEM('')
);
#134=(
BOUNDED_CURVE()
B_SPLINE_CURVE(2,(#7624,#7625,#7626),.UNSPECIFIED.,.F.,.F.)
B_SPLINE_CURVE_WITH_KNOTS((3,3),(67.0441736942947,95.5825016882852),
 .UNSPECIFIED.)
CURVE()
GEOMETRIC_REPRESENTATION_ITEM()
RATIONAL_B_SPLINE_CURVE((709.939488489644,847.322643410933,973.211111050473))
REPRESENTATION_ITEM('')
);
#135=(
BOUNDED_CURVE()
B_SPLINE_CURVE(2,(#7635,#7636,#7637),.UNSPECIFIED.,.F.,.F.)
B_SPLINE_CURVE_WITH_KNOTS((3,3),(67.044173688143,95.5825016799448),
 .UNSPECIFIED.)
CURVE()
GEOMETRIC_REPRESENTATION_ITEM()
RATIONAL_B_SPLINE_CURVE((709.939488507857,847.322643436093,973.211111083088))
REPRESENTATION_ITEM('')
);
#136=(
BOUNDED_CURVE()
B_SPLINE_CURVE(2,(#7641,#7642,#7643),.UNSPECIFIED.,.F.,.F.)
B_SPLINE_CURVE_WITH_KNOTS((3,3),(67.0441736887903,95.5825016807932),
 .UNSPECIFIED.)
CURVE()
GEOMETRIC_REPRESENTATION_ITEM()
RATIONAL_B_SPLINE_CURVE((709.939488506678,847.322643434185,973.21111108041))
REPRESENTATION_ITEM('')
);
#137=(
BOUNDED_CURVE()
B_SPLINE_CURVE(2,(#7652,#7653,#7654),.UNSPECIFIED.,.F.,.F.)
B_SPLINE_CURVE_WITH_KNOTS((3,3),(67.0441736838894,95.5825016898268),
 .UNSPECIFIED.)
CURVE()
GEOMETRIC_REPRESENTATION_ITEM()
RATIONAL_B_SPLINE_CURVE((709.939488375013,847.322643355203,973.211111044258))
REPRESENTATION_ITEM('')
);
#138=(
BOUNDED_CURVE()
B_SPLINE_CURVE(2,(#7658,#7659,#7660),.UNSPECIFIED.,.F.,.F.)
B_SPLINE_CURVE_WITH_KNOTS((3,3),(67.0441736621312,95.5825016601288),
 .UNSPECIFIED.)
CURVE()
GEOMETRIC_REPRESENTATION_ITEM()
RATIONAL_B_SPLINE_CURVE((709.939488423316,847.322643424006,973.211111135775))
REPRESENTATION_ITEM('')
);
#139=(
BOUNDED_CURVE()
B_SPLINE_CURVE(2,(#7669,#7670,#7671),.UNSPECIFIED.,.F.,.F.)
B_SPLINE_CURVE_WITH_KNOTS((3,3),(67.0441736828518,95.5825016768818),
 .UNSPECIFIED.)
CURVE()
GEOMETRIC_REPRESENTATION_ITEM()
RATIONAL_B_SPLINE_CURVE((709.939488484701,847.32264343118,973.211111094172))
REPRESENTATION_ITEM('')
);
#140=(
BOUNDED_CURVE()
B_SPLINE_CURVE(2,(#7675,#7676,#7677),.UNSPECIFIED.,.F.,.F.)
B_SPLINE_CURVE_WITH_KNOTS((3,3),(67.0441736940466,95.5825016912463),
 .UNSPECIFIED.)
CURVE()
GEOMETRIC_REPRESENTATION_ITEM()
RATIONAL_B_SPLINE_CURVE((709.939488459096,847.322643390477,973.211111037981))
REPRESENTATION_ITEM('')
);
#141=(
BOUNDED_CURVE()
B_SPLINE_CURVE(2,(#7686,#7687,#7688),.UNSPECIFIED.,.F.,.F.)
B_SPLINE_CURVE_WITH_KNOTS((3,3),(67.044173648804,95.5825016402417),
 .UNSPECIFIED.)
CURVE()
GEOMETRIC_REPRESENTATION_ITEM()
RATIONAL_B_SPLINE_CURVE((709.939488479155,847.322643489317,973.211111212856))
REPRESENTATION_ITEM('')
);
#142=(
BOUNDED_CURVE()
B_SPLINE_CURVE(2,(#7692,#7693,#7694),.UNSPECIFIED.,.F.,.F.)
B_SPLINE_CURVE_WITH_KNOTS((3,3),(67.044173648804,95.5825016402417),
 .UNSPECIFIED.)
CURVE()
GEOMETRIC_REPRESENTATION_ITEM()
RATIONAL_B_SPLINE_CURVE((709.939488479155,847.322643489317,973.211111212856))
REPRESENTATION_ITEM('')
);
#143=(
BOUNDED_CURVE()
B_SPLINE_CURVE(2,(#7699,#7700,#7701),.UNSPECIFIED.,.F.,.F.)
B_SPLINE_CURVE_WITH_KNOTS((3,3),(67.0441736859716,95.5825016928359),
 .UNSPECIFIED.)
CURVE()
GEOMETRIC_REPRESENTATION_ITEM()
RATIONAL_B_SPLINE_CURVE((709.93948836653,847.322643344816,973.211111031681))
REPRESENTATION_ITEM('')
);
#144=(
BOUNDED_CURVE()
B_SPLINE_CURVE(2,(#7706,#7707,#7708),.UNSPECIFIED.,.F.,.F.)
B_SPLINE_CURVE_WITH_KNOTS((3,3),(67.0441736803272,95.5825016842244),
 .UNSPECIFIED.)
CURVE()
GEOMETRIC_REPRESENTATION_ITEM()
RATIONAL_B_SPLINE_CURVE((709.939488392218,847.322643374003,973.211111065458))
REPRESENTATION_ITEM('')
);
#145=(
BOUNDED_CURVE()
B_SPLINE_CURVE(2,(#7712,#7713,#7714),.UNSPECIFIED.,.F.,.F.)
B_SPLINE_CURVE_WITH_KNOTS((3,3),(67.0441736964204,95.5825017048944),
 .UNSPECIFIED.)
CURVE()
GEOMETRIC_REPRESENTATION_ITEM()
RATIONAL_B_SPLINE_CURVE((709.939488355972,847.322643316258,973.21111098563))
REPRESENTATION_ITEM('')
);
#146=(
BOUNDED_CURVE()
B_SPLINE_CURVE(2,(#7720,#7721,#7722),.UNSPECIFIED.,.F.,.F.)
B_SPLINE_CURVE_WITH_KNOTS((3,3),(67.0441736892473,95.5825016929699),
 .UNSPECIFIED.)
CURVE()
GEOMETRIC_REPRESENTATION_ITEM()
RATIONAL_B_SPLINE_CURVE((709.939488397327,847.322643359026,973.211111031846))
REPRESENTATION_ITEM('')
);
#147=(
BOUNDED_CURVE()
B_SPLINE_CURVE(2,(#7726,#7727,#7728),.UNSPECIFIED.,.F.,.F.)
B_SPLINE_CURVE_WITH_KNOTS((3,3),(67.0441736877528,95.5825016910437),
 .UNSPECIFIED.)
CURVE()
GEOMETRIC_REPRESENTATION_ITEM()
RATIONAL_B_SPLINE_CURVE((709.939488400722,847.322643364391,973.211111039241))
REPRESENTATION_ITEM('')
);
#148=(
BOUNDED_CURVE()
B_SPLINE_CURVE(2,(#7734,#7735,#7736),.UNSPECIFIED.,.F.,.F.)
B_SPLINE_CURVE_WITH_KNOTS((3,3),(67.0441736911247,95.5825016792878),
 .UNSPECIFIED.)
CURVE()
GEOMETRIC_REPRESENTATION_ITEM()
RATIONAL_B_SPLINE_CURVE((709.939488542492,847.322643453159,973.21111108542))
REPRESENTATION_ITEM('')
);
#149=(
BOUNDED_CURVE()
B_SPLINE_CURVE(2,(#7740,#7741,#7742),.UNSPECIFIED.,.F.,.F.)
B_SPLINE_CURVE_WITH_KNOTS((3,3),(67.0441736857344,95.5825016723523),
 .UNSPECIFIED.)
CURVE()
GEOMETRIC_REPRESENTATION_ITEM()
RATIONAL_B_SPLINE_CURVE((709.939488554326,847.322643472074,973.211111111629))
REPRESENTATION_ITEM('')
);
#150=(
BOUNDED_CURVE()
B_SPLINE_CURVE(2,(#7748,#7749,#7750),.UNSPECIFIED.,.F.,.F.)
B_SPLINE_CURVE_WITH_KNOTS((3,3),(67.0441736709916,95.5825016524824),
 .UNSPECIFIED.)
CURVE()
GEOMETRIC_REPRESENTATION_ITEM()
RATIONAL_B_SPLINE_CURVE((709.939488579024,847.322643510323,973.211111164856))
REPRESENTATION_ITEM('')
);
#151=(
BOUNDED_CURVE()
B_SPLINE_CURVE(2,(#7754,#7755,#7756),.UNSPECIFIED.,.F.,.F.)
B_SPLINE_CURVE_WITH_KNOTS((3,3),(67.0441736747279,95.5825016590528),
 .UNSPECIFIED.)
CURVE()
GEOMETRIC_REPRESENTATION_ITEM()
RATIONAL_B_SPLINE_CURVE((709.93948857174,847.322643506793,973.211111163497))
REPRESENTATION_ITEM('')
);
#152=(
BOUNDED_CURVE()
B_SPLINE_CURVE(2,(#7762,#7763,#7764),.UNSPECIFIED.,.F.,.F.)
B_SPLINE_CURVE_WITH_KNOTS((3,3),(67.0441736624744,95.5825016561672),
 .UNSPECIFIED.)
CURVE()
GEOMETRIC_REPRESENTATION_ITEM()
RATIONAL_B_SPLINE_CURVE((709.939488462933,847.322643449797,973.21111115062))
REPRESENTATION_ITEM('')
);
#153=(
BOUNDED_CURVE()
B_SPLINE_CURVE(2,(#7768,#7769,#7770),.UNSPECIFIED.,.F.,.F.)
B_SPLINE_CURVE_WITH_KNOTS((3,3),(67.0441736835902,95.5825016850218),
 .UNSPECIFIED.)
CURVE()
GEOMETRIC_REPRESENTATION_ITEM()
RATIONAL_B_SPLINE_CURVE((709.939488415855,847.322643382948,973.211111061825))
REPRESENTATION_ITEM('')
);
#154=(
BOUNDED_CURVE()
B_SPLINE_CURVE(2,(#7776,#7777,#7778),.UNSPECIFIED.,.F.,.F.)
B_SPLINE_CURVE_WITH_KNOTS((3,3),(67.0441736889577,95.5825016943196),
 .UNSPECIFIED.)
CURVE()
GEOMETRIC_REPRESENTATION_ITEM()
RATIONAL_B_SPLINE_CURVE((709.939488382681,847.322643350091,973.211111027495))
REPRESENTATION_ITEM('')
);
#155=(
BOUNDED_CURVE()
B_SPLINE_CURVE(2,(#7782,#7783,#7784),.UNSPECIFIED.,.F.,.F.)
B_SPLINE_CURVE_WITH_KNOTS((3,3),(67.0441736569761,95.5825016514245),
 .UNSPECIFIED.)
CURVE()
GEOMETRIC_REPRESENTATION_ITEM()
RATIONAL_B_SPLINE_CURVE((709.939488452975,847.32264345402,973.211111167717))
REPRESENTATION_ITEM('')
);
#156=(
BOUNDED_CURVE()
B_SPLINE_CURVE(2,(#7790,#7791,#7792),.UNSPECIFIED.,.F.,.F.)
B_SPLINE_CURVE_WITH_KNOTS((3,3),(67.0441736640335,95.5825016596463),
 .UNSPECIFIED.)
CURVE()
GEOMETRIC_REPRESENTATION_ITEM()
RATIONAL_B_SPLINE_CURVE((709.939488446078,847.322643435382,973.211111137615))
REPRESENTATION_ITEM('')
);
#157=(
BOUNDED_CURVE()
B_SPLINE_CURVE(2,(#7796,#7797,#7798),.UNSPECIFIED.,.F.,.F.)
B_SPLINE_CURVE_WITH_KNOTS((3,3),(67.0441736817709,95.582501684173),
 .UNSPECIFIED.)
CURVE()
GEOMETRIC_REPRESENTATION_ITEM()
RATIONAL_B_SPLINE_CURVE((709.939488406859,847.322643381008,973.211111066021))
REPRESENTATION_ITEM('')
);
#158=(
BOUNDED_CURVE()
B_SPLINE_CURVE(2,(#7804,#7805,#7806),.UNSPECIFIED.,.F.,.F.)
B_SPLINE_CURVE_WITH_KNOTS((3,3),(67.0441736900479,95.5825016794251),
 .UNSPECIFIED.)
CURVE()
GEOMETRIC_REPRESENTATION_ITEM()
RATIONAL_B_SPLINE_CURVE((709.939488530643,847.322643447301,973.2111110846))
REPRESENTATION_ITEM('')
);
#159=(
BOUNDED_CURVE()
B_SPLINE_CURVE(2,(#7809,#7810,#7811),.UNSPECIFIED.,.F.,.F.)
B_SPLINE_CURVE_WITH_KNOTS((3,3),(67.0441736868789,95.5825016753609),
 .UNSPECIFIED.)
CURVE()
GEOMETRIC_REPRESENTATION_ITEM()
RATIONAL_B_SPLINE_CURVE((709.939488537926,847.322643458875,973.211111100572))
REPRESENTATION_ITEM('')
);
#160=(
BOUNDED_CURVE()
B_SPLINE_CURVE(2,(#7825,#7826,#7827),.UNSPECIFIED.,.F.,.F.)
B_SPLINE_CURVE_WITH_KNOTS((3,3),(67.0441736859716,95.5825016928359),
 .UNSPECIFIED.)
CURVE()
GEOMETRIC_REPRESENTATION_ITEM()
RATIONAL_B_SPLINE_CURVE((709.93948836653,847.322643344816,973.211111031681))
REPRESENTATION_ITEM('')
);
#161=(
BOUNDED_CURVE()
B_SPLINE_CURVE(2,(#7972,#7973,#7974),.UNSPECIFIED.,.F.,.F.)
B_SPLINE_CURVE_WITH_KNOTS((3,3),(67.0441736912273,95.5825017085503),
 .UNSPECIFIED.)
CURVE()
GEOMETRIC_REPRESENTATION_ITEM()
RATIONAL_B_SPLINE_CURVE((709.939488272626,847.322643271141,973.211110972154))
REPRESENTATION_ITEM('')
);
#162=(
BOUNDED_CURVE()
B_SPLINE_CURVE(2,(#7978,#7979,#7980),.UNSPECIFIED.,.F.,.F.)
B_SPLINE_CURVE_WITH_KNOTS((3,3),(67.044173685696,95.5825017014344),
 .UNSPECIFIED.)
CURVE()
GEOMETRIC_REPRESENTATION_ITEM()
RATIONAL_B_SPLINE_CURVE((709.939488284953,847.322643290776,973.211110999311))
REPRESENTATION_ITEM('')
);
#163=(
BOUNDED_CURVE()
B_SPLINE_CURVE(2,(#7991,#7992,#7993),.UNSPECIFIED.,.F.,.F.)
B_SPLINE_CURVE_WITH_KNOTS((3,3),(67.0441736873611,95.5825016691209),
 .UNSPECIFIED.)
CURVE()
GEOMETRIC_REPRESENTATION_ITEM()
RATIONAL_B_SPLINE_CURVE((709.93948859963,847.32264349908,973.21111112377))
REPRESENTATION_ITEM('')
);
#164=(
BOUNDED_CURVE()
B_SPLINE_CURVE(2,(#7996,#7997,#7998),.UNSPECIFIED.,.F.,.F.)
B_SPLINE_CURVE_WITH_KNOTS((3,3),(67.0441736897319,95.5825016721474),
 .UNSPECIFIED.)
CURVE()
GEOMETRIC_REPRESENTATION_ITEM()
RATIONAL_B_SPLINE_CURVE((709.939488593925,847.322643490049,973.211111111346))
REPRESENTATION_ITEM('')
);
#165=(
BOUNDED_CURVE()
B_SPLINE_CURVE(2,(#8011,#8012,#8013),.UNSPECIFIED.,.F.,.F.)
B_SPLINE_CURVE_WITH_KNOTS((3,3),(67.0441736916106,95.5825016896504),
 .UNSPECIFIED.)
CURVE()
GEOMETRIC_REPRESENTATION_ITEM()
RATIONAL_B_SPLINE_CURVE((709.939488451204,847.322643390625,973.211111045242))
REPRESENTATION_ITEM('')
);
#166=(
BOUNDED_CURVE()
B_SPLINE_CURVE(2,(#8016,#8017,#8018),.UNSPECIFIED.,.F.,.F.)
B_SPLINE_CURVE_WITH_KNOTS((3,3),(67.0441736541754,95.5825016398077),
 .UNSPECIFIED.)
CURVE()
GEOMETRIC_REPRESENTATION_ITEM()
RATIONAL_B_SPLINE_CURVE((709.939488534574,847.322643515344,973.211111214108))
REPRESENTATION_ITEM('')
);
#167=(
BOUNDED_CURVE()
B_SPLINE_CURVE(2,(#8027,#8028,#8029),.UNSPECIFIED.,.F.,.F.)
B_SPLINE_CURVE_WITH_KNOTS((3,3),(67.0441736519253,95.5825016369479),
 .UNSPECIFIED.)
CURVE()
GEOMETRIC_REPRESENTATION_ITEM()
RATIONAL_B_SPLINE_CURVE((709.939488539218,847.322643523057,973.211111224953))
REPRESENTATION_ITEM('')
);
#168=(
BOUNDED_CURVE()
B_SPLINE_CURVE(2,(#8033,#8034,#8035),.UNSPECIFIED.,.F.,.F.)
B_SPLINE_CURVE_WITH_KNOTS((3,3),(67.0441736628206,95.5825016509478),
 .UNSPECIFIED.)
CURVE()
GEOMETRIC_REPRESENTATION_ITEM()
RATIONAL_B_SPLINE_CURVE((709.939488514434,847.3226434837,973.211111170626))
REPRESENTATION_ITEM('')
);
#169=(
BOUNDED_CURVE()
B_SPLINE_CURVE(2,(#8044,#8045,#8046),.UNSPECIFIED.,.F.,.F.)
B_SPLINE_CURVE_WITH_KNOTS((3,3),(67.0441736942217,95.5825016815915),
 .UNSPECIFIED.)
CURVE()
GEOMETRIC_REPRESENTATION_ITEM()
RATIONAL_B_SPLINE_CURVE((709.93948855082,847.322643452256,973.211111076274))
REPRESENTATION_ITEM('')
);
#170=(
BOUNDED_CURVE()
B_SPLINE_CURVE(2,(#8050,#8051,#8052),.UNSPECIFIED.,.F.,.F.)
B_SPLINE_CURVE_WITH_KNOTS((3,3),(67.0441736829084,95.5825016670599),
 .UNSPECIFIED.)
CURVE()
GEOMETRIC_REPRESENTATION_ITEM()
RATIONAL_B_SPLINE_CURVE((709.939488576397,847.322643492961,973.211111132517))
REPRESENTATION_ITEM('')
);
#171=(
BOUNDED_CURVE()
B_SPLINE_CURVE(2,(#8061,#8062,#8063),.UNSPECIFIED.,.F.,.F.)
B_SPLINE_CURVE_WITH_KNOTS((3,3),(67.0441736826081,95.5825016732527),
 .UNSPECIFIED.)
CURVE()
GEOMETRIC_REPRESENTATION_ITEM()
RATIONAL_B_SPLINE_CURVE((709.939488515702,847.322643452444,973.211111107885))
REPRESENTATION_ITEM('')
);
#172=(
BOUNDED_CURVE()
B_SPLINE_CURVE(2,(#8067,#8068,#8069),.UNSPECIFIED.,.F.,.F.)
B_SPLINE_CURVE_WITH_KNOTS((3,3),(67.0441736942947,95.5825016882852),
 .UNSPECIFIED.)
CURVE()
GEOMETRIC_REPRESENTATION_ITEM()
RATIONAL_B_SPLINE_CURVE((709.939488489644,847.322643410933,973.211111050473))
REPRESENTATION_ITEM('')
);
#173=(
BOUNDED_CURVE()
B_SPLINE_CURVE(2,(#8078,#8079,#8080),.UNSPECIFIED.,.F.,.F.)
B_SPLINE_CURVE_WITH_KNOTS((3,3),(67.044173688143,95.5825016799448),
 .UNSPECIFIED.)
CURVE()
GEOMETRIC_REPRESENTATION_ITEM()
RATIONAL_B_SPLINE_CURVE((709.939488507857,847.322643436093,973.211111083088))
REPRESENTATION_ITEM('')
);
#174=(
BOUNDED_CURVE()
B_SPLINE_CURVE(2,(#8084,#8085,#8086),.UNSPECIFIED.,.F.,.F.)
B_SPLINE_CURVE_WITH_KNOTS((3,3),(67.0441736887903,95.5825016807932),
 .UNSPECIFIED.)
CURVE()
GEOMETRIC_REPRESENTATION_ITEM()
RATIONAL_B_SPLINE_CURVE((709.939488506678,847.322643434185,973.21111108041))
REPRESENTATION_ITEM('')
);
#175=(
BOUNDED_CURVE()
B_SPLINE_CURVE(2,(#8095,#8096,#8097),.UNSPECIFIED.,.F.,.F.)
B_SPLINE_CURVE_WITH_KNOTS((3,3),(67.0441736838894,95.5825016898268),
 .UNSPECIFIED.)
CURVE()
GEOMETRIC_REPRESENTATION_ITEM()
RATIONAL_B_SPLINE_CURVE((709.939488375013,847.322643355203,973.211111044258))
REPRESENTATION_ITEM('')
);
#176=(
BOUNDED_CURVE()
B_SPLINE_CURVE(2,(#8101,#8102,#8103),.UNSPECIFIED.,.F.,.F.)
B_SPLINE_CURVE_WITH_KNOTS((3,3),(67.0441736621312,95.5825016601288),
 .UNSPECIFIED.)
CURVE()
GEOMETRIC_REPRESENTATION_ITEM()
RATIONAL_B_SPLINE_CURVE((709.939488423316,847.322643424006,973.211111135775))
REPRESENTATION_ITEM('')
);
#177=(
BOUNDED_CURVE()
B_SPLINE_CURVE(2,(#8112,#8113,#8114),.UNSPECIFIED.,.F.,.F.)
B_SPLINE_CURVE_WITH_KNOTS((3,3),(67.0441736828518,95.5825016768818),
 .UNSPECIFIED.)
CURVE()
GEOMETRIC_REPRESENTATION_ITEM()
RATIONAL_B_SPLINE_CURVE((709.939488484701,847.32264343118,973.211111094172))
REPRESENTATION_ITEM('')
);
#178=(
BOUNDED_CURVE()
B_SPLINE_CURVE(2,(#8117,#8118,#8119),.UNSPECIFIED.,.F.,.F.)
B_SPLINE_CURVE_WITH_KNOTS((3,3),(67.0441736940466,95.5825016912463),
 .UNSPECIFIED.)
CURVE()
GEOMETRIC_REPRESENTATION_ITEM()
RATIONAL_B_SPLINE_CURVE((709.939488459096,847.322643390477,973.211111037981))
REPRESENTATION_ITEM('')
);
#179=(
BOUNDED_CURVE()
B_SPLINE_CURVE(2,(#8130,#8131,#8132),.UNSPECIFIED.,.F.,.F.)
B_SPLINE_CURVE_WITH_KNOTS((3,3),(67.0441736803272,95.5825016842244),
 .UNSPECIFIED.)
CURVE()
GEOMETRIC_REPRESENTATION_ITEM()
RATIONAL_B_SPLINE_CURVE((709.939488392218,847.322643374003,973.211111065458))
REPRESENTATION_ITEM('')
);
#180=(
BOUNDED_CURVE()
B_SPLINE_CURVE(2,(#8135,#8136,#8137),.UNSPECIFIED.,.F.,.F.)
B_SPLINE_CURVE_WITH_KNOTS((3,3),(67.0441736964204,95.5825017048944),
 .UNSPECIFIED.)
CURVE()
GEOMETRIC_REPRESENTATION_ITEM()
RATIONAL_B_SPLINE_CURVE((709.939488355972,847.322643316258,973.21111098563))
REPRESENTATION_ITEM('')
);
#181=(
BOUNDED_CURVE()
B_SPLINE_CURVE(2,(#8144,#8145,#8146),.UNSPECIFIED.,.F.,.F.)
B_SPLINE_CURVE_WITH_KNOTS((3,3),(67.0441736892473,95.5825016929699),
 .UNSPECIFIED.)
CURVE()
GEOMETRIC_REPRESENTATION_ITEM()
RATIONAL_B_SPLINE_CURVE((709.939488397327,847.322643359026,973.211111031846))
REPRESENTATION_ITEM('')
);
#182=(
BOUNDED_CURVE()
B_SPLINE_CURVE(2,(#8149,#8150,#8151),.UNSPECIFIED.,.F.,.F.)
B_SPLINE_CURVE_WITH_KNOTS((3,3),(67.0441736877528,95.5825016910437),
 .UNSPECIFIED.)
CURVE()
GEOMETRIC_REPRESENTATION_ITEM()
RATIONAL_B_SPLINE_CURVE((709.939488400722,847.322643364391,973.211111039241))
REPRESENTATION_ITEM('')
);
#183=(
BOUNDED_CURVE()
B_SPLINE_CURVE(2,(#8158,#8159,#8160),.UNSPECIFIED.,.F.,.F.)
B_SPLINE_CURVE_WITH_KNOTS((3,3),(67.0441736911247,95.5825016792878),
 .UNSPECIFIED.)
CURVE()
GEOMETRIC_REPRESENTATION_ITEM()
RATIONAL_B_SPLINE_CURVE((709.939488542492,847.322643453159,973.21111108542))
REPRESENTATION_ITEM('')
);
#184=(
BOUNDED_CURVE()
B_SPLINE_CURVE(2,(#8163,#8164,#8165),.UNSPECIFIED.,.F.,.F.)
B_SPLINE_CURVE_WITH_KNOTS((3,3),(67.0441736857344,95.5825016723523),
 .UNSPECIFIED.)
CURVE()
GEOMETRIC_REPRESENTATION_ITEM()
RATIONAL_B_SPLINE_CURVE((709.939488554326,847.322643472074,973.211111111629))
REPRESENTATION_ITEM('')
);
#185=(
BOUNDED_CURVE()
B_SPLINE_CURVE(2,(#8172,#8173,#8174),.UNSPECIFIED.,.F.,.F.)
B_SPLINE_CURVE_WITH_KNOTS((3,3),(67.0441736709916,95.5825016524824),
 .UNSPECIFIED.)
CURVE()
GEOMETRIC_REPRESENTATION_ITEM()
RATIONAL_B_SPLINE_CURVE((709.939488579024,847.322643510323,973.211111164856))
REPRESENTATION_ITEM('')
);
#186=(
BOUNDED_CURVE()
B_SPLINE_CURVE(2,(#8177,#8178,#8179),.UNSPECIFIED.,.F.,.F.)
B_SPLINE_CURVE_WITH_KNOTS((3,3),(67.0441736747279,95.5825016590528),
 .UNSPECIFIED.)
CURVE()
GEOMETRIC_REPRESENTATION_ITEM()
RATIONAL_B_SPLINE_CURVE((709.93948857174,847.322643506793,973.211111163497))
REPRESENTATION_ITEM('')
);
#187=(
BOUNDED_CURVE()
B_SPLINE_CURVE(2,(#8186,#8187,#8188),.UNSPECIFIED.,.F.,.F.)
B_SPLINE_CURVE_WITH_KNOTS((3,3),(67.0441736624744,95.5825016561672),
 .UNSPECIFIED.)
CURVE()
GEOMETRIC_REPRESENTATION_ITEM()
RATIONAL_B_SPLINE_CURVE((709.939488462933,847.322643449797,973.21111115062))
REPRESENTATION_ITEM('')
);
#188=(
BOUNDED_CURVE()
B_SPLINE_CURVE(2,(#8191,#8192,#8193),.UNSPECIFIED.,.F.,.F.)
B_SPLINE_CURVE_WITH_KNOTS((3,3),(67.0441736835902,95.5825016850218),
 .UNSPECIFIED.)
CURVE()
GEOMETRIC_REPRESENTATION_ITEM()
RATIONAL_B_SPLINE_CURVE((709.939488415855,847.322643382948,973.211111061825))
REPRESENTATION_ITEM('')
);
#189=(
BOUNDED_CURVE()
B_SPLINE_CURVE(2,(#8200,#8201,#8202),.UNSPECIFIED.,.F.,.F.)
B_SPLINE_CURVE_WITH_KNOTS((3,3),(67.0441736889577,95.5825016943196),
 .UNSPECIFIED.)
CURVE()
GEOMETRIC_REPRESENTATION_ITEM()
RATIONAL_B_SPLINE_CURVE((709.939488382681,847.322643350091,973.211111027495))
REPRESENTATION_ITEM('')
);
#190=(
BOUNDED_CURVE()
B_SPLINE_CURVE(2,(#8205,#8206,#8207),.UNSPECIFIED.,.F.,.F.)
B_SPLINE_CURVE_WITH_KNOTS((3,3),(67.0441736569761,95.5825016514245),
 .UNSPECIFIED.)
CURVE()
GEOMETRIC_REPRESENTATION_ITEM()
RATIONAL_B_SPLINE_CURVE((709.939488452975,847.32264345402,973.211111167717))
REPRESENTATION_ITEM('')
);
#191=(
BOUNDED_CURVE()
B_SPLINE_CURVE(2,(#8214,#8215,#8216),.UNSPECIFIED.,.F.,.F.)
B_SPLINE_CURVE_WITH_KNOTS((3,3),(67.0441736640335,95.5825016596463),
 .UNSPECIFIED.)
CURVE()
GEOMETRIC_REPRESENTATION_ITEM()
RATIONAL_B_SPLINE_CURVE((709.939488446078,847.322643435382,973.211111137615))
REPRESENTATION_ITEM('')
);
#192=(
BOUNDED_CURVE()
B_SPLINE_CURVE(2,(#8219,#8220,#8221),.UNSPECIFIED.,.F.,.F.)
B_SPLINE_CURVE_WITH_KNOTS((3,3),(67.0441736817709,95.582501684173),
 .UNSPECIFIED.)
CURVE()
GEOMETRIC_REPRESENTATION_ITEM()
RATIONAL_B_SPLINE_CURVE((709.939488406859,847.322643381008,973.211111066021))
REPRESENTATION_ITEM('')
);
#193=(
BOUNDED_CURVE()
B_SPLINE_CURVE(2,(#8228,#8229,#8230),.UNSPECIFIED.,.F.,.F.)
B_SPLINE_CURVE_WITH_KNOTS((3,3),(67.0441736900479,95.5825016794251),
 .UNSPECIFIED.)
CURVE()
GEOMETRIC_REPRESENTATION_ITEM()
RATIONAL_B_SPLINE_CURVE((709.939488530643,847.322643447301,973.2111110846))
REPRESENTATION_ITEM('')
);
#194=(
BOUNDED_CURVE()
B_SPLINE_CURVE(2,(#8232,#8233,#8234),.UNSPECIFIED.,.F.,.F.)
B_SPLINE_CURVE_WITH_KNOTS((3,3),(67.0441736868789,95.5825016753609),
 .UNSPECIFIED.)
CURVE()
GEOMETRIC_REPRESENTATION_ITEM()
RATIONAL_B_SPLINE_CURVE((709.939488537926,847.322643458875,973.211111100572))
REPRESENTATION_ITEM('')
);
#195=(
BOUNDED_CURVE()
B_SPLINE_CURVE(2,(#8628,#8629,#8630),.UNSPECIFIED.,.F.,.F.)
B_SPLINE_CURVE_WITH_KNOTS((3,3),(67.0441736912273,95.5825017085503),
 .UNSPECIFIED.)
CURVE()
GEOMETRIC_REPRESENTATION_ITEM()
RATIONAL_B_SPLINE_CURVE((709.939488272626,847.322643271141,973.211110972154))
REPRESENTATION_ITEM('')
);
#196=(
BOUNDED_CURVE()
B_SPLINE_CURVE(2,(#8634,#8635,#8636),.UNSPECIFIED.,.F.,.F.)
B_SPLINE_CURVE_WITH_KNOTS((3,3),(67.044173685696,95.5825017014344),
 .UNSPECIFIED.)
CURVE()
GEOMETRIC_REPRESENTATION_ITEM()
RATIONAL_B_SPLINE_CURVE((709.939488284953,847.322643290776,973.211110999311))
REPRESENTATION_ITEM('')
);
#197=(
BOUNDED_CURVE()
B_SPLINE_CURVE(2,(#8647,#8648,#8649),.UNSPECIFIED.,.F.,.F.)
B_SPLINE_CURVE_WITH_KNOTS((3,3),(67.0441736873611,95.5825016691209),
 .UNSPECIFIED.)
CURVE()
GEOMETRIC_REPRESENTATION_ITEM()
RATIONAL_B_SPLINE_CURVE((709.93948859963,847.32264349908,973.21111112377))
REPRESENTATION_ITEM('')
);
#198=(
BOUNDED_CURVE()
B_SPLINE_CURVE(2,(#8652,#8653,#8654),.UNSPECIFIED.,.F.,.F.)
B_SPLINE_CURVE_WITH_KNOTS((3,3),(67.0441736897319,95.5825016721474),
 .UNSPECIFIED.)
CURVE()
GEOMETRIC_REPRESENTATION_ITEM()
RATIONAL_B_SPLINE_CURVE((709.939488593925,847.322643490049,973.211111111346))
REPRESENTATION_ITEM('')
);
#199=(
BOUNDED_CURVE()
B_SPLINE_CURVE(2,(#8667,#8668,#8669),.UNSPECIFIED.,.F.,.F.)
B_SPLINE_CURVE_WITH_KNOTS((3,3),(67.0441736916106,95.5825016896504),
 .UNSPECIFIED.)
CURVE()
GEOMETRIC_REPRESENTATION_ITEM()
RATIONAL_B_SPLINE_CURVE((709.939488451204,847.322643390625,973.211111045242))
REPRESENTATION_ITEM('')
);
#200=(
BOUNDED_CURVE()
B_SPLINE_CURVE(2,(#8672,#8673,#8674),.UNSPECIFIED.,.F.,.F.)
B_SPLINE_CURVE_WITH_KNOTS((3,3),(67.0441736541754,95.5825016398077),
 .UNSPECIFIED.)
CURVE()
GEOMETRIC_REPRESENTATION_ITEM()
RATIONAL_B_SPLINE_CURVE((709.939488534574,847.322643515344,973.211111214108))
REPRESENTATION_ITEM('')
);
#201=(
BOUNDED_CURVE()
B_SPLINE_CURVE(2,(#8683,#8684,#8685),.UNSPECIFIED.,.F.,.F.)
B_SPLINE_CURVE_WITH_KNOTS((3,3),(67.0441736519253,95.5825016369479),
 .UNSPECIFIED.)
CURVE()
GEOMETRIC_REPRESENTATION_ITEM()
RATIONAL_B_SPLINE_CURVE((709.939488539218,847.322643523057,973.211111224953))
REPRESENTATION_ITEM('')
);
#202=(
BOUNDED_CURVE()
B_SPLINE_CURVE(2,(#8689,#8690,#8691),.UNSPECIFIED.,.F.,.F.)
B_SPLINE_CURVE_WITH_KNOTS((3,3),(67.0441736628206,95.5825016509478),
 .UNSPECIFIED.)
CURVE()
GEOMETRIC_REPRESENTATION_ITEM()
RATIONAL_B_SPLINE_CURVE((709.939488514434,847.3226434837,973.211111170626))
REPRESENTATION_ITEM('')
);
#203=(
BOUNDED_CURVE()
B_SPLINE_CURVE(2,(#8700,#8701,#8702),.UNSPECIFIED.,.F.,.F.)
B_SPLINE_CURVE_WITH_KNOTS((3,3),(67.0441736942217,95.5825016815915),
 .UNSPECIFIED.)
CURVE()
GEOMETRIC_REPRESENTATION_ITEM()
RATIONAL_B_SPLINE_CURVE((709.93948855082,847.322643452256,973.211111076274))
REPRESENTATION_ITEM('')
);
#204=(
BOUNDED_CURVE()
B_SPLINE_CURVE(2,(#8706,#8707,#8708),.UNSPECIFIED.,.F.,.F.)
B_SPLINE_CURVE_WITH_KNOTS((3,3),(67.0441736829084,95.5825016670599),
 .UNSPECIFIED.)
CURVE()
GEOMETRIC_REPRESENTATION_ITEM()
RATIONAL_B_SPLINE_CURVE((709.939488576397,847.322643492961,973.211111132517))
REPRESENTATION_ITEM('')
);
#205=(
BOUNDED_CURVE()
B_SPLINE_CURVE(2,(#8717,#8718,#8719),.UNSPECIFIED.,.F.,.F.)
B_SPLINE_CURVE_WITH_KNOTS((3,3),(67.0441736826081,95.5825016732527),
 .UNSPECIFIED.)
CURVE()
GEOMETRIC_REPRESENTATION_ITEM()
RATIONAL_B_SPLINE_CURVE((709.939488515702,847.322643452444,973.211111107885))
REPRESENTATION_ITEM('')
);
#206=(
BOUNDED_CURVE()
B_SPLINE_CURVE(2,(#8723,#8724,#8725),.UNSPECIFIED.,.F.,.F.)
B_SPLINE_CURVE_WITH_KNOTS((3,3),(67.0441736942947,95.5825016882852),
 .UNSPECIFIED.)
CURVE()
GEOMETRIC_REPRESENTATION_ITEM()
RATIONAL_B_SPLINE_CURVE((709.939488489644,847.322643410933,973.211111050473))
REPRESENTATION_ITEM('')
);
#207=(
BOUNDED_CURVE()
B_SPLINE_CURVE(2,(#8734,#8735,#8736),.UNSPECIFIED.,.F.,.F.)
B_SPLINE_CURVE_WITH_KNOTS((3,3),(67.044173688143,95.5825016799448),
 .UNSPECIFIED.)
CURVE()
GEOMETRIC_REPRESENTATION_ITEM()
RATIONAL_B_SPLINE_CURVE((709.939488507857,847.322643436093,973.211111083088))
REPRESENTATION_ITEM('')
);
#208=(
BOUNDED_CURVE()
B_SPLINE_CURVE(2,(#8740,#8741,#8742),.UNSPECIFIED.,.F.,.F.)
B_SPLINE_CURVE_WITH_KNOTS((3,3),(67.0441736887903,95.5825016807932),
 .UNSPECIFIED.)
CURVE()
GEOMETRIC_REPRESENTATION_ITEM()
RATIONAL_B_SPLINE_CURVE((709.939488506678,847.322643434185,973.21111108041))
REPRESENTATION_ITEM('')
);
#209=(
BOUNDED_CURVE()
B_SPLINE_CURVE(2,(#8751,#8752,#8753),.UNSPECIFIED.,.F.,.F.)
B_SPLINE_CURVE_WITH_KNOTS((3,3),(67.0441736838894,95.5825016898268),
 .UNSPECIFIED.)
CURVE()
GEOMETRIC_REPRESENTATION_ITEM()
RATIONAL_B_SPLINE_CURVE((709.939488375013,847.322643355203,973.211111044258))
REPRESENTATION_ITEM('')
);
#210=(
BOUNDED_CURVE()
B_SPLINE_CURVE(2,(#8757,#8758,#8759),.UNSPECIFIED.,.F.,.F.)
B_SPLINE_CURVE_WITH_KNOTS((3,3),(67.0441736621312,95.5825016601288),
 .UNSPECIFIED.)
CURVE()
GEOMETRIC_REPRESENTATION_ITEM()
RATIONAL_B_SPLINE_CURVE((709.939488423316,847.322643424006,973.211111135775))
REPRESENTATION_ITEM('')
);
#211=(
BOUNDED_CURVE()
B_SPLINE_CURVE(2,(#8768,#8769,#8770),.UNSPECIFIED.,.F.,.F.)
B_SPLINE_CURVE_WITH_KNOTS((3,3),(67.0441736828518,95.5825016768818),
 .UNSPECIFIED.)
CURVE()
GEOMETRIC_REPRESENTATION_ITEM()
RATIONAL_B_SPLINE_CURVE((709.939488484701,847.32264343118,973.211111094172))
REPRESENTATION_ITEM('')
);
#212=(
BOUNDED_CURVE()
B_SPLINE_CURVE(2,(#8774,#8775,#8776),.UNSPECIFIED.,.F.,.F.)
B_SPLINE_CURVE_WITH_KNOTS((3,3),(67.0441736940466,95.5825016912463),
 .UNSPECIFIED.)
CURVE()
GEOMETRIC_REPRESENTATION_ITEM()
RATIONAL_B_SPLINE_CURVE((709.939488459096,847.322643390477,973.211111037981))
REPRESENTATION_ITEM('')
);
#213=(
BOUNDED_CURVE()
B_SPLINE_CURVE(2,(#8785,#8786,#8787),.UNSPECIFIED.,.F.,.F.)
B_SPLINE_CURVE_WITH_KNOTS((3,3),(67.044173648804,95.5825016402417),
 .UNSPECIFIED.)
CURVE()
GEOMETRIC_REPRESENTATION_ITEM()
RATIONAL_B_SPLINE_CURVE((709.939488479155,847.322643489317,973.211111212856))
REPRESENTATION_ITEM('')
);
#214=(
BOUNDED_CURVE()
B_SPLINE_CURVE(2,(#8792,#8793,#8794),.UNSPECIFIED.,.F.,.F.)
B_SPLINE_CURVE_WITH_KNOTS((3,3),(67.044173648804,95.5825016402417),
 .UNSPECIFIED.)
CURVE()
GEOMETRIC_REPRESENTATION_ITEM()
RATIONAL_B_SPLINE_CURVE((709.939488479155,847.322643489317,973.211111212856))
REPRESENTATION_ITEM('')
);
#215=(
BOUNDED_CURVE()
B_SPLINE_CURVE(2,(#8800,#8801,#8802),.UNSPECIFIED.,.F.,.F.)
B_SPLINE_CURVE_WITH_KNOTS((3,3),(67.0441736859716,95.5825016928359),
 .UNSPECIFIED.)
CURVE()
GEOMETRIC_REPRESENTATION_ITEM()
RATIONAL_B_SPLINE_CURVE((709.93948836653,847.322643344816,973.211111031681))
REPRESENTATION_ITEM('')
);
#216=(
BOUNDED_CURVE()
B_SPLINE_CURVE(2,(#8806,#8807,#8808),.UNSPECIFIED.,.F.,.F.)
B_SPLINE_CURVE_WITH_KNOTS((3,3),(67.0441736803272,95.5825016842244),
 .UNSPECIFIED.)
CURVE()
GEOMETRIC_REPRESENTATION_ITEM()
RATIONAL_B_SPLINE_CURVE((709.939488392218,847.322643374003,973.211111065458))
REPRESENTATION_ITEM('')
);
#217=(
BOUNDED_CURVE()
B_SPLINE_CURVE(2,(#8811,#8812,#8813),.UNSPECIFIED.,.F.,.F.)
B_SPLINE_CURVE_WITH_KNOTS((3,3),(67.0441736964204,95.5825017048944),
 .UNSPECIFIED.)
CURVE()
GEOMETRIC_REPRESENTATION_ITEM()
RATIONAL_B_SPLINE_CURVE((709.939488355972,847.322643316258,973.21111098563))
REPRESENTATION_ITEM('')
);
#218=(
BOUNDED_CURVE()
B_SPLINE_CURVE(2,(#8820,#8821,#8822),.UNSPECIFIED.,.F.,.F.)
B_SPLINE_CURVE_WITH_KNOTS((3,3),(67.0441736892473,95.5825016929699),
 .UNSPECIFIED.)
CURVE()
GEOMETRIC_REPRESENTATION_ITEM()
RATIONAL_B_SPLINE_CURVE((709.939488397327,847.322643359026,973.211111031846))
REPRESENTATION_ITEM('')
);
#219=(
BOUNDED_CURVE()
B_SPLINE_CURVE(2,(#8825,#8826,#8827),.UNSPECIFIED.,.F.,.F.)
B_SPLINE_CURVE_WITH_KNOTS((3,3),(67.0441736877528,95.5825016910437),
 .UNSPECIFIED.)
CURVE()
GEOMETRIC_REPRESENTATION_ITEM()
RATIONAL_B_SPLINE_CURVE((709.939488400722,847.322643364391,973.211111039241))
REPRESENTATION_ITEM('')
);
#220=(
BOUNDED_CURVE()
B_SPLINE_CURVE(2,(#8834,#8835,#8836),.UNSPECIFIED.,.F.,.F.)
B_SPLINE_CURVE_WITH_KNOTS((3,3),(67.0441736911247,95.5825016792878),
 .UNSPECIFIED.)
CURVE()
GEOMETRIC_REPRESENTATION_ITEM()
RATIONAL_B_SPLINE_CURVE((709.939488542492,847.322643453159,973.21111108542))
REPRESENTATION_ITEM('')
);
#221=(
BOUNDED_CURVE()
B_SPLINE_CURVE(2,(#8839,#8840,#8841),.UNSPECIFIED.,.F.,.F.)
B_SPLINE_CURVE_WITH_KNOTS((3,3),(67.0441736857344,95.5825016723523),
 .UNSPECIFIED.)
CURVE()
GEOMETRIC_REPRESENTATION_ITEM()
RATIONAL_B_SPLINE_CURVE((709.939488554326,847.322643472074,973.211111111629))
REPRESENTATION_ITEM('')
);
#222=(
BOUNDED_CURVE()
B_SPLINE_CURVE(2,(#8848,#8849,#8850),.UNSPECIFIED.,.F.,.F.)
B_SPLINE_CURVE_WITH_KNOTS((3,3),(67.0441736709916,95.5825016524824),
 .UNSPECIFIED.)
CURVE()
GEOMETRIC_REPRESENTATION_ITEM()
RATIONAL_B_SPLINE_CURVE((709.939488579024,847.322643510323,973.211111164856))
REPRESENTATION_ITEM('')
);
#223=(
BOUNDED_CURVE()
B_SPLINE_CURVE(2,(#8853,#8854,#8855),.UNSPECIFIED.,.F.,.F.)
B_SPLINE_CURVE_WITH_KNOTS((3,3),(67.0441736747279,95.5825016590528),
 .UNSPECIFIED.)
CURVE()
GEOMETRIC_REPRESENTATION_ITEM()
RATIONAL_B_SPLINE_CURVE((709.93948857174,847.322643506793,973.211111163497))
REPRESENTATION_ITEM('')
);
#224=(
BOUNDED_CURVE()
B_SPLINE_CURVE(2,(#8862,#8863,#8864),.UNSPECIFIED.,.F.,.F.)
B_SPLINE_CURVE_WITH_KNOTS((3,3),(67.0441736624744,95.5825016561672),
 .UNSPECIFIED.)
CURVE()
GEOMETRIC_REPRESENTATION_ITEM()
RATIONAL_B_SPLINE_CURVE((709.939488462933,847.322643449797,973.21111115062))
REPRESENTATION_ITEM('')
);
#225=(
BOUNDED_CURVE()
B_SPLINE_CURVE(2,(#8867,#8868,#8869),.UNSPECIFIED.,.F.,.F.)
B_SPLINE_CURVE_WITH_KNOTS((3,3),(67.0441736835902,95.5825016850218),
 .UNSPECIFIED.)
CURVE()
GEOMETRIC_REPRESENTATION_ITEM()
RATIONAL_B_SPLINE_CURVE((709.939488415855,847.322643382948,973.211111061825))
REPRESENTATION_ITEM('')
);
#226=(
BOUNDED_CURVE()
B_SPLINE_CURVE(2,(#8876,#8877,#8878),.UNSPECIFIED.,.F.,.F.)
B_SPLINE_CURVE_WITH_KNOTS((3,3),(67.0441736889577,95.5825016943196),
 .UNSPECIFIED.)
CURVE()
GEOMETRIC_REPRESENTATION_ITEM()
RATIONAL_B_SPLINE_CURVE((709.939488382681,847.322643350091,973.211111027495))
REPRESENTATION_ITEM('')
);
#227=(
BOUNDED_CURVE()
B_SPLINE_CURVE(2,(#8881,#8882,#8883),.UNSPECIFIED.,.F.,.F.)
B_SPLINE_CURVE_WITH_KNOTS((3,3),(67.0441736569761,95.5825016514245),
 .UNSPECIFIED.)
CURVE()
GEOMETRIC_REPRESENTATION_ITEM()
RATIONAL_B_SPLINE_CURVE((709.939488452975,847.32264345402,973.211111167717))
REPRESENTATION_ITEM('')
);
#228=(
BOUNDED_CURVE()
B_SPLINE_CURVE(2,(#8890,#8891,#8892),.UNSPECIFIED.,.F.,.F.)
B_SPLINE_CURVE_WITH_KNOTS((3,3),(67.0441736640335,95.5825016596463),
 .UNSPECIFIED.)
CURVE()
GEOMETRIC_REPRESENTATION_ITEM()
RATIONAL_B_SPLINE_CURVE((709.939488446078,847.322643435382,973.211111137615))
REPRESENTATION_ITEM('')
);
#229=(
BOUNDED_CURVE()
B_SPLINE_CURVE(2,(#8895,#8896,#8897),.UNSPECIFIED.,.F.,.F.)
B_SPLINE_CURVE_WITH_KNOTS((3,3),(67.0441736817709,95.582501684173),
 .UNSPECIFIED.)
CURVE()
GEOMETRIC_REPRESENTATION_ITEM()
RATIONAL_B_SPLINE_CURVE((709.939488406859,847.322643381008,973.211111066021))
REPRESENTATION_ITEM('')
);
#230=(
BOUNDED_CURVE()
B_SPLINE_CURVE(2,(#8904,#8905,#8906),.UNSPECIFIED.,.F.,.F.)
B_SPLINE_CURVE_WITH_KNOTS((3,3),(67.0441736900479,95.5825016794251),
 .UNSPECIFIED.)
CURVE()
GEOMETRIC_REPRESENTATION_ITEM()
RATIONAL_B_SPLINE_CURVE((709.939488530643,847.322643447301,973.2111110846))
REPRESENTATION_ITEM('')
);
#231=(
BOUNDED_CURVE()
B_SPLINE_CURVE(2,(#8908,#8909,#8910),.UNSPECIFIED.,.F.,.F.)
B_SPLINE_CURVE_WITH_KNOTS((3,3),(67.0441736868789,95.5825016753609),
 .UNSPECIFIED.)
CURVE()
GEOMETRIC_REPRESENTATION_ITEM()
RATIONAL_B_SPLINE_CURVE((709.939488537926,847.322643458875,973.211111100572))
REPRESENTATION_ITEM('')
);
#232=(
BOUNDED_CURVE()
B_SPLINE_CURVE(2,(#8926,#8927,#8928),.UNSPECIFIED.,.F.,.F.)
B_SPLINE_CURVE_WITH_KNOTS((3,3),(67.0441736859716,95.5825016928359),
 .UNSPECIFIED.)
CURVE()
GEOMETRIC_REPRESENTATION_ITEM()
RATIONAL_B_SPLINE_CURVE((709.93948836653,847.322643344816,973.211111031681))
REPRESENTATION_ITEM('')
);
#233=(
BOUNDED_CURVE()
B_SPLINE_CURVE(2,(#9076,#9077,#9078),.UNSPECIFIED.,.F.,.F.)
B_SPLINE_CURVE_WITH_KNOTS((3,3),(67.0441736912273,95.5825017085503),
 .UNSPECIFIED.)
CURVE()
GEOMETRIC_REPRESENTATION_ITEM()
RATIONAL_B_SPLINE_CURVE((709.939488272626,847.322643271141,973.211110972154))
REPRESENTATION_ITEM('')
);
#234=(
BOUNDED_CURVE()
B_SPLINE_CURVE(2,(#9082,#9083,#9084),.UNSPECIFIED.,.F.,.F.)
B_SPLINE_CURVE_WITH_KNOTS((3,3),(67.044173685696,95.5825017014344),
 .UNSPECIFIED.)
CURVE()
GEOMETRIC_REPRESENTATION_ITEM()
RATIONAL_B_SPLINE_CURVE((709.939488284953,847.322643290776,973.211110999311))
REPRESENTATION_ITEM('')
);
#235=(
BOUNDED_CURVE()
B_SPLINE_CURVE(2,(#9093,#9094,#9095),.UNSPECIFIED.,.F.,.F.)
B_SPLINE_CURVE_WITH_KNOTS((3,3),(67.0441736873611,95.5825016691209),
 .UNSPECIFIED.)
CURVE()
GEOMETRIC_REPRESENTATION_ITEM()
RATIONAL_B_SPLINE_CURVE((709.93948859963,847.32264349908,973.21111112377))
REPRESENTATION_ITEM('')
);
#236=(
BOUNDED_CURVE()
B_SPLINE_CURVE(2,(#9100,#9101,#9102),.UNSPECIFIED.,.F.,.F.)
B_SPLINE_CURVE_WITH_KNOTS((3,3),(67.0441736897319,95.5825016721474),
 .UNSPECIFIED.)
CURVE()
GEOMETRIC_REPRESENTATION_ITEM()
RATIONAL_B_SPLINE_CURVE((709.939488593925,847.322643490049,973.211111111346))
REPRESENTATION_ITEM('')
);
#237=(
BOUNDED_CURVE()
B_SPLINE_CURVE(2,(#9111,#9112,#9113),.UNSPECIFIED.,.F.,.F.)
B_SPLINE_CURVE_WITH_KNOTS((3,3),(67.0441736916106,95.5825016896504),
 .UNSPECIFIED.)
CURVE()
GEOMETRIC_REPRESENTATION_ITEM()
RATIONAL_B_SPLINE_CURVE((709.939488451204,847.322643390625,973.211111045242))
REPRESENTATION_ITEM('')
);
#238=(
BOUNDED_CURVE()
B_SPLINE_CURVE(2,(#9120,#9121,#9122),.UNSPECIFIED.,.F.,.F.)
B_SPLINE_CURVE_WITH_KNOTS((3,3),(67.0441736541754,95.5825016398077),
 .UNSPECIFIED.)
CURVE()
GEOMETRIC_REPRESENTATION_ITEM()
RATIONAL_B_SPLINE_CURVE((709.939488534574,847.322643515344,973.211111214108))
REPRESENTATION_ITEM('')
);
#239=(
BOUNDED_CURVE()
B_SPLINE_CURVE(2,(#9131,#9132,#9133),.UNSPECIFIED.,.F.,.F.)
B_SPLINE_CURVE_WITH_KNOTS((3,3),(67.0441736519253,95.5825016369479),
 .UNSPECIFIED.)
CURVE()
GEOMETRIC_REPRESENTATION_ITEM()
RATIONAL_B_SPLINE_CURVE((709.939488539218,847.322643523057,973.211111224953))
REPRESENTATION_ITEM('')
);
#240=(
BOUNDED_CURVE()
B_SPLINE_CURVE(2,(#9137,#9138,#9139),.UNSPECIFIED.,.F.,.F.)
B_SPLINE_CURVE_WITH_KNOTS((3,3),(67.0441736628206,95.5825016509478),
 .UNSPECIFIED.)
CURVE()
GEOMETRIC_REPRESENTATION_ITEM()
RATIONAL_B_SPLINE_CURVE((709.939488514434,847.3226434837,973.211111170626))
REPRESENTATION_ITEM('')
);
#241=(
BOUNDED_CURVE()
B_SPLINE_CURVE(2,(#9148,#9149,#9150),.UNSPECIFIED.,.F.,.F.)
B_SPLINE_CURVE_WITH_KNOTS((3,3),(67.0441736942217,95.5825016815915),
 .UNSPECIFIED.)
CURVE()
GEOMETRIC_REPRESENTATION_ITEM()
RATIONAL_B_SPLINE_CURVE((709.93948855082,847.322643452256,973.211111076274))
REPRESENTATION_ITEM('')
);
#242=(
BOUNDED_CURVE()
B_SPLINE_CURVE(2,(#9154,#9155,#9156),.UNSPECIFIED.,.F.,.F.)
B_SPLINE_CURVE_WITH_KNOTS((3,3),(67.0441736829084,95.5825016670599),
 .UNSPECIFIED.)
CURVE()
GEOMETRIC_REPRESENTATION_ITEM()
RATIONAL_B_SPLINE_CURVE((709.939488576397,847.322643492961,973.211111132517))
REPRESENTATION_ITEM('')
);
#243=(
BOUNDED_CURVE()
B_SPLINE_CURVE(2,(#9165,#9166,#9167),.UNSPECIFIED.,.F.,.F.)
B_SPLINE_CURVE_WITH_KNOTS((3,3),(67.0441736826081,95.5825016732527),
 .UNSPECIFIED.)
CURVE()
GEOMETRIC_REPRESENTATION_ITEM()
RATIONAL_B_SPLINE_CURVE((709.939488515702,847.322643452444,973.211111107885))
REPRESENTATION_ITEM('')
);
#244=(
BOUNDED_CURVE()
B_SPLINE_CURVE(2,(#9171,#9172,#9173),.UNSPECIFIED.,.F.,.F.)
B_SPLINE_CURVE_WITH_KNOTS((3,3),(67.0441736942947,95.5825016882852),
 .UNSPECIFIED.)
CURVE()
GEOMETRIC_REPRESENTATION_ITEM()
RATIONAL_B_SPLINE_CURVE((709.939488489644,847.322643410933,973.211111050473))
REPRESENTATION_ITEM('')
);
#245=(
BOUNDED_CURVE()
B_SPLINE_CURVE(2,(#9182,#9183,#9184),.UNSPECIFIED.,.F.,.F.)
B_SPLINE_CURVE_WITH_KNOTS((3,3),(67.044173688143,95.5825016799448),
 .UNSPECIFIED.)
CURVE()
GEOMETRIC_REPRESENTATION_ITEM()
RATIONAL_B_SPLINE_CURVE((709.939488507857,847.322643436093,973.211111083088))
REPRESENTATION_ITEM('')
);
#246=(
BOUNDED_CURVE()
B_SPLINE_CURVE(2,(#9188,#9189,#9190),.UNSPECIFIED.,.F.,.F.)
B_SPLINE_CURVE_WITH_KNOTS((3,3),(67.0441736887903,95.5825016807932),
 .UNSPECIFIED.)
CURVE()
GEOMETRIC_REPRESENTATION_ITEM()
RATIONAL_B_SPLINE_CURVE((709.939488506678,847.322643434185,973.21111108041))
REPRESENTATION_ITEM('')
);
#247=(
BOUNDED_CURVE()
B_SPLINE_CURVE(2,(#9199,#9200,#9201),.UNSPECIFIED.,.F.,.F.)
B_SPLINE_CURVE_WITH_KNOTS((3,3),(67.0441736838894,95.5825016898268),
 .UNSPECIFIED.)
CURVE()
GEOMETRIC_REPRESENTATION_ITEM()
RATIONAL_B_SPLINE_CURVE((709.939488375013,847.322643355203,973.211111044258))
REPRESENTATION_ITEM('')
);
#248=(
BOUNDED_CURVE()
B_SPLINE_CURVE(2,(#9205,#9206,#9207),.UNSPECIFIED.,.F.,.F.)
B_SPLINE_CURVE_WITH_KNOTS((3,3),(67.0441736621312,95.5825016601288),
 .UNSPECIFIED.)
CURVE()
GEOMETRIC_REPRESENTATION_ITEM()
RATIONAL_B_SPLINE_CURVE((709.939488423316,847.322643424006,973.211111135775))
REPRESENTATION_ITEM('')
);
#249=(
BOUNDED_CURVE()
B_SPLINE_CURVE(2,(#9216,#9217,#9218),.UNSPECIFIED.,.F.,.F.)
B_SPLINE_CURVE_WITH_KNOTS((3,3),(67.0441736828518,95.5825016768818),
 .UNSPECIFIED.)
CURVE()
GEOMETRIC_REPRESENTATION_ITEM()
RATIONAL_B_SPLINE_CURVE((709.939488484701,847.32264343118,973.211111094172))
REPRESENTATION_ITEM('')
);
#250=(
BOUNDED_CURVE()
B_SPLINE_CURVE(2,(#9221,#9222,#9223),.UNSPECIFIED.,.F.,.F.)
B_SPLINE_CURVE_WITH_KNOTS((3,3),(67.0441736940466,95.5825016912463),
 .UNSPECIFIED.)
CURVE()
GEOMETRIC_REPRESENTATION_ITEM()
RATIONAL_B_SPLINE_CURVE((709.939488459096,847.322643390477,973.211111037981))
REPRESENTATION_ITEM('')
);
#251=(
BOUNDED_CURVE()
B_SPLINE_CURVE(2,(#9233,#9234,#9235),.UNSPECIFIED.,.F.,.F.)
B_SPLINE_CURVE_WITH_KNOTS((3,3),(67.0441736803272,95.5825016842244),
 .UNSPECIFIED.)
CURVE()
GEOMETRIC_REPRESENTATION_ITEM()
RATIONAL_B_SPLINE_CURVE((709.939488392218,847.322643374003,973.211111065458))
REPRESENTATION_ITEM('')
);
#252=(
BOUNDED_CURVE()
B_SPLINE_CURVE(2,(#9239,#9240,#9241),.UNSPECIFIED.,.F.,.F.)
B_SPLINE_CURVE_WITH_KNOTS((3,3),(67.0441736964204,95.5825017048944),
 .UNSPECIFIED.)
CURVE()
GEOMETRIC_REPRESENTATION_ITEM()
RATIONAL_B_SPLINE_CURVE((709.939488355972,847.322643316258,973.21111098563))
REPRESENTATION_ITEM('')
);
#253=(
BOUNDED_CURVE()
B_SPLINE_CURVE(2,(#9247,#9248,#9249),.UNSPECIFIED.,.F.,.F.)
B_SPLINE_CURVE_WITH_KNOTS((3,3),(67.0441736892473,95.5825016929699),
 .UNSPECIFIED.)
CURVE()
GEOMETRIC_REPRESENTATION_ITEM()
RATIONAL_B_SPLINE_CURVE((709.939488397327,847.322643359026,973.211111031846))
REPRESENTATION_ITEM('')
);
#254=(
BOUNDED_CURVE()
B_SPLINE_CURVE(2,(#9253,#9254,#9255),.UNSPECIFIED.,.F.,.F.)
B_SPLINE_CURVE_WITH_KNOTS((3,3),(67.0441736877528,95.5825016910437),
 .UNSPECIFIED.)
CURVE()
GEOMETRIC_REPRESENTATION_ITEM()
RATIONAL_B_SPLINE_CURVE((709.939488400722,847.322643364391,973.211111039241))
REPRESENTATION_ITEM('')
);
#255=(
BOUNDED_CURVE()
B_SPLINE_CURVE(2,(#9261,#9262,#9263),.UNSPECIFIED.,.F.,.F.)
B_SPLINE_CURVE_WITH_KNOTS((3,3),(67.0441736911247,95.5825016792878),
 .UNSPECIFIED.)
CURVE()
GEOMETRIC_REPRESENTATION_ITEM()
RATIONAL_B_SPLINE_CURVE((709.939488542492,847.322643453159,973.21111108542))
REPRESENTATION_ITEM('')
);
#256=(
BOUNDED_CURVE()
B_SPLINE_CURVE(2,(#9267,#9268,#9269),.UNSPECIFIED.,.F.,.F.)
B_SPLINE_CURVE_WITH_KNOTS((3,3),(67.0441736857344,95.5825016723523),
 .UNSPECIFIED.)
CURVE()
GEOMETRIC_REPRESENTATION_ITEM()
RATIONAL_B_SPLINE_CURVE((709.939488554326,847.322643472074,973.211111111629))
REPRESENTATION_ITEM('')
);
#257=(
BOUNDED_CURVE()
B_SPLINE_CURVE(2,(#9275,#9276,#9277),.UNSPECIFIED.,.F.,.F.)
B_SPLINE_CURVE_WITH_KNOTS((3,3),(67.0441736709916,95.5825016524824),
 .UNSPECIFIED.)
CURVE()
GEOMETRIC_REPRESENTATION_ITEM()
RATIONAL_B_SPLINE_CURVE((709.939488579024,847.322643510323,973.211111164856))
REPRESENTATION_ITEM('')
);
#258=(
BOUNDED_CURVE()
B_SPLINE_CURVE(2,(#9281,#9282,#9283),.UNSPECIFIED.,.F.,.F.)
B_SPLINE_CURVE_WITH_KNOTS((3,3),(67.0441736747279,95.5825016590528),
 .UNSPECIFIED.)
CURVE()
GEOMETRIC_REPRESENTATION_ITEM()
RATIONAL_B_SPLINE_CURVE((709.93948857174,847.322643506793,973.211111163497))
REPRESENTATION_ITEM('')
);
#259=(
BOUNDED_CURVE()
B_SPLINE_CURVE(2,(#9289,#9290,#9291),.UNSPECIFIED.,.F.,.F.)
B_SPLINE_CURVE_WITH_KNOTS((3,3),(67.0441736624744,95.5825016561672),
 .UNSPECIFIED.)
CURVE()
GEOMETRIC_REPRESENTATION_ITEM()
RATIONAL_B_SPLINE_CURVE((709.939488462933,847.322643449797,973.21111115062))
REPRESENTATION_ITEM('')
);
#260=(
BOUNDED_CURVE()
B_SPLINE_CURVE(2,(#9295,#9296,#9297),.UNSPECIFIED.,.F.,.F.)
B_SPLINE_CURVE_WITH_KNOTS((3,3),(67.0441736835902,95.5825016850218),
 .UNSPECIFIED.)
CURVE()
GEOMETRIC_REPRESENTATION_ITEM()
RATIONAL_B_SPLINE_CURVE((709.939488415855,847.322643382948,973.211111061825))
REPRESENTATION_ITEM('')
);
#261=(
BOUNDED_CURVE()
B_SPLINE_CURVE(2,(#9303,#9304,#9305),.UNSPECIFIED.,.F.,.F.)
B_SPLINE_CURVE_WITH_KNOTS((3,3),(67.0441736889577,95.5825016943196),
 .UNSPECIFIED.)
CURVE()
GEOMETRIC_REPRESENTATION_ITEM()
RATIONAL_B_SPLINE_CURVE((709.939488382681,847.322643350091,973.211111027495))
REPRESENTATION_ITEM('')
);
#262=(
BOUNDED_CURVE()
B_SPLINE_CURVE(2,(#9309,#9310,#9311),.UNSPECIFIED.,.F.,.F.)
B_SPLINE_CURVE_WITH_KNOTS((3,3),(67.0441736569761,95.5825016514245),
 .UNSPECIFIED.)
CURVE()
GEOMETRIC_REPRESENTATION_ITEM()
RATIONAL_B_SPLINE_CURVE((709.939488452975,847.32264345402,973.211111167717))
REPRESENTATION_ITEM('')
);
#263=(
BOUNDED_CURVE()
B_SPLINE_CURVE(2,(#9317,#9318,#9319),.UNSPECIFIED.,.F.,.F.)
B_SPLINE_CURVE_WITH_KNOTS((3,3),(67.0441736640335,95.5825016596463),
 .UNSPECIFIED.)
CURVE()
GEOMETRIC_REPRESENTATION_ITEM()
RATIONAL_B_SPLINE_CURVE((709.939488446078,847.322643435382,973.211111137615))
REPRESENTATION_ITEM('')
);
#264=(
BOUNDED_CURVE()
B_SPLINE_CURVE(2,(#9323,#9324,#9325),.UNSPECIFIED.,.F.,.F.)
B_SPLINE_CURVE_WITH_KNOTS((3,3),(67.0441736817709,95.582501684173),
 .UNSPECIFIED.)
CURVE()
GEOMETRIC_REPRESENTATION_ITEM()
RATIONAL_B_SPLINE_CURVE((709.939488406859,847.322643381008,973.211111066021))
REPRESENTATION_ITEM('')
);
#265=(
BOUNDED_CURVE()
B_SPLINE_CURVE(2,(#9331,#9332,#9333),.UNSPECIFIED.,.F.,.F.)
B_SPLINE_CURVE_WITH_KNOTS((3,3),(67.0441736900479,95.5825016794251),
 .UNSPECIFIED.)
CURVE()
GEOMETRIC_REPRESENTATION_ITEM()
RATIONAL_B_SPLINE_CURVE((709.939488530643,847.322643447301,973.2111110846))
REPRESENTATION_ITEM('')
);
#266=(
BOUNDED_CURVE()
B_SPLINE_CURVE(2,(#9336,#9337,#9338),.UNSPECIFIED.,.F.,.F.)
B_SPLINE_CURVE_WITH_KNOTS((3,3),(67.0441736868789,95.5825016753609),
 .UNSPECIFIED.)
CURVE()
GEOMETRIC_REPRESENTATION_ITEM()
RATIONAL_B_SPLINE_CURVE((709.939488537926,847.322643458875,973.211111100572))
REPRESENTATION_ITEM('')
);
#267=CYLINDRICAL_SURFACE('',#5147,5.3);
#268=CYLINDRICAL_SURFACE('',#5272,5.5);
#269=CYLINDRICAL_SURFACE('',#5273,5.5);
#270=CYLINDRICAL_SURFACE('',#5274,5.5);
#271=CYLINDRICAL_SURFACE('',#5275,5.5);
#272=CYLINDRICAL_SURFACE('',#5276,5.5);
#273=CYLINDRICAL_SURFACE('',#5277,5.5);
#274=CYLINDRICAL_SURFACE('',#5278,5.5);
#275=CYLINDRICAL_SURFACE('',#5279,5.5);
#276=CYLINDRICAL_SURFACE('',#5286,10.);
#277=CYLINDRICAL_SURFACE('',#5292,2.);
#278=CYLINDRICAL_SURFACE('',#5297,1.);
#279=CYLINDRICAL_SURFACE('',#5303,1.);
#280=CYLINDRICAL_SURFACE('',#5391,5.5);
#281=CYLINDRICAL_SURFACE('',#5392,5.5);
#282=CYLINDRICAL_SURFACE('',#5393,5.5);
#283=CYLINDRICAL_SURFACE('',#5394,5.5);
#284=CYLINDRICAL_SURFACE('',#5395,5.5);
#285=CYLINDRICAL_SURFACE('',#5396,5.5);
#286=CYLINDRICAL_SURFACE('',#5397,5.5);
#287=CYLINDRICAL_SURFACE('',#5400,2.);
#288=CYLINDRICAL_SURFACE('',#5406,1.);
#289=CYLINDRICAL_SURFACE('',#5408,1.);
#290=CYLINDRICAL_SURFACE('',#5410,1.);
#291=CYLINDRICAL_SURFACE('',#5420,1.65);
#292=CYLINDRICAL_SURFACE('',#5425,3.);
#293=CYLINDRICAL_SURFACE('',#5430,1.7);
#294=CYLINDRICAL_SURFACE('',#5434,1.);
#295=CYLINDRICAL_SURFACE('',#5441,10.);
#296=CYLINDRICAL_SURFACE('',#5446,1.);
#297=CYLINDRICAL_SURFACE('',#5450,2.49999999999999);
#298=CYLINDRICAL_SURFACE('',#5471,5.3);
#299=CYLINDRICAL_SURFACE('',#5596,5.5);
#300=CYLINDRICAL_SURFACE('',#5597,5.5);
#301=CYLINDRICAL_SURFACE('',#5598,5.5);
#302=CYLINDRICAL_SURFACE('',#5599,5.5);
#303=CYLINDRICAL_SURFACE('',#5600,5.5);
#304=CYLINDRICAL_SURFACE('',#5601,5.5);
#305=CYLINDRICAL_SURFACE('',#5602,5.5);
#306=CYLINDRICAL_SURFACE('',#5603,5.5);
#307=CYLINDRICAL_SURFACE('',#5610,10.);
#308=CYLINDRICAL_SURFACE('',#5616,2.);
#309=CYLINDRICAL_SURFACE('',#5621,2.);
#310=CYLINDRICAL_SURFACE('',#5622,1.);
#311=CYLINDRICAL_SURFACE('',#5628,1.);
#312=CYLINDRICAL_SURFACE('',#5716,5.5);
#313=CYLINDRICAL_SURFACE('',#5717,5.5);
#314=CYLINDRICAL_SURFACE('',#5718,5.5);
#315=CYLINDRICAL_SURFACE('',#5719,5.5);
#316=CYLINDRICAL_SURFACE('',#5720,5.5);
#317=CYLINDRICAL_SURFACE('',#5721,5.5);
#318=CYLINDRICAL_SURFACE('',#5722,5.5);
#319=CYLINDRICAL_SURFACE('',#5725,2.);
#320=CYLINDRICAL_SURFACE('',#5731,1.);
#321=CYLINDRICAL_SURFACE('',#5733,1.);
#322=CYLINDRICAL_SURFACE('',#5735,1.);
#323=CYLINDRICAL_SURFACE('',#5745,1.65);
#324=CYLINDRICAL_SURFACE('',#5753,3.);
#325=CYLINDRICAL_SURFACE('',#5758,1.7);
#326=CYLINDRICAL_SURFACE('',#5762,1.7);
#327=CYLINDRICAL_SURFACE('',#5770,1.);
#328=CYLINDRICAL_SURFACE('',#5775,10.);
#329=CYLINDRICAL_SURFACE('',#5780,1.);
#330=CYLINDRICAL_SURFACE('',#5784,2.49999999999999);
#331=CYLINDRICAL_SURFACE('',#5790,3.);
#332=CYLINDRICAL_SURFACE('',#5793,2.);
#333=CIRCLE('',#5132,5.5);
#334=CIRCLE('',#5133,5.5);
#335=CIRCLE('',#5134,5.5);
#336=CIRCLE('',#5135,5.5);
#337=CIRCLE('',#5136,5.5);
#338=CIRCLE('',#5137,5.5);
#339=CIRCLE('',#5138,5.5);
#340=CIRCLE('',#5139,5.5);
#341=CIRCLE('',#5140,5.5);
#342=CIRCLE('',#5141,5.5);
#343=CIRCLE('',#5142,5.5);
#344=CIRCLE('',#5143,5.5);
#345=CIRCLE('',#5144,5.5);
#346=CIRCLE('',#5145,5.5);
#347=CIRCLE('',#5146,5.5);
#348=CIRCLE('',#5148,5.3);
#349=CIRCLE('',#5187,3.00000000000001);
#350=CIRCLE('',#5191,3.00000000000001);
#351=CIRCLE('',#5196,3.00000000000001);
#352=CIRCLE('',#5202,3.00000000000001);
#353=CIRCLE('',#5208,3.00000000000001);
#354=CIRCLE('',#5214,3.00000000000001);
#355=CIRCLE('',#5220,3.00000000000001);
#356=CIRCLE('',#5226,3.00000000000001);
#357=CIRCLE('',#5232,3.00000000000001);
#358=CIRCLE('',#5238,3.00000000000001);
#359=CIRCLE('',#5242,3.00000000000001);
#360=CIRCLE('',#5246,3.00000000000001);
#361=CIRCLE('',#5250,3.00000000000001);
#362=CIRCLE('',#5254,3.00000000000001);
#363=CIRCLE('',#5258,3.00000000000001);
#364=CIRCLE('',#5262,3.00000000000001);
#365=CIRCLE('',#5266,3.00000000000001);
#366=CIRCLE('',#5270,3.00000000000001);
#367=CIRCLE('',#5282,3.00000000000001);
#368=CIRCLE('',#5284,10.);
#369=CIRCLE('',#5288,10.);
#370=CIRCLE('',#5290,10.);
#371=CIRCLE('',#5293,2.);
#372=CIRCLE('',#5295,12.);
#373=CIRCLE('',#5296,2.);
#374=CIRCLE('',#5299,1.);
#375=CIRCLE('',#5301,4.3);
#376=CIRCLE('',#5302,1.);
#377=CIRCLE('',#5309,3.00000000000001);
#378=CIRCLE('',#5313,3.00000000000001);
#379=CIRCLE('',#5318,3.00000000000001);
#380=CIRCLE('',#5324,3.00000000000001);
#381=CIRCLE('',#5330,3.00000000000001);
#382=CIRCLE('',#5336,3.00000000000001);
#383=CIRCLE('',#5342,3.00000000000001);
#384=CIRCLE('',#5348,3.00000000000001);
#385=CIRCLE('',#5354,3.00000000000001);
#386=CIRCLE('',#5361,3.00000000000001);
#387=CIRCLE('',#5365,3.00000000000001);
#388=CIRCLE('',#5369,3.00000000000001);
#389=CIRCLE('',#5373,3.00000000000001);
#390=CIRCLE('',#5377,3.00000000000001);
#391=CIRCLE('',#5381,3.00000000000001);
#392=CIRCLE('',#5385,3.00000000000001);
#393=CIRCLE('',#5389,3.00000000000001);
#394=CIRCLE('',#5401,2.);
#395=CIRCLE('',#5403,12.);
#396=CIRCLE('',#5404,2.);
#397=CIRCLE('',#5405,10.);
#398=CIRCLE('',#5411,1.);
#399=CIRCLE('',#5414,2.05);
#400=CIRCLE('',#5415,0.4);
#401=CIRCLE('',#5416,1.65);
#402=CIRCLE('',#5417,1.65);
#403=CIRCLE('',#5419,2.05);
#404=CIRCLE('',#5421,1.65);
#405=CIRCLE('',#5422,1.65);
#406=CIRCLE('',#5424,0.4);
#407=CIRCLE('',#5426,3.);
#408=CIRCLE('',#5427,3.);
#409=CIRCLE('',#5429,1.7);
#410=CIRCLE('',#5431,1.7);
#411=CIRCLE('',#5433,1.9);
#412=CIRCLE('',#5435,1.);
#413=CIRCLE('',#5437,0.799999999999999);
#414=CIRCLE('',#5440,0.799999999999999);
#415=CIRCLE('',#5449,2.49999999999999);
#416=CIRCLE('',#5456,5.5);
#417=CIRCLE('',#5457,5.5);
#418=CIRCLE('',#5458,5.5);
#419=CIRCLE('',#5459,5.5);
#420=CIRCLE('',#5460,5.5);
#421=CIRCLE('',#5461,5.5);
#422=CIRCLE('',#5462,5.5);
#423=CIRCLE('',#5463,5.5);
#424=CIRCLE('',#5464,5.5);
#425=CIRCLE('',#5465,5.5);
#426=CIRCLE('',#5466,5.5);
#427=CIRCLE('',#5467,5.5);
#428=CIRCLE('',#5468,5.5);
#429=CIRCLE('',#5469,5.5);
#430=CIRCLE('',#5470,5.5);
#431=CIRCLE('',#5472,5.3);
#432=CIRCLE('',#5511,3.00000000000001);
#433=CIRCLE('',#5515,3.00000000000001);
#434=CIRCLE('',#5520,3.00000000000001);
#435=CIRCLE('',#5526,3.00000000000001);
#436=CIRCLE('',#5532,3.00000000000001);
#437=CIRCLE('',#5538,3.00000000000001);
#438=CIRCLE('',#5544,3.00000000000001);
#439=CIRCLE('',#5550,3.00000000000001);
#440=CIRCLE('',#5556,3.00000000000001);
#441=CIRCLE('',#5562,3.00000000000001);
#442=CIRCLE('',#5566,3.00000000000001);
#443=CIRCLE('',#5570,3.00000000000001);
#444=CIRCLE('',#5574,3.00000000000001);
#445=CIRCLE('',#5578,3.00000000000001);
#446=CIRCLE('',#5582,3.00000000000001);
#447=CIRCLE('',#5586,3.00000000000001);
#448=CIRCLE('',#5590,3.00000000000001);
#449=CIRCLE('',#5594,3.00000000000001);
#450=CIRCLE('',#5606,3.00000000000001);
#451=CIRCLE('',#5609,10.);
#452=CIRCLE('',#5613,10.);
#453=CIRCLE('',#5615,10.);
#454=CIRCLE('',#5617,2.);
#455=CIRCLE('',#5619,12.);
#456=CIRCLE('',#5620,2.);
#457=CIRCLE('',#5623,1.);
#458=CIRCLE('',#5626,4.3);
#459=CIRCLE('',#5627,1.);
#460=CIRCLE('',#5634,3.00000000000001);
#461=CIRCLE('',#5638,3.00000000000001);
#462=CIRCLE('',#5643,3.00000000000001);
#463=CIRCLE('',#5649,3.00000000000001);
#464=CIRCLE('',#5655,3.00000000000001);
#465=CIRCLE('',#5661,3.00000000000001);
#466=CIRCLE('',#5667,3.00000000000001);
#467=CIRCLE('',#5673,3.00000000000001);
#468=CIRCLE('',#5679,3.00000000000001);
#469=CIRCLE('',#5686,3.00000000000001);
#470=CIRCLE('',#5690,3.00000000000001);
#471=CIRCLE('',#5694,3.00000000000001);
#472=CIRCLE('',#5698,3.00000000000001);
#473=CIRCLE('',#5702,3.00000000000001);
#474=CIRCLE('',#5706,3.00000000000001);
#475=CIRCLE('',#5710,3.00000000000001);
#476=CIRCLE('',#5714,3.00000000000001);
#477=CIRCLE('',#5726,2.);
#478=CIRCLE('',#5728,12.);
#479=CIRCLE('',#5729,10.);
#480=CIRCLE('',#5730,2.);
#481=CIRCLE('',#5736,1.);
#482=CIRCLE('',#5739,2.05);
#483=CIRCLE('',#5740,0.4);
#484=CIRCLE('',#5741,1.65);
#485=CIRCLE('',#5742,1.65);
#486=CIRCLE('',#5744,2.05);
#487=CIRCLE('',#5746,1.65);
#488=CIRCLE('',#5747,1.65);
#489=CIRCLE('',#5749,0.4);
#490=CIRCLE('',#5751,3.);
#491=CIRCLE('',#5752,1.7);
#492=CIRCLE('',#5754,3.);
#493=CIRCLE('',#5755,3.);
#494=CIRCLE('',#5757,1.7);
#495=CIRCLE('',#5759,1.7);
#496=CIRCLE('',#5761,1.9);
#497=CIRCLE('',#5763,1.7);
#498=CIRCLE('',#5765,1.9);
#499=CIRCLE('',#5767,0.799999999999999);
#500=CIRCLE('',#5768,0.799999999999999);
#501=CIRCLE('',#5771,1.);
#502=CIRCLE('',#5783,2.49999999999999);
#503=CIRCLE('',#5789,3.);
#504=FACE_OUTER_BOUND('',#840,.T.);
#505=FACE_OUTER_BOUND('',#841,.T.);
#506=FACE_OUTER_BOUND('',#842,.T.);
#507=FACE_OUTER_BOUND('',#843,.T.);
#508=FACE_OUTER_BOUND('',#844,.T.);
#509=FACE_OUTER_BOUND('',#845,.T.);
#510=FACE_OUTER_BOUND('',#846,.T.);
#511=FACE_OUTER_BOUND('',#847,.T.);
#512=FACE_OUTER_BOUND('',#848,.T.);
#513=FACE_OUTER_BOUND('',#849,.T.);
#514=FACE_OUTER_BOUND('',#850,.T.);
#515=FACE_OUTER_BOUND('',#851,.T.);
#516=FACE_OUTER_BOUND('',#852,.T.);
#517=FACE_OUTER_BOUND('',#853,.T.);
#518=FACE_OUTER_BOUND('',#854,.T.);
#519=FACE_OUTER_BOUND('',#855,.T.);
#520=FACE_OUTER_BOUND('',#856,.T.);
#521=FACE_OUTER_BOUND('',#857,.T.);
#522=FACE_OUTER_BOUND('',#858,.T.);
#523=FACE_OUTER_BOUND('',#859,.T.);
#524=FACE_OUTER_BOUND('',#860,.T.);
#525=FACE_OUTER_BOUND('',#861,.T.);
#526=FACE_OUTER_BOUND('',#862,.T.);
#527=FACE_OUTER_BOUND('',#863,.T.);
#528=FACE_OUTER_BOUND('',#864,.T.);
#529=FACE_OUTER_BOUND('',#865,.T.);
#530=FACE_OUTER_BOUND('',#866,.T.);
#531=FACE_OUTER_BOUND('',#867,.T.);
#532=FACE_OUTER_BOUND('',#868,.T.);
#533=FACE_OUTER_BOUND('',#869,.T.);
#534=FACE_OUTER_BOUND('',#870,.T.);
#535=FACE_OUTER_BOUND('',#871,.T.);
#536=FACE_OUTER_BOUND('',#872,.T.);
#537=FACE_OUTER_BOUND('',#873,.T.);
#538=FACE_OUTER_BOUND('',#874,.T.);
#539=FACE_OUTER_BOUND('',#875,.T.);
#540=FACE_OUTER_BOUND('',#876,.T.);
#541=FACE_OUTER_BOUND('',#877,.T.);
#542=FACE_OUTER_BOUND('',#878,.T.);
#543=FACE_OUTER_BOUND('',#879,.T.);
#544=FACE_OUTER_BOUND('',#880,.T.);
#545=FACE_OUTER_BOUND('',#881,.T.);
#546=FACE_OUTER_BOUND('',#882,.T.);
#547=FACE_OUTER_BOUND('',#883,.T.);
#548=FACE_OUTER_BOUND('',#884,.T.);
#549=FACE_OUTER_BOUND('',#885,.T.);
#550=FACE_OUTER_BOUND('',#886,.T.);
#551=FACE_OUTER_BOUND('',#887,.T.);
#552=FACE_OUTER_BOUND('',#888,.T.);
#553=FACE_OUTER_BOUND('',#889,.T.);
#554=FACE_OUTER_BOUND('',#890,.T.);
#555=FACE_OUTER_BOUND('',#891,.T.);
#556=FACE_OUTER_BOUND('',#892,.T.);
#557=FACE_OUTER_BOUND('',#893,.T.);
#558=FACE_OUTER_BOUND('',#894,.T.);
#559=FACE_OUTER_BOUND('',#895,.T.);
#560=FACE_OUTER_BOUND('',#896,.T.);
#561=FACE_OUTER_BOUND('',#897,.T.);
#562=FACE_OUTER_BOUND('',#898,.T.);
#563=FACE_OUTER_BOUND('',#899,.T.);
#564=FACE_OUTER_BOUND('',#900,.T.);
#565=FACE_OUTER_BOUND('',#901,.T.);
#566=FACE_OUTER_BOUND('',#902,.T.);
#567=FACE_OUTER_BOUND('',#903,.T.);
#568=FACE_OUTER_BOUND('',#904,.T.);
#569=FACE_OUTER_BOUND('',#905,.T.);
#570=FACE_OUTER_BOUND('',#906,.T.);
#571=FACE_OUTER_BOUND('',#907,.T.);
#572=FACE_OUTER_BOUND('',#908,.T.);
#573=FACE_OUTER_BOUND('',#909,.T.);
#574=FACE_OUTER_BOUND('',#910,.T.);
#575=FACE_OUTER_BOUND('',#911,.T.);
#576=FACE_OUTER_BOUND('',#912,.T.);
#577=FACE_OUTER_BOUND('',#913,.T.);
#578=FACE_OUTER_BOUND('',#914,.T.);
#579=FACE_OUTER_BOUND('',#915,.T.);
#580=FACE_OUTER_BOUND('',#916,.T.);
#581=FACE_OUTER_BOUND('',#917,.T.);
#582=FACE_OUTER_BOUND('',#918,.T.);
#583=FACE_OUTER_BOUND('',#919,.T.);
#584=FACE_OUTER_BOUND('',#920,.T.);
#585=FACE_OUTER_BOUND('',#921,.T.);
#586=FACE_OUTER_BOUND('',#922,.T.);
#587=FACE_OUTER_BOUND('',#923,.T.);
#588=FACE_OUTER_BOUND('',#924,.T.);
#589=FACE_OUTER_BOUND('',#925,.T.);
#590=FACE_OUTER_BOUND('',#926,.T.);
#591=FACE_OUTER_BOUND('',#927,.T.);
#592=FACE_OUTER_BOUND('',#928,.T.);
#593=FACE_OUTER_BOUND('',#929,.T.);
#594=FACE_OUTER_BOUND('',#930,.T.);
#595=FACE_OUTER_BOUND('',#931,.T.);
#596=FACE_OUTER_BOUND('',#932,.T.);
#597=FACE_OUTER_BOUND('',#933,.T.);
#598=FACE_OUTER_BOUND('',#934,.T.);
#599=FACE_OUTER_BOUND('',#935,.T.);
#600=FACE_OUTER_BOUND('',#936,.T.);
#601=FACE_OUTER_BOUND('',#937,.T.);
#602=FACE_OUTER_BOUND('',#938,.T.);
#603=FACE_OUTER_BOUND('',#939,.T.);
#604=FACE_OUTER_BOUND('',#940,.T.);
#605=FACE_OUTER_BOUND('',#941,.T.);
#606=FACE_OUTER_BOUND('',#942,.T.);
#607=FACE_OUTER_BOUND('',#943,.T.);
#608=FACE_OUTER_BOUND('',#944,.T.);
#609=FACE_OUTER_BOUND('',#945,.T.);
#610=FACE_OUTER_BOUND('',#946,.T.);
#611=FACE_OUTER_BOUND('',#947,.T.);
#612=FACE_OUTER_BOUND('',#948,.T.);
#613=FACE_OUTER_BOUND('',#949,.T.);
#614=FACE_OUTER_BOUND('',#950,.T.);
#615=FACE_OUTER_BOUND('',#951,.T.);
#616=FACE_OUTER_BOUND('',#952,.T.);
#617=FACE_OUTER_BOUND('',#953,.T.);
#618=FACE_OUTER_BOUND('',#954,.T.);
#619=FACE_OUTER_BOUND('',#955,.T.);
#620=FACE_OUTER_BOUND('',#956,.T.);
#621=FACE_OUTER_BOUND('',#957,.T.);
#622=FACE_OUTER_BOUND('',#958,.T.);
#623=FACE_OUTER_BOUND('',#959,.T.);
#624=FACE_OUTER_BOUND('',#960,.T.);
#625=FACE_OUTER_BOUND('',#961,.T.);
#626=FACE_OUTER_BOUND('',#962,.T.);
#627=FACE_OUTER_BOUND('',#963,.T.);
#628=FACE_OUTER_BOUND('',#964,.T.);
#629=FACE_OUTER_BOUND('',#965,.T.);
#630=FACE_OUTER_BOUND('',#966,.T.);
#631=FACE_OUTER_BOUND('',#967,.T.);
#632=FACE_OUTER_BOUND('',#968,.T.);
#633=FACE_OUTER_BOUND('',#969,.T.);
#634=FACE_OUTER_BOUND('',#970,.T.);
#635=FACE_OUTER_BOUND('',#971,.T.);
#636=FACE_OUTER_BOUND('',#972,.T.);
#637=FACE_OUTER_BOUND('',#973,.T.);
#638=FACE_OUTER_BOUND('',#974,.T.);
#639=FACE_OUTER_BOUND('',#975,.T.);
#640=FACE_OUTER_BOUND('',#976,.T.);
#641=FACE_OUTER_BOUND('',#977,.T.);
#642=FACE_OUTER_BOUND('',#978,.T.);
#643=FACE_OUTER_BOUND('',#979,.T.);
#644=FACE_OUTER_BOUND('',#980,.T.);
#645=FACE_OUTER_BOUND('',#981,.T.);
#646=FACE_OUTER_BOUND('',#982,.T.);
#647=FACE_OUTER_BOUND('',#983,.T.);
#648=FACE_OUTER_BOUND('',#985,.T.);
#649=FACE_OUTER_BOUND('',#986,.T.);
#650=FACE_OUTER_BOUND('',#987,.T.);
#651=FACE_OUTER_BOUND('',#988,.T.);
#652=FACE_OUTER_BOUND('',#990,.T.);
#653=FACE_OUTER_BOUND('',#991,.T.);
#654=FACE_OUTER_BOUND('',#992,.T.);
#655=FACE_OUTER_BOUND('',#993,.T.);
#656=FACE_OUTER_BOUND('',#994,.T.);
#657=FACE_OUTER_BOUND('',#995,.T.);
#658=FACE_OUTER_BOUND('',#996,.T.);
#659=FACE_OUTER_BOUND('',#997,.T.);
#660=FACE_OUTER_BOUND('',#998,.T.);
#661=FACE_OUTER_BOUND('',#999,.T.);
#662=FACE_OUTER_BOUND('',#1000,.T.);
#663=FACE_OUTER_BOUND('',#1002,.T.);
#664=FACE_OUTER_BOUND('',#1003,.T.);
#665=FACE_OUTER_BOUND('',#1004,.T.);
#666=FACE_OUTER_BOUND('',#1005,.T.);
#667=FACE_OUTER_BOUND('',#1006,.T.);
#668=FACE_OUTER_BOUND('',#1007,.T.);
#669=FACE_OUTER_BOUND('',#1008,.T.);
#670=FACE_OUTER_BOUND('',#1009,.T.);
#671=FACE_OUTER_BOUND('',#1010,.T.);
#672=FACE_OUTER_BOUND('',#1011,.T.);
#673=FACE_OUTER_BOUND('',#1012,.T.);
#674=FACE_OUTER_BOUND('',#1013,.T.);
#675=FACE_OUTER_BOUND('',#1014,.T.);
#676=FACE_OUTER_BOUND('',#1015,.T.);
#677=FACE_OUTER_BOUND('',#1016,.T.);
#678=FACE_OUTER_BOUND('',#1017,.T.);
#679=FACE_OUTER_BOUND('',#1018,.T.);
#680=FACE_OUTER_BOUND('',#1019,.T.);
#681=FACE_OUTER_BOUND('',#1020,.T.);
#682=FACE_OUTER_BOUND('',#1021,.T.);
#683=FACE_OUTER_BOUND('',#1022,.T.);
#684=FACE_OUTER_BOUND('',#1023,.T.);
#685=FACE_OUTER_BOUND('',#1024,.T.);
#686=FACE_OUTER_BOUND('',#1025,.T.);
#687=FACE_OUTER_BOUND('',#1026,.T.);
#688=FACE_OUTER_BOUND('',#1027,.T.);
#689=FACE_OUTER_BOUND('',#1028,.T.);
#690=FACE_OUTER_BOUND('',#1029,.T.);
#691=FACE_OUTER_BOUND('',#1030,.T.);
#692=FACE_OUTER_BOUND('',#1031,.T.);
#693=FACE_OUTER_BOUND('',#1032,.T.);
#694=FACE_OUTER_BOUND('',#1033,.T.);
#695=FACE_OUTER_BOUND('',#1034,.T.);
#696=FACE_OUTER_BOUND('',#1035,.T.);
#697=FACE_OUTER_BOUND('',#1036,.T.);
#698=FACE_OUTER_BOUND('',#1037,.T.);
#699=FACE_OUTER_BOUND('',#1038,.T.);
#700=FACE_OUTER_BOUND('',#1039,.T.);
#701=FACE_OUTER_BOUND('',#1040,.T.);
#702=FACE_OUTER_BOUND('',#1041,.T.);
#703=FACE_OUTER_BOUND('',#1042,.T.);
#704=FACE_OUTER_BOUND('',#1043,.T.);
#705=FACE_OUTER_BOUND('',#1044,.T.);
#706=FACE_OUTER_BOUND('',#1045,.T.);
#707=FACE_OUTER_BOUND('',#1046,.T.);
#708=FACE_OUTER_BOUND('',#1047,.T.);
#709=FACE_OUTER_BOUND('',#1048,.T.);
#710=FACE_OUTER_BOUND('',#1049,.T.);
#711=FACE_OUTER_BOUND('',#1050,.T.);
#712=FACE_OUTER_BOUND('',#1051,.T.);
#713=FACE_OUTER_BOUND('',#1052,.T.);
#714=FACE_OUTER_BOUND('',#1053,.T.);
#715=FACE_OUTER_BOUND('',#1054,.T.);
#716=FACE_OUTER_BOUND('',#1055,.T.);
#717=FACE_OUTER_BOUND('',#1056,.T.);
#718=FACE_OUTER_BOUND('',#1057,.T.);
#719=FACE_OUTER_BOUND('',#1058,.T.);
#720=FACE_OUTER_BOUND('',#1059,.T.);
#721=FACE_OUTER_BOUND('',#1060,.T.);
#722=FACE_OUTER_BOUND('',#1061,.T.);
#723=FACE_OUTER_BOUND('',#1062,.T.);
#724=FACE_OUTER_BOUND('',#1063,.T.);
#725=FACE_OUTER_BOUND('',#1064,.T.);
#726=FACE_OUTER_BOUND('',#1065,.T.);
#727=FACE_OUTER_BOUND('',#1066,.T.);
#728=FACE_OUTER_BOUND('',#1067,.T.);
#729=FACE_OUTER_BOUND('',#1068,.T.);
#730=FACE_OUTER_BOUND('',#1069,.T.);
#731=FACE_OUTER_BOUND('',#1070,.T.);
#732=FACE_OUTER_BOUND('',#1071,.T.);
#733=FACE_OUTER_BOUND('',#1072,.T.);
#734=FACE_OUTER_BOUND('',#1073,.T.);
#735=FACE_OUTER_BOUND('',#1074,.T.);
#736=FACE_OUTER_BOUND('',#1075,.T.);
#737=FACE_OUTER_BOUND('',#1076,.T.);
#738=FACE_OUTER_BOUND('',#1077,.T.);
#739=FACE_OUTER_BOUND('',#1078,.T.);
#740=FACE_OUTER_BOUND('',#1079,.T.);
#741=FACE_OUTER_BOUND('',#1080,.T.);
#742=FACE_OUTER_BOUND('',#1081,.T.);
#743=FACE_OUTER_BOUND('',#1082,.T.);
#744=FACE_OUTER_BOUND('',#1083,.T.);
#745=FACE_OUTER_BOUND('',#1084,.T.);
#746=FACE_OUTER_BOUND('',#1085,.T.);
#747=FACE_OUTER_BOUND('',#1086,.T.);
#748=FACE_OUTER_BOUND('',#1087,.T.);
#749=FACE_OUTER_BOUND('',#1088,.T.);
#750=FACE_OUTER_BOUND('',#1089,.T.);
#751=FACE_OUTER_BOUND('',#1090,.T.);
#752=FACE_OUTER_BOUND('',#1091,.T.);
#753=FACE_OUTER_BOUND('',#1092,.T.);
#754=FACE_OUTER_BOUND('',#1093,.T.);
#755=FACE_OUTER_BOUND('',#1094,.T.);
#756=FACE_OUTER_BOUND('',#1095,.T.);
#757=FACE_OUTER_BOUND('',#1096,.T.);
#758=FACE_OUTER_BOUND('',#1097,.T.);
#759=FACE_OUTER_BOUND('',#1098,.T.);
#760=FACE_OUTER_BOUND('',#1099,.T.);
#761=FACE_OUTER_BOUND('',#1100,.T.);
#762=FACE_OUTER_BOUND('',#1101,.T.);
#763=FACE_OUTER_BOUND('',#1102,.T.);
#764=FACE_OUTER_BOUND('',#1103,.T.);
#765=FACE_OUTER_BOUND('',#1104,.T.);
#766=FACE_OUTER_BOUND('',#1105,.T.);
#767=FACE_OUTER_BOUND('',#1106,.T.);
#768=FACE_OUTER_BOUND('',#1107,.T.);
#769=FACE_OUTER_BOUND('',#1108,.T.);
#770=FACE_OUTER_BOUND('',#1109,.T.);
#771=FACE_OUTER_BOUND('',#1110,.T.);
#772=FACE_OUTER_BOUND('',#1111,.T.);
#773=FACE_OUTER_BOUND('',#1112,.T.);
#774=FACE_OUTER_BOUND('',#1113,.T.);
#775=FACE_OUTER_BOUND('',#1114,.T.);
#776=FACE_OUTER_BOUND('',#1115,.T.);
#777=FACE_OUTER_BOUND('',#1116,.T.);
#778=FACE_OUTER_BOUND('',#1117,.T.);
#779=FACE_OUTER_BOUND('',#1118,.T.);
#780=FACE_OUTER_BOUND('',#1119,.T.);
#781=FACE_OUTER_BOUND('',#1120,.T.);
#782=FACE_OUTER_BOUND('',#1121,.T.);
#783=FACE_OUTER_BOUND('',#1122,.T.);
#784=FACE_OUTER_BOUND('',#1123,.T.);
#785=FACE_OUTER_BOUND('',#1124,.T.);
#786=FACE_OUTER_BOUND('',#1125,.T.);
#787=FACE_OUTER_BOUND('',#1126,.T.);
#788=FACE_OUTER_BOUND('',#1127,.T.);
#789=FACE_OUTER_BOUND('',#1128,.T.);
#790=FACE_OUTER_BOUND('',#1129,.T.);
#791=FACE_OUTER_BOUND('',#1130,.T.);
#792=FACE_OUTER_BOUND('',#1131,.T.);
#793=FACE_OUTER_BOUND('',#1132,.T.);
#794=FACE_OUTER_BOUND('',#1133,.T.);
#795=FACE_OUTER_BOUND('',#1134,.T.);
#796=FACE_OUTER_BOUND('',#1135,.T.);
#797=FACE_OUTER_BOUND('',#1136,.T.);
#798=FACE_OUTER_BOUND('',#1137,.T.);
#799=FACE_OUTER_BOUND('',#1138,.T.);
#800=FACE_OUTER_BOUND('',#1139,.T.);
#801=FACE_OUTER_BOUND('',#1140,.T.);
#802=FACE_OUTER_BOUND('',#1141,.T.);
#803=FACE_OUTER_BOUND('',#1142,.T.);
#804=FACE_OUTER_BOUND('',#1143,.T.);
#805=FACE_OUTER_BOUND('',#1144,.T.);
#806=FACE_OUTER_BOUND('',#1145,.T.);
#807=FACE_OUTER_BOUND('',#1146,.T.);
#808=FACE_OUTER_BOUND('',#1147,.T.);
#809=FACE_OUTER_BOUND('',#1148,.T.);
#810=FACE_OUTER_BOUND('',#1149,.T.);
#811=FACE_OUTER_BOUND('',#1151,.T.);
#812=FACE_OUTER_BOUND('',#1152,.T.);
#813=FACE_OUTER_BOUND('',#1153,.T.);
#814=FACE_OUTER_BOUND('',#1155,.T.);
#815=FACE_OUTER_BOUND('',#1156,.T.);
#816=FACE_OUTER_BOUND('',#1158,.T.);
#817=FACE_OUTER_BOUND('',#1159,.T.);
#818=FACE_OUTER_BOUND('',#1160,.T.);
#819=FACE_OUTER_BOUND('',#1161,.T.);
#820=FACE_OUTER_BOUND('',#1162,.T.);
#821=FACE_OUTER_BOUND('',#1166,.T.);
#822=FACE_OUTER_BOUND('',#1167,.T.);
#823=FACE_OUTER_BOUND('',#1168,.T.);
#824=FACE_OUTER_BOUND('',#1169,.T.);
#825=FACE_OUTER_BOUND('',#1170,.T.);
#826=FACE_OUTER_BOUND('',#1171,.T.);
#827=FACE_OUTER_BOUND('',#1172,.T.);
#828=FACE_OUTER_BOUND('',#1173,.T.);
#829=FACE_OUTER_BOUND('',#1174,.T.);
#830=FACE_OUTER_BOUND('',#1175,.T.);
#831=FACE_OUTER_BOUND('',#1177,.T.);
#832=FACE_OUTER_BOUND('',#1178,.T.);
#833=FACE_OUTER_BOUND('',#1179,.T.);
#834=FACE_OUTER_BOUND('',#1180,.T.);
#835=FACE_OUTER_BOUND('',#1181,.T.);
#836=FACE_OUTER_BOUND('',#1185,.T.);
#837=FACE_OUTER_BOUND('',#1186,.T.);
#838=FACE_OUTER_BOUND('',#1187,.T.);
#839=FACE_OUTER_BOUND('',#1188,.T.);
#840=EDGE_LOOP('',(#3084,#3085,#3086,#3087,#3088,#3089));
#841=EDGE_LOOP('',(#3090,#3091,#3092,#3093,#3094,#3095,#3096,#3097,#3098,
#3099,#3100,#3101,#3102,#3103,#3104,#3105,#3106,#3107));
#842=EDGE_LOOP('',(#3108,#3109,#3110,#3111,#3112,#3113,#3114,#3115,#3116,
#3117,#3118,#3119,#3120,#3121,#3122,#3123,#3124,#3125,#3126,#3127,#3128,
#3129,#3130,#3131,#3132,#3133,#3134,#3135,#3136,#3137,#3138,#3139,#3140,
#3141,#3142,#3143,#3144,#3145,#3146));
#843=EDGE_LOOP('',(#3147,#3148,#3149,#3150));
#844=EDGE_LOOP('',(#3151,#3152,#3153));
#845=EDGE_LOOP('',(#3154,#3155,#3156,#3157));
#846=EDGE_LOOP('',(#3158,#3159,#3160,#3161));
#847=EDGE_LOOP('',(#3162,#3163,#3164));
#848=EDGE_LOOP('',(#3165,#3166,#3167,#3168));
#849=EDGE_LOOP('',(#3169,#3170,#3171,#3172,#3173));
#850=EDGE_LOOP('',(#3174,#3175,#3176));
#851=EDGE_LOOP('',(#3177,#3178,#3179,#3180));
#852=EDGE_LOOP('',(#3181,#3182,#3183,#3184));
#853=EDGE_LOOP('',(#3185,#3186,#3187));
#854=EDGE_LOOP('',(#3188,#3189,#3190,#3191));
#855=EDGE_LOOP('',(#3192,#3193,#3194,#3195));
#856=EDGE_LOOP('',(#3196,#3197,#3198));
#857=EDGE_LOOP('',(#3199,#3200,#3201,#3202));
#858=EDGE_LOOP('',(#3203,#3204,#3205,#3206));
#859=EDGE_LOOP('',(#3207,#3208,#3209));
#860=EDGE_LOOP('',(#3210,#3211,#3212,#3213));
#861=EDGE_LOOP('',(#3214,#3215,#3216,#3217));
#862=EDGE_LOOP('',(#3218,#3219,#3220));
#863=EDGE_LOOP('',(#3221,#3222,#3223,#3224));
#864=EDGE_LOOP('',(#3225,#3226,#3227,#3228));
#865=EDGE_LOOP('',(#3229,#3230,#3231));
#866=EDGE_LOOP('',(#3232,#3233,#3234,#3235));
#867=EDGE_LOOP('',(#3236,#3237,#3238,#3239));
#868=EDGE_LOOP('',(#3240,#3241,#3242));
#869=EDGE_LOOP('',(#3243,#3244,#3245,#3246));
#870=EDGE_LOOP('',(#3247,#3248,#3249,#3250));
#871=EDGE_LOOP('',(#3251,#3252,#3253));
#872=EDGE_LOOP('',(#3254,#3255,#3256,#3257));
#873=EDGE_LOOP('',(#3258,#3259,#3260,#3261));
#874=EDGE_LOOP('',(#3262,#3263,#3264));
#875=EDGE_LOOP('',(#3265,#3266,#3267,#3268));
#876=EDGE_LOOP('',(#3269,#3270,#3271,#3272));
#877=EDGE_LOOP('',(#3273,#3274,#3275));
#878=EDGE_LOOP('',(#3276,#3277,#3278,#3279));
#879=EDGE_LOOP('',(#3280,#3281,#3282,#3283));
#880=EDGE_LOOP('',(#3284,#3285,#3286));
#881=EDGE_LOOP('',(#3287,#3288,#3289,#3290));
#882=EDGE_LOOP('',(#3291,#3292,#3293,#3294));
#883=EDGE_LOOP('',(#3295,#3296,#3297));
#884=EDGE_LOOP('',(#3298,#3299,#3300,#3301));
#885=EDGE_LOOP('',(#3302,#3303,#3304,#3305));
#886=EDGE_LOOP('',(#3306,#3307,#3308));
#887=EDGE_LOOP('',(#3309,#3310,#3311,#3312));
#888=EDGE_LOOP('',(#3313,#3314,#3315,#3316));
#889=EDGE_LOOP('',(#3317,#3318,#3319));
#890=EDGE_LOOP('',(#3320,#3321,#3322,#3323));
#891=EDGE_LOOP('',(#3324,#3325,#3326,#3327));
#892=EDGE_LOOP('',(#3328,#3329,#3330));
#893=EDGE_LOOP('',(#3331,#3332,#3333,#3334));
#894=EDGE_LOOP('',(#3335,#3336,#3337,#3338));
#895=EDGE_LOOP('',(#3339,#3340,#3341));
#896=EDGE_LOOP('',(#3342,#3343,#3344,#3345));
#897=EDGE_LOOP('',(#3346,#3347,#3348,#3349));
#898=EDGE_LOOP('',(#3350,#3351,#3352));
#899=EDGE_LOOP('',(#3353,#3354,#3355));
#900=EDGE_LOOP('',(#3356,#3357,#3358));
#901=EDGE_LOOP('',(#3359,#3360,#3361));
#902=EDGE_LOOP('',(#3362,#3363,#3364));
#903=EDGE_LOOP('',(#3365,#3366,#3367));
#904=EDGE_LOOP('',(#3368,#3369,#3370));
#905=EDGE_LOOP('',(#3371,#3372,#3373));
#906=EDGE_LOOP('',(#3374,#3375,#3376,#3377,#3378,#3379,#3380,#3381,#3382,
#3383,#3384,#3385));
#907=EDGE_LOOP('',(#3386,#3387,#3388,#3389,#3390,#3391,#3392,#3393,#3394));
#908=EDGE_LOOP('',(#3395,#3396,#3397));
#909=EDGE_LOOP('',(#3398,#3399,#3400,#3401,#3402));
#910=EDGE_LOOP('',(#3403,#3404,#3405,#3406,#3407));
#911=EDGE_LOOP('',(#3408,#3409,#3410,#3411));
#912=EDGE_LOOP('',(#3412,#3413,#3414,#3415));
#913=EDGE_LOOP('',(#3416,#3417,#3418,#3419));
#914=EDGE_LOOP('',(#3420,#3421,#3422,#3423,#3424));
#915=EDGE_LOOP('',(#3425,#3426,#3427,#3428));
#916=EDGE_LOOP('',(#3429,#3430,#3431));
#917=EDGE_LOOP('',(#3432,#3433,#3434,#3435));
#918=EDGE_LOOP('',(#3436,#3437,#3438,#3439));
#919=EDGE_LOOP('',(#3440,#3441,#3442));
#920=EDGE_LOOP('',(#3443,#3444,#3445,#3446));
#921=EDGE_LOOP('',(#3447,#3448,#3449,#3450,#3451));
#922=EDGE_LOOP('',(#3452,#3453,#3454));
#923=EDGE_LOOP('',(#3455,#3456,#3457,#3458));
#924=EDGE_LOOP('',(#3459,#3460,#3461,#3462));
#925=EDGE_LOOP('',(#3463,#3464,#3465));
#926=EDGE_LOOP('',(#3466,#3467,#3468,#3469));
#927=EDGE_LOOP('',(#3470,#3471,#3472,#3473));
#928=EDGE_LOOP('',(#3474,#3475,#3476));
#929=EDGE_LOOP('',(#3477,#3478,#3479,#3480));
#930=EDGE_LOOP('',(#3481,#3482,#3483,#3484));
#931=EDGE_LOOP('',(#3485,#3486,#3487));
#932=EDGE_LOOP('',(#3488,#3489,#3490,#3491));
#933=EDGE_LOOP('',(#3492,#3493,#3494,#3495));
#934=EDGE_LOOP('',(#3496,#3497,#3498));
#935=EDGE_LOOP('',(#3499,#3500,#3501,#3502));
#936=EDGE_LOOP('',(#3503,#3504,#3505,#3506));
#937=EDGE_LOOP('',(#3507,#3508,#3509));
#938=EDGE_LOOP('',(#3510,#3511,#3512,#3513));
#939=EDGE_LOOP('',(#3514,#3515,#3516,#3517));
#940=EDGE_LOOP('',(#3518,#3519,#3520));
#941=EDGE_LOOP('',(#3521,#3522,#3523,#3524));
#942=EDGE_LOOP('',(#3525,#3526,#3527,#3528));
#943=EDGE_LOOP('',(#3529,#3530,#3531,#3532));
#944=EDGE_LOOP('',(#3533,#3534,#3535,#3536));
#945=EDGE_LOOP('',(#3537,#3538,#3539));
#946=EDGE_LOOP('',(#3540,#3541,#3542,#3543));
#947=EDGE_LOOP('',(#3544,#3545,#3546,#3547));
#948=EDGE_LOOP('',(#3548,#3549,#3550));
#949=EDGE_LOOP('',(#3551,#3552,#3553,#3554));
#950=EDGE_LOOP('',(#3555,#3556,#3557,#3558));
#951=EDGE_LOOP('',(#3559,#3560,#3561));
#952=EDGE_LOOP('',(#3562,#3563,#3564,#3565));
#953=EDGE_LOOP('',(#3566,#3567,#3568,#3569));
#954=EDGE_LOOP('',(#3570,#3571,#3572));
#955=EDGE_LOOP('',(#3573,#3574,#3575,#3576));
#956=EDGE_LOOP('',(#3577,#3578,#3579,#3580));
#957=EDGE_LOOP('',(#3581,#3582,#3583));
#958=EDGE_LOOP('',(#3584,#3585,#3586,#3587));
#959=EDGE_LOOP('',(#3588,#3589,#3590,#3591));
#960=EDGE_LOOP('',(#3592,#3593,#3594));
#961=EDGE_LOOP('',(#3595,#3596,#3597,#3598));
#962=EDGE_LOOP('',(#3599,#3600,#3601,#3602));
#963=EDGE_LOOP('',(#3603,#3604,#3605));
#964=EDGE_LOOP('',(#3606,#3607,#3608,#3609));
#965=EDGE_LOOP('',(#3610,#3611,#3612,#3613));
#966=EDGE_LOOP('',(#3614,#3615,#3616));
#967=EDGE_LOOP('',(#3617,#3618,#3619,#3620));
#968=EDGE_LOOP('',(#3621,#3622,#3623,#3624));
#969=EDGE_LOOP('',(#3625,#3626,#3627));
#970=EDGE_LOOP('',(#3628,#3629,#3630));
#971=EDGE_LOOP('',(#3631,#3632,#3633));
#972=EDGE_LOOP('',(#3634,#3635,#3636));
#973=EDGE_LOOP('',(#3637,#3638,#3639));
#974=EDGE_LOOP('',(#3640,#3641,#3642));
#975=EDGE_LOOP('',(#3643,#3644,#3645,#3646,#3647,#3648,#3649,#3650,#3651,
#3652,#3653,#3654));
#976=EDGE_LOOP('',(#3655,#3656,#3657));
#977=EDGE_LOOP('',(#3658,#3659,#3660,#3661,#3662));
#978=EDGE_LOOP('',(#3663,#3664,#3665,#3666,#3667));
#979=EDGE_LOOP('',(#3668,#3669,#3670,#3671));
#980=EDGE_LOOP('',(#3672,#3673,#3674,#3675));
#981=EDGE_LOOP('',(#3676,#3677,#3678,#3679));
#982=EDGE_LOOP('',(#3680,#3681,#3682,#3683,#3684));
#983=EDGE_LOOP('',(#3685,#3686,#3687,#3688,#3689,#3690,#3691,#3692,#3693,
#3694,#3695,#3696,#3697,#3698,#3699,#3700,#3701,#3702,#3703,#3704,#3705,
#3706,#3707,#3708,#3709,#3710,#3711,#3712,#3713,#3714,#3715,#3716,#3717,
#3718,#3719,#3720));
#984=EDGE_LOOP('',(#3721));
#985=EDGE_LOOP('',(#3722,#3723,#3724,#3725,#3726,#3727));
#986=EDGE_LOOP('',(#3728,#3729,#3730,#3731,#3732));
#987=EDGE_LOOP('',(#3733,#3734,#3735,#3736));
#988=EDGE_LOOP('',(#3737));
#989=EDGE_LOOP('',(#3738));
#990=EDGE_LOOP('',(#3739,#3740,#3741,#3742));
#991=EDGE_LOOP('',(#3743,#3744,#3745,#3746));
#992=EDGE_LOOP('',(#3747,#3748,#3749,#3750));
#993=EDGE_LOOP('',(#3751,#3752,#3753,#3754));
#994=EDGE_LOOP('',(#3755,#3756,#3757,#3758));
#995=EDGE_LOOP('',(#3759,#3760,#3761,#3762));
#996=EDGE_LOOP('',(#3763,#3764,#3765,#3766,#3767));
#997=EDGE_LOOP('',(#3768,#3769,#3770,#3771));
#998=EDGE_LOOP('',(#3772,#3773,#3774,#3775,#3776));
#999=EDGE_LOOP('',(#3777,#3778,#3779,#3780));
#1000=EDGE_LOOP('',(#3781,#3782,#3783,#3784,#3785,#3786,#3787,#3788,#3789,
#3790,#3791,#3792));
#1001=EDGE_LOOP('',(#3793));
#1002=EDGE_LOOP('',(#3794,#3795,#3796,#3797,#3798));
#1003=EDGE_LOOP('',(#3799,#3800,#3801,#3802,#3803,#3804));
#1004=EDGE_LOOP('',(#3805,#3806,#3807,#3808,#3809,#3810));
#1005=EDGE_LOOP('',(#3811,#3812,#3813,#3814,#3815,#3816));
#1006=EDGE_LOOP('',(#3817,#3818,#3819,#3820,#3821,#3822,#3823,#3824,#3825,
#3826,#3827,#3828,#3829,#3830,#3831,#3832,#3833,#3834));
#1007=EDGE_LOOP('',(#3835,#3836,#3837,#3838,#3839,#3840,#3841,#3842,#3843,
#3844,#3845,#3846,#3847,#3848,#3849,#3850,#3851,#3852,#3853,#3854,#3855,
#3856,#3857,#3858,#3859,#3860,#3861,#3862,#3863,#3864,#3865,#3866,#3867,
#3868,#3869,#3870,#3871,#3872,#3873));
#1008=EDGE_LOOP('',(#3874,#3875,#3876,#3877));
#1009=EDGE_LOOP('',(#3878,#3879,#3880));
#1010=EDGE_LOOP('',(#3881,#3882,#3883,#3884));
#1011=EDGE_LOOP('',(#3885,#3886,#3887,#3888));
#1012=EDGE_LOOP('',(#3889,#3890,#3891));
#1013=EDGE_LOOP('',(#3892,#3893,#3894,#3895));
#1014=EDGE_LOOP('',(#3896,#3897,#3898,#3899,#3900));
#1015=EDGE_LOOP('',(#3901,#3902,#3903));
#1016=EDGE_LOOP('',(#3904,#3905,#3906,#3907));
#1017=EDGE_LOOP('',(#3908,#3909,#3910,#3911));
#1018=EDGE_LOOP('',(#3912,#3913,#3914));
#1019=EDGE_LOOP('',(#3915,#3916,#3917,#3918));
#1020=EDGE_LOOP('',(#3919,#3920,#3921,#3922));
#1021=EDGE_LOOP('',(#3923,#3924,#3925));
#1022=EDGE_LOOP('',(#3926,#3927,#3928,#3929));
#1023=EDGE_LOOP('',(#3930,#3931,#3932,#3933));
#1024=EDGE_LOOP('',(#3934,#3935,#3936));
#1025=EDGE_LOOP('',(#3937,#3938,#3939,#3940));
#1026=EDGE_LOOP('',(#3941,#3942,#3943,#3944));
#1027=EDGE_LOOP('',(#3945,#3946,#3947));
#1028=EDGE_LOOP('',(#3948,#3949,#3950,#3951));
#1029=EDGE_LOOP('',(#3952,#3953,#3954,#3955));
#1030=EDGE_LOOP('',(#3956,#3957,#3958));
#1031=EDGE_LOOP('',(#3959,#3960,#3961,#3962));
#1032=EDGE_LOOP('',(#3963,#3964,#3965,#3966));
#1033=EDGE_LOOP('',(#3967,#3968,#3969));
#1034=EDGE_LOOP('',(#3970,#3971,#3972,#3973));
#1035=EDGE_LOOP('',(#3974,#3975,#3976,#3977));
#1036=EDGE_LOOP('',(#3978,#3979,#3980));
#1037=EDGE_LOOP('',(#3981,#3982,#3983,#3984));
#1038=EDGE_LOOP('',(#3985,#3986,#3987,#3988));
#1039=EDGE_LOOP('',(#3989,#3990,#3991));
#1040=EDGE_LOOP('',(#3992,#3993,#3994,#3995));
#1041=EDGE_LOOP('',(#3996,#3997,#3998,#3999));
#1042=EDGE_LOOP('',(#4000,#4001,#4002));
#1043=EDGE_LOOP('',(#4003,#4004,#4005,#4006));
#1044=EDGE_LOOP('',(#4007,#4008,#4009,#4010));
#1045=EDGE_LOOP('',(#4011,#4012,#4013));
#1046=EDGE_LOOP('',(#4014,#4015,#4016,#4017));
#1047=EDGE_LOOP('',(#4018,#4019,#4020,#4021));
#1048=EDGE_LOOP('',(#4022,#4023,#4024));
#1049=EDGE_LOOP('',(#4025,#4026,#4027,#4028));
#1050=EDGE_LOOP('',(#4029,#4030,#4031,#4032));
#1051=EDGE_LOOP('',(#4033,#4034,#4035));
#1052=EDGE_LOOP('',(#4036,#4037,#4038,#4039));
#1053=EDGE_LOOP('',(#4040,#4041,#4042,#4043));
#1054=EDGE_LOOP('',(#4044,#4045,#4046));
#1055=EDGE_LOOP('',(#4047,#4048,#4049,#4050));
#1056=EDGE_LOOP('',(#4051,#4052,#4053,#4054));
#1057=EDGE_LOOP('',(#4055,#4056,#4057));
#1058=EDGE_LOOP('',(#4058,#4059,#4060,#4061));
#1059=EDGE_LOOP('',(#4062,#4063,#4064,#4065));
#1060=EDGE_LOOP('',(#4066,#4067,#4068));
#1061=EDGE_LOOP('',(#4069,#4070,#4071,#4072));
#1062=EDGE_LOOP('',(#4073,#4074,#4075,#4076));
#1063=EDGE_LOOP('',(#4077,#4078,#4079));
#1064=EDGE_LOOP('',(#4080,#4081,#4082));
#1065=EDGE_LOOP('',(#4083,#4084,#4085));
#1066=EDGE_LOOP('',(#4086,#4087,#4088));
#1067=EDGE_LOOP('',(#4089,#4090,#4091));
#1068=EDGE_LOOP('',(#4092,#4093,#4094));
#1069=EDGE_LOOP('',(#4095,#4096,#4097));
#1070=EDGE_LOOP('',(#4098,#4099,#4100));
#1071=EDGE_LOOP('',(#4101,#4102,#4103,#4104,#4105,#4106,#4107,#4108,#4109,
#4110,#4111,#4112));
#1072=EDGE_LOOP('',(#4113,#4114,#4115,#4116,#4117,#4118,#4119,#4120,#4121));
#1073=EDGE_LOOP('',(#4122,#4123,#4124));
#1074=EDGE_LOOP('',(#4125,#4126,#4127,#4128,#4129));
#1075=EDGE_LOOP('',(#4130,#4131,#4132,#4133,#4134));
#1076=EDGE_LOOP('',(#4135,#4136,#4137,#4138));
#1077=EDGE_LOOP('',(#4139,#4140,#4141,#4142));
#1078=EDGE_LOOP('',(#4143,#4144,#4145,#4146));
#1079=EDGE_LOOP('',(#4147,#4148,#4149,#4150));
#1080=EDGE_LOOP('',(#4151,#4152,#4153,#4154,#4155));
#1081=EDGE_LOOP('',(#4156,#4157,#4158,#4159));
#1082=EDGE_LOOP('',(#4160,#4161,#4162));
#1083=EDGE_LOOP('',(#4163,#4164,#4165,#4166));
#1084=EDGE_LOOP('',(#4167,#4168,#4169,#4170));
#1085=EDGE_LOOP('',(#4171,#4172,#4173));
#1086=EDGE_LOOP('',(#4174,#4175,#4176,#4177));
#1087=EDGE_LOOP('',(#4178,#4179,#4180,#4181,#4182));
#1088=EDGE_LOOP('',(#4183,#4184,#4185));
#1089=EDGE_LOOP('',(#4186,#4187,#4188,#4189));
#1090=EDGE_LOOP('',(#4190,#4191,#4192,#4193));
#1091=EDGE_LOOP('',(#4194,#4195,#4196));
#1092=EDGE_LOOP('',(#4197,#4198,#4199,#4200));
#1093=EDGE_LOOP('',(#4201,#4202,#4203,#4204));
#1094=EDGE_LOOP('',(#4205,#4206,#4207));
#1095=EDGE_LOOP('',(#4208,#4209,#4210,#4211));
#1096=EDGE_LOOP('',(#4212,#4213,#4214,#4215));
#1097=EDGE_LOOP('',(#4216,#4217,#4218));
#1098=EDGE_LOOP('',(#4219,#4220,#4221,#4222));
#1099=EDGE_LOOP('',(#4223,#4224,#4225,#4226));
#1100=EDGE_LOOP('',(#4227,#4228,#4229));
#1101=EDGE_LOOP('',(#4230,#4231,#4232,#4233));
#1102=EDGE_LOOP('',(#4234,#4235,#4236,#4237));
#1103=EDGE_LOOP('',(#4238,#4239,#4240));
#1104=EDGE_LOOP('',(#4241,#4242,#4243,#4244));
#1105=EDGE_LOOP('',(#4245,#4246,#4247,#4248));
#1106=EDGE_LOOP('',(#4249,#4250,#4251));
#1107=EDGE_LOOP('',(#4252,#4253,#4254,#4255));
#1108=EDGE_LOOP('',(#4256,#4257,#4258,#4259));
#1109=EDGE_LOOP('',(#4260,#4261,#4262,#4263));
#1110=EDGE_LOOP('',(#4264,#4265,#4266,#4267));
#1111=EDGE_LOOP('',(#4268,#4269,#4270));
#1112=EDGE_LOOP('',(#4271,#4272,#4273,#4274));
#1113=EDGE_LOOP('',(#4275,#4276,#4277,#4278));
#1114=EDGE_LOOP('',(#4279,#4280,#4281));
#1115=EDGE_LOOP('',(#4282,#4283,#4284,#4285));
#1116=EDGE_LOOP('',(#4286,#4287,#4288,#4289));
#1117=EDGE_LOOP('',(#4290,#4291,#4292));
#1118=EDGE_LOOP('',(#4293,#4294,#4295,#4296));
#1119=EDGE_LOOP('',(#4297,#4298,#4299,#4300));
#1120=EDGE_LOOP('',(#4301,#4302,#4303));
#1121=EDGE_LOOP('',(#4304,#4305,#4306,#4307));
#1122=EDGE_LOOP('',(#4308,#4309,#4310,#4311));
#1123=EDGE_LOOP('',(#4312,#4313,#4314));
#1124=EDGE_LOOP('',(#4315,#4316,#4317,#4318));
#1125=EDGE_LOOP('',(#4319,#4320,#4321,#4322));
#1126=EDGE_LOOP('',(#4323,#4324,#4325));
#1127=EDGE_LOOP('',(#4326,#4327,#4328,#4329));
#1128=EDGE_LOOP('',(#4330,#4331,#4332,#4333));
#1129=EDGE_LOOP('',(#4334,#4335,#4336));
#1130=EDGE_LOOP('',(#4337,#4338,#4339,#4340));
#1131=EDGE_LOOP('',(#4341,#4342,#4343,#4344));
#1132=EDGE_LOOP('',(#4345,#4346,#4347));
#1133=EDGE_LOOP('',(#4348,#4349,#4350,#4351));
#1134=EDGE_LOOP('',(#4352,#4353,#4354,#4355));
#1135=EDGE_LOOP('',(#4356,#4357,#4358));
#1136=EDGE_LOOP('',(#4359,#4360,#4361));
#1137=EDGE_LOOP('',(#4362,#4363,#4364));
#1138=EDGE_LOOP('',(#4365,#4366,#4367));
#1139=EDGE_LOOP('',(#4368,#4369,#4370));
#1140=EDGE_LOOP('',(#4371,#4372,#4373));
#1141=EDGE_LOOP('',(#4374,#4375,#4376,#4377,#4378,#4379,#4380,#4381,#4382,
#4383,#4384,#4385));
#1142=EDGE_LOOP('',(#4386,#4387,#4388));
#1143=EDGE_LOOP('',(#4389,#4390,#4391,#4392,#4393));
#1144=EDGE_LOOP('',(#4394,#4395,#4396,#4397,#4398));
#1145=EDGE_LOOP('',(#4399,#4400,#4401,#4402));
#1146=EDGE_LOOP('',(#4403,#4404,#4405,#4406));
#1147=EDGE_LOOP('',(#4407,#4408,#4409,#4410));
#1148=EDGE_LOOP('',(#4411,#4412,#4413,#4414,#4415));
#1149=EDGE_LOOP('',(#4416,#4417,#4418,#4419,#4420,#4421,#4422,#4423,#4424,
#4425,#4426,#4427,#4428,#4429,#4430,#4431,#4432,#4433,#4434,#4435,#4436,
#4437,#4438,#4439,#4440,#4441,#4442,#4443,#4444,#4445,#4446,#4447,#4448,
#4449,#4450,#4451));
#1150=EDGE_LOOP('',(#4452));
#1151=EDGE_LOOP('',(#4453,#4454,#4455,#4456,#4457,#4458));
#1152=EDGE_LOOP('',(#4459,#4460,#4461,#4462,#4463));
#1153=EDGE_LOOP('',(#4464));
#1154=EDGE_LOOP('',(#4465));
#1155=EDGE_LOOP('',(#4466,#4467,#4468,#4469));
#1156=EDGE_LOOP('',(#4470));
#1157=EDGE_LOOP('',(#4471));
#1158=EDGE_LOOP('',(#4472,#4473,#4474,#4475));
#1159=EDGE_LOOP('',(#4476,#4477,#4478,#4479));
#1160=EDGE_LOOP('',(#4480,#4481,#4482,#4483));
#1161=EDGE_LOOP('',(#4484,#4485,#4486,#4487));
#1162=EDGE_LOOP('',(#4488,#4489,#4490,#4491,#4492,#4493,#4494,#4495));
#1163=EDGE_LOOP('',(#4496));
#1164=EDGE_LOOP('',(#4497));
#1165=EDGE_LOOP('',(#4498));
#1166=EDGE_LOOP('',(#4499,#4500,#4501,#4502,#4503,#4504,#4505,#4506));
#1167=EDGE_LOOP('',(#4507,#4508,#4509,#4510));
#1168=EDGE_LOOP('',(#4511,#4512,#4513,#4514));
#1169=EDGE_LOOP('',(#4515,#4516,#4517,#4518));
#1170=EDGE_LOOP('',(#4519,#4520,#4521,#4522));
#1171=EDGE_LOOP('',(#4523,#4524,#4525,#4526,#4527));
#1172=EDGE_LOOP('',(#4528,#4529,#4530,#4531));
#1173=EDGE_LOOP('',(#4532,#4533,#4534,#4535,#4536));
#1174=EDGE_LOOP('',(#4537,#4538,#4539,#4540));
#1175=EDGE_LOOP('',(#4541,#4542,#4543,#4544,#4545,#4546,#4547,#4548,#4549,
#4550,#4551,#4552));
#1176=EDGE_LOOP('',(#4553));
#1177=EDGE_LOOP('',(#4554,#4555,#4556,#4557,#4558));
#1178=EDGE_LOOP('',(#4559,#4560,#4561,#4562,#4563,#4564));
#1179=EDGE_LOOP('',(#4565,#4566,#4567,#4568,#4569,#4570));
#1180=EDGE_LOOP('',(#4571,#4572,#4573,#4574));
#1181=EDGE_LOOP('',(#4575,#4576,#4577,#4578,#4579,#4580));
#1182=EDGE_LOOP('',(#4581));
#1183=EDGE_LOOP('',(#4582));
#1184=EDGE_LOOP('',(#4583));
#1185=EDGE_LOOP('',(#4584,#4585,#4586,#4587));
#1186=EDGE_LOOP('',(#4588,#4589,#4590,#4591));
#1187=EDGE_LOOP('',(#4592,#4593,#4594,#4595,#4596,#4597,#4598,#4599));
#1188=EDGE_LOOP('',(#4600,#4601,#4602,#4603));
#1189=B_SPLINE_CURVE_WITH_KNOTS('',3,(#7399,#7400,#7401,#7402,#7403,#7404,
#7405,#7406),.UNSPECIFIED.,.F.,.F.,(4,2,2,4),(3.23918748966957,3.2438063448667,
3.25221762785626,3.28189264541948),.UNSPECIFIED.);
#1190=B_SPLINE_CURVE_WITH_KNOTS('',3,(#7834,#7835,#7836,#7837),
 .UNSPECIFIED.,.F.,.F.,(4,4),(0.406924036233258,0.464210113187584),
 .UNSPECIFIED.);
#1191=B_SPLINE_CURVE_WITH_KNOTS('',3,(#7844,#7845,#7846,#7847,#7848,#7849,
#7850,#7851,#7852,#7853,#7854,#7855,#7856,#7857),.UNSPECIFIED.,.F.,.F.,
(4,2,2,2,2,2,4),(0.,0.374096596115279,0.561144894172918,0.748193192230557,
0.876220902289432,1.00424861234831,1.01516188589966),.UNSPECIFIED.);
#1192=B_SPLINE_CURVE_WITH_KNOTS('',3,(#7893,#7894,#7895,#7896,#7897,#7898,
#7899,#7900,#7901,#7902,#7903,#7904,#7905,#7906,#7907,#7908,#7909,#7910,
#7911,#7912,#7913,#7914,#7915,#7916,#7917,#7918,#7919,#7920,#7921,#7922,
#7923,#7924,#7925,#7926,#7927,#7928,#7929,#7930,#7931,#7932,#7933,#7934,
#7935,#7936,#7937,#7938),.UNSPECIFIED.,.F.,.F.,(4,3,3,3,3,3,3,3,3,3,3,3,
3,3,3,4),(-0.280672082486484,-0.279983673464419,-0.257893994189195,-0.2353188752749,
-0.218032694729669,-0.195484473741312,-0.17300123174688,-0.15613790667911,
-0.133587750750313,-0.120232841916942,-0.097728935042592,-0.0780278928877233,
-0.0555838494923847,-0.033056605494612,-0.010933613680235,0.),
 .UNSPECIFIED.);
#1193=B_SPLINE_CURVE_WITH_KNOTS('',3,(#8249,#8250,#8251,#8252),
 .UNSPECIFIED.,.F.,.F.,(4,4),(0.406924036233258,0.464210113187584),
 .UNSPECIFIED.);
#1194=B_SPLINE_CURVE_WITH_KNOTS('',3,(#8275,#8276,#8277,#8278,#8279,#8280,
#8281,#8282,#8283,#8284),.UNSPECIFIED.,.F.,.F.,(4,2,2,2,4),(-0.33769757189938,
-0.247846852867443,-0.157537513672591,-0.0725970503129557,0.),
 .UNSPECIFIED.);
#1195=B_SPLINE_CURVE_WITH_KNOTS('',3,(#8294,#8295,#8296,#8297,#8298,#8299,
#8300,#8301,#8302,#8303,#8304,#8305,#8306,#8307,#8308,#8309,#8310,#8311,
#8312,#8313,#8314,#8315,#8316,#8317,#8318,#8319,#8320,#8321,#8322,#8323,
#8324,#8325,#8326,#8327,#8328,#8329,#8330,#8331,#8332,#8333,#8334,#8335,
#8336,#8337,#8338,#8339),.UNSPECIFIED.,.F.,.F.,(4,3,3,3,3,3,3,3,3,3,3,3,
3,3,3,4),(-0.280672082486484,-0.279983673464419,-0.257893318357546,-0.235317595893919,
-0.218032694729669,-0.195484101427263,-0.173000729356037,-0.15613790667911,
-0.133587755006134,-0.120232841916942,-0.0977289656414163,-0.0780278928877233,
-0.0555838535350332,-0.0330565923035829,-0.0109335720800153,0.),
 .UNSPECIFIED.);
#1196=B_SPLINE_CURVE_WITH_KNOTS('',3,(#8340,#8341,#8342,#8343,#8344,#8345,
#8346,#8347),.UNSPECIFIED.,.F.,.F.,(4,2,2,4),(3.23918748966957,3.2438063448667,
3.25221762785626,3.28189264541948),.UNSPECIFIED.);
#1197=B_SPLINE_CURVE_WITH_KNOTS('',3,(#8428,#8429,#8430,#8431,#8432,#8433,
#8434,#8435),.UNSPECIFIED.,.F.,.F.,(4,2,2,4),(1.83505606695191,1.95578507082325,
2.15551926976678,2.35525346871031),.UNSPECIFIED.);
#1198=B_SPLINE_CURVE_WITH_KNOTS('',3,(#8457,#8458,#8459,#8460,#8461,#8462,
#8463,#8464,#8465,#8466),.UNSPECIFIED.,.F.,.F.,(4,2,2,2,4),(-0.688550896975856,
-0.597946682502637,-0.494996973651944,-0.274045703302209,0.),
 .UNSPECIFIED.);
#1199=B_SPLINE_CURVE_WITH_KNOTS('',3,(#8495,#8496,#8497,#8498,#8499,#8500,
#8501,#8502),.UNSPECIFIED.,.F.,.F.,(4,2,2,4),(3.23918748966957,3.2438063448667,
3.25221762785626,3.28189264541948),.UNSPECIFIED.);
#1200=B_SPLINE_CURVE_WITH_KNOTS('',3,(#8934,#8935,#8936,#8937),
 .UNSPECIFIED.,.F.,.F.,(4,4),(0.406924036233258,0.464210113187584),
 .UNSPECIFIED.);
#1201=B_SPLINE_CURVE_WITH_KNOTS('',3,(#8952,#8953,#8954,#8955,#8956,#8957,
#8958,#8959,#8960,#8961,#8962,#8963,#8964,#8965),.UNSPECIFIED.,.F.,.F.,
(4,2,2,2,2,2,4),(0.,0.374096596115279,0.561144894172918,0.748193192230557,
0.876220902289432,1.00424861234831,1.01516188589966),.UNSPECIFIED.);
#1202=B_SPLINE_CURVE_WITH_KNOTS('',3,(#8993,#8994,#8995,#8996,#8997,#8998,
#8999,#9000,#9001,#9002,#9003,#9004,#9005,#9006,#9007,#9008,#9009,#9010,
#9011,#9012,#9013,#9014,#9015,#9016,#9017,#9018,#9019,#9020,#9021,#9022,
#9023,#9024,#9025,#9026,#9027,#9028,#9029,#9030,#9031,#9032,#9033,#9034,
#9035,#9036,#9037,#9038),.UNSPECIFIED.,.F.,.F.,(4,3,3,3,3,3,3,3,3,3,3,3,
3,3,3,4),(-0.280672082486484,-0.279983673464419,-0.257893994189195,-0.2353188752749,
-0.218032694729669,-0.195484473741312,-0.17300123174688,-0.15613790667911,
-0.133587750750313,-0.120232841916942,-0.097728935042592,-0.0780278928877233,
-0.0555838494923847,-0.033056605494612,-0.010933613680235,0.),
 .UNSPECIFIED.);
#1203=B_SPLINE_CURVE_WITH_KNOTS('',3,(#9351,#9352,#9353,#9354),
 .UNSPECIFIED.,.F.,.F.,(4,4),(0.406924036233258,0.464210113187584),
 .UNSPECIFIED.);
#1204=B_SPLINE_CURVE_WITH_KNOTS('',3,(#9378,#9379,#9380,#9381,#9382,#9383,
#9384,#9385,#9386,#9387),.UNSPECIFIED.,.F.,.F.,(4,2,2,2,4),(-0.33769757189938,
-0.247846852867443,-0.157537513672591,-0.0725970503129557,0.),
 .UNSPECIFIED.);
#1205=B_SPLINE_CURVE_WITH_KNOTS('',3,(#9393,#9394,#9395,#9396,#9397,#9398,
#9399,#9400),.UNSPECIFIED.,.F.,.F.,(4,2,2,4),(3.23918748966957,3.2438063448667,
3.25221762785626,3.28189264541948),.UNSPECIFIED.);
#1206=B_SPLINE_CURVE_WITH_KNOTS('',3,(#9402,#9403,#9404,#9405,#9406,#9407,
#9408,#9409,#9410,#9411,#9412,#9413,#9414,#9415,#9416,#9417,#9418,#9419,
#9420,#9421,#9422,#9423,#9424,#9425,#9426,#9427,#9428,#9429,#9430,#9431,
#9432,#9433,#9434,#9435,#9436,#9437,#9438,#9439,#9440,#9441,#9442,#9443,
#9444,#9445,#9446,#9447),.UNSPECIFIED.,.F.,.F.,(4,3,3,3,3,3,3,3,3,3,3,3,
3,3,3,4),(-0.280672082486484,-0.279983673464419,-0.257893318357546,-0.235317595893919,
-0.218032694729669,-0.195484101427263,-0.173000729356037,-0.15613790667911,
-0.133587755006134,-0.120232841916942,-0.0977289656414163,-0.0780278928877233,
-0.0555838535350332,-0.0330565923035829,-0.0109335720800153,0.),
 .UNSPECIFIED.);
#1207=B_SPLINE_CURVE_WITH_KNOTS('',3,(#9547,#9548,#9549,#9550,#9551,#9552,
#9553,#9554),.UNSPECIFIED.,.F.,.F.,(4,2,2,4),(1.83505606695191,1.95578507082325,
2.15551926976678,2.35525346871031),.UNSPECIFIED.);
#1208=B_SPLINE_CURVE_WITH_KNOTS('',3,(#9578,#9579,#9580,#9581,#9582,#9583,
#9584,#9585,#9586,#9587),.UNSPECIFIED.,.F.,.F.,(4,2,2,2,4),(-0.688550896975856,
-0.597946682502637,-0.494996973651944,-0.274045703302209,0.),
 .UNSPECIFIED.);
#1209=ELLIPSE('',#5130,12.2508956588669,12.);
#1210=ELLIPSE('',#5149,7.4953318805774,5.3);
#1211=ELLIPSE('',#5150,7.4953318805774,5.3);
#1212=ELLIPSE('',#5151,7.49533188057741,5.3);
#1213=ELLIPSE('',#5152,7.4953318805774,5.3);
#1214=ELLIPSE('',#5153,7.4953318805774,5.3);
#1215=ELLIPSE('',#5154,7.4953318805774,5.3);
#1216=ELLIPSE('',#5155,7.4953318805774,5.3);
#1217=ELLIPSE('',#5156,7.4953318805774,5.3);
#1218=ELLIPSE('',#5157,7.4953318805774,5.3);
#1219=ELLIPSE('',#5158,7.4953318805774,5.3);
#1220=ELLIPSE('',#5159,7.4953318805774,5.3);
#1221=ELLIPSE('',#5160,7.4953318805774,5.3);
#1222=ELLIPSE('',#5161,7.4953318805774,5.3);
#1223=ELLIPSE('',#5162,7.49533188057741,5.3);
#1224=ELLIPSE('',#5163,7.4953318805774,5.3);
#1225=ELLIPSE('',#5164,7.4953318805774,5.3);
#1226=ELLIPSE('',#5165,7.4953318805774,5.3);
#1227=ELLIPSE('',#5166,7.4953318805774,5.3);
#1228=ELLIPSE('',#5167,7.4953318805774,5.3);
#1229=ELLIPSE('',#5168,7.4953318805774,5.3);
#1230=ELLIPSE('',#5169,7.4953318805774,5.3);
#1231=ELLIPSE('',#5170,7.4953318805774,5.3);
#1232=ELLIPSE('',#5171,7.4953318805774,5.3);
#1233=ELLIPSE('',#5172,7.4953318805774,5.3);
#1234=ELLIPSE('',#5173,7.4953318805774,5.3);
#1235=ELLIPSE('',#5174,7.4953318805774,5.3);
#1236=ELLIPSE('',#5175,7.4953318805774,5.3);
#1237=ELLIPSE('',#5176,7.4953318805774,5.3);
#1238=ELLIPSE('',#5177,7.4953318805774,5.3);
#1239=ELLIPSE('',#5178,7.4953318805774,5.3);
#1240=ELLIPSE('',#5179,7.4953318805774,5.3);
#1241=ELLIPSE('',#5180,7.4953318805774,5.3);
#1242=ELLIPSE('',#5181,7.4953318805774,5.3);
#1243=ELLIPSE('',#5182,7.49533188057741,5.3);
#1244=ELLIPSE('',#5183,7.4953318805774,5.3);
#1245=ELLIPSE('',#5184,7.4953318805774,5.3);
#1246=ELLIPSE('',#5194,7.77817459305203,5.5);
#1247=ELLIPSE('',#5198,7.77817459305203,5.5);
#1248=ELLIPSE('',#5200,7.77817459305203,5.5);
#1249=ELLIPSE('',#5204,7.77817459305203,5.5);
#1250=ELLIPSE('',#5206,7.77817459305203,5.5);
#1251=ELLIPSE('',#5210,7.77817459305203,5.5);
#1252=ELLIPSE('',#5212,7.77817459305203,5.5);
#1253=ELLIPSE('',#5216,7.77817459305203,5.5);
#1254=ELLIPSE('',#5218,7.77817459305203,5.5);
#1255=ELLIPSE('',#5222,7.77817459305203,5.5);
#1256=ELLIPSE('',#5224,7.77817459305203,5.5);
#1257=ELLIPSE('',#5228,7.77817459305203,5.5);
#1258=ELLIPSE('',#5230,7.77817459305203,5.5);
#1259=ELLIPSE('',#5234,7.77817459305203,5.5);
#1260=ELLIPSE('',#5236,7.77817459305203,5.5);
#1261=ELLIPSE('',#5280,7.77817459305203,5.5);
#1262=ELLIPSE('',#5285,9.93315864232483,2.);
#1263=ELLIPSE('',#5287,15.5572382686042,10.);
#1264=ELLIPSE('',#5289,10.2997303093064,10.);
#1265=ELLIPSE('',#5291,10.2997303093064,10.);
#1266=ELLIPSE('',#5298,1.00515960455038,1.);
#1267=ELLIPSE('',#5304,1.00515960455038,1.);
#1268=ELLIPSE('',#5306,12.2508956588669,12.);
#1269=ELLIPSE('',#5316,7.77817459305203,5.5);
#1270=ELLIPSE('',#5320,7.77817459305203,5.5);
#1271=ELLIPSE('',#5322,7.77817459305203,5.5);
#1272=ELLIPSE('',#5326,7.77817459305203,5.5);
#1273=ELLIPSE('',#5328,7.77817459305203,5.5);
#1274=ELLIPSE('',#5332,7.77817459305203,5.5);
#1275=ELLIPSE('',#5334,7.77817459305203,5.5);
#1276=ELLIPSE('',#5338,7.77817459305203,5.5);
#1277=ELLIPSE('',#5340,7.77817459305203,5.5);
#1278=ELLIPSE('',#5344,7.77817459305203,5.5);
#1279=ELLIPSE('',#5346,7.77817459305203,5.5);
#1280=ELLIPSE('',#5350,7.77817459305203,5.5);
#1281=ELLIPSE('',#5352,7.77817459305203,5.5);
#1282=ELLIPSE('',#5356,7.77817459305203,5.5);
#1283=ELLIPSE('',#5399,9.93315864232483,2.);
#1284=ELLIPSE('',#5407,1.00515960455038,1.);
#1285=ELLIPSE('',#5409,1.13664958002296,1.);
#1286=ELLIPSE('',#5412,1.00515960455038,1.);
#1287=ELLIPSE('',#5442,11.5470053837925,10.);
#1288=ELLIPSE('',#5443,10.2997303093064,10.);
#1289=ELLIPSE('',#5444,12.2508956588669,12.);
#1290=ELLIPSE('',#5447,1.50572769693447,1.);
#1291=ELLIPSE('',#5454,12.2508956588669,12.);
#1292=ELLIPSE('',#5473,7.4953318805774,5.3);
#1293=ELLIPSE('',#5474,7.4953318805774,5.3);
#1294=ELLIPSE('',#5475,7.49533188057741,5.3);
#1295=ELLIPSE('',#5476,7.4953318805774,5.3);
#1296=ELLIPSE('',#5477,7.4953318805774,5.3);
#1297=ELLIPSE('',#5478,7.4953318805774,5.3);
#1298=ELLIPSE('',#5479,7.4953318805774,5.3);
#1299=ELLIPSE('',#5480,7.4953318805774,5.3);
#1300=ELLIPSE('',#5481,7.4953318805774,5.3);
#1301=ELLIPSE('',#5482,7.4953318805774,5.3);
#1302=ELLIPSE('',#5483,7.4953318805774,5.3);
#1303=ELLIPSE('',#5484,7.4953318805774,5.3);
#1304=ELLIPSE('',#5485,7.4953318805774,5.3);
#1305=ELLIPSE('',#5486,7.4953318805774,5.3);
#1306=ELLIPSE('',#5487,7.4953318805774,5.3);
#1307=ELLIPSE('',#5488,7.4953318805774,5.3);
#1308=ELLIPSE('',#5489,7.4953318805774,5.3);
#1309=ELLIPSE('',#5490,7.4953318805774,5.3);
#1310=ELLIPSE('',#5491,7.4953318805774,5.3);
#1311=ELLIPSE('',#5492,7.4953318805774,5.3);
#1312=ELLIPSE('',#5493,7.4953318805774,5.3);
#1313=ELLIPSE('',#5494,7.4953318805774,5.3);
#1314=ELLIPSE('',#5495,7.49533188057741,5.3);
#1315=ELLIPSE('',#5496,7.4953318805774,5.3);
#1316=ELLIPSE('',#5497,7.4953318805774,5.3);
#1317=ELLIPSE('',#5498,7.4953318805774,5.3);
#1318=ELLIPSE('',#5499,7.4953318805774,5.3);
#1319=ELLIPSE('',#5500,7.4953318805774,5.3);
#1320=ELLIPSE('',#5501,7.4953318805774,5.3);
#1321=ELLIPSE('',#5502,7.4953318805774,5.3);
#1322=ELLIPSE('',#5503,7.4953318805774,5.3);
#1323=ELLIPSE('',#5504,7.4953318805774,5.3);
#1324=ELLIPSE('',#5505,7.4953318805774,5.3);
#1325=ELLIPSE('',#5506,7.49533188057741,5.3);
#1326=ELLIPSE('',#5507,7.4953318805774,5.3);
#1327=ELLIPSE('',#5508,7.4953318805774,5.3);
#1328=ELLIPSE('',#5518,7.77817459305203,5.5);
#1329=ELLIPSE('',#5522,7.77817459305203,5.5);
#1330=ELLIPSE('',#5524,7.77817459305203,5.5);
#1331=ELLIPSE('',#5528,7.77817459305203,5.5);
#1332=ELLIPSE('',#5530,7.77817459305203,5.5);
#1333=ELLIPSE('',#5534,7.77817459305203,5.5);
#1334=ELLIPSE('',#5536,7.77817459305203,5.5);
#1335=ELLIPSE('',#5540,7.77817459305203,5.5);
#1336=ELLIPSE('',#5542,7.77817459305203,5.5);
#1337=ELLIPSE('',#5546,7.77817459305203,5.5);
#1338=ELLIPSE('',#5548,7.77817459305203,5.5);
#1339=ELLIPSE('',#5552,7.77817459305203,5.5);
#1340=ELLIPSE('',#5554,7.77817459305203,5.5);
#1341=ELLIPSE('',#5558,7.77817459305203,5.5);
#1342=ELLIPSE('',#5560,7.77817459305203,5.5);
#1343=ELLIPSE('',#5604,7.77817459305203,5.5);
#1344=ELLIPSE('',#5608,9.93315864232483,2.);
#1345=ELLIPSE('',#5611,15.5572382686042,10.);
#1346=ELLIPSE('',#5612,10.2997303093064,10.);
#1347=ELLIPSE('',#5614,10.2997303093064,10.);
#1348=ELLIPSE('',#5624,1.00515960455038,1.);
#1349=ELLIPSE('',#5629,1.00515960455038,1.);
#1350=ELLIPSE('',#5631,12.2508956588669,12.);
#1351=ELLIPSE('',#5641,7.77817459305203,5.5);
#1352=ELLIPSE('',#5645,7.77817459305203,5.5);
#1353=ELLIPSE('',#5647,7.77817459305203,5.5);
#1354=ELLIPSE('',#5651,7.77817459305203,5.5);
#1355=ELLIPSE('',#5653,7.77817459305203,5.5);
#1356=ELLIPSE('',#5657,7.77817459305203,5.5);
#1357=ELLIPSE('',#5659,7.77817459305203,5.5);
#1358=ELLIPSE('',#5663,7.77817459305203,5.5);
#1359=ELLIPSE('',#5665,7.77817459305203,5.5);
#1360=ELLIPSE('',#5669,7.77817459305203,5.5);
#1361=ELLIPSE('',#5671,7.77817459305203,5.5);
#1362=ELLIPSE('',#5675,7.77817459305203,5.5);
#1363=ELLIPSE('',#5677,7.77817459305203,5.5);
#1364=ELLIPSE('',#5681,7.77817459305203,5.5);
#1365=ELLIPSE('',#5724,9.93315864232483,2.);
#1366=ELLIPSE('',#5732,1.00515960455038,1.);
#1367=ELLIPSE('',#5734,1.13664958002296,1.);
#1368=ELLIPSE('',#5737,1.00515960455038,1.);
#1369=ELLIPSE('',#5776,11.5470053837925,10.);
#1370=ELLIPSE('',#5777,10.2997303093064,10.);
#1371=ELLIPSE('',#5778,12.2508956588669,12.);
#1372=ELLIPSE('',#5781,1.50572769693447,1.);
#1373=LINE('',#7391,#1634);
#1374=LINE('',#7393,#1635);
#1375=LINE('',#7395,#1636);
#1376=LINE('',#7407,#1637);
#1377=LINE('',#7411,#1638);
#1378=LINE('',#7443,#1639);
#1379=LINE('',#7444,#1640);
#1380=LINE('',#7450,#1641);
#1381=LINE('',#7523,#1642);
#1382=LINE('',#7526,#1643);
#1383=LINE('',#7528,#1644);
#1384=LINE('',#7540,#1645);
#1385=LINE('',#7541,#1646);
#1386=LINE('',#7544,#1647);
#1387=LINE('',#7549,#1648);
#1388=LINE('',#7558,#1649);
#1389=LINE('',#7559,#1650);
#1390=LINE('',#7562,#1651);
#1391=LINE('',#7568,#1652);
#1392=LINE('',#7577,#1653);
#1393=LINE('',#7582,#1654);
#1394=LINE('',#7594,#1655);
#1395=LINE('',#7599,#1656);
#1396=LINE('',#7611,#1657);
#1397=LINE('',#7616,#1658);
#1398=LINE('',#7628,#1659);
#1399=LINE('',#7633,#1660);
#1400=LINE('',#7645,#1661);
#1401=LINE('',#7650,#1662);
#1402=LINE('',#7662,#1663);
#1403=LINE('',#7667,#1664);
#1404=LINE('',#7679,#1665);
#1405=LINE('',#7684,#1666);
#1406=LINE('',#7697,#1667);
#1407=LINE('',#7702,#1668);
#1408=LINE('',#7705,#1669);
#1409=LINE('',#7716,#1670);
#1410=LINE('',#7719,#1671);
#1411=LINE('',#7730,#1672);
#1412=LINE('',#7733,#1673);
#1413=LINE('',#7744,#1674);
#1414=LINE('',#7747,#1675);
#1415=LINE('',#7758,#1676);
#1416=LINE('',#7761,#1677);
#1417=LINE('',#7772,#1678);
#1418=LINE('',#7775,#1679);
#1419=LINE('',#7786,#1680);
#1420=LINE('',#7789,#1681);
#1421=LINE('',#7800,#1682);
#1422=LINE('',#7803,#1683);
#1423=LINE('',#7814,#1684);
#1424=LINE('',#7830,#1685);
#1425=LINE('',#7859,#1686);
#1426=LINE('',#7947,#1687);
#1427=LINE('',#7956,#1688);
#1428=LINE('',#7960,#1689);
#1429=LINE('',#7964,#1690);
#1430=LINE('',#7966,#1691);
#1431=LINE('',#7967,#1692);
#1432=LINE('',#7970,#1693);
#1433=LINE('',#7975,#1694);
#1434=LINE('',#7984,#1695);
#1435=LINE('',#7985,#1696);
#1436=LINE('',#7988,#1697);
#1437=LINE('',#7990,#1698);
#1438=LINE('',#8002,#1699);
#1439=LINE('',#8003,#1700);
#1440=LINE('',#8006,#1701);
#1441=LINE('',#8010,#1702);
#1442=LINE('',#8022,#1703);
#1443=LINE('',#8026,#1704);
#1444=LINE('',#8039,#1705);
#1445=LINE('',#8043,#1706);
#1446=LINE('',#8056,#1707);
#1447=LINE('',#8060,#1708);
#1448=LINE('',#8073,#1709);
#1449=LINE('',#8077,#1710);
#1450=LINE('',#8090,#1711);
#1451=LINE('',#8094,#1712);
#1452=LINE('',#8107,#1713);
#1453=LINE('',#8111,#1714);
#1454=LINE('',#8123,#1715);
#1455=LINE('',#8126,#1716);
#1456=LINE('',#8129,#1717);
#1457=LINE('',#8140,#1718);
#1458=LINE('',#8143,#1719);
#1459=LINE('',#8154,#1720);
#1460=LINE('',#8157,#1721);
#1461=LINE('',#8168,#1722);
#1462=LINE('',#8171,#1723);
#1463=LINE('',#8182,#1724);
#1464=LINE('',#8185,#1725);
#1465=LINE('',#8196,#1726);
#1466=LINE('',#8199,#1727);
#1467=LINE('',#8210,#1728);
#1468=LINE('',#8213,#1729);
#1469=LINE('',#8224,#1730);
#1470=LINE('',#8227,#1731);
#1471=LINE('',#8238,#1732);
#1472=LINE('',#8246,#1733);
#1473=LINE('',#8350,#1734);
#1474=LINE('',#8355,#1735);
#1475=LINE('',#8361,#1736);
#1476=LINE('',#8364,#1737);
#1477=LINE('',#8380,#1738);
#1478=LINE('',#8388,#1739);
#1479=LINE('',#8395,#1740);
#1480=LINE('',#8400,#1741);
#1481=LINE('',#8405,#1742);
#1482=LINE('',#8406,#1743);
#1483=LINE('',#8409,#1744);
#1484=LINE('',#8412,#1745);
#1485=LINE('',#8415,#1746);
#1486=LINE('',#8416,#1747);
#1487=LINE('',#8417,#1748);
#1488=LINE('',#8420,#1749);
#1489=LINE('',#8427,#1750);
#1490=LINE('',#8470,#1751);
#1491=LINE('',#8471,#1752);
#1492=LINE('',#8472,#1753);
#1493=LINE('',#8476,#1754);
#1494=LINE('',#8479,#1755);
#1495=LINE('',#8481,#1756);
#1496=LINE('',#8484,#1757);
#1497=LINE('',#8485,#1758);
#1498=LINE('',#8491,#1759);
#1499=LINE('',#8493,#1760);
#1500=LINE('',#8506,#1761);
#1501=LINE('',#8507,#1762);
#1502=LINE('',#8511,#1763);
#1503=LINE('',#8513,#1764);
#1504=LINE('',#8515,#1765);
#1505=LINE('',#8550,#1766);
#1506=LINE('',#8623,#1767);
#1507=LINE('',#8626,#1768);
#1508=LINE('',#8631,#1769);
#1509=LINE('',#8640,#1770);
#1510=LINE('',#8641,#1771);
#1511=LINE('',#8644,#1772);
#1512=LINE('',#8646,#1773);
#1513=LINE('',#8658,#1774);
#1514=LINE('',#8659,#1775);
#1515=LINE('',#8662,#1776);
#1516=LINE('',#8666,#1777);
#1517=LINE('',#8678,#1778);
#1518=LINE('',#8682,#1779);
#1519=LINE('',#8695,#1780);
#1520=LINE('',#8699,#1781);
#1521=LINE('',#8712,#1782);
#1522=LINE('',#8716,#1783);
#1523=LINE('',#8729,#1784);
#1524=LINE('',#8733,#1785);
#1525=LINE('',#8746,#1786);
#1526=LINE('',#8750,#1787);
#1527=LINE('',#8763,#1788);
#1528=LINE('',#8767,#1789);
#1529=LINE('',#8780,#1790);
#1530=LINE('',#8784,#1791);
#1531=LINE('',#8797,#1792);
#1532=LINE('',#8799,#1793);
#1533=LINE('',#8805,#1794);
#1534=LINE('',#8816,#1795);
#1535=LINE('',#8819,#1796);
#1536=LINE('',#8830,#1797);
#1537=LINE('',#8833,#1798);
#1538=LINE('',#8844,#1799);
#1539=LINE('',#8847,#1800);
#1540=LINE('',#8858,#1801);
#1541=LINE('',#8861,#1802);
#1542=LINE('',#8872,#1803);
#1543=LINE('',#8875,#1804);
#1544=LINE('',#8886,#1805);
#1545=LINE('',#8889,#1806);
#1546=LINE('',#8900,#1807);
#1547=LINE('',#8903,#1808);
#1548=LINE('',#8914,#1809);
#1549=LINE('',#8930,#1810);
#1550=LINE('',#8951,#1811);
#1551=LINE('',#9044,#1812);
#1552=LINE('',#9045,#1813);
#1553=LINE('',#9050,#1814);
#1554=LINE('',#9058,#1815);
#1555=LINE('',#9063,#1816);
#1556=LINE('',#9065,#1817);
#1557=LINE('',#9067,#1818);
#1558=LINE('',#9069,#1819);
#1559=LINE('',#9073,#1820);
#1560=LINE('',#9075,#1821);
#1561=LINE('',#9087,#1822);
#1562=LINE('',#9088,#1823);
#1563=LINE('',#9091,#1824);
#1564=LINE('',#9096,#1825);
#1565=LINE('',#9105,#1826);
#1566=LINE('',#9106,#1827);
#1567=LINE('',#9109,#1828);
#1568=LINE('',#9115,#1829);
#1569=LINE('',#9124,#1830);
#1570=LINE('',#9129,#1831);
#1571=LINE('',#9141,#1832);
#1572=LINE('',#9146,#1833);
#1573=LINE('',#9158,#1834);
#1574=LINE('',#9163,#1835);
#1575=LINE('',#9175,#1836);
#1576=LINE('',#9180,#1837);
#1577=LINE('',#9192,#1838);
#1578=LINE('',#9197,#1839);
#1579=LINE('',#9209,#1840);
#1580=LINE('',#9214,#1841);
#1581=LINE('',#9225,#1842);
#1582=LINE('',#9229,#1843);
#1583=LINE('',#9232,#1844);
#1584=LINE('',#9243,#1845);
#1585=LINE('',#9246,#1846);
#1586=LINE('',#9257,#1847);
#1587=LINE('',#9260,#1848);
#1588=LINE('',#9271,#1849);
#1589=LINE('',#9274,#1850);
#1590=LINE('',#9285,#1851);
#1591=LINE('',#9288,#1852);
#1592=LINE('',#9299,#1853);
#1593=LINE('',#9302,#1854);
#1594=LINE('',#9313,#1855);
#1595=LINE('',#9316,#1856);
#1596=LINE('',#9327,#1857);
#1597=LINE('',#9330,#1858);
#1598=LINE('',#9341,#1859);
#1599=LINE('',#9349,#1860);
#1600=LINE('',#9454,#1861);
#1601=LINE('',#9458,#1862);
#1602=LINE('',#9464,#1863);
#1603=LINE('',#9467,#1864);
#1604=LINE('',#9484,#1865);
#1605=LINE('',#9496,#1866);
#1606=LINE('',#9503,#1867);
#1607=LINE('',#9508,#1868);
#1608=LINE('',#9511,#1869);
#1609=LINE('',#9516,#1870);
#1610=LINE('',#9519,#1871);
#1611=LINE('',#9523,#1872);
#1612=LINE('',#9526,#1873);
#1613=LINE('',#9529,#1874);
#1614=LINE('',#9530,#1875);
#1615=LINE('',#9534,#1876);
#1616=LINE('',#9536,#1877);
#1617=LINE('',#9537,#1878);
#1618=LINE('',#9539,#1879);
#1619=LINE('',#9540,#1880);
#1620=LINE('',#9542,#1881);
#1621=LINE('',#9555,#1882);
#1622=LINE('',#9591,#1883);
#1623=LINE('',#9592,#1884);
#1624=LINE('',#9593,#1885);
#1625=LINE('',#9597,#1886);
#1626=LINE('',#9600,#1887);
#1627=LINE('',#9603,#1888);
#1628=LINE('',#9605,#1889);
#1629=LINE('',#9606,#1890);
#1630=LINE('',#9611,#1891);
#1631=LINE('',#9615,#1892);
#1632=LINE('',#9617,#1893);
#1633=LINE('',#9619,#1894);
#1634=VECTOR('',#5798,10.);
#1635=VECTOR('',#5799,10.);
#1636=VECTOR('',#5800,10.);
#1637=VECTOR('',#5803,10.);
#1638=VECTOR('',#5806,10.);
#1639=VECTOR('',#5837,10.);
#1640=VECTOR('',#5838,10.);
#1641=VECTOR('',#5843,10.);
#1642=VECTOR('',#5916,10.);
#1643=VECTOR('',#5919,10.);
#1644=VECTOR('',#5920,10.);
#1645=VECTOR('',#5927,10.);
#1646=VECTOR('',#5928,10.);
#1647=VECTOR('',#5931,10.);
#1648=VECTOR('',#5932,10.);
#1649=VECTOR('',#5939,10.);
#1650=VECTOR('',#5940,10.);
#1651=VECTOR('',#5943,10.);
#1652=VECTOR('',#5944,10.);
#1653=VECTOR('',#5953,10.);
#1654=VECTOR('',#5958,10.);
#1655=VECTOR('',#5967,10.);
#1656=VECTOR('',#5972,10.);
#1657=VECTOR('',#5981,10.);
#1658=VECTOR('',#5986,10.);
#1659=VECTOR('',#5995,10.);
#1660=VECTOR('',#6000,10.);
#1661=VECTOR('',#6009,10.);
#1662=VECTOR('',#6014,10.);
#1663=VECTOR('',#6023,10.);
#1664=VECTOR('',#6028,10.);
#1665=VECTOR('',#6037,10.);
#1666=VECTOR('',#6042,10.);
#1667=VECTOR('',#6051,10.);
#1668=VECTOR('',#6052,10.);
#1669=VECTOR('',#6055,10.);
#1670=VECTOR('',#6062,10.);
#1671=VECTOR('',#6065,10.);
#1672=VECTOR('',#6072,10.);
#1673=VECTOR('',#6075,10.);
#1674=VECTOR('',#6082,10.);
#1675=VECTOR('',#6085,10.);
#1676=VECTOR('',#6092,10.);
#1677=VECTOR('',#6095,10.);
#1678=VECTOR('',#6102,10.);
#1679=VECTOR('',#6105,10.);
#1680=VECTOR('',#6112,10.);
#1681=VECTOR('',#6115,10.);
#1682=VECTOR('',#6122,10.);
#1683=VECTOR('',#6125,10.);
#1684=VECTOR('',#6134,10.);
#1685=VECTOR('',#6157,10.);
#1686=VECTOR('',#6166,10.);
#1687=VECTOR('',#6189,10.);
#1688=VECTOR('',#6202,10.);
#1689=VECTOR('',#6205,10.);
#1690=VECTOR('',#6208,10.);
#1691=VECTOR('',#6209,10.);
#1692=VECTOR('',#6210,10.);
#1693=VECTOR('',#6213,10.);
#1694=VECTOR('',#6214,10.);
#1695=VECTOR('',#6221,10.);
#1696=VECTOR('',#6222,10.);
#1697=VECTOR('',#6225,10.);
#1698=VECTOR('',#6226,10.);
#1699=VECTOR('',#6233,10.);
#1700=VECTOR('',#6234,10.);
#1701=VECTOR('',#6237,10.);
#1702=VECTOR('',#6240,10.);
#1703=VECTOR('',#6249,10.);
#1704=VECTOR('',#6252,10.);
#1705=VECTOR('',#6263,10.);
#1706=VECTOR('',#6266,10.);
#1707=VECTOR('',#6277,10.);
#1708=VECTOR('',#6280,10.);
#1709=VECTOR('',#6291,10.);
#1710=VECTOR('',#6294,10.);
#1711=VECTOR('',#6305,10.);
#1712=VECTOR('',#6308,10.);
#1713=VECTOR('',#6319,10.);
#1714=VECTOR('',#6322,10.);
#1715=VECTOR('',#6333,10.);
#1716=VECTOR('',#6338,10.);
#1717=VECTOR('',#6341,10.);
#1718=VECTOR('',#6348,10.);
#1719=VECTOR('',#6351,10.);
#1720=VECTOR('',#6358,10.);
#1721=VECTOR('',#6361,10.);
#1722=VECTOR('',#6368,10.);
#1723=VECTOR('',#6371,10.);
#1724=VECTOR('',#6378,10.);
#1725=VECTOR('',#6381,10.);
#1726=VECTOR('',#6388,10.);
#1727=VECTOR('',#6391,10.);
#1728=VECTOR('',#6398,10.);
#1729=VECTOR('',#6401,10.);
#1730=VECTOR('',#6408,10.);
#1731=VECTOR('',#6411,10.);
#1732=VECTOR('',#6420,10.);
#1733=VECTOR('',#6435,10.);
#1734=VECTOR('',#6452,10.);
#1735=VECTOR('',#6459,10.);
#1736=VECTOR('',#6464,10.);
#1737=VECTOR('',#6467,10.);
#1738=VECTOR('',#6486,1.65);
#1739=VECTOR('',#6497,3.);
#1740=VECTOR('',#6506,1.7);
#1741=VECTOR('',#6513,1.8);
#1742=VECTOR('',#6518,10.);
#1743=VECTOR('',#6519,10.);
#1744=VECTOR('',#6522,10.);
#1745=VECTOR('',#6525,10.);
#1746=VECTOR('',#6528,10.);
#1747=VECTOR('',#6529,10.);
#1748=VECTOR('',#6530,10.);
#1749=VECTOR('',#6533,10.);
#1750=VECTOR('',#6542,10.);
#1751=VECTOR('',#6547,10.);
#1752=VECTOR('',#6548,10.);
#1753=VECTOR('',#6549,10.);
#1754=VECTOR('',#6554,10.);
#1755=VECTOR('',#6557,10.);
#1756=VECTOR('',#6558,10.);
#1757=VECTOR('',#6563,10.);
#1758=VECTOR('',#6564,10.);
#1759=VECTOR('',#6571,10.);
#1760=VECTOR('',#6572,10.);
#1761=VECTOR('',#6575,10.);
#1762=VECTOR('',#6576,10.);
#1763=VECTOR('',#6579,10.);
#1764=VECTOR('',#6580,10.);
#1765=VECTOR('',#6581,10.);
#1766=VECTOR('',#6616,10.);
#1767=VECTOR('',#6689,10.);
#1768=VECTOR('',#6692,10.);
#1769=VECTOR('',#6693,10.);
#1770=VECTOR('',#6700,10.);
#1771=VECTOR('',#6701,10.);
#1772=VECTOR('',#6704,10.);
#1773=VECTOR('',#6705,10.);
#1774=VECTOR('',#6712,10.);
#1775=VECTOR('',#6713,10.);
#1776=VECTOR('',#6716,10.);
#1777=VECTOR('',#6719,10.);
#1778=VECTOR('',#6728,10.);
#1779=VECTOR('',#6731,10.);
#1780=VECTOR('',#6742,10.);
#1781=VECTOR('',#6745,10.);
#1782=VECTOR('',#6756,10.);
#1783=VECTOR('',#6759,10.);
#1784=VECTOR('',#6770,10.);
#1785=VECTOR('',#6773,10.);
#1786=VECTOR('',#6784,10.);
#1787=VECTOR('',#6787,10.);
#1788=VECTOR('',#6798,10.);
#1789=VECTOR('',#6801,10.);
#1790=VECTOR('',#6812,10.);
#1791=VECTOR('',#6815,10.);
#1792=VECTOR('',#6824,10.);
#1793=VECTOR('',#6825,10.);
#1794=VECTOR('',#6828,10.);
#1795=VECTOR('',#6835,10.);
#1796=VECTOR('',#6838,10.);
#1797=VECTOR('',#6845,10.);
#1798=VECTOR('',#6848,10.);
#1799=VECTOR('',#6855,10.);
#1800=VECTOR('',#6858,10.);
#1801=VECTOR('',#6865,10.);
#1802=VECTOR('',#6868,10.);
#1803=VECTOR('',#6875,10.);
#1804=VECTOR('',#6878,10.);
#1805=VECTOR('',#6885,10.);
#1806=VECTOR('',#6888,10.);
#1807=VECTOR('',#6895,10.);
#1808=VECTOR('',#6898,10.);
#1809=VECTOR('',#6907,10.);
#1810=VECTOR('',#6930,10.);
#1811=VECTOR('',#6947,10.);
#1812=VECTOR('',#6960,10.);
#1813=VECTOR('',#6961,10.);
#1814=VECTOR('',#6966,10.);
#1815=VECTOR('',#6977,10.);
#1816=VECTOR('',#6982,10.);
#1817=VECTOR('',#6983,10.);
#1818=VECTOR('',#6984,10.);
#1819=VECTOR('',#6985,10.);
#1820=VECTOR('',#6990,10.);
#1821=VECTOR('',#6991,10.);
#1822=VECTOR('',#6998,10.);
#1823=VECTOR('',#6999,10.);
#1824=VECTOR('',#7002,10.);
#1825=VECTOR('',#7003,10.);
#1826=VECTOR('',#7010,10.);
#1827=VECTOR('',#7011,10.);
#1828=VECTOR('',#7014,10.);
#1829=VECTOR('',#7015,10.);
#1830=VECTOR('',#7024,10.);
#1831=VECTOR('',#7029,10.);
#1832=VECTOR('',#7038,10.);
#1833=VECTOR('',#7043,10.);
#1834=VECTOR('',#7052,10.);
#1835=VECTOR('',#7057,10.);
#1836=VECTOR('',#7066,10.);
#1837=VECTOR('',#7071,10.);
#1838=VECTOR('',#7080,10.);
#1839=VECTOR('',#7085,10.);
#1840=VECTOR('',#7094,10.);
#1841=VECTOR('',#7099,10.);
#1842=VECTOR('',#7108,10.);
#1843=VECTOR('',#7115,10.);
#1844=VECTOR('',#7118,10.);
#1845=VECTOR('',#7125,10.);
#1846=VECTOR('',#7128,10.);
#1847=VECTOR('',#7135,10.);
#1848=VECTOR('',#7138,10.);
#1849=VECTOR('',#7145,10.);
#1850=VECTOR('',#7148,10.);
#1851=VECTOR('',#7155,10.);
#1852=VECTOR('',#7158,10.);
#1853=VECTOR('',#7165,10.);
#1854=VECTOR('',#7168,10.);
#1855=VECTOR('',#7175,10.);
#1856=VECTOR('',#7178,10.);
#1857=VECTOR('',#7185,10.);
#1858=VECTOR('',#7188,10.);
#1859=VECTOR('',#7197,10.);
#1860=VECTOR('',#7212,10.);
#1861=VECTOR('',#7231,10.);
#1862=VECTOR('',#7236,10.);
#1863=VECTOR('',#7241,10.);
#1864=VECTOR('',#7244,10.);
#1865=VECTOR('',#7265,1.65);
#1866=VECTOR('',#7280,3.);
#1867=VECTOR('',#7289,1.7);
#1868=VECTOR('',#7296,1.8);
#1869=VECTOR('',#7299,1.7);
#1870=VECTOR('',#7306,1.8);
#1871=VECTOR('',#7309,10.);
#1872=VECTOR('',#7312,10.);
#1873=VECTOR('',#7315,10.);
#1874=VECTOR('',#7318,10.);
#1875=VECTOR('',#7319,10.);
#1876=VECTOR('',#7324,10.);
#1877=VECTOR('',#7327,10.);
#1878=VECTOR('',#7328,10.);
#1879=VECTOR('',#7331,10.);
#1880=VECTOR('',#7332,10.);
#1881=VECTOR('',#7335,10.);
#1882=VECTOR('',#7340,10.);
#1883=VECTOR('',#7347,10.);
#1884=VECTOR('',#7348,10.);
#1885=VECTOR('',#7349,10.);
#1886=VECTOR('',#7354,10.);
#1887=VECTOR('',#7357,10.);
#1888=VECTOR('',#7360,10.);
#1889=VECTOR('',#7363,10.);
#1890=VECTOR('',#7364,10.);
#1891=VECTOR('',#7373,10.);
#1892=VECTOR('',#7378,3.);
#1893=VECTOR('',#7381,10.);
#1894=VECTOR('',#7384,10.);
#1895=VERTEX_POINT('',#7389);
#1896=VERTEX_POINT('',#7390);
#1897=VERTEX_POINT('',#7392);
#1898=VERTEX_POINT('',#7394);
#1899=VERTEX_POINT('',#7396);
#1900=VERTEX_POINT('',#7398);
#1901=VERTEX_POINT('',#7409);
#1902=VERTEX_POINT('',#7410);
#1903=VERTEX_POINT('',#7412);
#1904=VERTEX_POINT('',#7414);
#1905=VERTEX_POINT('',#7416);
#1906=VERTEX_POINT('',#7418);
#1907=VERTEX_POINT('',#7420);
#1908=VERTEX_POINT('',#7422);
#1909=VERTEX_POINT('',#7424);
#1910=VERTEX_POINT('',#7426);
#1911=VERTEX_POINT('',#7428);
#1912=VERTEX_POINT('',#7430);
#1913=VERTEX_POINT('',#7432);
#1914=VERTEX_POINT('',#7434);
#1915=VERTEX_POINT('',#7436);
#1916=VERTEX_POINT('',#7438);
#1917=VERTEX_POINT('',#7440);
#1918=VERTEX_POINT('',#7442);
#1919=VERTEX_POINT('',#7446);
#1920=VERTEX_POINT('',#7447);
#1921=VERTEX_POINT('',#7449);
#1922=VERTEX_POINT('',#7451);
#1923=VERTEX_POINT('',#7453);
#1924=VERTEX_POINT('',#7455);
#1925=VERTEX_POINT('',#7457);
#1926=VERTEX_POINT('',#7459);
#1927=VERTEX_POINT('',#7461);
#1928=VERTEX_POINT('',#7463);
#1929=VERTEX_POINT('',#7465);
#1930=VERTEX_POINT('',#7467);
#1931=VERTEX_POINT('',#7469);
#1932=VERTEX_POINT('',#7471);
#1933=VERTEX_POINT('',#7473);
#1934=VERTEX_POINT('',#7475);
#1935=VERTEX_POINT('',#7477);
#1936=VERTEX_POINT('',#7479);
#1937=VERTEX_POINT('',#7481);
#1938=VERTEX_POINT('',#7483);
#1939=VERTEX_POINT('',#7485);
#1940=VERTEX_POINT('',#7487);
#1941=VERTEX_POINT('',#7489);
#1942=VERTEX_POINT('',#7491);
#1943=VERTEX_POINT('',#7493);
#1944=VERTEX_POINT('',#7495);
#1945=VERTEX_POINT('',#7497);
#1946=VERTEX_POINT('',#7499);
#1947=VERTEX_POINT('',#7501);
#1948=VERTEX_POINT('',#7503);
#1949=VERTEX_POINT('',#7505);
#1950=VERTEX_POINT('',#7507);
#1951=VERTEX_POINT('',#7509);
#1952=VERTEX_POINT('',#7511);
#1953=VERTEX_POINT('',#7513);
#1954=VERTEX_POINT('',#7515);
#1955=VERTEX_POINT('',#7517);
#1956=VERTEX_POINT('',#7519);
#1957=VERTEX_POINT('',#7521);
#1958=VERTEX_POINT('',#7525);
#1959=VERTEX_POINT('',#7527);
#1960=VERTEX_POINT('',#7533);
#1961=VERTEX_POINT('',#7539);
#1962=VERTEX_POINT('',#7543);
#1963=VERTEX_POINT('',#7545);
#1964=VERTEX_POINT('',#7551);
#1965=VERTEX_POINT('',#7557);
#1966=VERTEX_POINT('',#7561);
#1967=VERTEX_POINT('',#7563);
#1968=VERTEX_POINT('',#7567);
#1969=VERTEX_POINT('',#7571);
#1970=VERTEX_POINT('',#7580);
#1971=VERTEX_POINT('',#7581);
#1972=VERTEX_POINT('',#7588);
#1973=VERTEX_POINT('',#7597);
#1974=VERTEX_POINT('',#7598);
#1975=VERTEX_POINT('',#7605);
#1976=VERTEX_POINT('',#7614);
#1977=VERTEX_POINT('',#7615);
#1978=VERTEX_POINT('',#7622);
#1979=VERTEX_POINT('',#7631);
#1980=VERTEX_POINT('',#7632);
#1981=VERTEX_POINT('',#7639);
#1982=VERTEX_POINT('',#7648);
#1983=VERTEX_POINT('',#7649);
#1984=VERTEX_POINT('',#7656);
#1985=VERTEX_POINT('',#7665);
#1986=VERTEX_POINT('',#7666);
#1987=VERTEX_POINT('',#7673);
#1988=VERTEX_POINT('',#7682);
#1989=VERTEX_POINT('',#7683);
#1990=VERTEX_POINT('',#7690);
#1991=VERTEX_POINT('',#7696);
#1992=VERTEX_POINT('',#7698);
#1993=VERTEX_POINT('',#7704);
#1994=VERTEX_POINT('',#7710);
#1995=VERTEX_POINT('',#7718);
#1996=VERTEX_POINT('',#7724);
#1997=VERTEX_POINT('',#7732);
#1998=VERTEX_POINT('',#7738);
#1999=VERTEX_POINT('',#7746);
#2000=VERTEX_POINT('',#7752);
#2001=VERTEX_POINT('',#7760);
#2002=VERTEX_POINT('',#7766);
#2003=VERTEX_POINT('',#7774);
#2004=VERTEX_POINT('',#7780);
#2005=VERTEX_POINT('',#7788);
#2006=VERTEX_POINT('',#7794);
#2007=VERTEX_POINT('',#7802);
#2008=VERTEX_POINT('',#7824);
#2009=VERTEX_POINT('',#7831);
#2010=VERTEX_POINT('',#7833);
#2011=VERTEX_POINT('',#7840);
#2012=VERTEX_POINT('',#7841);
#2013=VERTEX_POINT('',#7843);
#2014=VERTEX_POINT('',#7858);
#2015=VERTEX_POINT('',#7860);
#2016=VERTEX_POINT('',#7863);
#2017=VERTEX_POINT('',#7940);
#2018=VERTEX_POINT('',#7944);
#2019=VERTEX_POINT('',#7946);
#2020=VERTEX_POINT('',#7950);
#2021=VERTEX_POINT('',#7954);
#2022=VERTEX_POINT('',#7958);
#2023=VERTEX_POINT('',#7959);
#2024=VERTEX_POINT('',#7961);
#2025=VERTEX_POINT('',#7963);
#2026=VERTEX_POINT('',#7965);
#2027=VERTEX_POINT('',#7969);
#2028=VERTEX_POINT('',#7971);
#2029=VERTEX_POINT('',#7977);
#2030=VERTEX_POINT('',#7983);
#2031=VERTEX_POINT('',#7987);
#2032=VERTEX_POINT('',#7989);
#2033=VERTEX_POINT('',#7995);
#2034=VERTEX_POINT('',#8001);
#2035=VERTEX_POINT('',#8005);
#2036=VERTEX_POINT('',#8007);
#2037=VERTEX_POINT('',#8009);
#2038=VERTEX_POINT('',#8015);
#2039=VERTEX_POINT('',#8024);
#2040=VERTEX_POINT('',#8025);
#2041=VERTEX_POINT('',#8032);
#2042=VERTEX_POINT('',#8041);
#2043=VERTEX_POINT('',#8042);
#2044=VERTEX_POINT('',#8049);
#2045=VERTEX_POINT('',#8058);
#2046=VERTEX_POINT('',#8059);
#2047=VERTEX_POINT('',#8066);
#2048=VERTEX_POINT('',#8075);
#2049=VERTEX_POINT('',#8076);
#2050=VERTEX_POINT('',#8083);
#2051=VERTEX_POINT('',#8092);
#2052=VERTEX_POINT('',#8093);
#2053=VERTEX_POINT('',#8100);
#2054=VERTEX_POINT('',#8109);
#2055=VERTEX_POINT('',#8110);
#2056=VERTEX_POINT('',#8128);
#2057=VERTEX_POINT('',#8134);
#2058=VERTEX_POINT('',#8142);
#2059=VERTEX_POINT('',#8148);
#2060=VERTEX_POINT('',#8156);
#2061=VERTEX_POINT('',#8162);
#2062=VERTEX_POINT('',#8170);
#2063=VERTEX_POINT('',#8176);
#2064=VERTEX_POINT('',#8184);
#2065=VERTEX_POINT('',#8190);
#2066=VERTEX_POINT('',#8198);
#2067=VERTEX_POINT('',#8204);
#2068=VERTEX_POINT('',#8212);
#2069=VERTEX_POINT('',#8218);
#2070=VERTEX_POINT('',#8226);
#2071=VERTEX_POINT('',#8247);
#2072=VERTEX_POINT('',#8286);
#2073=VERTEX_POINT('',#8287);
#2074=VERTEX_POINT('',#8289);
#2075=VERTEX_POINT('',#8291);
#2076=VERTEX_POINT('',#8293);
#2077=VERTEX_POINT('',#8349);
#2078=VERTEX_POINT('',#8353);
#2079=VERTEX_POINT('',#8357);
#2080=VERTEX_POINT('',#8358);
#2081=VERTEX_POINT('',#8360);
#2082=VERTEX_POINT('',#8362);
#2083=VERTEX_POINT('',#8366);
#2084=VERTEX_POINT('',#8368);
#2085=VERTEX_POINT('',#8370);
#2086=VERTEX_POINT('',#8374);
#2087=VERTEX_POINT('',#8377);
#2088=VERTEX_POINT('',#8378);
#2089=VERTEX_POINT('',#8385);
#2090=VERTEX_POINT('',#8387);
#2091=VERTEX_POINT('',#8391);
#2092=VERTEX_POINT('',#8394);
#2093=VERTEX_POINT('',#8398);
#2094=VERTEX_POINT('',#8402);
#2095=VERTEX_POINT('',#8403);
#2096=VERTEX_POINT('',#8408);
#2097=VERTEX_POINT('',#8410);
#2098=VERTEX_POINT('',#8414);
#2099=VERTEX_POINT('',#8419);
#2100=VERTEX_POINT('',#8423);
#2101=VERTEX_POINT('',#8424);
#2102=VERTEX_POINT('',#8456);
#2103=VERTEX_POINT('',#8469);
#2104=VERTEX_POINT('',#8474);
#2105=VERTEX_POINT('',#8478);
#2106=VERTEX_POINT('',#8480);
#2107=VERTEX_POINT('',#8489);
#2108=VERTEX_POINT('',#8490);
#2109=VERTEX_POINT('',#8492);
#2110=VERTEX_POINT('',#8494);
#2111=VERTEX_POINT('',#8503);
#2112=VERTEX_POINT('',#8505);
#2113=VERTEX_POINT('',#8509);
#2114=VERTEX_POINT('',#8510);
#2115=VERTEX_POINT('',#8512);
#2116=VERTEX_POINT('',#8514);
#2117=VERTEX_POINT('',#8516);
#2118=VERTEX_POINT('',#8518);
#2119=VERTEX_POINT('',#8520);
#2120=VERTEX_POINT('',#8522);
#2121=VERTEX_POINT('',#8524);
#2122=VERTEX_POINT('',#8526);
#2123=VERTEX_POINT('',#8528);
#2124=VERTEX_POINT('',#8530);
#2125=VERTEX_POINT('',#8532);
#2126=VERTEX_POINT('',#8534);
#2127=VERTEX_POINT('',#8536);
#2128=VERTEX_POINT('',#8538);
#2129=VERTEX_POINT('',#8540);
#2130=VERTEX_POINT('',#8542);
#2131=VERTEX_POINT('',#8546);
#2132=VERTEX_POINT('',#8547);
#2133=VERTEX_POINT('',#8549);
#2134=VERTEX_POINT('',#8551);
#2135=VERTEX_POINT('',#8553);
#2136=VERTEX_POINT('',#8555);
#2137=VERTEX_POINT('',#8557);
#2138=VERTEX_POINT('',#8559);
#2139=VERTEX_POINT('',#8561);
#2140=VERTEX_POINT('',#8563);
#2141=VERTEX_POINT('',#8565);
#2142=VERTEX_POINT('',#8567);
#2143=VERTEX_POINT('',#8569);
#2144=VERTEX_POINT('',#8571);
#2145=VERTEX_POINT('',#8573);
#2146=VERTEX_POINT('',#8575);
#2147=VERTEX_POINT('',#8577);
#2148=VERTEX_POINT('',#8579);
#2149=VERTEX_POINT('',#8581);
#2150=VERTEX_POINT('',#8583);
#2151=VERTEX_POINT('',#8585);
#2152=VERTEX_POINT('',#8587);
#2153=VERTEX_POINT('',#8589);
#2154=VERTEX_POINT('',#8591);
#2155=VERTEX_POINT('',#8593);
#2156=VERTEX_POINT('',#8595);
#2157=VERTEX_POINT('',#8597);
#2158=VERTEX_POINT('',#8599);
#2159=VERTEX_POINT('',#8601);
#2160=VERTEX_POINT('',#8603);
#2161=VERTEX_POINT('',#8605);
#2162=VERTEX_POINT('',#8607);
#2163=VERTEX_POINT('',#8609);
#2164=VERTEX_POINT('',#8611);
#2165=VERTEX_POINT('',#8613);
#2166=VERTEX_POINT('',#8615);
#2167=VERTEX_POINT('',#8617);
#2168=VERTEX_POINT('',#8619);
#2169=VERTEX_POINT('',#8621);
#2170=VERTEX_POINT('',#8625);
#2171=VERTEX_POINT('',#8627);
#2172=VERTEX_POINT('',#8633);
#2173=VERTEX_POINT('',#8639);
#2174=VERTEX_POINT('',#8643);
#2175=VERTEX_POINT('',#8645);
#2176=VERTEX_POINT('',#8651);
#2177=VERTEX_POINT('',#8657);
#2178=VERTEX_POINT('',#8661);
#2179=VERTEX_POINT('',#8663);
#2180=VERTEX_POINT('',#8665);
#2181=VERTEX_POINT('',#8671);
#2182=VERTEX_POINT('',#8680);
#2183=VERTEX_POINT('',#8681);
#2184=VERTEX_POINT('',#8688);
#2185=VERTEX_POINT('',#8697);
#2186=VERTEX_POINT('',#8698);
#2187=VERTEX_POINT('',#8705);
#2188=VERTEX_POINT('',#8714);
#2189=VERTEX_POINT('',#8715);
#2190=VERTEX_POINT('',#8722);
#2191=VERTEX_POINT('',#8731);
#2192=VERTEX_POINT('',#8732);
#2193=VERTEX_POINT('',#8739);
#2194=VERTEX_POINT('',#8748);
#2195=VERTEX_POINT('',#8749);
#2196=VERTEX_POINT('',#8756);
#2197=VERTEX_POINT('',#8765);
#2198=VERTEX_POINT('',#8766);
#2199=VERTEX_POINT('',#8773);
#2200=VERTEX_POINT('',#8782);
#2201=VERTEX_POINT('',#8783);
#2202=VERTEX_POINT('',#8790);
#2203=VERTEX_POINT('',#8796);
#2204=VERTEX_POINT('',#8798);
#2205=VERTEX_POINT('',#8804);
#2206=VERTEX_POINT('',#8810);
#2207=VERTEX_POINT('',#8818);
#2208=VERTEX_POINT('',#8824);
#2209=VERTEX_POINT('',#8832);
#2210=VERTEX_POINT('',#8838);
#2211=VERTEX_POINT('',#8846);
#2212=VERTEX_POINT('',#8852);
#2213=VERTEX_POINT('',#8860);
#2214=VERTEX_POINT('',#8866);
#2215=VERTEX_POINT('',#8874);
#2216=VERTEX_POINT('',#8880);
#2217=VERTEX_POINT('',#8888);
#2218=VERTEX_POINT('',#8894);
#2219=VERTEX_POINT('',#8902);
#2220=VERTEX_POINT('',#8924);
#2221=VERTEX_POINT('',#8931);
#2222=VERTEX_POINT('',#8933);
#2223=VERTEX_POINT('',#8940);
#2224=VERTEX_POINT('',#8941);
#2225=VERTEX_POINT('',#8943);
#2226=VERTEX_POINT('',#8946);
#2227=VERTEX_POINT('',#8948);
#2228=VERTEX_POINT('',#8950);
#2229=VERTEX_POINT('',#9040);
#2230=VERTEX_POINT('',#9047);
#2231=VERTEX_POINT('',#9049);
#2232=VERTEX_POINT('',#9053);
#2233=VERTEX_POINT('',#9057);
#2234=VERTEX_POINT('',#9061);
#2235=VERTEX_POINT('',#9062);
#2236=VERTEX_POINT('',#9064);
#2237=VERTEX_POINT('',#9066);
#2238=VERTEX_POINT('',#9068);
#2239=VERTEX_POINT('',#9072);
#2240=VERTEX_POINT('',#9074);
#2241=VERTEX_POINT('',#9080);
#2242=VERTEX_POINT('',#9086);
#2243=VERTEX_POINT('',#9090);
#2244=VERTEX_POINT('',#9092);
#2245=VERTEX_POINT('',#9098);
#2246=VERTEX_POINT('',#9104);
#2247=VERTEX_POINT('',#9108);
#2248=VERTEX_POINT('',#9110);
#2249=VERTEX_POINT('',#9114);
#2250=VERTEX_POINT('',#9118);
#2251=VERTEX_POINT('',#9127);
#2252=VERTEX_POINT('',#9128);
#2253=VERTEX_POINT('',#9135);
#2254=VERTEX_POINT('',#9144);
#2255=VERTEX_POINT('',#9145);
#2256=VERTEX_POINT('',#9152);
#2257=VERTEX_POINT('',#9161);
#2258=VERTEX_POINT('',#9162);
#2259=VERTEX_POINT('',#9169);
#2260=VERTEX_POINT('',#9178);
#2261=VERTEX_POINT('',#9179);
#2262=VERTEX_POINT('',#9186);
#2263=VERTEX_POINT('',#9195);
#2264=VERTEX_POINT('',#9196);
#2265=VERTEX_POINT('',#9203);
#2266=VERTEX_POINT('',#9212);
#2267=VERTEX_POINT('',#9213);
#2268=VERTEX_POINT('',#9231);
#2269=VERTEX_POINT('',#9237);
#2270=VERTEX_POINT('',#9245);
#2271=VERTEX_POINT('',#9251);
#2272=VERTEX_POINT('',#9259);
#2273=VERTEX_POINT('',#9265);
#2274=VERTEX_POINT('',#9273);
#2275=VERTEX_POINT('',#9279);
#2276=VERTEX_POINT('',#9287);
#2277=VERTEX_POINT('',#9293);
#2278=VERTEX_POINT('',#9301);
#2279=VERTEX_POINT('',#9307);
#2280=VERTEX_POINT('',#9315);
#2281=VERTEX_POINT('',#9321);
#2282=VERTEX_POINT('',#9329);
#2283=VERTEX_POINT('',#9350);
#2284=VERTEX_POINT('',#9389);
#2285=VERTEX_POINT('',#9390);
#2286=VERTEX_POINT('',#9392);
#2287=VERTEX_POINT('',#9401);
#2288=VERTEX_POINT('',#9448);
#2289=VERTEX_POINT('',#9452);
#2290=VERTEX_POINT('',#9456);
#2291=VERTEX_POINT('',#9460);
#2292=VERTEX_POINT('',#9461);
#2293=VERTEX_POINT('',#9463);
#2294=VERTEX_POINT('',#9465);
#2295=VERTEX_POINT('',#9469);
#2296=VERTEX_POINT('',#9471);
#2297=VERTEX_POINT('',#9473);
#2298=VERTEX_POINT('',#9477);
#2299=VERTEX_POINT('',#9480);
#2300=VERTEX_POINT('',#9481);
#2301=VERTEX_POINT('',#9488);
#2302=VERTEX_POINT('',#9490);
#2303=VERTEX_POINT('',#9493);
#2304=VERTEX_POINT('',#9495);
#2305=VERTEX_POINT('',#9499);
#2306=VERTEX_POINT('',#9502);
#2307=VERTEX_POINT('',#9506);
#2308=VERTEX_POINT('',#9510);
#2309=VERTEX_POINT('',#9514);
#2310=VERTEX_POINT('',#9518);
#2311=VERTEX_POINT('',#9520);
#2312=VERTEX_POINT('',#9522);
#2313=VERTEX_POINT('',#9524);
#2314=VERTEX_POINT('',#9528);
#2315=VERTEX_POINT('',#9532);
#2316=VERTEX_POINT('',#9544);
#2317=VERTEX_POINT('',#9545);
#2318=VERTEX_POINT('',#9577);
#2319=VERTEX_POINT('',#9590);
#2320=VERTEX_POINT('',#9595);
#2321=VERTEX_POINT('',#9599);
#2322=VERTEX_POINT('',#9601);
#2323=VERTEX_POINT('',#9612);
#2324=EDGE_CURVE('',#1895,#1896,#1373,.T.);
#2325=EDGE_CURVE('',#1896,#1897,#1374,.T.);
#2326=EDGE_CURVE('',#1897,#1898,#1375,.T.);
#2327=EDGE_CURVE('',#1898,#1899,#1209,.T.);
#2328=EDGE_CURVE('',#1899,#1900,#1189,.T.);
#2329=EDGE_CURVE('',#1895,#1900,#1376,.T.);
#2330=EDGE_CURVE('',#1901,#1902,#1377,.T.);
#2331=EDGE_CURVE('',#1903,#1902,#333,.F.);
#2332=EDGE_CURVE('',#1904,#1903,#334,.F.);
#2333=EDGE_CURVE('',#1905,#1904,#335,.F.);
#2334=EDGE_CURVE('',#1906,#1905,#336,.F.);
#2335=EDGE_CURVE('',#1907,#1906,#337,.F.);
#2336=EDGE_CURVE('',#1908,#1907,#338,.F.);
#2337=EDGE_CURVE('',#1909,#1908,#339,.F.);
#2338=EDGE_CURVE('',#1910,#1909,#340,.F.);
#2339=EDGE_CURVE('',#1910,#1911,#341,.F.);
#2340=EDGE_CURVE('',#1911,#1912,#342,.F.);
#2341=EDGE_CURVE('',#1912,#1913,#343,.F.);
#2342=EDGE_CURVE('',#1913,#1914,#344,.F.);
#2343=EDGE_CURVE('',#1914,#1915,#345,.F.);
#2344=EDGE_CURVE('',#1915,#1916,#346,.F.);
#2345=EDGE_CURVE('',#1916,#1917,#347,.F.);
#2346=EDGE_CURVE('',#1918,#1917,#1378,.T.);
#2347=EDGE_CURVE('',#1918,#1901,#1379,.T.);
#2348=EDGE_CURVE('',#1919,#1920,#348,.T.);
#2349=EDGE_CURVE('',#1920,#1921,#1380,.T.);
#2350=EDGE_CURVE('',#1921,#1922,#1210,.T.);
#2351=EDGE_CURVE('',#1922,#1923,#1211,.T.);
#2352=EDGE_CURVE('',#1923,#1924,#1212,.T.);
#2353=EDGE_CURVE('',#1924,#1925,#1213,.T.);
#2354=EDGE_CURVE('',#1925,#1926,#1214,.T.);
#2355=EDGE_CURVE('',#1926,#1927,#1215,.T.);
#2356=EDGE_CURVE('',#1927,#1928,#1216,.T.);
#2357=EDGE_CURVE('',#1928,#1929,#1217,.T.);
#2358=EDGE_CURVE('',#1929,#1930,#1218,.T.);
#2359=EDGE_CURVE('',#1930,#1931,#1219,.T.);
#2360=EDGE_CURVE('',#1931,#1932,#1220,.T.);
#2361=EDGE_CURVE('',#1932,#1933,#1221,.T.);
#2362=EDGE_CURVE('',#1933,#1934,#1222,.T.);
#2363=EDGE_CURVE('',#1934,#1935,#1223,.T.);
#2364=EDGE_CURVE('',#1935,#1936,#1224,.T.);
#2365=EDGE_CURVE('',#1936,#1937,#1225,.T.);
#2366=EDGE_CURVE('',#1937,#1938,#1226,.T.);
#2367=EDGE_CURVE('',#1938,#1939,#1227,.T.);
#2368=EDGE_CURVE('',#1940,#1939,#1228,.T.);
#2369=EDGE_CURVE('',#1941,#1940,#1229,.T.);
#2370=EDGE_CURVE('',#1942,#1941,#1230,.T.);
#2371=EDGE_CURVE('',#1943,#1942,#1231,.T.);
#2372=EDGE_CURVE('',#1944,#1943,#1232,.T.);
#2373=EDGE_CURVE('',#1945,#1944,#1233,.T.);
#2374=EDGE_CURVE('',#1946,#1945,#1234,.T.);
#2375=EDGE_CURVE('',#1947,#1946,#1235,.T.);
#2376=EDGE_CURVE('',#1948,#1947,#1236,.T.);
#2377=EDGE_CURVE('',#1949,#1948,#1237,.T.);
#2378=EDGE_CURVE('',#1950,#1949,#1238,.T.);
#2379=EDGE_CURVE('',#1951,#1950,#1239,.T.);
#2380=EDGE_CURVE('',#1952,#1951,#1240,.T.);
#2381=EDGE_CURVE('',#1953,#1952,#1241,.T.);
#2382=EDGE_CURVE('',#1954,#1953,#1242,.T.);
#2383=EDGE_CURVE('',#1955,#1954,#1243,.T.);
#2384=EDGE_CURVE('',#1956,#1955,#1244,.T.);
#2385=EDGE_CURVE('',#1957,#1956,#1245,.T.);
#2386=EDGE_CURVE('',#1919,#1957,#1381,.T.);
#2387=EDGE_CURVE('',#1957,#1958,#1382,.T.);
#2388=EDGE_CURVE('',#1959,#1956,#1383,.T.);
#2389=EDGE_CURVE('',#1958,#1959,#123,.T.);
#2390=EDGE_CURVE('',#1959,#1960,#349,.T.);
#2391=EDGE_CURVE('',#1960,#1958,#124,.F.);
#2392=EDGE_CURVE('',#1957,#1961,#1384,.F.);
#2393=EDGE_CURVE('',#1961,#1960,#1385,.T.);
#2394=EDGE_CURVE('',#1961,#1962,#1386,.T.);
#2395=EDGE_CURVE('',#1963,#1960,#125,.T.);
#2396=EDGE_CURVE('',#1962,#1963,#1387,.T.);
#2397=EDGE_CURVE('',#1960,#1964,#350,.T.);
#2398=EDGE_CURVE('',#1964,#1963,#126,.F.);
#2399=EDGE_CURVE('',#1962,#1965,#1388,.T.);
#2400=EDGE_CURVE('',#1965,#1964,#1389,.T.);
#2401=EDGE_CURVE('',#1965,#1966,#1390,.T.);
#2402=EDGE_CURVE('',#1967,#1964,#127,.T.);
#2403=EDGE_CURVE('',#1968,#1967,#1391,.T.);
#2404=EDGE_CURVE('',#1966,#1968,#1246,.T.);
#2405=EDGE_CURVE('',#1964,#1969,#351,.T.);
#2406=EDGE_CURVE('',#1969,#1967,#128,.F.);
#2407=EDGE_CURVE('',#1903,#1969,#1392,.T.);
#2408=EDGE_CURVE('',#1968,#1903,#1247,.F.);
#2409=EDGE_CURVE('',#1970,#1971,#1393,.T.);
#2410=EDGE_CURVE('',#1903,#1970,#1248,.T.);
#2411=EDGE_CURVE('',#1971,#1969,#129,.T.);
#2412=EDGE_CURVE('',#1969,#1972,#352,.T.);
#2413=EDGE_CURVE('',#1972,#1971,#130,.F.);
#2414=EDGE_CURVE('',#1904,#1972,#1394,.T.);
#2415=EDGE_CURVE('',#1970,#1904,#1249,.F.);
#2416=EDGE_CURVE('',#1973,#1974,#1395,.T.);
#2417=EDGE_CURVE('',#1904,#1973,#1250,.T.);
#2418=EDGE_CURVE('',#1974,#1972,#131,.T.);
#2419=EDGE_CURVE('',#1972,#1975,#353,.T.);
#2420=EDGE_CURVE('',#1975,#1974,#132,.F.);
#2421=EDGE_CURVE('',#1905,#1975,#1396,.T.);
#2422=EDGE_CURVE('',#1973,#1905,#1251,.F.);
#2423=EDGE_CURVE('',#1976,#1977,#1397,.T.);
#2424=EDGE_CURVE('',#1905,#1976,#1252,.T.);
#2425=EDGE_CURVE('',#1977,#1975,#133,.T.);
#2426=EDGE_CURVE('',#1975,#1978,#354,.T.);
#2427=EDGE_CURVE('',#1978,#1977,#134,.F.);
#2428=EDGE_CURVE('',#1906,#1978,#1398,.T.);
#2429=EDGE_CURVE('',#1976,#1906,#1253,.F.);
#2430=EDGE_CURVE('',#1979,#1980,#1399,.T.);
#2431=EDGE_CURVE('',#1906,#1979,#1254,.T.);
#2432=EDGE_CURVE('',#1980,#1978,#135,.T.);
#2433=EDGE_CURVE('',#1978,#1981,#355,.T.);
#2434=EDGE_CURVE('',#1981,#1980,#136,.F.);
#2435=EDGE_CURVE('',#1907,#1981,#1400,.T.);
#2436=EDGE_CURVE('',#1979,#1907,#1255,.F.);
#2437=EDGE_CURVE('',#1982,#1983,#1401,.T.);
#2438=EDGE_CURVE('',#1907,#1982,#1256,.T.);
#2439=EDGE_CURVE('',#1983,#1981,#137,.T.);
#2440=EDGE_CURVE('',#1981,#1984,#356,.T.);
#2441=EDGE_CURVE('',#1984,#1983,#138,.F.);
#2442=EDGE_CURVE('',#1908,#1984,#1402,.T.);
#2443=EDGE_CURVE('',#1982,#1908,#1257,.F.);
#2444=EDGE_CURVE('',#1985,#1986,#1403,.T.);
#2445=EDGE_CURVE('',#1908,#1985,#1258,.T.);
#2446=EDGE_CURVE('',#1986,#1984,#139,.T.);
#2447=EDGE_CURVE('',#1984,#1987,#357,.T.);
#2448=EDGE_CURVE('',#1987,#1986,#140,.F.);
#2449=EDGE_CURVE('',#1909,#1987,#1404,.T.);
#2450=EDGE_CURVE('',#1985,#1909,#1259,.F.);
#2451=EDGE_CURVE('',#1988,#1989,#1405,.T.);
#2452=EDGE_CURVE('',#1909,#1989,#1260,.T.);
#2453=EDGE_CURVE('',#1988,#1987,#141,.T.);
#2454=EDGE_CURVE('',#1987,#1990,#358,.T.);
#2455=EDGE_CURVE('',#1988,#1990,#142,.T.);
#2456=EDGE_CURVE('',#1939,#1991,#1406,.T.);
#2457=EDGE_CURVE('',#1992,#1991,#143,.F.);
#2458=EDGE_CURVE('',#1940,#1992,#1407,.T.);
#2459=EDGE_CURVE('',#1941,#1993,#1408,.T.);
#2460=EDGE_CURVE('',#1993,#1992,#144,.T.);
#2461=EDGE_CURVE('',#1992,#1994,#359,.T.);
#2462=EDGE_CURVE('',#1994,#1993,#145,.F.);
#2463=EDGE_CURVE('',#1942,#1994,#1409,.T.);
#2464=EDGE_CURVE('',#1943,#1995,#1410,.T.);
#2465=EDGE_CURVE('',#1995,#1994,#146,.T.);
#2466=EDGE_CURVE('',#1994,#1996,#360,.T.);
#2467=EDGE_CURVE('',#1996,#1995,#147,.F.);
#2468=EDGE_CURVE('',#1944,#1996,#1411,.T.);
#2469=EDGE_CURVE('',#1945,#1997,#1412,.T.);
#2470=EDGE_CURVE('',#1997,#1996,#148,.T.);
#2471=EDGE_CURVE('',#1996,#1998,#361,.T.);
#2472=EDGE_CURVE('',#1998,#1997,#149,.F.);
#2473=EDGE_CURVE('',#1946,#1998,#1413,.T.);
#2474=EDGE_CURVE('',#1947,#1999,#1414,.T.);
#2475=EDGE_CURVE('',#1999,#1998,#150,.T.);
#2476=EDGE_CURVE('',#1998,#2000,#362,.T.);
#2477=EDGE_CURVE('',#2000,#1999,#151,.F.);
#2478=EDGE_CURVE('',#1948,#2000,#1415,.T.);
#2479=EDGE_CURVE('',#1949,#2001,#1416,.T.);
#2480=EDGE_CURVE('',#2001,#2000,#152,.T.);
#2481=EDGE_CURVE('',#2000,#2002,#363,.T.);
#2482=EDGE_CURVE('',#2002,#2001,#153,.F.);
#2483=EDGE_CURVE('',#1950,#2002,#1417,.T.);
#2484=EDGE_CURVE('',#1951,#2003,#1418,.T.);
#2485=EDGE_CURVE('',#2003,#2002,#154,.T.);
#2486=EDGE_CURVE('',#2002,#2004,#364,.T.);
#2487=EDGE_CURVE('',#2004,#2003,#155,.F.);
#2488=EDGE_CURVE('',#1952,#2004,#1419,.T.);
#2489=EDGE_CURVE('',#1953,#2005,#1420,.T.);
#2490=EDGE_CURVE('',#2005,#2004,#156,.T.);
#2491=EDGE_CURVE('',#2004,#2006,#365,.T.);
#2492=EDGE_CURVE('',#2006,#2005,#157,.F.);
#2493=EDGE_CURVE('',#1954,#2006,#1421,.T.);
#2494=EDGE_CURVE('',#1955,#2007,#1422,.T.);
#2495=EDGE_CURVE('',#2007,#2006,#158,.T.);
#2496=EDGE_CURVE('',#2006,#1959,#366,.T.);
#2497=EDGE_CURVE('',#1959,#2007,#159,.F.);
#2498=EDGE_CURVE('',#1966,#1902,#1423,.T.);
#2499=EDGE_CURVE('',#1910,#1989,#1261,.T.);
#2500=EDGE_CURVE('',#2008,#1991,#160,.F.);
#2501=EDGE_CURVE('',#2008,#1992,#367,.T.);
#2502=EDGE_CURVE('',#1896,#1919,#1424,.T.);
#2503=EDGE_CURVE('',#2009,#1901,#368,.T.);
#2504=EDGE_CURVE('',#2009,#2010,#1190,.F.);
#2505=EDGE_CURVE('',#2010,#1897,#1262,.F.);
#2506=EDGE_CURVE('',#2011,#2012,#1263,.T.);
#2507=EDGE_CURVE('',#2013,#2011,#1191,.T.);
#2508=EDGE_CURVE('',#2014,#2013,#1425,.T.);
#2509=EDGE_CURVE('',#2014,#2015,#369,.T.);
#2510=EDGE_CURVE('',#2015,#2009,#1264,.T.);
#2511=EDGE_CURVE('',#2016,#1918,#370,.T.);
#2512=EDGE_CURVE('',#2012,#2016,#1265,.T.);
#2513=EDGE_CURVE('',#2010,#1898,#371,.T.);
#2514=EDGE_CURVE('',#2015,#1899,#1192,.T.);
#2515=EDGE_CURVE('',#1900,#2017,#372,.T.);
#2516=EDGE_CURVE('',#2014,#2017,#373,.T.);
#2517=EDGE_CURVE('',#1896,#2018,#1266,.T.);
#2518=EDGE_CURVE('',#2019,#2018,#1426,.T.);
#2519=EDGE_CURVE('',#2019,#1919,#374,.T.);
#2520=EDGE_CURVE('',#2020,#2019,#375,.T.);
#2521=EDGE_CURVE('',#2020,#1920,#376,.T.);
#2522=EDGE_CURVE('',#1895,#2021,#1267,.T.);
#2523=EDGE_CURVE('',#2018,#2021,#1427,.T.);
#2524=EDGE_CURVE('',#2022,#2023,#1428,.T.);
#2525=EDGE_CURVE('',#2024,#2022,#1268,.T.);
#2526=EDGE_CURVE('',#2025,#2024,#1429,.T.);
#2527=EDGE_CURVE('',#2026,#2025,#1430,.T.);
#2528=EDGE_CURVE('',#2023,#2026,#1431,.T.);
#2529=EDGE_CURVE('',#1921,#2027,#1432,.T.);
#2530=EDGE_CURVE('',#2027,#2028,#161,.T.);
#2531=EDGE_CURVE('',#2028,#1922,#1433,.T.);
#2532=EDGE_CURVE('',#2029,#2027,#162,.F.);
#2533=EDGE_CURVE('',#2028,#2029,#377,.T.);
#2534=EDGE_CURVE('',#1921,#2030,#1434,.F.);
#2535=EDGE_CURVE('',#2030,#2029,#1435,.T.);
#2536=EDGE_CURVE('',#2030,#2031,#1436,.T.);
#2537=EDGE_CURVE('',#2031,#2032,#1437,.T.);
#2538=EDGE_CURVE('',#2032,#2029,#163,.T.);
#2539=EDGE_CURVE('',#2033,#2032,#164,.F.);
#2540=EDGE_CURVE('',#2029,#2033,#378,.T.);
#2541=EDGE_CURVE('',#2031,#2034,#1438,.T.);
#2542=EDGE_CURVE('',#2034,#2033,#1439,.T.);
#2543=EDGE_CURVE('',#2034,#2035,#1440,.T.);
#2544=EDGE_CURVE('',#2035,#2036,#1269,.T.);
#2545=EDGE_CURVE('',#2036,#2037,#1441,.T.);
#2546=EDGE_CURVE('',#2037,#2033,#165,.T.);
#2547=EDGE_CURVE('',#2038,#2037,#166,.F.);
#2548=EDGE_CURVE('',#2033,#2038,#379,.T.);
#2549=EDGE_CURVE('',#2036,#1916,#1270,.F.);
#2550=EDGE_CURVE('',#1916,#2038,#1442,.T.);
#2551=EDGE_CURVE('',#2039,#2040,#1443,.T.);
#2552=EDGE_CURVE('',#2040,#2038,#167,.T.);
#2553=EDGE_CURVE('',#1916,#2039,#1271,.T.);
#2554=EDGE_CURVE('',#2041,#2040,#168,.F.);
#2555=EDGE_CURVE('',#2038,#2041,#380,.T.);
#2556=EDGE_CURVE('',#2039,#1915,#1272,.F.);
#2557=EDGE_CURVE('',#1915,#2041,#1444,.T.);
#2558=EDGE_CURVE('',#2042,#2043,#1445,.T.);
#2559=EDGE_CURVE('',#2043,#2041,#169,.T.);
#2560=EDGE_CURVE('',#1915,#2042,#1273,.T.);
#2561=EDGE_CURVE('',#2044,#2043,#170,.F.);
#2562=EDGE_CURVE('',#2041,#2044,#381,.T.);
#2563=EDGE_CURVE('',#2042,#1914,#1274,.F.);
#2564=EDGE_CURVE('',#1914,#2044,#1446,.T.);
#2565=EDGE_CURVE('',#2045,#2046,#1447,.T.);
#2566=EDGE_CURVE('',#2046,#2044,#171,.T.);
#2567=EDGE_CURVE('',#1914,#2045,#1275,.T.);
#2568=EDGE_CURVE('',#2047,#2046,#172,.F.);
#2569=EDGE_CURVE('',#2044,#2047,#382,.T.);
#2570=EDGE_CURVE('',#2045,#1913,#1276,.F.);
#2571=EDGE_CURVE('',#1913,#2047,#1448,.T.);
#2572=EDGE_CURVE('',#2048,#2049,#1449,.T.);
#2573=EDGE_CURVE('',#2049,#2047,#173,.T.);
#2574=EDGE_CURVE('',#1913,#2048,#1277,.T.);
#2575=EDGE_CURVE('',#2050,#2049,#174,.F.);
#2576=EDGE_CURVE('',#2047,#2050,#383,.T.);
#2577=EDGE_CURVE('',#2048,#1912,#1278,.F.);
#2578=EDGE_CURVE('',#1912,#2050,#1450,.T.);
#2579=EDGE_CURVE('',#2051,#2052,#1451,.T.);
#2580=EDGE_CURVE('',#2052,#2050,#175,.T.);
#2581=EDGE_CURVE('',#1912,#2051,#1279,.T.);
#2582=EDGE_CURVE('',#2053,#2052,#176,.F.);
#2583=EDGE_CURVE('',#2050,#2053,#384,.T.);
#2584=EDGE_CURVE('',#2051,#1911,#1280,.F.);
#2585=EDGE_CURVE('',#1911,#2053,#1452,.T.);
#2586=EDGE_CURVE('',#2054,#2055,#1453,.T.);
#2587=EDGE_CURVE('',#2055,#2053,#177,.T.);
#2588=EDGE_CURVE('',#1911,#2054,#1281,.T.);
#2589=EDGE_CURVE('',#1990,#2055,#178,.F.);
#2590=EDGE_CURVE('',#2053,#1990,#385,.T.);
#2591=EDGE_CURVE('',#2054,#1910,#1282,.F.);
#2592=EDGE_CURVE('',#1910,#1990,#1454,.T.);
#2593=EDGE_CURVE('',#1938,#2008,#1455,.T.);
#2594=EDGE_CURVE('',#1937,#2056,#1456,.T.);
#2595=EDGE_CURVE('',#2056,#2008,#179,.T.);
#2596=EDGE_CURVE('',#2057,#2056,#180,.F.);
#2597=EDGE_CURVE('',#2008,#2057,#386,.T.);
#2598=EDGE_CURVE('',#1936,#2057,#1457,.T.);
#2599=EDGE_CURVE('',#1935,#2058,#1458,.T.);
#2600=EDGE_CURVE('',#2058,#2057,#181,.T.);
#2601=EDGE_CURVE('',#2059,#2058,#182,.F.);
#2602=EDGE_CURVE('',#2057,#2059,#387,.T.);
#2603=EDGE_CURVE('',#1934,#2059,#1459,.T.);
#2604=EDGE_CURVE('',#1933,#2060,#1460,.T.);
#2605=EDGE_CURVE('',#2060,#2059,#183,.T.);
#2606=EDGE_CURVE('',#2061,#2060,#184,.F.);
#2607=EDGE_CURVE('',#2059,#2061,#388,.T.);
#2608=EDGE_CURVE('',#1932,#2061,#1461,.T.);
#2609=EDGE_CURVE('',#1931,#2062,#1462,.T.);
#2610=EDGE_CURVE('',#2062,#2061,#185,.T.);
#2611=EDGE_CURVE('',#2063,#2062,#186,.F.);
#2612=EDGE_CURVE('',#2061,#2063,#389,.T.);
#2613=EDGE_CURVE('',#1930,#2063,#1463,.T.);
#2614=EDGE_CURVE('',#1929,#2064,#1464,.T.);
#2615=EDGE_CURVE('',#2064,#2063,#187,.T.);
#2616=EDGE_CURVE('',#2065,#2064,#188,.F.);
#2617=EDGE_CURVE('',#2063,#2065,#390,.T.);
#2618=EDGE_CURVE('',#1928,#2065,#1465,.T.);
#2619=EDGE_CURVE('',#1927,#2066,#1466,.T.);
#2620=EDGE_CURVE('',#2066,#2065,#189,.T.);
#2621=EDGE_CURVE('',#2067,#2066,#190,.F.);
#2622=EDGE_CURVE('',#2065,#2067,#391,.T.);
#2623=EDGE_CURVE('',#1926,#2067,#1467,.T.);
#2624=EDGE_CURVE('',#1925,#2068,#1468,.T.);
#2625=EDGE_CURVE('',#2068,#2067,#191,.T.);
#2626=EDGE_CURVE('',#2069,#2068,#192,.F.);
#2627=EDGE_CURVE('',#2067,#2069,#392,.T.);
#2628=EDGE_CURVE('',#1924,#2069,#1469,.T.);
#2629=EDGE_CURVE('',#1923,#2070,#1470,.T.);
#2630=EDGE_CURVE('',#2070,#2069,#193,.T.);
#2631=EDGE_CURVE('',#2028,#2070,#194,.F.);
#2632=EDGE_CURVE('',#2069,#2028,#393,.T.);
#2633=EDGE_CURVE('',#2035,#1917,#1471,.T.);
#2634=EDGE_CURVE('',#2026,#1920,#1472,.T.);
#2635=EDGE_CURVE('',#2071,#2025,#1283,.F.);
#2636=EDGE_CURVE('',#2016,#2071,#1193,.F.);
#2637=EDGE_CURVE('',#2071,#2024,#394,.T.);
#2638=EDGE_CURVE('',#2012,#2022,#1194,.T.);
#2639=EDGE_CURVE('',#2072,#2073,#395,.T.);
#2640=EDGE_CURVE('',#2074,#2073,#396,.T.);
#2641=EDGE_CURVE('',#2074,#2075,#397,.T.);
#2642=EDGE_CURVE('',#2075,#2076,#1195,.T.);
#2643=EDGE_CURVE('',#2076,#2072,#1196,.T.);
#2644=EDGE_CURVE('',#2020,#2077,#1473,.T.);
#2645=EDGE_CURVE('',#2026,#2077,#1284,.T.);
#2646=EDGE_CURVE('',#2023,#2078,#1285,.T.);
#2647=EDGE_CURVE('',#2077,#2078,#1474,.T.);
#2648=EDGE_CURVE('',#2079,#2080,#398,.T.);
#2649=EDGE_CURVE('',#2080,#2081,#1475,.T.);
#2650=EDGE_CURVE('',#2081,#2082,#1286,.T.);
#2651=EDGE_CURVE('',#2082,#2079,#1476,.T.);
#2652=EDGE_CURVE('',#2083,#2083,#399,.T.);
#2653=EDGE_CURVE('',#2083,#2084,#400,.T.);
#2654=EDGE_CURVE('',#2085,#2084,#401,.T.);
#2655=EDGE_CURVE('',#2084,#2085,#402,.T.);
#2656=EDGE_CURVE('',#2086,#2086,#403,.T.);
#2657=EDGE_CURVE('',#2087,#2088,#404,.T.);
#2658=EDGE_CURVE('',#2088,#2085,#1477,.T.);
#2659=EDGE_CURVE('',#2088,#2087,#405,.T.);
#2660=EDGE_CURVE('',#2087,#2086,#406,.T.);
#2661=EDGE_CURVE('',#2089,#2089,#407,.T.);
#2662=EDGE_CURVE('',#2089,#2090,#1478,.T.);
#2663=EDGE_CURVE('',#2090,#2090,#408,.T.);
#2664=EDGE_CURVE('',#2091,#2091,#409,.T.);
#2665=EDGE_CURVE('',#2091,#2092,#1479,.T.);
#2666=EDGE_CURVE('',#2092,#2092,#410,.T.);
#2667=EDGE_CURVE('',#2093,#2093,#411,.T.);
#2668=EDGE_CURVE('',#2093,#2092,#1480,.T.);
#2669=EDGE_CURVE('',#2094,#2095,#412,.T.);
#2670=EDGE_CURVE('',#2021,#2095,#1481,.T.);
#2671=EDGE_CURVE('',#2094,#1895,#1482,.T.);
#2672=EDGE_CURVE('',#2096,#2094,#1483,.T.);
#2673=EDGE_CURVE('',#2097,#2096,#413,.T.);
#2674=EDGE_CURVE('',#2097,#2095,#1484,.T.);
#2675=EDGE_CURVE('',#2098,#2079,#1485,.T.);
#2676=EDGE_CURVE('',#2095,#2079,#1486,.T.);
#2677=EDGE_CURVE('',#2098,#2097,#1487,.T.);
#2678=EDGE_CURVE('',#2099,#2080,#1488,.T.);
#2679=EDGE_CURVE('',#2099,#2098,#414,.T.);
#2680=EDGE_CURVE('',#2100,#2101,#1287,.T.);
#2681=EDGE_CURVE('',#2075,#2100,#1288,.T.);
#2682=EDGE_CURVE('',#2013,#2074,#1489,.T.);
#2683=EDGE_CURVE('',#2101,#2013,#1197,.T.);
#2684=EDGE_CURVE('',#2102,#2100,#1198,.T.);
#2685=EDGE_CURVE('',#2102,#2076,#1289,.T.);
#2686=EDGE_CURVE('',#2103,#2102,#1490,.T.);
#2687=EDGE_CURVE('',#2081,#2103,#1491,.T.);
#2688=EDGE_CURVE('',#2081,#2072,#1492,.T.);
#2689=EDGE_CURVE('',#2104,#2103,#1290,.T.);
#2690=EDGE_CURVE('',#2104,#2082,#1493,.T.);
#2691=EDGE_CURVE('',#2078,#2105,#1494,.T.);
#2692=EDGE_CURVE('',#2106,#2104,#1495,.T.);
#2693=EDGE_CURVE('',#2105,#2106,#415,.T.);
#2694=EDGE_CURVE('',#2011,#2105,#1496,.T.);
#2695=EDGE_CURVE('',#2106,#2101,#1497,.T.);
#2696=EDGE_CURVE('',#2107,#2108,#1498,.T.);
#2697=EDGE_CURVE('',#2107,#2109,#1499,.T.);
#2698=EDGE_CURVE('',#2110,#2109,#1199,.T.);
#2699=EDGE_CURVE('',#2111,#2110,#1291,.T.);
#2700=EDGE_CURVE('',#2112,#2111,#1500,.T.);
#2701=EDGE_CURVE('',#2108,#2112,#1501,.T.);
#2702=EDGE_CURVE('',#2113,#2114,#1502,.T.);
#2703=EDGE_CURVE('',#2115,#2113,#1503,.T.);
#2704=EDGE_CURVE('',#2115,#2116,#1504,.T.);
#2705=EDGE_CURVE('',#2117,#2116,#416,.F.);
#2706=EDGE_CURVE('',#2118,#2117,#417,.F.);
#2707=EDGE_CURVE('',#2119,#2118,#418,.F.);
#2708=EDGE_CURVE('',#2120,#2119,#419,.F.);
#2709=EDGE_CURVE('',#2121,#2120,#420,.F.);
#2710=EDGE_CURVE('',#2122,#2121,#421,.F.);
#2711=EDGE_CURVE('',#2123,#2122,#422,.F.);
#2712=EDGE_CURVE('',#2123,#2124,#423,.F.);
#2713=EDGE_CURVE('',#2124,#2125,#424,.F.);
#2714=EDGE_CURVE('',#2125,#2126,#425,.F.);
#2715=EDGE_CURVE('',#2126,#2127,#426,.F.);
#2716=EDGE_CURVE('',#2127,#2128,#427,.F.);
#2717=EDGE_CURVE('',#2128,#2129,#428,.F.);
#2718=EDGE_CURVE('',#2129,#2130,#429,.F.);
#2719=EDGE_CURVE('',#2130,#2114,#430,.F.);
#2720=EDGE_CURVE('',#2131,#2132,#431,.T.);
#2721=EDGE_CURVE('',#2131,#2133,#1505,.T.);
#2722=EDGE_CURVE('',#2133,#2134,#1292,.T.);
#2723=EDGE_CURVE('',#2134,#2135,#1293,.T.);
#2724=EDGE_CURVE('',#2135,#2136,#1294,.T.);
#2725=EDGE_CURVE('',#2136,#2137,#1295,.T.);
#2726=EDGE_CURVE('',#2137,#2138,#1296,.T.);
#2727=EDGE_CURVE('',#2138,#2139,#1297,.T.);
#2728=EDGE_CURVE('',#2139,#2140,#1298,.T.);
#2729=EDGE_CURVE('',#2140,#2141,#1299,.T.);
#2730=EDGE_CURVE('',#2141,#2142,#1300,.T.);
#2731=EDGE_CURVE('',#2142,#2143,#1301,.T.);
#2732=EDGE_CURVE('',#2143,#2144,#1302,.T.);
#2733=EDGE_CURVE('',#2144,#2145,#1303,.T.);
#2734=EDGE_CURVE('',#2145,#2146,#1304,.T.);
#2735=EDGE_CURVE('',#2146,#2147,#1305,.T.);
#2736=EDGE_CURVE('',#2147,#2148,#1306,.T.);
#2737=EDGE_CURVE('',#2148,#2149,#1307,.T.);
#2738=EDGE_CURVE('',#2149,#2150,#1308,.T.);
#2739=EDGE_CURVE('',#2150,#2151,#1309,.T.);
#2740=EDGE_CURVE('',#2152,#2151,#1310,.T.);
#2741=EDGE_CURVE('',#2153,#2152,#1311,.T.);
#2742=EDGE_CURVE('',#2154,#2153,#1312,.T.);
#2743=EDGE_CURVE('',#2155,#2154,#1313,.T.);
#2744=EDGE_CURVE('',#2156,#2155,#1314,.T.);
#2745=EDGE_CURVE('',#2157,#2156,#1315,.T.);
#2746=EDGE_CURVE('',#2158,#2157,#1316,.T.);
#2747=EDGE_CURVE('',#2159,#2158,#1317,.T.);
#2748=EDGE_CURVE('',#2160,#2159,#1318,.T.);
#2749=EDGE_CURVE('',#2161,#2160,#1319,.T.);
#2750=EDGE_CURVE('',#2162,#2161,#1320,.T.);
#2751=EDGE_CURVE('',#2163,#2162,#1321,.T.);
#2752=EDGE_CURVE('',#2164,#2163,#1322,.T.);
#2753=EDGE_CURVE('',#2165,#2164,#1323,.T.);
#2754=EDGE_CURVE('',#2166,#2165,#1324,.T.);
#2755=EDGE_CURVE('',#2167,#2166,#1325,.T.);
#2756=EDGE_CURVE('',#2168,#2167,#1326,.T.);
#2757=EDGE_CURVE('',#2169,#2168,#1327,.T.);
#2758=EDGE_CURVE('',#2132,#2169,#1506,.T.);
#2759=EDGE_CURVE('',#2133,#2170,#1507,.T.);
#2760=EDGE_CURVE('',#2170,#2171,#195,.T.);
#2761=EDGE_CURVE('',#2171,#2134,#1508,.T.);
#2762=EDGE_CURVE('',#2172,#2170,#196,.F.);
#2763=EDGE_CURVE('',#2171,#2172,#432,.T.);
#2764=EDGE_CURVE('',#2133,#2173,#1509,.F.);
#2765=EDGE_CURVE('',#2173,#2172,#1510,.T.);
#2766=EDGE_CURVE('',#2173,#2174,#1511,.T.);
#2767=EDGE_CURVE('',#2174,#2175,#1512,.T.);
#2768=EDGE_CURVE('',#2175,#2172,#197,.T.);
#2769=EDGE_CURVE('',#2176,#2175,#198,.F.);
#2770=EDGE_CURVE('',#2172,#2176,#433,.T.);
#2771=EDGE_CURVE('',#2174,#2177,#1513,.T.);
#2772=EDGE_CURVE('',#2177,#2176,#1514,.T.);
#2773=EDGE_CURVE('',#2177,#2178,#1515,.T.);
#2774=EDGE_CURVE('',#2178,#2179,#1328,.T.);
#2775=EDGE_CURVE('',#2179,#2180,#1516,.T.);
#2776=EDGE_CURVE('',#2180,#2176,#199,.T.);
#2777=EDGE_CURVE('',#2181,#2180,#200,.F.);
#2778=EDGE_CURVE('',#2176,#2181,#434,.T.);
#2779=EDGE_CURVE('',#2179,#2130,#1329,.F.);
#2780=EDGE_CURVE('',#2130,#2181,#1517,.T.);
#2781=EDGE_CURVE('',#2182,#2183,#1518,.T.);
#2782=EDGE_CURVE('',#2183,#2181,#201,.T.);
#2783=EDGE_CURVE('',#2130,#2182,#1330,.T.);
#2784=EDGE_CURVE('',#2184,#2183,#202,.F.);
#2785=EDGE_CURVE('',#2181,#2184,#435,.T.);
#2786=EDGE_CURVE('',#2182,#2129,#1331,.F.);
#2787=EDGE_CURVE('',#2129,#2184,#1519,.T.);
#2788=EDGE_CURVE('',#2185,#2186,#1520,.T.);
#2789=EDGE_CURVE('',#2186,#2184,#203,.T.);
#2790=EDGE_CURVE('',#2129,#2185,#1332,.T.);
#2791=EDGE_CURVE('',#2187,#2186,#204,.F.);
#2792=EDGE_CURVE('',#2184,#2187,#436,.T.);
#2793=EDGE_CURVE('',#2185,#2128,#1333,.F.);
#2794=EDGE_CURVE('',#2128,#2187,#1521,.T.);
#2795=EDGE_CURVE('',#2188,#2189,#1522,.T.);
#2796=EDGE_CURVE('',#2189,#2187,#205,.T.);
#2797=EDGE_CURVE('',#2128,#2188,#1334,.T.);
#2798=EDGE_CURVE('',#2190,#2189,#206,.F.);
#2799=EDGE_CURVE('',#2187,#2190,#437,.T.);
#2800=EDGE_CURVE('',#2188,#2127,#1335,.F.);
#2801=EDGE_CURVE('',#2127,#2190,#1523,.T.);
#2802=EDGE_CURVE('',#2191,#2192,#1524,.T.);
#2803=EDGE_CURVE('',#2192,#2190,#207,.T.);
#2804=EDGE_CURVE('',#2127,#2191,#1336,.T.);
#2805=EDGE_CURVE('',#2193,#2192,#208,.F.);
#2806=EDGE_CURVE('',#2190,#2193,#438,.T.);
#2807=EDGE_CURVE('',#2191,#2126,#1337,.F.);
#2808=EDGE_CURVE('',#2126,#2193,#1525,.T.);
#2809=EDGE_CURVE('',#2194,#2195,#1526,.T.);
#2810=EDGE_CURVE('',#2195,#2193,#209,.T.);
#2811=EDGE_CURVE('',#2126,#2194,#1338,.T.);
#2812=EDGE_CURVE('',#2196,#2195,#210,.F.);
#2813=EDGE_CURVE('',#2193,#2196,#439,.T.);
#2814=EDGE_CURVE('',#2194,#2125,#1339,.F.);
#2815=EDGE_CURVE('',#2125,#2196,#1527,.T.);
#2816=EDGE_CURVE('',#2197,#2198,#1528,.T.);
#2817=EDGE_CURVE('',#2198,#2196,#211,.T.);
#2818=EDGE_CURVE('',#2125,#2197,#1340,.T.);
#2819=EDGE_CURVE('',#2199,#2198,#212,.F.);
#2820=EDGE_CURVE('',#2196,#2199,#440,.T.);
#2821=EDGE_CURVE('',#2197,#2124,#1341,.F.);
#2822=EDGE_CURVE('',#2124,#2199,#1529,.T.);
#2823=EDGE_CURVE('',#2200,#2201,#1530,.T.);
#2824=EDGE_CURVE('',#2200,#2199,#213,.T.);
#2825=EDGE_CURVE('',#2124,#2201,#1342,.T.);
#2826=EDGE_CURVE('',#2199,#2202,#441,.T.);
#2827=EDGE_CURVE('',#2200,#2202,#214,.T.);
#2828=EDGE_CURVE('',#2151,#2203,#1531,.T.);
#2829=EDGE_CURVE('',#2150,#2204,#1532,.T.);
#2830=EDGE_CURVE('',#2204,#2203,#215,.F.);
#2831=EDGE_CURVE('',#2149,#2205,#1533,.T.);
#2832=EDGE_CURVE('',#2205,#2204,#216,.T.);
#2833=EDGE_CURVE('',#2206,#2205,#217,.F.);
#2834=EDGE_CURVE('',#2204,#2206,#442,.T.);
#2835=EDGE_CURVE('',#2148,#2206,#1534,.T.);
#2836=EDGE_CURVE('',#2147,#2207,#1535,.T.);
#2837=EDGE_CURVE('',#2207,#2206,#218,.T.);
#2838=EDGE_CURVE('',#2208,#2207,#219,.F.);
#2839=EDGE_CURVE('',#2206,#2208,#443,.T.);
#2840=EDGE_CURVE('',#2146,#2208,#1536,.T.);
#2841=EDGE_CURVE('',#2145,#2209,#1537,.T.);
#2842=EDGE_CURVE('',#2209,#2208,#220,.T.);
#2843=EDGE_CURVE('',#2210,#2209,#221,.F.);
#2844=EDGE_CURVE('',#2208,#2210,#444,.T.);
#2845=EDGE_CURVE('',#2144,#2210,#1538,.T.);
#2846=EDGE_CURVE('',#2143,#2211,#1539,.T.);
#2847=EDGE_CURVE('',#2211,#2210,#222,.T.);
#2848=EDGE_CURVE('',#2212,#2211,#223,.F.);
#2849=EDGE_CURVE('',#2210,#2212,#445,.T.);
#2850=EDGE_CURVE('',#2142,#2212,#1540,.T.);
#2851=EDGE_CURVE('',#2141,#2213,#1541,.T.);
#2852=EDGE_CURVE('',#2213,#2212,#224,.T.);
#2853=EDGE_CURVE('',#2214,#2213,#225,.F.);
#2854=EDGE_CURVE('',#2212,#2214,#446,.T.);
#2855=EDGE_CURVE('',#2140,#2214,#1542,.T.);
#2856=EDGE_CURVE('',#2139,#2215,#1543,.T.);
#2857=EDGE_CURVE('',#2215,#2214,#226,.T.);
#2858=EDGE_CURVE('',#2216,#2215,#227,.F.);
#2859=EDGE_CURVE('',#2214,#2216,#447,.T.);
#2860=EDGE_CURVE('',#2138,#2216,#1544,.T.);
#2861=EDGE_CURVE('',#2137,#2217,#1545,.T.);
#2862=EDGE_CURVE('',#2217,#2216,#228,.T.);
#2863=EDGE_CURVE('',#2218,#2217,#229,.F.);
#2864=EDGE_CURVE('',#2216,#2218,#448,.T.);
#2865=EDGE_CURVE('',#2136,#2218,#1546,.T.);
#2866=EDGE_CURVE('',#2135,#2219,#1547,.T.);
#2867=EDGE_CURVE('',#2219,#2218,#230,.T.);
#2868=EDGE_CURVE('',#2171,#2219,#231,.F.);
#2869=EDGE_CURVE('',#2218,#2171,#449,.T.);
#2870=EDGE_CURVE('',#2178,#2114,#1548,.T.);
#2871=EDGE_CURVE('',#2123,#2201,#1343,.T.);
#2872=EDGE_CURVE('',#2220,#2204,#450,.T.);
#2873=EDGE_CURVE('',#2220,#2203,#232,.F.);
#2874=EDGE_CURVE('',#2108,#2131,#1549,.T.);
#2875=EDGE_CURVE('',#2221,#2112,#1344,.F.);
#2876=EDGE_CURVE('',#2222,#2221,#1200,.F.);
#2877=EDGE_CURVE('',#2222,#2113,#451,.T.);
#2878=EDGE_CURVE('',#2223,#2224,#1345,.T.);
#2879=EDGE_CURVE('',#2224,#2225,#1346,.T.);
#2880=EDGE_CURVE('',#2225,#2115,#452,.T.);
#2881=EDGE_CURVE('',#2226,#2222,#1347,.T.);
#2882=EDGE_CURVE('',#2227,#2226,#453,.T.);
#2883=EDGE_CURVE('',#2227,#2228,#1550,.T.);
#2884=EDGE_CURVE('',#2228,#2223,#1201,.T.);
#2885=EDGE_CURVE('',#2221,#2111,#454,.T.);
#2886=EDGE_CURVE('',#2226,#2110,#1202,.T.);
#2887=EDGE_CURVE('',#2109,#2229,#455,.T.);
#2888=EDGE_CURVE('',#2227,#2229,#456,.T.);
#2889=EDGE_CURVE('',#2014,#2227,#1551,.T.);
#2890=EDGE_CURVE('',#2017,#2229,#1552,.T.);
#2891=EDGE_CURVE('',#2230,#2131,#457,.T.);
#2892=EDGE_CURVE('',#2230,#2231,#1553,.T.);
#2893=EDGE_CURVE('',#2108,#2231,#1348,.T.);
#2894=EDGE_CURVE('',#2232,#2230,#458,.T.);
#2895=EDGE_CURVE('',#2232,#2132,#459,.T.);
#2896=EDGE_CURVE('',#2231,#2233,#1554,.T.);
#2897=EDGE_CURVE('',#2107,#2233,#1349,.T.);
#2898=EDGE_CURVE('',#2234,#2235,#1555,.T.);
#2899=EDGE_CURVE('',#2235,#2236,#1556,.T.);
#2900=EDGE_CURVE('',#2236,#2237,#1557,.T.);
#2901=EDGE_CURVE('',#2237,#2238,#1558,.T.);
#2902=EDGE_CURVE('',#2238,#2234,#1350,.T.);
#2903=EDGE_CURVE('',#2169,#2239,#1559,.T.);
#2904=EDGE_CURVE('',#2240,#2168,#1560,.T.);
#2905=EDGE_CURVE('',#2239,#2240,#233,.T.);
#2906=EDGE_CURVE('',#2240,#2241,#460,.T.);
#2907=EDGE_CURVE('',#2241,#2239,#234,.F.);
#2908=EDGE_CURVE('',#2169,#2242,#1561,.F.);
#2909=EDGE_CURVE('',#2242,#2241,#1562,.T.);
#2910=EDGE_CURVE('',#2242,#2243,#1563,.T.);
#2911=EDGE_CURVE('',#2244,#2241,#235,.T.);
#2912=EDGE_CURVE('',#2243,#2244,#1564,.T.);
#2913=EDGE_CURVE('',#2241,#2245,#461,.T.);
#2914=EDGE_CURVE('',#2245,#2244,#236,.F.);
#2915=EDGE_CURVE('',#2243,#2246,#1565,.T.);
#2916=EDGE_CURVE('',#2246,#2245,#1566,.T.);
#2917=EDGE_CURVE('',#2246,#2247,#1567,.T.);
#2918=EDGE_CURVE('',#2248,#2245,#237,.T.);
#2919=EDGE_CURVE('',#2249,#2248,#1568,.T.);
#2920=EDGE_CURVE('',#2247,#2249,#1351,.T.);
#2921=EDGE_CURVE('',#2245,#2250,#462,.T.);
#2922=EDGE_CURVE('',#2250,#2248,#238,.F.);
#2923=EDGE_CURVE('',#2117,#2250,#1569,.T.);
#2924=EDGE_CURVE('',#2249,#2117,#1352,.F.);
#2925=EDGE_CURVE('',#2251,#2252,#1570,.T.);
#2926=EDGE_CURVE('',#2117,#2251,#1353,.T.);
#2927=EDGE_CURVE('',#2252,#2250,#239,.T.);
#2928=EDGE_CURVE('',#2250,#2253,#463,.T.);
#2929=EDGE_CURVE('',#2253,#2252,#240,.F.);
#2930=EDGE_CURVE('',#2118,#2253,#1571,.T.);
#2931=EDGE_CURVE('',#2251,#2118,#1354,.F.);
#2932=EDGE_CURVE('',#2254,#2255,#1572,.T.);
#2933=EDGE_CURVE('',#2118,#2254,#1355,.T.);
#2934=EDGE_CURVE('',#2255,#2253,#241,.T.);
#2935=EDGE_CURVE('',#2253,#2256,#464,.T.);
#2936=EDGE_CURVE('',#2256,#2255,#242,.F.);
#2937=EDGE_CURVE('',#2119,#2256,#1573,.T.);
#2938=EDGE_CURVE('',#2254,#2119,#1356,.F.);
#2939=EDGE_CURVE('',#2257,#2258,#1574,.T.);
#2940=EDGE_CURVE('',#2119,#2257,#1357,.T.);
#2941=EDGE_CURVE('',#2258,#2256,#243,.T.);
#2942=EDGE_CURVE('',#2256,#2259,#465,.T.);
#2943=EDGE_CURVE('',#2259,#2258,#244,.F.);
#2944=EDGE_CURVE('',#2120,#2259,#1575,.T.);
#2945=EDGE_CURVE('',#2257,#2120,#1358,.F.);
#2946=EDGE_CURVE('',#2260,#2261,#1576,.T.);
#2947=EDGE_CURVE('',#2120,#2260,#1359,.T.);
#2948=EDGE_CURVE('',#2261,#2259,#245,.T.);
#2949=EDGE_CURVE('',#2259,#2262,#466,.T.);
#2950=EDGE_CURVE('',#2262,#2261,#246,.F.);
#2951=EDGE_CURVE('',#2121,#2262,#1577,.T.);
#2952=EDGE_CURVE('',#2260,#2121,#1360,.F.);
#2953=EDGE_CURVE('',#2263,#2264,#1578,.T.);
#2954=EDGE_CURVE('',#2121,#2263,#1361,.T.);
#2955=EDGE_CURVE('',#2264,#2262,#247,.T.);
#2956=EDGE_CURVE('',#2262,#2265,#467,.T.);
#2957=EDGE_CURVE('',#2265,#2264,#248,.F.);
#2958=EDGE_CURVE('',#2122,#2265,#1579,.T.);
#2959=EDGE_CURVE('',#2263,#2122,#1362,.F.);
#2960=EDGE_CURVE('',#2266,#2267,#1580,.T.);
#2961=EDGE_CURVE('',#2122,#2266,#1363,.T.);
#2962=EDGE_CURVE('',#2267,#2265,#249,.T.);
#2963=EDGE_CURVE('',#2265,#2202,#468,.T.);
#2964=EDGE_CURVE('',#2202,#2267,#250,.F.);
#2965=EDGE_CURVE('',#2123,#2202,#1581,.T.);
#2966=EDGE_CURVE('',#2266,#2123,#1364,.F.);
#2967=EDGE_CURVE('',#2152,#2220,#1582,.T.);
#2968=EDGE_CURVE('',#2153,#2268,#1583,.T.);
#2969=EDGE_CURVE('',#2268,#2220,#251,.T.);
#2970=EDGE_CURVE('',#2220,#2269,#469,.T.);
#2971=EDGE_CURVE('',#2269,#2268,#252,.F.);
#2972=EDGE_CURVE('',#2154,#2269,#1584,.T.);
#2973=EDGE_CURVE('',#2155,#2270,#1585,.T.);
#2974=EDGE_CURVE('',#2270,#2269,#253,.T.);
#2975=EDGE_CURVE('',#2269,#2271,#470,.T.);
#2976=EDGE_CURVE('',#2271,#2270,#254,.F.);
#2977=EDGE_CURVE('',#2156,#2271,#1586,.T.);
#2978=EDGE_CURVE('',#2157,#2272,#1587,.T.);
#2979=EDGE_CURVE('',#2272,#2271,#255,.T.);
#2980=EDGE_CURVE('',#2271,#2273,#471,.T.);
#2981=EDGE_CURVE('',#2273,#2272,#256,.F.);
#2982=EDGE_CURVE('',#2158,#2273,#1588,.T.);
#2983=EDGE_CURVE('',#2159,#2274,#1589,.T.);
#2984=EDGE_CURVE('',#2274,#2273,#257,.T.);
#2985=EDGE_CURVE('',#2273,#2275,#472,.T.);
#2986=EDGE_CURVE('',#2275,#2274,#258,.F.);
#2987=EDGE_CURVE('',#2160,#2275,#1590,.T.);
#2988=EDGE_CURVE('',#2161,#2276,#1591,.T.);
#2989=EDGE_CURVE('',#2276,#2275,#259,.T.);
#2990=EDGE_CURVE('',#2275,#2277,#473,.T.);
#2991=EDGE_CURVE('',#2277,#2276,#260,.F.);
#2992=EDGE_CURVE('',#2162,#2277,#1592,.T.);
#2993=EDGE_CURVE('',#2163,#2278,#1593,.T.);
#2994=EDGE_CURVE('',#2278,#2277,#261,.T.);
#2995=EDGE_CURVE('',#2277,#2279,#474,.T.);
#2996=EDGE_CURVE('',#2279,#2278,#262,.F.);
#2997=EDGE_CURVE('',#2164,#2279,#1594,.T.);
#2998=EDGE_CURVE('',#2165,#2280,#1595,.T.);
#2999=EDGE_CURVE('',#2280,#2279,#263,.T.);
#3000=EDGE_CURVE('',#2279,#2281,#475,.T.);
#3001=EDGE_CURVE('',#2281,#2280,#264,.F.);
#3002=EDGE_CURVE('',#2166,#2281,#1596,.T.);
#3003=EDGE_CURVE('',#2167,#2282,#1597,.T.);
#3004=EDGE_CURVE('',#2282,#2281,#265,.T.);
#3005=EDGE_CURVE('',#2281,#2240,#476,.T.);
#3006=EDGE_CURVE('',#2240,#2282,#266,.F.);
#3007=EDGE_CURVE('',#2247,#2116,#1598,.T.);
#3008=EDGE_CURVE('',#2236,#2132,#1599,.T.);
#3009=EDGE_CURVE('',#2225,#2283,#1203,.F.);
#3010=EDGE_CURVE('',#2283,#2237,#1365,.F.);
#3011=EDGE_CURVE('',#2283,#2238,#477,.T.);
#3012=EDGE_CURVE('',#2224,#2234,#1204,.T.);
#3013=EDGE_CURVE('',#2284,#2285,#478,.T.);
#3014=EDGE_CURVE('',#2286,#2284,#1205,.T.);
#3015=EDGE_CURVE('',#2287,#2286,#1206,.T.);
#3016=EDGE_CURVE('',#2288,#2287,#479,.T.);
#3017=EDGE_CURVE('',#2288,#2285,#480,.T.);
#3018=EDGE_CURVE('',#2236,#2289,#1366,.T.);
#3019=EDGE_CURVE('',#2232,#2289,#1600,.T.);
#3020=EDGE_CURVE('',#2235,#2290,#1367,.T.);
#3021=EDGE_CURVE('',#2289,#2290,#1601,.T.);
#3022=EDGE_CURVE('',#2291,#2292,#481,.T.);
#3023=EDGE_CURVE('',#2293,#2291,#1602,.T.);
#3024=EDGE_CURVE('',#2294,#2293,#1368,.T.);
#3025=EDGE_CURVE('',#2292,#2294,#1603,.T.);
#3026=EDGE_CURVE('',#2295,#2295,#482,.T.);
#3027=EDGE_CURVE('',#2295,#2296,#483,.T.);
#3028=EDGE_CURVE('',#2296,#2297,#484,.T.);
#3029=EDGE_CURVE('',#2297,#2296,#485,.T.);
#3030=EDGE_CURVE('',#2298,#2298,#486,.T.);
#3031=EDGE_CURVE('',#2299,#2300,#487,.T.);
#3032=EDGE_CURVE('',#2300,#2299,#488,.T.);
#3033=EDGE_CURVE('',#2300,#2297,#1604,.T.);
#3034=EDGE_CURVE('',#2299,#2298,#489,.T.);
#3035=EDGE_CURVE('',#2301,#2301,#490,.T.);
#3036=EDGE_CURVE('',#2302,#2302,#491,.T.);
#3037=EDGE_CURVE('',#2303,#2303,#492,.T.);
#3038=EDGE_CURVE('',#2303,#2304,#1605,.T.);
#3039=EDGE_CURVE('',#2304,#2304,#493,.T.);
#3040=EDGE_CURVE('',#2305,#2305,#494,.T.);
#3041=EDGE_CURVE('',#2305,#2306,#1606,.T.);
#3042=EDGE_CURVE('',#2306,#2306,#495,.T.);
#3043=EDGE_CURVE('',#2307,#2307,#496,.T.);
#3044=EDGE_CURVE('',#2307,#2306,#1607,.T.);
#3045=EDGE_CURVE('',#2302,#2308,#1608,.T.);
#3046=EDGE_CURVE('',#2308,#2308,#497,.T.);
#3047=EDGE_CURVE('',#2309,#2309,#498,.T.);
#3048=EDGE_CURVE('',#2309,#2308,#1609,.T.);
#3049=EDGE_CURVE('',#2310,#2096,#1610,.T.);
#3050=EDGE_CURVE('',#2311,#2310,#499,.T.);
#3051=EDGE_CURVE('',#2312,#2311,#1611,.T.);
#3052=EDGE_CURVE('',#2313,#2312,#500,.T.);
#3053=EDGE_CURVE('',#2313,#2099,#1612,.T.);
#3054=EDGE_CURVE('',#2314,#2107,#1613,.T.);
#3055=EDGE_CURVE('',#2314,#2094,#1614,.T.);
#3056=EDGE_CURVE('',#2314,#2315,#501,.T.);
#3057=EDGE_CURVE('',#2233,#2315,#1615,.T.);
#3058=EDGE_CURVE('',#2310,#2314,#1616,.T.);
#3059=EDGE_CURVE('',#2311,#2315,#1617,.T.);
#3060=EDGE_CURVE('',#2312,#2291,#1618,.T.);
#3061=EDGE_CURVE('',#2315,#2291,#1619,.T.);
#3062=EDGE_CURVE('',#2313,#2292,#1620,.T.);
#3063=EDGE_CURVE('',#2316,#2317,#1369,.T.);
#3064=EDGE_CURVE('',#2317,#2228,#1207,.T.);
#3065=EDGE_CURVE('',#2228,#2288,#1621,.T.);
#3066=EDGE_CURVE('',#2287,#2316,#1370,.T.);
#3067=EDGE_CURVE('',#2318,#2316,#1208,.T.);
#3068=EDGE_CURVE('',#2318,#2286,#1371,.T.);
#3069=EDGE_CURVE('',#2319,#2318,#1622,.T.);
#3070=EDGE_CURVE('',#2294,#2284,#1623,.T.);
#3071=EDGE_CURVE('',#2294,#2319,#1624,.T.);
#3072=EDGE_CURVE('',#2320,#2319,#1372,.T.);
#3073=EDGE_CURVE('',#2320,#2293,#1625,.T.);
#3074=EDGE_CURVE('',#2290,#2321,#1626,.T.);
#3075=EDGE_CURVE('',#2321,#2322,#502,.T.);
#3076=EDGE_CURVE('',#2322,#2320,#1627,.T.);
#3077=EDGE_CURVE('',#2322,#2317,#1628,.T.);
#3078=EDGE_CURVE('',#2223,#2321,#1629,.T.);
#3079=EDGE_CURVE('',#2074,#2288,#1630,.T.);
#3080=EDGE_CURVE('',#2323,#2323,#503,.T.);
#3081=EDGE_CURVE('',#2323,#2301,#1631,.T.);
#3082=EDGE_CURVE('',#2080,#2292,#1632,.T.);
#3083=EDGE_CURVE('',#2073,#2285,#1633,.T.);
#3084=ORIENTED_EDGE('',*,*,#2324,.T.);
#3085=ORIENTED_EDGE('',*,*,#2325,.T.);
#3086=ORIENTED_EDGE('',*,*,#2326,.T.);
#3087=ORIENTED_EDGE('',*,*,#2327,.T.);
#3088=ORIENTED_EDGE('',*,*,#2328,.T.);
#3089=ORIENTED_EDGE('',*,*,#2329,.F.);
#3090=ORIENTED_EDGE('',*,*,#2330,.T.);
#3091=ORIENTED_EDGE('',*,*,#2331,.F.);
#3092=ORIENTED_EDGE('',*,*,#2332,.F.);
#3093=ORIENTED_EDGE('',*,*,#2333,.F.);
#3094=ORIENTED_EDGE('',*,*,#2334,.F.);
#3095=ORIENTED_EDGE('',*,*,#2335,.F.);
#3096=ORIENTED_EDGE('',*,*,#2336,.F.);
#3097=ORIENTED_EDGE('',*,*,#2337,.F.);
#3098=ORIENTED_EDGE('',*,*,#2338,.F.);
#3099=ORIENTED_EDGE('',*,*,#2339,.T.);
#3100=ORIENTED_EDGE('',*,*,#2340,.T.);
#3101=ORIENTED_EDGE('',*,*,#2341,.T.);
#3102=ORIENTED_EDGE('',*,*,#2342,.T.);
#3103=ORIENTED_EDGE('',*,*,#2343,.T.);
#3104=ORIENTED_EDGE('',*,*,#2344,.T.);
#3105=ORIENTED_EDGE('',*,*,#2345,.T.);
#3106=ORIENTED_EDGE('',*,*,#2346,.F.);
#3107=ORIENTED_EDGE('',*,*,#2347,.T.);
#3108=ORIENTED_EDGE('',*,*,#2348,.T.);
#3109=ORIENTED_EDGE('',*,*,#2349,.T.);
#3110=ORIENTED_EDGE('',*,*,#2350,.T.);
#3111=ORIENTED_EDGE('',*,*,#2351,.T.);
#3112=ORIENTED_EDGE('',*,*,#2352,.T.);
#3113=ORIENTED_EDGE('',*,*,#2353,.T.);
#3114=ORIENTED_EDGE('',*,*,#2354,.T.);
#3115=ORIENTED_EDGE('',*,*,#2355,.T.);
#3116=ORIENTED_EDGE('',*,*,#2356,.T.);
#3117=ORIENTED_EDGE('',*,*,#2357,.T.);
#3118=ORIENTED_EDGE('',*,*,#2358,.T.);
#3119=ORIENTED_EDGE('',*,*,#2359,.T.);
#3120=ORIENTED_EDGE('',*,*,#2360,.T.);
#3121=ORIENTED_EDGE('',*,*,#2361,.T.);
#3122=ORIENTED_EDGE('',*,*,#2362,.T.);
#3123=ORIENTED_EDGE('',*,*,#2363,.T.);
#3124=ORIENTED_EDGE('',*,*,#2364,.T.);
#3125=ORIENTED_EDGE('',*,*,#2365,.T.);
#3126=ORIENTED_EDGE('',*,*,#2366,.T.);
#3127=ORIENTED_EDGE('',*,*,#2367,.T.);
#3128=ORIENTED_EDGE('',*,*,#2368,.F.);
#3129=ORIENTED_EDGE('',*,*,#2369,.F.);
#3130=ORIENTED_EDGE('',*,*,#2370,.F.);
#3131=ORIENTED_EDGE('',*,*,#2371,.F.);
#3132=ORIENTED_EDGE('',*,*,#2372,.F.);
#3133=ORIENTED_EDGE('',*,*,#2373,.F.);
#3134=ORIENTED_EDGE('',*,*,#2374,.F.);
#3135=ORIENTED_EDGE('',*,*,#2375,.F.);
#3136=ORIENTED_EDGE('',*,*,#2376,.F.);
#3137=ORIENTED_EDGE('',*,*,#2377,.F.);
#3138=ORIENTED_EDGE('',*,*,#2378,.F.);
#3139=ORIENTED_EDGE('',*,*,#2379,.F.);
#3140=ORIENTED_EDGE('',*,*,#2380,.F.);
#3141=ORIENTED_EDGE('',*,*,#2381,.F.);
#3142=ORIENTED_EDGE('',*,*,#2382,.F.);
#3143=ORIENTED_EDGE('',*,*,#2383,.F.);
#3144=ORIENTED_EDGE('',*,*,#2384,.F.);
#3145=ORIENTED_EDGE('',*,*,#2385,.F.);
#3146=ORIENTED_EDGE('',*,*,#2386,.F.);
#3147=ORIENTED_EDGE('',*,*,#2387,.F.);
#3148=ORIENTED_EDGE('',*,*,#2385,.T.);
#3149=ORIENTED_EDGE('',*,*,#2388,.F.);
#3150=ORIENTED_EDGE('',*,*,#2389,.F.);
#3151=ORIENTED_EDGE('',*,*,#2389,.T.);
#3152=ORIENTED_EDGE('',*,*,#2390,.T.);
#3153=ORIENTED_EDGE('',*,*,#2391,.T.);
#3154=ORIENTED_EDGE('',*,*,#2392,.F.);
#3155=ORIENTED_EDGE('',*,*,#2387,.T.);
#3156=ORIENTED_EDGE('',*,*,#2391,.F.);
#3157=ORIENTED_EDGE('',*,*,#2393,.F.);
#3158=ORIENTED_EDGE('',*,*,#2394,.F.);
#3159=ORIENTED_EDGE('',*,*,#2393,.T.);
#3160=ORIENTED_EDGE('',*,*,#2395,.F.);
#3161=ORIENTED_EDGE('',*,*,#2396,.F.);
#3162=ORIENTED_EDGE('',*,*,#2395,.T.);
#3163=ORIENTED_EDGE('',*,*,#2397,.T.);
#3164=ORIENTED_EDGE('',*,*,#2398,.T.);
#3165=ORIENTED_EDGE('',*,*,#2399,.F.);
#3166=ORIENTED_EDGE('',*,*,#2396,.T.);
#3167=ORIENTED_EDGE('',*,*,#2398,.F.);
#3168=ORIENTED_EDGE('',*,*,#2400,.F.);
#3169=ORIENTED_EDGE('',*,*,#2401,.F.);
#3170=ORIENTED_EDGE('',*,*,#2400,.T.);
#3171=ORIENTED_EDGE('',*,*,#2402,.F.);
#3172=ORIENTED_EDGE('',*,*,#2403,.F.);
#3173=ORIENTED_EDGE('',*,*,#2404,.F.);
#3174=ORIENTED_EDGE('',*,*,#2402,.T.);
#3175=ORIENTED_EDGE('',*,*,#2405,.T.);
#3176=ORIENTED_EDGE('',*,*,#2406,.T.);
#3177=ORIENTED_EDGE('',*,*,#2403,.T.);
#3178=ORIENTED_EDGE('',*,*,#2406,.F.);
#3179=ORIENTED_EDGE('',*,*,#2407,.F.);
#3180=ORIENTED_EDGE('',*,*,#2408,.F.);
#3181=ORIENTED_EDGE('',*,*,#2409,.F.);
#3182=ORIENTED_EDGE('',*,*,#2410,.F.);
#3183=ORIENTED_EDGE('',*,*,#2407,.T.);
#3184=ORIENTED_EDGE('',*,*,#2411,.F.);
#3185=ORIENTED_EDGE('',*,*,#2411,.T.);
#3186=ORIENTED_EDGE('',*,*,#2412,.T.);
#3187=ORIENTED_EDGE('',*,*,#2413,.T.);
#3188=ORIENTED_EDGE('',*,*,#2409,.T.);
#3189=ORIENTED_EDGE('',*,*,#2413,.F.);
#3190=ORIENTED_EDGE('',*,*,#2414,.F.);
#3191=ORIENTED_EDGE('',*,*,#2415,.F.);
#3192=ORIENTED_EDGE('',*,*,#2416,.F.);
#3193=ORIENTED_EDGE('',*,*,#2417,.F.);
#3194=ORIENTED_EDGE('',*,*,#2414,.T.);
#3195=ORIENTED_EDGE('',*,*,#2418,.F.);
#3196=ORIENTED_EDGE('',*,*,#2418,.T.);
#3197=ORIENTED_EDGE('',*,*,#2419,.T.);
#3198=ORIENTED_EDGE('',*,*,#2420,.T.);
#3199=ORIENTED_EDGE('',*,*,#2416,.T.);
#3200=ORIENTED_EDGE('',*,*,#2420,.F.);
#3201=ORIENTED_EDGE('',*,*,#2421,.F.);
#3202=ORIENTED_EDGE('',*,*,#2422,.F.);
#3203=ORIENTED_EDGE('',*,*,#2423,.F.);
#3204=ORIENTED_EDGE('',*,*,#2424,.F.);
#3205=ORIENTED_EDGE('',*,*,#2421,.T.);
#3206=ORIENTED_EDGE('',*,*,#2425,.F.);
#3207=ORIENTED_EDGE('',*,*,#2425,.T.);
#3208=ORIENTED_EDGE('',*,*,#2426,.T.);
#3209=ORIENTED_EDGE('',*,*,#2427,.T.);
#3210=ORIENTED_EDGE('',*,*,#2423,.T.);
#3211=ORIENTED_EDGE('',*,*,#2427,.F.);
#3212=ORIENTED_EDGE('',*,*,#2428,.F.);
#3213=ORIENTED_EDGE('',*,*,#2429,.F.);
#3214=ORIENTED_EDGE('',*,*,#2430,.F.);
#3215=ORIENTED_EDGE('',*,*,#2431,.F.);
#3216=ORIENTED_EDGE('',*,*,#2428,.T.);
#3217=ORIENTED_EDGE('',*,*,#2432,.F.);
#3218=ORIENTED_EDGE('',*,*,#2432,.T.);
#3219=ORIENTED_EDGE('',*,*,#2433,.T.);
#3220=ORIENTED_EDGE('',*,*,#2434,.T.);
#3221=ORIENTED_EDGE('',*,*,#2430,.T.);
#3222=ORIENTED_EDGE('',*,*,#2434,.F.);
#3223=ORIENTED_EDGE('',*,*,#2435,.F.);
#3224=ORIENTED_EDGE('',*,*,#2436,.F.);
#3225=ORIENTED_EDGE('',*,*,#2437,.F.);
#3226=ORIENTED_EDGE('',*,*,#2438,.F.);
#3227=ORIENTED_EDGE('',*,*,#2435,.T.);
#3228=ORIENTED_EDGE('',*,*,#2439,.F.);
#3229=ORIENTED_EDGE('',*,*,#2439,.T.);
#3230=ORIENTED_EDGE('',*,*,#2440,.T.);
#3231=ORIENTED_EDGE('',*,*,#2441,.T.);
#3232=ORIENTED_EDGE('',*,*,#2437,.T.);
#3233=ORIENTED_EDGE('',*,*,#2441,.F.);
#3234=ORIENTED_EDGE('',*,*,#2442,.F.);
#3235=ORIENTED_EDGE('',*,*,#2443,.F.);
#3236=ORIENTED_EDGE('',*,*,#2444,.F.);
#3237=ORIENTED_EDGE('',*,*,#2445,.F.);
#3238=ORIENTED_EDGE('',*,*,#2442,.T.);
#3239=ORIENTED_EDGE('',*,*,#2446,.F.);
#3240=ORIENTED_EDGE('',*,*,#2446,.T.);
#3241=ORIENTED_EDGE('',*,*,#2447,.T.);
#3242=ORIENTED_EDGE('',*,*,#2448,.T.);
#3243=ORIENTED_EDGE('',*,*,#2444,.T.);
#3244=ORIENTED_EDGE('',*,*,#2448,.F.);
#3245=ORIENTED_EDGE('',*,*,#2449,.F.);
#3246=ORIENTED_EDGE('',*,*,#2450,.F.);
#3247=ORIENTED_EDGE('',*,*,#2451,.T.);
#3248=ORIENTED_EDGE('',*,*,#2452,.F.);
#3249=ORIENTED_EDGE('',*,*,#2449,.T.);
#3250=ORIENTED_EDGE('',*,*,#2453,.F.);
#3251=ORIENTED_EDGE('',*,*,#2454,.T.);
#3252=ORIENTED_EDGE('',*,*,#2455,.F.);
#3253=ORIENTED_EDGE('',*,*,#2453,.T.);
#3254=ORIENTED_EDGE('',*,*,#2456,.T.);
#3255=ORIENTED_EDGE('',*,*,#2457,.F.);
#3256=ORIENTED_EDGE('',*,*,#2458,.F.);
#3257=ORIENTED_EDGE('',*,*,#2368,.T.);
#3258=ORIENTED_EDGE('',*,*,#2459,.F.);
#3259=ORIENTED_EDGE('',*,*,#2369,.T.);
#3260=ORIENTED_EDGE('',*,*,#2458,.T.);
#3261=ORIENTED_EDGE('',*,*,#2460,.F.);
#3262=ORIENTED_EDGE('',*,*,#2460,.T.);
#3263=ORIENTED_EDGE('',*,*,#2461,.T.);
#3264=ORIENTED_EDGE('',*,*,#2462,.T.);
#3265=ORIENTED_EDGE('',*,*,#2459,.T.);
#3266=ORIENTED_EDGE('',*,*,#2462,.F.);
#3267=ORIENTED_EDGE('',*,*,#2463,.F.);
#3268=ORIENTED_EDGE('',*,*,#2370,.T.);
#3269=ORIENTED_EDGE('',*,*,#2464,.F.);
#3270=ORIENTED_EDGE('',*,*,#2371,.T.);
#3271=ORIENTED_EDGE('',*,*,#2463,.T.);
#3272=ORIENTED_EDGE('',*,*,#2465,.F.);
#3273=ORIENTED_EDGE('',*,*,#2465,.T.);
#3274=ORIENTED_EDGE('',*,*,#2466,.T.);
#3275=ORIENTED_EDGE('',*,*,#2467,.T.);
#3276=ORIENTED_EDGE('',*,*,#2464,.T.);
#3277=ORIENTED_EDGE('',*,*,#2467,.F.);
#3278=ORIENTED_EDGE('',*,*,#2468,.F.);
#3279=ORIENTED_EDGE('',*,*,#2372,.T.);
#3280=ORIENTED_EDGE('',*,*,#2469,.F.);
#3281=ORIENTED_EDGE('',*,*,#2373,.T.);
#3282=ORIENTED_EDGE('',*,*,#2468,.T.);
#3283=ORIENTED_EDGE('',*,*,#2470,.F.);
#3284=ORIENTED_EDGE('',*,*,#2470,.T.);
#3285=ORIENTED_EDGE('',*,*,#2471,.T.);
#3286=ORIENTED_EDGE('',*,*,#2472,.T.);
#3287=ORIENTED_EDGE('',*,*,#2469,.T.);
#3288=ORIENTED_EDGE('',*,*,#2472,.F.);
#3289=ORIENTED_EDGE('',*,*,#2473,.F.);
#3290=ORIENTED_EDGE('',*,*,#2374,.T.);
#3291=ORIENTED_EDGE('',*,*,#2474,.F.);
#3292=ORIENTED_EDGE('',*,*,#2375,.T.);
#3293=ORIENTED_EDGE('',*,*,#2473,.T.);
#3294=ORIENTED_EDGE('',*,*,#2475,.F.);
#3295=ORIENTED_EDGE('',*,*,#2475,.T.);
#3296=ORIENTED_EDGE('',*,*,#2476,.T.);
#3297=ORIENTED_EDGE('',*,*,#2477,.T.);
#3298=ORIENTED_EDGE('',*,*,#2474,.T.);
#3299=ORIENTED_EDGE('',*,*,#2477,.F.);
#3300=ORIENTED_EDGE('',*,*,#2478,.F.);
#3301=ORIENTED_EDGE('',*,*,#2376,.T.);
#3302=ORIENTED_EDGE('',*,*,#2479,.F.);
#3303=ORIENTED_EDGE('',*,*,#2377,.T.);
#3304=ORIENTED_EDGE('',*,*,#2478,.T.);
#3305=ORIENTED_EDGE('',*,*,#2480,.F.);
#3306=ORIENTED_EDGE('',*,*,#2480,.T.);
#3307=ORIENTED_EDGE('',*,*,#2481,.T.);
#3308=ORIENTED_EDGE('',*,*,#2482,.T.);
#3309=ORIENTED_EDGE('',*,*,#2479,.T.);
#3310=ORIENTED_EDGE('',*,*,#2482,.F.);
#3311=ORIENTED_EDGE('',*,*,#2483,.F.);
#3312=ORIENTED_EDGE('',*,*,#2378,.T.);
#3313=ORIENTED_EDGE('',*,*,#2484,.F.);
#3314=ORIENTED_EDGE('',*,*,#2379,.T.);
#3315=ORIENTED_EDGE('',*,*,#2483,.T.);
#3316=ORIENTED_EDGE('',*,*,#2485,.F.);
#3317=ORIENTED_EDGE('',*,*,#2485,.T.);
#3318=ORIENTED_EDGE('',*,*,#2486,.T.);
#3319=ORIENTED_EDGE('',*,*,#2487,.T.);
#3320=ORIENTED_EDGE('',*,*,#2484,.T.);
#3321=ORIENTED_EDGE('',*,*,#2487,.F.);
#3322=ORIENTED_EDGE('',*,*,#2488,.F.);
#3323=ORIENTED_EDGE('',*,*,#2380,.T.);
#3324=ORIENTED_EDGE('',*,*,#2489,.F.);
#3325=ORIENTED_EDGE('',*,*,#2381,.T.);
#3326=ORIENTED_EDGE('',*,*,#2488,.T.);
#3327=ORIENTED_EDGE('',*,*,#2490,.F.);
#3328=ORIENTED_EDGE('',*,*,#2490,.T.);
#3329=ORIENTED_EDGE('',*,*,#2491,.T.);
#3330=ORIENTED_EDGE('',*,*,#2492,.T.);
#3331=ORIENTED_EDGE('',*,*,#2489,.T.);
#3332=ORIENTED_EDGE('',*,*,#2492,.F.);
#3333=ORIENTED_EDGE('',*,*,#2493,.F.);
#3334=ORIENTED_EDGE('',*,*,#2382,.T.);
#3335=ORIENTED_EDGE('',*,*,#2494,.F.);
#3336=ORIENTED_EDGE('',*,*,#2383,.T.);
#3337=ORIENTED_EDGE('',*,*,#2493,.T.);
#3338=ORIENTED_EDGE('',*,*,#2495,.F.);
#3339=ORIENTED_EDGE('',*,*,#2495,.T.);
#3340=ORIENTED_EDGE('',*,*,#2496,.T.);
#3341=ORIENTED_EDGE('',*,*,#2497,.T.);
#3342=ORIENTED_EDGE('',*,*,#2494,.T.);
#3343=ORIENTED_EDGE('',*,*,#2497,.F.);
#3344=ORIENTED_EDGE('',*,*,#2388,.T.);
#3345=ORIENTED_EDGE('',*,*,#2384,.T.);
#3346=ORIENTED_EDGE('',*,*,#2498,.F.);
#3347=ORIENTED_EDGE('',*,*,#2404,.T.);
#3348=ORIENTED_EDGE('',*,*,#2408,.T.);
#3349=ORIENTED_EDGE('',*,*,#2331,.T.);
#3350=ORIENTED_EDGE('',*,*,#2410,.T.);
#3351=ORIENTED_EDGE('',*,*,#2415,.T.);
#3352=ORIENTED_EDGE('',*,*,#2332,.T.);
#3353=ORIENTED_EDGE('',*,*,#2417,.T.);
#3354=ORIENTED_EDGE('',*,*,#2422,.T.);
#3355=ORIENTED_EDGE('',*,*,#2333,.T.);
#3356=ORIENTED_EDGE('',*,*,#2424,.T.);
#3357=ORIENTED_EDGE('',*,*,#2429,.T.);
#3358=ORIENTED_EDGE('',*,*,#2334,.T.);
#3359=ORIENTED_EDGE('',*,*,#2431,.T.);
#3360=ORIENTED_EDGE('',*,*,#2436,.T.);
#3361=ORIENTED_EDGE('',*,*,#2335,.T.);
#3362=ORIENTED_EDGE('',*,*,#2438,.T.);
#3363=ORIENTED_EDGE('',*,*,#2443,.T.);
#3364=ORIENTED_EDGE('',*,*,#2336,.T.);
#3365=ORIENTED_EDGE('',*,*,#2445,.T.);
#3366=ORIENTED_EDGE('',*,*,#2450,.T.);
#3367=ORIENTED_EDGE('',*,*,#2337,.T.);
#3368=ORIENTED_EDGE('',*,*,#2452,.T.);
#3369=ORIENTED_EDGE('',*,*,#2499,.F.);
#3370=ORIENTED_EDGE('',*,*,#2338,.T.);
#3371=ORIENTED_EDGE('',*,*,#2457,.T.);
#3372=ORIENTED_EDGE('',*,*,#2500,.F.);
#3373=ORIENTED_EDGE('',*,*,#2501,.T.);
#3374=ORIENTED_EDGE('',*,*,#2502,.T.);
#3375=ORIENTED_EDGE('',*,*,#2386,.T.);
#3376=ORIENTED_EDGE('',*,*,#2392,.T.);
#3377=ORIENTED_EDGE('',*,*,#2394,.T.);
#3378=ORIENTED_EDGE('',*,*,#2399,.T.);
#3379=ORIENTED_EDGE('',*,*,#2401,.T.);
#3380=ORIENTED_EDGE('',*,*,#2498,.T.);
#3381=ORIENTED_EDGE('',*,*,#2330,.F.);
#3382=ORIENTED_EDGE('',*,*,#2503,.F.);
#3383=ORIENTED_EDGE('',*,*,#2504,.T.);
#3384=ORIENTED_EDGE('',*,*,#2505,.T.);
#3385=ORIENTED_EDGE('',*,*,#2325,.F.);
#3386=ORIENTED_EDGE('',*,*,#2506,.F.);
#3387=ORIENTED_EDGE('',*,*,#2507,.F.);
#3388=ORIENTED_EDGE('',*,*,#2508,.F.);
#3389=ORIENTED_EDGE('',*,*,#2509,.T.);
#3390=ORIENTED_EDGE('',*,*,#2510,.T.);
#3391=ORIENTED_EDGE('',*,*,#2503,.T.);
#3392=ORIENTED_EDGE('',*,*,#2347,.F.);
#3393=ORIENTED_EDGE('',*,*,#2511,.F.);
#3394=ORIENTED_EDGE('',*,*,#2512,.F.);
#3395=ORIENTED_EDGE('',*,*,#2505,.F.);
#3396=ORIENTED_EDGE('',*,*,#2513,.T.);
#3397=ORIENTED_EDGE('',*,*,#2326,.F.);
#3398=ORIENTED_EDGE('',*,*,#2504,.F.);
#3399=ORIENTED_EDGE('',*,*,#2510,.F.);
#3400=ORIENTED_EDGE('',*,*,#2514,.T.);
#3401=ORIENTED_EDGE('',*,*,#2327,.F.);
#3402=ORIENTED_EDGE('',*,*,#2513,.F.);
#3403=ORIENTED_EDGE('',*,*,#2515,.F.);
#3404=ORIENTED_EDGE('',*,*,#2328,.F.);
#3405=ORIENTED_EDGE('',*,*,#2514,.F.);
#3406=ORIENTED_EDGE('',*,*,#2509,.F.);
#3407=ORIENTED_EDGE('',*,*,#2516,.T.);
#3408=ORIENTED_EDGE('',*,*,#2502,.F.);
#3409=ORIENTED_EDGE('',*,*,#2517,.T.);
#3410=ORIENTED_EDGE('',*,*,#2518,.F.);
#3411=ORIENTED_EDGE('',*,*,#2519,.T.);
#3412=ORIENTED_EDGE('',*,*,#2520,.F.);
#3413=ORIENTED_EDGE('',*,*,#2521,.T.);
#3414=ORIENTED_EDGE('',*,*,#2348,.F.);
#3415=ORIENTED_EDGE('',*,*,#2519,.F.);
#3416=ORIENTED_EDGE('',*,*,#2324,.F.);
#3417=ORIENTED_EDGE('',*,*,#2522,.T.);
#3418=ORIENTED_EDGE('',*,*,#2523,.F.);
#3419=ORIENTED_EDGE('',*,*,#2517,.F.);
#3420=ORIENTED_EDGE('',*,*,#2524,.F.);
#3421=ORIENTED_EDGE('',*,*,#2525,.F.);
#3422=ORIENTED_EDGE('',*,*,#2526,.F.);
#3423=ORIENTED_EDGE('',*,*,#2527,.F.);
#3424=ORIENTED_EDGE('',*,*,#2528,.F.);
#3425=ORIENTED_EDGE('',*,*,#2529,.T.);
#3426=ORIENTED_EDGE('',*,*,#2530,.T.);
#3427=ORIENTED_EDGE('',*,*,#2531,.T.);
#3428=ORIENTED_EDGE('',*,*,#2350,.F.);
#3429=ORIENTED_EDGE('',*,*,#2530,.F.);
#3430=ORIENTED_EDGE('',*,*,#2532,.F.);
#3431=ORIENTED_EDGE('',*,*,#2533,.F.);
#3432=ORIENTED_EDGE('',*,*,#2534,.T.);
#3433=ORIENTED_EDGE('',*,*,#2535,.T.);
#3434=ORIENTED_EDGE('',*,*,#2532,.T.);
#3435=ORIENTED_EDGE('',*,*,#2529,.F.);
#3436=ORIENTED_EDGE('',*,*,#2536,.T.);
#3437=ORIENTED_EDGE('',*,*,#2537,.T.);
#3438=ORIENTED_EDGE('',*,*,#2538,.T.);
#3439=ORIENTED_EDGE('',*,*,#2535,.F.);
#3440=ORIENTED_EDGE('',*,*,#2538,.F.);
#3441=ORIENTED_EDGE('',*,*,#2539,.F.);
#3442=ORIENTED_EDGE('',*,*,#2540,.F.);
#3443=ORIENTED_EDGE('',*,*,#2541,.T.);
#3444=ORIENTED_EDGE('',*,*,#2542,.T.);
#3445=ORIENTED_EDGE('',*,*,#2539,.T.);
#3446=ORIENTED_EDGE('',*,*,#2537,.F.);
#3447=ORIENTED_EDGE('',*,*,#2543,.T.);
#3448=ORIENTED_EDGE('',*,*,#2544,.T.);
#3449=ORIENTED_EDGE('',*,*,#2545,.T.);
#3450=ORIENTED_EDGE('',*,*,#2546,.T.);
#3451=ORIENTED_EDGE('',*,*,#2542,.F.);
#3452=ORIENTED_EDGE('',*,*,#2546,.F.);
#3453=ORIENTED_EDGE('',*,*,#2547,.F.);
#3454=ORIENTED_EDGE('',*,*,#2548,.F.);
#3455=ORIENTED_EDGE('',*,*,#2545,.F.);
#3456=ORIENTED_EDGE('',*,*,#2549,.T.);
#3457=ORIENTED_EDGE('',*,*,#2550,.T.);
#3458=ORIENTED_EDGE('',*,*,#2547,.T.);
#3459=ORIENTED_EDGE('',*,*,#2551,.T.);
#3460=ORIENTED_EDGE('',*,*,#2552,.T.);
#3461=ORIENTED_EDGE('',*,*,#2550,.F.);
#3462=ORIENTED_EDGE('',*,*,#2553,.T.);
#3463=ORIENTED_EDGE('',*,*,#2552,.F.);
#3464=ORIENTED_EDGE('',*,*,#2554,.F.);
#3465=ORIENTED_EDGE('',*,*,#2555,.F.);
#3466=ORIENTED_EDGE('',*,*,#2551,.F.);
#3467=ORIENTED_EDGE('',*,*,#2556,.T.);
#3468=ORIENTED_EDGE('',*,*,#2557,.T.);
#3469=ORIENTED_EDGE('',*,*,#2554,.T.);
#3470=ORIENTED_EDGE('',*,*,#2558,.T.);
#3471=ORIENTED_EDGE('',*,*,#2559,.T.);
#3472=ORIENTED_EDGE('',*,*,#2557,.F.);
#3473=ORIENTED_EDGE('',*,*,#2560,.T.);
#3474=ORIENTED_EDGE('',*,*,#2559,.F.);
#3475=ORIENTED_EDGE('',*,*,#2561,.F.);
#3476=ORIENTED_EDGE('',*,*,#2562,.F.);
#3477=ORIENTED_EDGE('',*,*,#2558,.F.);
#3478=ORIENTED_EDGE('',*,*,#2563,.T.);
#3479=ORIENTED_EDGE('',*,*,#2564,.T.);
#3480=ORIENTED_EDGE('',*,*,#2561,.T.);
#3481=ORIENTED_EDGE('',*,*,#2565,.T.);
#3482=ORIENTED_EDGE('',*,*,#2566,.T.);
#3483=ORIENTED_EDGE('',*,*,#2564,.F.);
#3484=ORIENTED_EDGE('',*,*,#2567,.T.);
#3485=ORIENTED_EDGE('',*,*,#2566,.F.);
#3486=ORIENTED_EDGE('',*,*,#2568,.F.);
#3487=ORIENTED_EDGE('',*,*,#2569,.F.);
#3488=ORIENTED_EDGE('',*,*,#2565,.F.);
#3489=ORIENTED_EDGE('',*,*,#2570,.T.);
#3490=ORIENTED_EDGE('',*,*,#2571,.T.);
#3491=ORIENTED_EDGE('',*,*,#2568,.T.);
#3492=ORIENTED_EDGE('',*,*,#2572,.T.);
#3493=ORIENTED_EDGE('',*,*,#2573,.T.);
#3494=ORIENTED_EDGE('',*,*,#2571,.F.);
#3495=ORIENTED_EDGE('',*,*,#2574,.T.);
#3496=ORIENTED_EDGE('',*,*,#2573,.F.);
#3497=ORIENTED_EDGE('',*,*,#2575,.F.);
#3498=ORIENTED_EDGE('',*,*,#2576,.F.);
#3499=ORIENTED_EDGE('',*,*,#2572,.F.);
#3500=ORIENTED_EDGE('',*,*,#2577,.T.);
#3501=ORIENTED_EDGE('',*,*,#2578,.T.);
#3502=ORIENTED_EDGE('',*,*,#2575,.T.);
#3503=ORIENTED_EDGE('',*,*,#2579,.T.);
#3504=ORIENTED_EDGE('',*,*,#2580,.T.);
#3505=ORIENTED_EDGE('',*,*,#2578,.F.);
#3506=ORIENTED_EDGE('',*,*,#2581,.T.);
#3507=ORIENTED_EDGE('',*,*,#2580,.F.);
#3508=ORIENTED_EDGE('',*,*,#2582,.F.);
#3509=ORIENTED_EDGE('',*,*,#2583,.F.);
#3510=ORIENTED_EDGE('',*,*,#2579,.F.);
#3511=ORIENTED_EDGE('',*,*,#2584,.T.);
#3512=ORIENTED_EDGE('',*,*,#2585,.T.);
#3513=ORIENTED_EDGE('',*,*,#2582,.T.);
#3514=ORIENTED_EDGE('',*,*,#2586,.T.);
#3515=ORIENTED_EDGE('',*,*,#2587,.T.);
#3516=ORIENTED_EDGE('',*,*,#2585,.F.);
#3517=ORIENTED_EDGE('',*,*,#2588,.T.);
#3518=ORIENTED_EDGE('',*,*,#2587,.F.);
#3519=ORIENTED_EDGE('',*,*,#2589,.F.);
#3520=ORIENTED_EDGE('',*,*,#2590,.F.);
#3521=ORIENTED_EDGE('',*,*,#2586,.F.);
#3522=ORIENTED_EDGE('',*,*,#2591,.T.);
#3523=ORIENTED_EDGE('',*,*,#2592,.T.);
#3524=ORIENTED_EDGE('',*,*,#2589,.T.);
#3525=ORIENTED_EDGE('',*,*,#2451,.F.);
#3526=ORIENTED_EDGE('',*,*,#2455,.T.);
#3527=ORIENTED_EDGE('',*,*,#2592,.F.);
#3528=ORIENTED_EDGE('',*,*,#2499,.T.);
#3529=ORIENTED_EDGE('',*,*,#2456,.F.);
#3530=ORIENTED_EDGE('',*,*,#2367,.F.);
#3531=ORIENTED_EDGE('',*,*,#2593,.T.);
#3532=ORIENTED_EDGE('',*,*,#2500,.T.);
#3533=ORIENTED_EDGE('',*,*,#2594,.T.);
#3534=ORIENTED_EDGE('',*,*,#2595,.T.);
#3535=ORIENTED_EDGE('',*,*,#2593,.F.);
#3536=ORIENTED_EDGE('',*,*,#2366,.F.);
#3537=ORIENTED_EDGE('',*,*,#2595,.F.);
#3538=ORIENTED_EDGE('',*,*,#2596,.F.);
#3539=ORIENTED_EDGE('',*,*,#2597,.F.);
#3540=ORIENTED_EDGE('',*,*,#2594,.F.);
#3541=ORIENTED_EDGE('',*,*,#2365,.F.);
#3542=ORIENTED_EDGE('',*,*,#2598,.T.);
#3543=ORIENTED_EDGE('',*,*,#2596,.T.);
#3544=ORIENTED_EDGE('',*,*,#2599,.T.);
#3545=ORIENTED_EDGE('',*,*,#2600,.T.);
#3546=ORIENTED_EDGE('',*,*,#2598,.F.);
#3547=ORIENTED_EDGE('',*,*,#2364,.F.);
#3548=ORIENTED_EDGE('',*,*,#2600,.F.);
#3549=ORIENTED_EDGE('',*,*,#2601,.F.);
#3550=ORIENTED_EDGE('',*,*,#2602,.F.);
#3551=ORIENTED_EDGE('',*,*,#2599,.F.);
#3552=ORIENTED_EDGE('',*,*,#2363,.F.);
#3553=ORIENTED_EDGE('',*,*,#2603,.T.);
#3554=ORIENTED_EDGE('',*,*,#2601,.T.);
#3555=ORIENTED_EDGE('',*,*,#2604,.T.);
#3556=ORIENTED_EDGE('',*,*,#2605,.T.);
#3557=ORIENTED_EDGE('',*,*,#2603,.F.);
#3558=ORIENTED_EDGE('',*,*,#2362,.F.);
#3559=ORIENTED_EDGE('',*,*,#2605,.F.);
#3560=ORIENTED_EDGE('',*,*,#2606,.F.);
#3561=ORIENTED_EDGE('',*,*,#2607,.F.);
#3562=ORIENTED_EDGE('',*,*,#2604,.F.);
#3563=ORIENTED_EDGE('',*,*,#2361,.F.);
#3564=ORIENTED_EDGE('',*,*,#2608,.T.);
#3565=ORIENTED_EDGE('',*,*,#2606,.T.);
#3566=ORIENTED_EDGE('',*,*,#2609,.T.);
#3567=ORIENTED_EDGE('',*,*,#2610,.T.);
#3568=ORIENTED_EDGE('',*,*,#2608,.F.);
#3569=ORIENTED_EDGE('',*,*,#2360,.F.);
#3570=ORIENTED_EDGE('',*,*,#2610,.F.);
#3571=ORIENTED_EDGE('',*,*,#2611,.F.);
#3572=ORIENTED_EDGE('',*,*,#2612,.F.);
#3573=ORIENTED_EDGE('',*,*,#2609,.F.);
#3574=ORIENTED_EDGE('',*,*,#2359,.F.);
#3575=ORIENTED_EDGE('',*,*,#2613,.T.);
#3576=ORIENTED_EDGE('',*,*,#2611,.T.);
#3577=ORIENTED_EDGE('',*,*,#2614,.T.);
#3578=ORIENTED_EDGE('',*,*,#2615,.T.);
#3579=ORIENTED_EDGE('',*,*,#2613,.F.);
#3580=ORIENTED_EDGE('',*,*,#2358,.F.);
#3581=ORIENTED_EDGE('',*,*,#2615,.F.);
#3582=ORIENTED_EDGE('',*,*,#2616,.F.);
#3583=ORIENTED_EDGE('',*,*,#2617,.F.);
#3584=ORIENTED_EDGE('',*,*,#2614,.F.);
#3585=ORIENTED_EDGE('',*,*,#2357,.F.);
#3586=ORIENTED_EDGE('',*,*,#2618,.T.);
#3587=ORIENTED_EDGE('',*,*,#2616,.T.);
#3588=ORIENTED_EDGE('',*,*,#2619,.T.);
#3589=ORIENTED_EDGE('',*,*,#2620,.T.);
#3590=ORIENTED_EDGE('',*,*,#2618,.F.);
#3591=ORIENTED_EDGE('',*,*,#2356,.F.);
#3592=ORIENTED_EDGE('',*,*,#2620,.F.);
#3593=ORIENTED_EDGE('',*,*,#2621,.F.);
#3594=ORIENTED_EDGE('',*,*,#2622,.F.);
#3595=ORIENTED_EDGE('',*,*,#2619,.F.);
#3596=ORIENTED_EDGE('',*,*,#2355,.F.);
#3597=ORIENTED_EDGE('',*,*,#2623,.T.);
#3598=ORIENTED_EDGE('',*,*,#2621,.T.);
#3599=ORIENTED_EDGE('',*,*,#2624,.T.);
#3600=ORIENTED_EDGE('',*,*,#2625,.T.);
#3601=ORIENTED_EDGE('',*,*,#2623,.F.);
#3602=ORIENTED_EDGE('',*,*,#2354,.F.);
#3603=ORIENTED_EDGE('',*,*,#2625,.F.);
#3604=ORIENTED_EDGE('',*,*,#2626,.F.);
#3605=ORIENTED_EDGE('',*,*,#2627,.F.);
#3606=ORIENTED_EDGE('',*,*,#2624,.F.);
#3607=ORIENTED_EDGE('',*,*,#2353,.F.);
#3608=ORIENTED_EDGE('',*,*,#2628,.T.);
#3609=ORIENTED_EDGE('',*,*,#2626,.T.);
#3610=ORIENTED_EDGE('',*,*,#2629,.T.);
#3611=ORIENTED_EDGE('',*,*,#2630,.T.);
#3612=ORIENTED_EDGE('',*,*,#2628,.F.);
#3613=ORIENTED_EDGE('',*,*,#2352,.F.);
#3614=ORIENTED_EDGE('',*,*,#2630,.F.);
#3615=ORIENTED_EDGE('',*,*,#2631,.F.);
#3616=ORIENTED_EDGE('',*,*,#2632,.F.);
#3617=ORIENTED_EDGE('',*,*,#2629,.F.);
#3618=ORIENTED_EDGE('',*,*,#2351,.F.);
#3619=ORIENTED_EDGE('',*,*,#2531,.F.);
#3620=ORIENTED_EDGE('',*,*,#2631,.T.);
#3621=ORIENTED_EDGE('',*,*,#2633,.T.);
#3622=ORIENTED_EDGE('',*,*,#2345,.F.);
#3623=ORIENTED_EDGE('',*,*,#2549,.F.);
#3624=ORIENTED_EDGE('',*,*,#2544,.F.);
#3625=ORIENTED_EDGE('',*,*,#2553,.F.);
#3626=ORIENTED_EDGE('',*,*,#2344,.F.);
#3627=ORIENTED_EDGE('',*,*,#2556,.F.);
#3628=ORIENTED_EDGE('',*,*,#2560,.F.);
#3629=ORIENTED_EDGE('',*,*,#2343,.F.);
#3630=ORIENTED_EDGE('',*,*,#2563,.F.);
#3631=ORIENTED_EDGE('',*,*,#2567,.F.);
#3632=ORIENTED_EDGE('',*,*,#2342,.F.);
#3633=ORIENTED_EDGE('',*,*,#2570,.F.);
#3634=ORIENTED_EDGE('',*,*,#2574,.F.);
#3635=ORIENTED_EDGE('',*,*,#2341,.F.);
#3636=ORIENTED_EDGE('',*,*,#2577,.F.);
#3637=ORIENTED_EDGE('',*,*,#2581,.F.);
#3638=ORIENTED_EDGE('',*,*,#2340,.F.);
#3639=ORIENTED_EDGE('',*,*,#2584,.F.);
#3640=ORIENTED_EDGE('',*,*,#2588,.F.);
#3641=ORIENTED_EDGE('',*,*,#2339,.F.);
#3642=ORIENTED_EDGE('',*,*,#2591,.F.);
#3643=ORIENTED_EDGE('',*,*,#2634,.F.);
#3644=ORIENTED_EDGE('',*,*,#2527,.T.);
#3645=ORIENTED_EDGE('',*,*,#2635,.F.);
#3646=ORIENTED_EDGE('',*,*,#2636,.F.);
#3647=ORIENTED_EDGE('',*,*,#2511,.T.);
#3648=ORIENTED_EDGE('',*,*,#2346,.T.);
#3649=ORIENTED_EDGE('',*,*,#2633,.F.);
#3650=ORIENTED_EDGE('',*,*,#2543,.F.);
#3651=ORIENTED_EDGE('',*,*,#2541,.F.);
#3652=ORIENTED_EDGE('',*,*,#2536,.F.);
#3653=ORIENTED_EDGE('',*,*,#2534,.F.);
#3654=ORIENTED_EDGE('',*,*,#2349,.F.);
#3655=ORIENTED_EDGE('',*,*,#2635,.T.);
#3656=ORIENTED_EDGE('',*,*,#2526,.T.);
#3657=ORIENTED_EDGE('',*,*,#2637,.F.);
#3658=ORIENTED_EDGE('',*,*,#2638,.F.);
#3659=ORIENTED_EDGE('',*,*,#2512,.T.);
#3660=ORIENTED_EDGE('',*,*,#2636,.T.);
#3661=ORIENTED_EDGE('',*,*,#2637,.T.);
#3662=ORIENTED_EDGE('',*,*,#2525,.T.);
#3663=ORIENTED_EDGE('',*,*,#2639,.T.);
#3664=ORIENTED_EDGE('',*,*,#2640,.F.);
#3665=ORIENTED_EDGE('',*,*,#2641,.T.);
#3666=ORIENTED_EDGE('',*,*,#2642,.T.);
#3667=ORIENTED_EDGE('',*,*,#2643,.T.);
#3668=ORIENTED_EDGE('',*,*,#2634,.T.);
#3669=ORIENTED_EDGE('',*,*,#2521,.F.);
#3670=ORIENTED_EDGE('',*,*,#2644,.T.);
#3671=ORIENTED_EDGE('',*,*,#2645,.F.);
#3672=ORIENTED_EDGE('',*,*,#2646,.F.);
#3673=ORIENTED_EDGE('',*,*,#2528,.T.);
#3674=ORIENTED_EDGE('',*,*,#2645,.T.);
#3675=ORIENTED_EDGE('',*,*,#2647,.T.);
#3676=ORIENTED_EDGE('',*,*,#2648,.T.);
#3677=ORIENTED_EDGE('',*,*,#2649,.T.);
#3678=ORIENTED_EDGE('',*,*,#2650,.T.);
#3679=ORIENTED_EDGE('',*,*,#2651,.T.);
#3680=ORIENTED_EDGE('',*,*,#2652,.F.);
#3681=ORIENTED_EDGE('',*,*,#2653,.T.);
#3682=ORIENTED_EDGE('',*,*,#2654,.F.);
#3683=ORIENTED_EDGE('',*,*,#2655,.F.);
#3684=ORIENTED_EDGE('',*,*,#2653,.F.);
#3685=ORIENTED_EDGE('',*,*,#2501,.F.);
#3686=ORIENTED_EDGE('',*,*,#2597,.T.);
#3687=ORIENTED_EDGE('',*,*,#2602,.T.);
#3688=ORIENTED_EDGE('',*,*,#2607,.T.);
#3689=ORIENTED_EDGE('',*,*,#2612,.T.);
#3690=ORIENTED_EDGE('',*,*,#2617,.T.);
#3691=ORIENTED_EDGE('',*,*,#2622,.T.);
#3692=ORIENTED_EDGE('',*,*,#2627,.T.);
#3693=ORIENTED_EDGE('',*,*,#2632,.T.);
#3694=ORIENTED_EDGE('',*,*,#2533,.T.);
#3695=ORIENTED_EDGE('',*,*,#2540,.T.);
#3696=ORIENTED_EDGE('',*,*,#2548,.T.);
#3697=ORIENTED_EDGE('',*,*,#2555,.T.);
#3698=ORIENTED_EDGE('',*,*,#2562,.T.);
#3699=ORIENTED_EDGE('',*,*,#2569,.T.);
#3700=ORIENTED_EDGE('',*,*,#2576,.T.);
#3701=ORIENTED_EDGE('',*,*,#2583,.T.);
#3702=ORIENTED_EDGE('',*,*,#2590,.T.);
#3703=ORIENTED_EDGE('',*,*,#2454,.F.);
#3704=ORIENTED_EDGE('',*,*,#2447,.F.);
#3705=ORIENTED_EDGE('',*,*,#2440,.F.);
#3706=ORIENTED_EDGE('',*,*,#2433,.F.);
#3707=ORIENTED_EDGE('',*,*,#2426,.F.);
#3708=ORIENTED_EDGE('',*,*,#2419,.F.);
#3709=ORIENTED_EDGE('',*,*,#2412,.F.);
#3710=ORIENTED_EDGE('',*,*,#2405,.F.);
#3711=ORIENTED_EDGE('',*,*,#2397,.F.);
#3712=ORIENTED_EDGE('',*,*,#2390,.F.);
#3713=ORIENTED_EDGE('',*,*,#2496,.F.);
#3714=ORIENTED_EDGE('',*,*,#2491,.F.);
#3715=ORIENTED_EDGE('',*,*,#2486,.F.);
#3716=ORIENTED_EDGE('',*,*,#2481,.F.);
#3717=ORIENTED_EDGE('',*,*,#2476,.F.);
#3718=ORIENTED_EDGE('',*,*,#2471,.F.);
#3719=ORIENTED_EDGE('',*,*,#2466,.F.);
#3720=ORIENTED_EDGE('',*,*,#2461,.F.);
#3721=ORIENTED_EDGE('',*,*,#2656,.T.);
#3722=ORIENTED_EDGE('',*,*,#2657,.T.);
#3723=ORIENTED_EDGE('',*,*,#2658,.T.);
#3724=ORIENTED_EDGE('',*,*,#2654,.T.);
#3725=ORIENTED_EDGE('',*,*,#2655,.T.);
#3726=ORIENTED_EDGE('',*,*,#2658,.F.);
#3727=ORIENTED_EDGE('',*,*,#2659,.T.);
#3728=ORIENTED_EDGE('',*,*,#2657,.F.);
#3729=ORIENTED_EDGE('',*,*,#2660,.T.);
#3730=ORIENTED_EDGE('',*,*,#2656,.F.);
#3731=ORIENTED_EDGE('',*,*,#2660,.F.);
#3732=ORIENTED_EDGE('',*,*,#2659,.F.);
#3733=ORIENTED_EDGE('',*,*,#2661,.T.);
#3734=ORIENTED_EDGE('',*,*,#2662,.T.);
#3735=ORIENTED_EDGE('',*,*,#2663,.F.);
#3736=ORIENTED_EDGE('',*,*,#2662,.F.);
#3737=ORIENTED_EDGE('',*,*,#2663,.T.);
#3738=ORIENTED_EDGE('',*,*,#2664,.F.);
#3739=ORIENTED_EDGE('',*,*,#2664,.T.);
#3740=ORIENTED_EDGE('',*,*,#2665,.T.);
#3741=ORIENTED_EDGE('',*,*,#2666,.T.);
#3742=ORIENTED_EDGE('',*,*,#2665,.F.);
#3743=ORIENTED_EDGE('',*,*,#2667,.F.);
#3744=ORIENTED_EDGE('',*,*,#2668,.T.);
#3745=ORIENTED_EDGE('',*,*,#2666,.F.);
#3746=ORIENTED_EDGE('',*,*,#2668,.F.);
#3747=ORIENTED_EDGE('',*,*,#2669,.T.);
#3748=ORIENTED_EDGE('',*,*,#2670,.F.);
#3749=ORIENTED_EDGE('',*,*,#2522,.F.);
#3750=ORIENTED_EDGE('',*,*,#2671,.F.);
#3751=ORIENTED_EDGE('',*,*,#2672,.F.);
#3752=ORIENTED_EDGE('',*,*,#2673,.F.);
#3753=ORIENTED_EDGE('',*,*,#2674,.T.);
#3754=ORIENTED_EDGE('',*,*,#2669,.F.);
#3755=ORIENTED_EDGE('',*,*,#2675,.T.);
#3756=ORIENTED_EDGE('',*,*,#2676,.F.);
#3757=ORIENTED_EDGE('',*,*,#2674,.F.);
#3758=ORIENTED_EDGE('',*,*,#2677,.F.);
#3759=ORIENTED_EDGE('',*,*,#2678,.T.);
#3760=ORIENTED_EDGE('',*,*,#2648,.F.);
#3761=ORIENTED_EDGE('',*,*,#2675,.F.);
#3762=ORIENTED_EDGE('',*,*,#2679,.F.);
#3763=ORIENTED_EDGE('',*,*,#2680,.F.);
#3764=ORIENTED_EDGE('',*,*,#2681,.F.);
#3765=ORIENTED_EDGE('',*,*,#2641,.F.);
#3766=ORIENTED_EDGE('',*,*,#2682,.F.);
#3767=ORIENTED_EDGE('',*,*,#2683,.F.);
#3768=ORIENTED_EDGE('',*,*,#2684,.F.);
#3769=ORIENTED_EDGE('',*,*,#2685,.T.);
#3770=ORIENTED_EDGE('',*,*,#2642,.F.);
#3771=ORIENTED_EDGE('',*,*,#2681,.T.);
#3772=ORIENTED_EDGE('',*,*,#2686,.F.);
#3773=ORIENTED_EDGE('',*,*,#2687,.F.);
#3774=ORIENTED_EDGE('',*,*,#2688,.T.);
#3775=ORIENTED_EDGE('',*,*,#2643,.F.);
#3776=ORIENTED_EDGE('',*,*,#2685,.F.);
#3777=ORIENTED_EDGE('',*,*,#2689,.F.);
#3778=ORIENTED_EDGE('',*,*,#2690,.T.);
#3779=ORIENTED_EDGE('',*,*,#2650,.F.);
#3780=ORIENTED_EDGE('',*,*,#2687,.T.);
#3781=ORIENTED_EDGE('',*,*,#2691,.F.);
#3782=ORIENTED_EDGE('',*,*,#2647,.F.);
#3783=ORIENTED_EDGE('',*,*,#2644,.F.);
#3784=ORIENTED_EDGE('',*,*,#2520,.T.);
#3785=ORIENTED_EDGE('',*,*,#2518,.T.);
#3786=ORIENTED_EDGE('',*,*,#2523,.T.);
#3787=ORIENTED_EDGE('',*,*,#2670,.T.);
#3788=ORIENTED_EDGE('',*,*,#2676,.T.);
#3789=ORIENTED_EDGE('',*,*,#2651,.F.);
#3790=ORIENTED_EDGE('',*,*,#2690,.F.);
#3791=ORIENTED_EDGE('',*,*,#2692,.F.);
#3792=ORIENTED_EDGE('',*,*,#2693,.F.);
#3793=ORIENTED_EDGE('',*,*,#2652,.T.);
#3794=ORIENTED_EDGE('',*,*,#2507,.T.);
#3795=ORIENTED_EDGE('',*,*,#2694,.T.);
#3796=ORIENTED_EDGE('',*,*,#2693,.T.);
#3797=ORIENTED_EDGE('',*,*,#2695,.T.);
#3798=ORIENTED_EDGE('',*,*,#2683,.T.);
#3799=ORIENTED_EDGE('',*,*,#2638,.T.);
#3800=ORIENTED_EDGE('',*,*,#2524,.T.);
#3801=ORIENTED_EDGE('',*,*,#2646,.T.);
#3802=ORIENTED_EDGE('',*,*,#2691,.T.);
#3803=ORIENTED_EDGE('',*,*,#2694,.F.);
#3804=ORIENTED_EDGE('',*,*,#2506,.T.);
#3805=ORIENTED_EDGE('',*,*,#2684,.T.);
#3806=ORIENTED_EDGE('',*,*,#2680,.T.);
#3807=ORIENTED_EDGE('',*,*,#2695,.F.);
#3808=ORIENTED_EDGE('',*,*,#2692,.T.);
#3809=ORIENTED_EDGE('',*,*,#2689,.T.);
#3810=ORIENTED_EDGE('',*,*,#2686,.T.);
#3811=ORIENTED_EDGE('',*,*,#2696,.F.);
#3812=ORIENTED_EDGE('',*,*,#2697,.T.);
#3813=ORIENTED_EDGE('',*,*,#2698,.F.);
#3814=ORIENTED_EDGE('',*,*,#2699,.F.);
#3815=ORIENTED_EDGE('',*,*,#2700,.F.);
#3816=ORIENTED_EDGE('',*,*,#2701,.F.);
#3817=ORIENTED_EDGE('',*,*,#2702,.F.);
#3818=ORIENTED_EDGE('',*,*,#2703,.F.);
#3819=ORIENTED_EDGE('',*,*,#2704,.T.);
#3820=ORIENTED_EDGE('',*,*,#2705,.F.);
#3821=ORIENTED_EDGE('',*,*,#2706,.F.);
#3822=ORIENTED_EDGE('',*,*,#2707,.F.);
#3823=ORIENTED_EDGE('',*,*,#2708,.F.);
#3824=ORIENTED_EDGE('',*,*,#2709,.F.);
#3825=ORIENTED_EDGE('',*,*,#2710,.F.);
#3826=ORIENTED_EDGE('',*,*,#2711,.F.);
#3827=ORIENTED_EDGE('',*,*,#2712,.T.);
#3828=ORIENTED_EDGE('',*,*,#2713,.T.);
#3829=ORIENTED_EDGE('',*,*,#2714,.T.);
#3830=ORIENTED_EDGE('',*,*,#2715,.T.);
#3831=ORIENTED_EDGE('',*,*,#2716,.T.);
#3832=ORIENTED_EDGE('',*,*,#2717,.T.);
#3833=ORIENTED_EDGE('',*,*,#2718,.T.);
#3834=ORIENTED_EDGE('',*,*,#2719,.T.);
#3835=ORIENTED_EDGE('',*,*,#2720,.F.);
#3836=ORIENTED_EDGE('',*,*,#2721,.T.);
#3837=ORIENTED_EDGE('',*,*,#2722,.T.);
#3838=ORIENTED_EDGE('',*,*,#2723,.T.);
#3839=ORIENTED_EDGE('',*,*,#2724,.T.);
#3840=ORIENTED_EDGE('',*,*,#2725,.T.);
#3841=ORIENTED_EDGE('',*,*,#2726,.T.);
#3842=ORIENTED_EDGE('',*,*,#2727,.T.);
#3843=ORIENTED_EDGE('',*,*,#2728,.T.);
#3844=ORIENTED_EDGE('',*,*,#2729,.T.);
#3845=ORIENTED_EDGE('',*,*,#2730,.T.);
#3846=ORIENTED_EDGE('',*,*,#2731,.T.);
#3847=ORIENTED_EDGE('',*,*,#2732,.T.);
#3848=ORIENTED_EDGE('',*,*,#2733,.T.);
#3849=ORIENTED_EDGE('',*,*,#2734,.T.);
#3850=ORIENTED_EDGE('',*,*,#2735,.T.);
#3851=ORIENTED_EDGE('',*,*,#2736,.T.);
#3852=ORIENTED_EDGE('',*,*,#2737,.T.);
#3853=ORIENTED_EDGE('',*,*,#2738,.T.);
#3854=ORIENTED_EDGE('',*,*,#2739,.T.);
#3855=ORIENTED_EDGE('',*,*,#2740,.F.);
#3856=ORIENTED_EDGE('',*,*,#2741,.F.);
#3857=ORIENTED_EDGE('',*,*,#2742,.F.);
#3858=ORIENTED_EDGE('',*,*,#2743,.F.);
#3859=ORIENTED_EDGE('',*,*,#2744,.F.);
#3860=ORIENTED_EDGE('',*,*,#2745,.F.);
#3861=ORIENTED_EDGE('',*,*,#2746,.F.);
#3862=ORIENTED_EDGE('',*,*,#2747,.F.);
#3863=ORIENTED_EDGE('',*,*,#2748,.F.);
#3864=ORIENTED_EDGE('',*,*,#2749,.F.);
#3865=ORIENTED_EDGE('',*,*,#2750,.F.);
#3866=ORIENTED_EDGE('',*,*,#2751,.F.);
#3867=ORIENTED_EDGE('',*,*,#2752,.F.);
#3868=ORIENTED_EDGE('',*,*,#2753,.F.);
#3869=ORIENTED_EDGE('',*,*,#2754,.F.);
#3870=ORIENTED_EDGE('',*,*,#2755,.F.);
#3871=ORIENTED_EDGE('',*,*,#2756,.F.);
#3872=ORIENTED_EDGE('',*,*,#2757,.F.);
#3873=ORIENTED_EDGE('',*,*,#2758,.F.);
#3874=ORIENTED_EDGE('',*,*,#2759,.T.);
#3875=ORIENTED_EDGE('',*,*,#2760,.T.);
#3876=ORIENTED_EDGE('',*,*,#2761,.T.);
#3877=ORIENTED_EDGE('',*,*,#2722,.F.);
#3878=ORIENTED_EDGE('',*,*,#2760,.F.);
#3879=ORIENTED_EDGE('',*,*,#2762,.F.);
#3880=ORIENTED_EDGE('',*,*,#2763,.F.);
#3881=ORIENTED_EDGE('',*,*,#2764,.T.);
#3882=ORIENTED_EDGE('',*,*,#2765,.T.);
#3883=ORIENTED_EDGE('',*,*,#2762,.T.);
#3884=ORIENTED_EDGE('',*,*,#2759,.F.);
#3885=ORIENTED_EDGE('',*,*,#2766,.T.);
#3886=ORIENTED_EDGE('',*,*,#2767,.T.);
#3887=ORIENTED_EDGE('',*,*,#2768,.T.);
#3888=ORIENTED_EDGE('',*,*,#2765,.F.);
#3889=ORIENTED_EDGE('',*,*,#2768,.F.);
#3890=ORIENTED_EDGE('',*,*,#2769,.F.);
#3891=ORIENTED_EDGE('',*,*,#2770,.F.);
#3892=ORIENTED_EDGE('',*,*,#2771,.T.);
#3893=ORIENTED_EDGE('',*,*,#2772,.T.);
#3894=ORIENTED_EDGE('',*,*,#2769,.T.);
#3895=ORIENTED_EDGE('',*,*,#2767,.F.);
#3896=ORIENTED_EDGE('',*,*,#2773,.T.);
#3897=ORIENTED_EDGE('',*,*,#2774,.T.);
#3898=ORIENTED_EDGE('',*,*,#2775,.T.);
#3899=ORIENTED_EDGE('',*,*,#2776,.T.);
#3900=ORIENTED_EDGE('',*,*,#2772,.F.);
#3901=ORIENTED_EDGE('',*,*,#2776,.F.);
#3902=ORIENTED_EDGE('',*,*,#2777,.F.);
#3903=ORIENTED_EDGE('',*,*,#2778,.F.);
#3904=ORIENTED_EDGE('',*,*,#2775,.F.);
#3905=ORIENTED_EDGE('',*,*,#2779,.T.);
#3906=ORIENTED_EDGE('',*,*,#2780,.T.);
#3907=ORIENTED_EDGE('',*,*,#2777,.T.);
#3908=ORIENTED_EDGE('',*,*,#2781,.T.);
#3909=ORIENTED_EDGE('',*,*,#2782,.T.);
#3910=ORIENTED_EDGE('',*,*,#2780,.F.);
#3911=ORIENTED_EDGE('',*,*,#2783,.T.);
#3912=ORIENTED_EDGE('',*,*,#2782,.F.);
#3913=ORIENTED_EDGE('',*,*,#2784,.F.);
#3914=ORIENTED_EDGE('',*,*,#2785,.F.);
#3915=ORIENTED_EDGE('',*,*,#2781,.F.);
#3916=ORIENTED_EDGE('',*,*,#2786,.T.);
#3917=ORIENTED_EDGE('',*,*,#2787,.T.);
#3918=ORIENTED_EDGE('',*,*,#2784,.T.);
#3919=ORIENTED_EDGE('',*,*,#2788,.T.);
#3920=ORIENTED_EDGE('',*,*,#2789,.T.);
#3921=ORIENTED_EDGE('',*,*,#2787,.F.);
#3922=ORIENTED_EDGE('',*,*,#2790,.T.);
#3923=ORIENTED_EDGE('',*,*,#2789,.F.);
#3924=ORIENTED_EDGE('',*,*,#2791,.F.);
#3925=ORIENTED_EDGE('',*,*,#2792,.F.);
#3926=ORIENTED_EDGE('',*,*,#2788,.F.);
#3927=ORIENTED_EDGE('',*,*,#2793,.T.);
#3928=ORIENTED_EDGE('',*,*,#2794,.T.);
#3929=ORIENTED_EDGE('',*,*,#2791,.T.);
#3930=ORIENTED_EDGE('',*,*,#2795,.T.);
#3931=ORIENTED_EDGE('',*,*,#2796,.T.);
#3932=ORIENTED_EDGE('',*,*,#2794,.F.);
#3933=ORIENTED_EDGE('',*,*,#2797,.T.);
#3934=ORIENTED_EDGE('',*,*,#2796,.F.);
#3935=ORIENTED_EDGE('',*,*,#2798,.F.);
#3936=ORIENTED_EDGE('',*,*,#2799,.F.);
#3937=ORIENTED_EDGE('',*,*,#2795,.F.);
#3938=ORIENTED_EDGE('',*,*,#2800,.T.);
#3939=ORIENTED_EDGE('',*,*,#2801,.T.);
#3940=ORIENTED_EDGE('',*,*,#2798,.T.);
#3941=ORIENTED_EDGE('',*,*,#2802,.T.);
#3942=ORIENTED_EDGE('',*,*,#2803,.T.);
#3943=ORIENTED_EDGE('',*,*,#2801,.F.);
#3944=ORIENTED_EDGE('',*,*,#2804,.T.);
#3945=ORIENTED_EDGE('',*,*,#2803,.F.);
#3946=ORIENTED_EDGE('',*,*,#2805,.F.);
#3947=ORIENTED_EDGE('',*,*,#2806,.F.);
#3948=ORIENTED_EDGE('',*,*,#2802,.F.);
#3949=ORIENTED_EDGE('',*,*,#2807,.T.);
#3950=ORIENTED_EDGE('',*,*,#2808,.T.);
#3951=ORIENTED_EDGE('',*,*,#2805,.T.);
#3952=ORIENTED_EDGE('',*,*,#2809,.T.);
#3953=ORIENTED_EDGE('',*,*,#2810,.T.);
#3954=ORIENTED_EDGE('',*,*,#2808,.F.);
#3955=ORIENTED_EDGE('',*,*,#2811,.T.);
#3956=ORIENTED_EDGE('',*,*,#2810,.F.);
#3957=ORIENTED_EDGE('',*,*,#2812,.F.);
#3958=ORIENTED_EDGE('',*,*,#2813,.F.);
#3959=ORIENTED_EDGE('',*,*,#2809,.F.);
#3960=ORIENTED_EDGE('',*,*,#2814,.T.);
#3961=ORIENTED_EDGE('',*,*,#2815,.T.);
#3962=ORIENTED_EDGE('',*,*,#2812,.T.);
#3963=ORIENTED_EDGE('',*,*,#2816,.T.);
#3964=ORIENTED_EDGE('',*,*,#2817,.T.);
#3965=ORIENTED_EDGE('',*,*,#2815,.F.);
#3966=ORIENTED_EDGE('',*,*,#2818,.T.);
#3967=ORIENTED_EDGE('',*,*,#2817,.F.);
#3968=ORIENTED_EDGE('',*,*,#2819,.F.);
#3969=ORIENTED_EDGE('',*,*,#2820,.F.);
#3970=ORIENTED_EDGE('',*,*,#2816,.F.);
#3971=ORIENTED_EDGE('',*,*,#2821,.T.);
#3972=ORIENTED_EDGE('',*,*,#2822,.T.);
#3973=ORIENTED_EDGE('',*,*,#2819,.T.);
#3974=ORIENTED_EDGE('',*,*,#2823,.F.);
#3975=ORIENTED_EDGE('',*,*,#2824,.T.);
#3976=ORIENTED_EDGE('',*,*,#2822,.F.);
#3977=ORIENTED_EDGE('',*,*,#2825,.T.);
#3978=ORIENTED_EDGE('',*,*,#2826,.F.);
#3979=ORIENTED_EDGE('',*,*,#2824,.F.);
#3980=ORIENTED_EDGE('',*,*,#2827,.T.);
#3981=ORIENTED_EDGE('',*,*,#2828,.F.);
#3982=ORIENTED_EDGE('',*,*,#2739,.F.);
#3983=ORIENTED_EDGE('',*,*,#2829,.T.);
#3984=ORIENTED_EDGE('',*,*,#2830,.T.);
#3985=ORIENTED_EDGE('',*,*,#2831,.T.);
#3986=ORIENTED_EDGE('',*,*,#2832,.T.);
#3987=ORIENTED_EDGE('',*,*,#2829,.F.);
#3988=ORIENTED_EDGE('',*,*,#2738,.F.);
#3989=ORIENTED_EDGE('',*,*,#2832,.F.);
#3990=ORIENTED_EDGE('',*,*,#2833,.F.);
#3991=ORIENTED_EDGE('',*,*,#2834,.F.);
#3992=ORIENTED_EDGE('',*,*,#2831,.F.);
#3993=ORIENTED_EDGE('',*,*,#2737,.F.);
#3994=ORIENTED_EDGE('',*,*,#2835,.T.);
#3995=ORIENTED_EDGE('',*,*,#2833,.T.);
#3996=ORIENTED_EDGE('',*,*,#2836,.T.);
#3997=ORIENTED_EDGE('',*,*,#2837,.T.);
#3998=ORIENTED_EDGE('',*,*,#2835,.F.);
#3999=ORIENTED_EDGE('',*,*,#2736,.F.);
#4000=ORIENTED_EDGE('',*,*,#2837,.F.);
#4001=ORIENTED_EDGE('',*,*,#2838,.F.);
#4002=ORIENTED_EDGE('',*,*,#2839,.F.);
#4003=ORIENTED_EDGE('',*,*,#2836,.F.);
#4004=ORIENTED_EDGE('',*,*,#2735,.F.);
#4005=ORIENTED_EDGE('',*,*,#2840,.T.);
#4006=ORIENTED_EDGE('',*,*,#2838,.T.);
#4007=ORIENTED_EDGE('',*,*,#2841,.T.);
#4008=ORIENTED_EDGE('',*,*,#2842,.T.);
#4009=ORIENTED_EDGE('',*,*,#2840,.F.);
#4010=ORIENTED_EDGE('',*,*,#2734,.F.);
#4011=ORIENTED_EDGE('',*,*,#2842,.F.);
#4012=ORIENTED_EDGE('',*,*,#2843,.F.);
#4013=ORIENTED_EDGE('',*,*,#2844,.F.);
#4014=ORIENTED_EDGE('',*,*,#2841,.F.);
#4015=ORIENTED_EDGE('',*,*,#2733,.F.);
#4016=ORIENTED_EDGE('',*,*,#2845,.T.);
#4017=ORIENTED_EDGE('',*,*,#2843,.T.);
#4018=ORIENTED_EDGE('',*,*,#2846,.T.);
#4019=ORIENTED_EDGE('',*,*,#2847,.T.);
#4020=ORIENTED_EDGE('',*,*,#2845,.F.);
#4021=ORIENTED_EDGE('',*,*,#2732,.F.);
#4022=ORIENTED_EDGE('',*,*,#2847,.F.);
#4023=ORIENTED_EDGE('',*,*,#2848,.F.);
#4024=ORIENTED_EDGE('',*,*,#2849,.F.);
#4025=ORIENTED_EDGE('',*,*,#2846,.F.);
#4026=ORIENTED_EDGE('',*,*,#2731,.F.);
#4027=ORIENTED_EDGE('',*,*,#2850,.T.);
#4028=ORIENTED_EDGE('',*,*,#2848,.T.);
#4029=ORIENTED_EDGE('',*,*,#2851,.T.);
#4030=ORIENTED_EDGE('',*,*,#2852,.T.);
#4031=ORIENTED_EDGE('',*,*,#2850,.F.);
#4032=ORIENTED_EDGE('',*,*,#2730,.F.);
#4033=ORIENTED_EDGE('',*,*,#2852,.F.);
#4034=ORIENTED_EDGE('',*,*,#2853,.F.);
#4035=ORIENTED_EDGE('',*,*,#2854,.F.);
#4036=ORIENTED_EDGE('',*,*,#2851,.F.);
#4037=ORIENTED_EDGE('',*,*,#2729,.F.);
#4038=ORIENTED_EDGE('',*,*,#2855,.T.);
#4039=ORIENTED_EDGE('',*,*,#2853,.T.);
#4040=ORIENTED_EDGE('',*,*,#2856,.T.);
#4041=ORIENTED_EDGE('',*,*,#2857,.T.);
#4042=ORIENTED_EDGE('',*,*,#2855,.F.);
#4043=ORIENTED_EDGE('',*,*,#2728,.F.);
#4044=ORIENTED_EDGE('',*,*,#2857,.F.);
#4045=ORIENTED_EDGE('',*,*,#2858,.F.);
#4046=ORIENTED_EDGE('',*,*,#2859,.F.);
#4047=ORIENTED_EDGE('',*,*,#2856,.F.);
#4048=ORIENTED_EDGE('',*,*,#2727,.F.);
#4049=ORIENTED_EDGE('',*,*,#2860,.T.);
#4050=ORIENTED_EDGE('',*,*,#2858,.T.);
#4051=ORIENTED_EDGE('',*,*,#2861,.T.);
#4052=ORIENTED_EDGE('',*,*,#2862,.T.);
#4053=ORIENTED_EDGE('',*,*,#2860,.F.);
#4054=ORIENTED_EDGE('',*,*,#2726,.F.);
#4055=ORIENTED_EDGE('',*,*,#2862,.F.);
#4056=ORIENTED_EDGE('',*,*,#2863,.F.);
#4057=ORIENTED_EDGE('',*,*,#2864,.F.);
#4058=ORIENTED_EDGE('',*,*,#2861,.F.);
#4059=ORIENTED_EDGE('',*,*,#2725,.F.);
#4060=ORIENTED_EDGE('',*,*,#2865,.T.);
#4061=ORIENTED_EDGE('',*,*,#2863,.T.);
#4062=ORIENTED_EDGE('',*,*,#2866,.T.);
#4063=ORIENTED_EDGE('',*,*,#2867,.T.);
#4064=ORIENTED_EDGE('',*,*,#2865,.F.);
#4065=ORIENTED_EDGE('',*,*,#2724,.F.);
#4066=ORIENTED_EDGE('',*,*,#2867,.F.);
#4067=ORIENTED_EDGE('',*,*,#2868,.F.);
#4068=ORIENTED_EDGE('',*,*,#2869,.F.);
#4069=ORIENTED_EDGE('',*,*,#2866,.F.);
#4070=ORIENTED_EDGE('',*,*,#2723,.F.);
#4071=ORIENTED_EDGE('',*,*,#2761,.F.);
#4072=ORIENTED_EDGE('',*,*,#2868,.T.);
#4073=ORIENTED_EDGE('',*,*,#2870,.T.);
#4074=ORIENTED_EDGE('',*,*,#2719,.F.);
#4075=ORIENTED_EDGE('',*,*,#2779,.F.);
#4076=ORIENTED_EDGE('',*,*,#2774,.F.);
#4077=ORIENTED_EDGE('',*,*,#2783,.F.);
#4078=ORIENTED_EDGE('',*,*,#2718,.F.);
#4079=ORIENTED_EDGE('',*,*,#2786,.F.);
#4080=ORIENTED_EDGE('',*,*,#2790,.F.);
#4081=ORIENTED_EDGE('',*,*,#2717,.F.);
#4082=ORIENTED_EDGE('',*,*,#2793,.F.);
#4083=ORIENTED_EDGE('',*,*,#2797,.F.);
#4084=ORIENTED_EDGE('',*,*,#2716,.F.);
#4085=ORIENTED_EDGE('',*,*,#2800,.F.);
#4086=ORIENTED_EDGE('',*,*,#2804,.F.);
#4087=ORIENTED_EDGE('',*,*,#2715,.F.);
#4088=ORIENTED_EDGE('',*,*,#2807,.F.);
#4089=ORIENTED_EDGE('',*,*,#2811,.F.);
#4090=ORIENTED_EDGE('',*,*,#2714,.F.);
#4091=ORIENTED_EDGE('',*,*,#2814,.F.);
#4092=ORIENTED_EDGE('',*,*,#2818,.F.);
#4093=ORIENTED_EDGE('',*,*,#2713,.F.);
#4094=ORIENTED_EDGE('',*,*,#2821,.F.);
#4095=ORIENTED_EDGE('',*,*,#2825,.F.);
#4096=ORIENTED_EDGE('',*,*,#2712,.F.);
#4097=ORIENTED_EDGE('',*,*,#2871,.T.);
#4098=ORIENTED_EDGE('',*,*,#2830,.F.);
#4099=ORIENTED_EDGE('',*,*,#2872,.F.);
#4100=ORIENTED_EDGE('',*,*,#2873,.T.);
#4101=ORIENTED_EDGE('',*,*,#2874,.F.);
#4102=ORIENTED_EDGE('',*,*,#2701,.T.);
#4103=ORIENTED_EDGE('',*,*,#2875,.F.);
#4104=ORIENTED_EDGE('',*,*,#2876,.F.);
#4105=ORIENTED_EDGE('',*,*,#2877,.T.);
#4106=ORIENTED_EDGE('',*,*,#2702,.T.);
#4107=ORIENTED_EDGE('',*,*,#2870,.F.);
#4108=ORIENTED_EDGE('',*,*,#2773,.F.);
#4109=ORIENTED_EDGE('',*,*,#2771,.F.);
#4110=ORIENTED_EDGE('',*,*,#2766,.F.);
#4111=ORIENTED_EDGE('',*,*,#2764,.F.);
#4112=ORIENTED_EDGE('',*,*,#2721,.F.);
#4113=ORIENTED_EDGE('',*,*,#2878,.T.);
#4114=ORIENTED_EDGE('',*,*,#2879,.T.);
#4115=ORIENTED_EDGE('',*,*,#2880,.T.);
#4116=ORIENTED_EDGE('',*,*,#2703,.T.);
#4117=ORIENTED_EDGE('',*,*,#2877,.F.);
#4118=ORIENTED_EDGE('',*,*,#2881,.F.);
#4119=ORIENTED_EDGE('',*,*,#2882,.F.);
#4120=ORIENTED_EDGE('',*,*,#2883,.T.);
#4121=ORIENTED_EDGE('',*,*,#2884,.T.);
#4122=ORIENTED_EDGE('',*,*,#2875,.T.);
#4123=ORIENTED_EDGE('',*,*,#2700,.T.);
#4124=ORIENTED_EDGE('',*,*,#2885,.F.);
#4125=ORIENTED_EDGE('',*,*,#2876,.T.);
#4126=ORIENTED_EDGE('',*,*,#2885,.T.);
#4127=ORIENTED_EDGE('',*,*,#2699,.T.);
#4128=ORIENTED_EDGE('',*,*,#2886,.F.);
#4129=ORIENTED_EDGE('',*,*,#2881,.T.);
#4130=ORIENTED_EDGE('',*,*,#2887,.T.);
#4131=ORIENTED_EDGE('',*,*,#2888,.F.);
#4132=ORIENTED_EDGE('',*,*,#2882,.T.);
#4133=ORIENTED_EDGE('',*,*,#2886,.T.);
#4134=ORIENTED_EDGE('',*,*,#2698,.T.);
#4135=ORIENTED_EDGE('',*,*,#2889,.T.);
#4136=ORIENTED_EDGE('',*,*,#2888,.T.);
#4137=ORIENTED_EDGE('',*,*,#2890,.F.);
#4138=ORIENTED_EDGE('',*,*,#2516,.F.);
#4139=ORIENTED_EDGE('',*,*,#2874,.T.);
#4140=ORIENTED_EDGE('',*,*,#2891,.F.);
#4141=ORIENTED_EDGE('',*,*,#2892,.T.);
#4142=ORIENTED_EDGE('',*,*,#2893,.F.);
#4143=ORIENTED_EDGE('',*,*,#2894,.T.);
#4144=ORIENTED_EDGE('',*,*,#2891,.T.);
#4145=ORIENTED_EDGE('',*,*,#2720,.T.);
#4146=ORIENTED_EDGE('',*,*,#2895,.F.);
#4147=ORIENTED_EDGE('',*,*,#2696,.T.);
#4148=ORIENTED_EDGE('',*,*,#2893,.T.);
#4149=ORIENTED_EDGE('',*,*,#2896,.T.);
#4150=ORIENTED_EDGE('',*,*,#2897,.F.);
#4151=ORIENTED_EDGE('',*,*,#2898,.T.);
#4152=ORIENTED_EDGE('',*,*,#2899,.T.);
#4153=ORIENTED_EDGE('',*,*,#2900,.T.);
#4154=ORIENTED_EDGE('',*,*,#2901,.T.);
#4155=ORIENTED_EDGE('',*,*,#2902,.T.);
#4156=ORIENTED_EDGE('',*,*,#2903,.F.);
#4157=ORIENTED_EDGE('',*,*,#2757,.T.);
#4158=ORIENTED_EDGE('',*,*,#2904,.F.);
#4159=ORIENTED_EDGE('',*,*,#2905,.F.);
#4160=ORIENTED_EDGE('',*,*,#2905,.T.);
#4161=ORIENTED_EDGE('',*,*,#2906,.T.);
#4162=ORIENTED_EDGE('',*,*,#2907,.T.);
#4163=ORIENTED_EDGE('',*,*,#2908,.F.);
#4164=ORIENTED_EDGE('',*,*,#2903,.T.);
#4165=ORIENTED_EDGE('',*,*,#2907,.F.);
#4166=ORIENTED_EDGE('',*,*,#2909,.F.);
#4167=ORIENTED_EDGE('',*,*,#2910,.F.);
#4168=ORIENTED_EDGE('',*,*,#2909,.T.);
#4169=ORIENTED_EDGE('',*,*,#2911,.F.);
#4170=ORIENTED_EDGE('',*,*,#2912,.F.);
#4171=ORIENTED_EDGE('',*,*,#2911,.T.);
#4172=ORIENTED_EDGE('',*,*,#2913,.T.);
#4173=ORIENTED_EDGE('',*,*,#2914,.T.);
#4174=ORIENTED_EDGE('',*,*,#2915,.F.);
#4175=ORIENTED_EDGE('',*,*,#2912,.T.);
#4176=ORIENTED_EDGE('',*,*,#2914,.F.);
#4177=ORIENTED_EDGE('',*,*,#2916,.F.);
#4178=ORIENTED_EDGE('',*,*,#2917,.F.);
#4179=ORIENTED_EDGE('',*,*,#2916,.T.);
#4180=ORIENTED_EDGE('',*,*,#2918,.F.);
#4181=ORIENTED_EDGE('',*,*,#2919,.F.);
#4182=ORIENTED_EDGE('',*,*,#2920,.F.);
#4183=ORIENTED_EDGE('',*,*,#2918,.T.);
#4184=ORIENTED_EDGE('',*,*,#2921,.T.);
#4185=ORIENTED_EDGE('',*,*,#2922,.T.);
#4186=ORIENTED_EDGE('',*,*,#2919,.T.);
#4187=ORIENTED_EDGE('',*,*,#2922,.F.);
#4188=ORIENTED_EDGE('',*,*,#2923,.F.);
#4189=ORIENTED_EDGE('',*,*,#2924,.F.);
#4190=ORIENTED_EDGE('',*,*,#2925,.F.);
#4191=ORIENTED_EDGE('',*,*,#2926,.F.);
#4192=ORIENTED_EDGE('',*,*,#2923,.T.);
#4193=ORIENTED_EDGE('',*,*,#2927,.F.);
#4194=ORIENTED_EDGE('',*,*,#2927,.T.);
#4195=ORIENTED_EDGE('',*,*,#2928,.T.);
#4196=ORIENTED_EDGE('',*,*,#2929,.T.);
#4197=ORIENTED_EDGE('',*,*,#2925,.T.);
#4198=ORIENTED_EDGE('',*,*,#2929,.F.);
#4199=ORIENTED_EDGE('',*,*,#2930,.F.);
#4200=ORIENTED_EDGE('',*,*,#2931,.F.);
#4201=ORIENTED_EDGE('',*,*,#2932,.F.);
#4202=ORIENTED_EDGE('',*,*,#2933,.F.);
#4203=ORIENTED_EDGE('',*,*,#2930,.T.);
#4204=ORIENTED_EDGE('',*,*,#2934,.F.);
#4205=ORIENTED_EDGE('',*,*,#2934,.T.);
#4206=ORIENTED_EDGE('',*,*,#2935,.T.);
#4207=ORIENTED_EDGE('',*,*,#2936,.T.);
#4208=ORIENTED_EDGE('',*,*,#2932,.T.);
#4209=ORIENTED_EDGE('',*,*,#2936,.F.);
#4210=ORIENTED_EDGE('',*,*,#2937,.F.);
#4211=ORIENTED_EDGE('',*,*,#2938,.F.);
#4212=ORIENTED_EDGE('',*,*,#2939,.F.);
#4213=ORIENTED_EDGE('',*,*,#2940,.F.);
#4214=ORIENTED_EDGE('',*,*,#2937,.T.);
#4215=ORIENTED_EDGE('',*,*,#2941,.F.);
#4216=ORIENTED_EDGE('',*,*,#2941,.T.);
#4217=ORIENTED_EDGE('',*,*,#2942,.T.);
#4218=ORIENTED_EDGE('',*,*,#2943,.T.);
#4219=ORIENTED_EDGE('',*,*,#2939,.T.);
#4220=ORIENTED_EDGE('',*,*,#2943,.F.);
#4221=ORIENTED_EDGE('',*,*,#2944,.F.);
#4222=ORIENTED_EDGE('',*,*,#2945,.F.);
#4223=ORIENTED_EDGE('',*,*,#2946,.F.);
#4224=ORIENTED_EDGE('',*,*,#2947,.F.);
#4225=ORIENTED_EDGE('',*,*,#2944,.T.);
#4226=ORIENTED_EDGE('',*,*,#2948,.F.);
#4227=ORIENTED_EDGE('',*,*,#2948,.T.);
#4228=ORIENTED_EDGE('',*,*,#2949,.T.);
#4229=ORIENTED_EDGE('',*,*,#2950,.T.);
#4230=ORIENTED_EDGE('',*,*,#2946,.T.);
#4231=ORIENTED_EDGE('',*,*,#2950,.F.);
#4232=ORIENTED_EDGE('',*,*,#2951,.F.);
#4233=ORIENTED_EDGE('',*,*,#2952,.F.);
#4234=ORIENTED_EDGE('',*,*,#2953,.F.);
#4235=ORIENTED_EDGE('',*,*,#2954,.F.);
#4236=ORIENTED_EDGE('',*,*,#2951,.T.);
#4237=ORIENTED_EDGE('',*,*,#2955,.F.);
#4238=ORIENTED_EDGE('',*,*,#2955,.T.);
#4239=ORIENTED_EDGE('',*,*,#2956,.T.);
#4240=ORIENTED_EDGE('',*,*,#2957,.T.);
#4241=ORIENTED_EDGE('',*,*,#2953,.T.);
#4242=ORIENTED_EDGE('',*,*,#2957,.F.);
#4243=ORIENTED_EDGE('',*,*,#2958,.F.);
#4244=ORIENTED_EDGE('',*,*,#2959,.F.);
#4245=ORIENTED_EDGE('',*,*,#2960,.F.);
#4246=ORIENTED_EDGE('',*,*,#2961,.F.);
#4247=ORIENTED_EDGE('',*,*,#2958,.T.);
#4248=ORIENTED_EDGE('',*,*,#2962,.F.);
#4249=ORIENTED_EDGE('',*,*,#2962,.T.);
#4250=ORIENTED_EDGE('',*,*,#2963,.T.);
#4251=ORIENTED_EDGE('',*,*,#2964,.T.);
#4252=ORIENTED_EDGE('',*,*,#2960,.T.);
#4253=ORIENTED_EDGE('',*,*,#2964,.F.);
#4254=ORIENTED_EDGE('',*,*,#2965,.F.);
#4255=ORIENTED_EDGE('',*,*,#2966,.F.);
#4256=ORIENTED_EDGE('',*,*,#2823,.T.);
#4257=ORIENTED_EDGE('',*,*,#2871,.F.);
#4258=ORIENTED_EDGE('',*,*,#2965,.T.);
#4259=ORIENTED_EDGE('',*,*,#2827,.F.);
#4260=ORIENTED_EDGE('',*,*,#2828,.T.);
#4261=ORIENTED_EDGE('',*,*,#2873,.F.);
#4262=ORIENTED_EDGE('',*,*,#2967,.F.);
#4263=ORIENTED_EDGE('',*,*,#2740,.T.);
#4264=ORIENTED_EDGE('',*,*,#2968,.F.);
#4265=ORIENTED_EDGE('',*,*,#2741,.T.);
#4266=ORIENTED_EDGE('',*,*,#2967,.T.);
#4267=ORIENTED_EDGE('',*,*,#2969,.F.);
#4268=ORIENTED_EDGE('',*,*,#2969,.T.);
#4269=ORIENTED_EDGE('',*,*,#2970,.T.);
#4270=ORIENTED_EDGE('',*,*,#2971,.T.);
#4271=ORIENTED_EDGE('',*,*,#2968,.T.);
#4272=ORIENTED_EDGE('',*,*,#2971,.F.);
#4273=ORIENTED_EDGE('',*,*,#2972,.F.);
#4274=ORIENTED_EDGE('',*,*,#2742,.T.);
#4275=ORIENTED_EDGE('',*,*,#2973,.F.);
#4276=ORIENTED_EDGE('',*,*,#2743,.T.);
#4277=ORIENTED_EDGE('',*,*,#2972,.T.);
#4278=ORIENTED_EDGE('',*,*,#2974,.F.);
#4279=ORIENTED_EDGE('',*,*,#2974,.T.);
#4280=ORIENTED_EDGE('',*,*,#2975,.T.);
#4281=ORIENTED_EDGE('',*,*,#2976,.T.);
#4282=ORIENTED_EDGE('',*,*,#2973,.T.);
#4283=ORIENTED_EDGE('',*,*,#2976,.F.);
#4284=ORIENTED_EDGE('',*,*,#2977,.F.);
#4285=ORIENTED_EDGE('',*,*,#2744,.T.);
#4286=ORIENTED_EDGE('',*,*,#2978,.F.);
#4287=ORIENTED_EDGE('',*,*,#2745,.T.);
#4288=ORIENTED_EDGE('',*,*,#2977,.T.);
#4289=ORIENTED_EDGE('',*,*,#2979,.F.);
#4290=ORIENTED_EDGE('',*,*,#2979,.T.);
#4291=ORIENTED_EDGE('',*,*,#2980,.T.);
#4292=ORIENTED_EDGE('',*,*,#2981,.T.);
#4293=ORIENTED_EDGE('',*,*,#2978,.T.);
#4294=ORIENTED_EDGE('',*,*,#2981,.F.);
#4295=ORIENTED_EDGE('',*,*,#2982,.F.);
#4296=ORIENTED_EDGE('',*,*,#2746,.T.);
#4297=ORIENTED_EDGE('',*,*,#2983,.F.);
#4298=ORIENTED_EDGE('',*,*,#2747,.T.);
#4299=ORIENTED_EDGE('',*,*,#2982,.T.);
#4300=ORIENTED_EDGE('',*,*,#2984,.F.);
#4301=ORIENTED_EDGE('',*,*,#2984,.T.);
#4302=ORIENTED_EDGE('',*,*,#2985,.T.);
#4303=ORIENTED_EDGE('',*,*,#2986,.T.);
#4304=ORIENTED_EDGE('',*,*,#2983,.T.);
#4305=ORIENTED_EDGE('',*,*,#2986,.F.);
#4306=ORIENTED_EDGE('',*,*,#2987,.F.);
#4307=ORIENTED_EDGE('',*,*,#2748,.T.);
#4308=ORIENTED_EDGE('',*,*,#2988,.F.);
#4309=ORIENTED_EDGE('',*,*,#2749,.T.);
#4310=ORIENTED_EDGE('',*,*,#2987,.T.);
#4311=ORIENTED_EDGE('',*,*,#2989,.F.);
#4312=ORIENTED_EDGE('',*,*,#2989,.T.);
#4313=ORIENTED_EDGE('',*,*,#2990,.T.);
#4314=ORIENTED_EDGE('',*,*,#2991,.T.);
#4315=ORIENTED_EDGE('',*,*,#2988,.T.);
#4316=ORIENTED_EDGE('',*,*,#2991,.F.);
#4317=ORIENTED_EDGE('',*,*,#2992,.F.);
#4318=ORIENTED_EDGE('',*,*,#2750,.T.);
#4319=ORIENTED_EDGE('',*,*,#2993,.F.);
#4320=ORIENTED_EDGE('',*,*,#2751,.T.);
#4321=ORIENTED_EDGE('',*,*,#2992,.T.);
#4322=ORIENTED_EDGE('',*,*,#2994,.F.);
#4323=ORIENTED_EDGE('',*,*,#2994,.T.);
#4324=ORIENTED_EDGE('',*,*,#2995,.T.);
#4325=ORIENTED_EDGE('',*,*,#2996,.T.);
#4326=ORIENTED_EDGE('',*,*,#2993,.T.);
#4327=ORIENTED_EDGE('',*,*,#2996,.F.);
#4328=ORIENTED_EDGE('',*,*,#2997,.F.);
#4329=ORIENTED_EDGE('',*,*,#2752,.T.);
#4330=ORIENTED_EDGE('',*,*,#2998,.F.);
#4331=ORIENTED_EDGE('',*,*,#2753,.T.);
#4332=ORIENTED_EDGE('',*,*,#2997,.T.);
#4333=ORIENTED_EDGE('',*,*,#2999,.F.);
#4334=ORIENTED_EDGE('',*,*,#2999,.T.);
#4335=ORIENTED_EDGE('',*,*,#3000,.T.);
#4336=ORIENTED_EDGE('',*,*,#3001,.T.);
#4337=ORIENTED_EDGE('',*,*,#2998,.T.);
#4338=ORIENTED_EDGE('',*,*,#3001,.F.);
#4339=ORIENTED_EDGE('',*,*,#3002,.F.);
#4340=ORIENTED_EDGE('',*,*,#2754,.T.);
#4341=ORIENTED_EDGE('',*,*,#3003,.F.);
#4342=ORIENTED_EDGE('',*,*,#2755,.T.);
#4343=ORIENTED_EDGE('',*,*,#3002,.T.);
#4344=ORIENTED_EDGE('',*,*,#3004,.F.);
#4345=ORIENTED_EDGE('',*,*,#3004,.T.);
#4346=ORIENTED_EDGE('',*,*,#3005,.T.);
#4347=ORIENTED_EDGE('',*,*,#3006,.T.);
#4348=ORIENTED_EDGE('',*,*,#3003,.T.);
#4349=ORIENTED_EDGE('',*,*,#3006,.F.);
#4350=ORIENTED_EDGE('',*,*,#2904,.T.);
#4351=ORIENTED_EDGE('',*,*,#2756,.T.);
#4352=ORIENTED_EDGE('',*,*,#3007,.F.);
#4353=ORIENTED_EDGE('',*,*,#2920,.T.);
#4354=ORIENTED_EDGE('',*,*,#2924,.T.);
#4355=ORIENTED_EDGE('',*,*,#2705,.T.);
#4356=ORIENTED_EDGE('',*,*,#2926,.T.);
#4357=ORIENTED_EDGE('',*,*,#2931,.T.);
#4358=ORIENTED_EDGE('',*,*,#2706,.T.);
#4359=ORIENTED_EDGE('',*,*,#2933,.T.);
#4360=ORIENTED_EDGE('',*,*,#2938,.T.);
#4361=ORIENTED_EDGE('',*,*,#2707,.T.);
#4362=ORIENTED_EDGE('',*,*,#2940,.T.);
#4363=ORIENTED_EDGE('',*,*,#2945,.T.);
#4364=ORIENTED_EDGE('',*,*,#2708,.T.);
#4365=ORIENTED_EDGE('',*,*,#2947,.T.);
#4366=ORIENTED_EDGE('',*,*,#2952,.T.);
#4367=ORIENTED_EDGE('',*,*,#2709,.T.);
#4368=ORIENTED_EDGE('',*,*,#2954,.T.);
#4369=ORIENTED_EDGE('',*,*,#2959,.T.);
#4370=ORIENTED_EDGE('',*,*,#2710,.T.);
#4371=ORIENTED_EDGE('',*,*,#2961,.T.);
#4372=ORIENTED_EDGE('',*,*,#2966,.T.);
#4373=ORIENTED_EDGE('',*,*,#2711,.T.);
#4374=ORIENTED_EDGE('',*,*,#3008,.T.);
#4375=ORIENTED_EDGE('',*,*,#2758,.T.);
#4376=ORIENTED_EDGE('',*,*,#2908,.T.);
#4377=ORIENTED_EDGE('',*,*,#2910,.T.);
#4378=ORIENTED_EDGE('',*,*,#2915,.T.);
#4379=ORIENTED_EDGE('',*,*,#2917,.T.);
#4380=ORIENTED_EDGE('',*,*,#3007,.T.);
#4381=ORIENTED_EDGE('',*,*,#2704,.F.);
#4382=ORIENTED_EDGE('',*,*,#2880,.F.);
#4383=ORIENTED_EDGE('',*,*,#3009,.T.);
#4384=ORIENTED_EDGE('',*,*,#3010,.T.);
#4385=ORIENTED_EDGE('',*,*,#2900,.F.);
#4386=ORIENTED_EDGE('',*,*,#3010,.F.);
#4387=ORIENTED_EDGE('',*,*,#3011,.T.);
#4388=ORIENTED_EDGE('',*,*,#2901,.F.);
#4389=ORIENTED_EDGE('',*,*,#3012,.T.);
#4390=ORIENTED_EDGE('',*,*,#2902,.F.);
#4391=ORIENTED_EDGE('',*,*,#3011,.F.);
#4392=ORIENTED_EDGE('',*,*,#3009,.F.);
#4393=ORIENTED_EDGE('',*,*,#2879,.F.);
#4394=ORIENTED_EDGE('',*,*,#3013,.F.);
#4395=ORIENTED_EDGE('',*,*,#3014,.F.);
#4396=ORIENTED_EDGE('',*,*,#3015,.F.);
#4397=ORIENTED_EDGE('',*,*,#3016,.F.);
#4398=ORIENTED_EDGE('',*,*,#3017,.T.);
#4399=ORIENTED_EDGE('',*,*,#3008,.F.);
#4400=ORIENTED_EDGE('',*,*,#3018,.T.);
#4401=ORIENTED_EDGE('',*,*,#3019,.F.);
#4402=ORIENTED_EDGE('',*,*,#2895,.T.);
#4403=ORIENTED_EDGE('',*,*,#3020,.T.);
#4404=ORIENTED_EDGE('',*,*,#3021,.F.);
#4405=ORIENTED_EDGE('',*,*,#3018,.F.);
#4406=ORIENTED_EDGE('',*,*,#2899,.F.);
#4407=ORIENTED_EDGE('',*,*,#3022,.F.);
#4408=ORIENTED_EDGE('',*,*,#3023,.F.);
#4409=ORIENTED_EDGE('',*,*,#3024,.F.);
#4410=ORIENTED_EDGE('',*,*,#3025,.F.);
#4411=ORIENTED_EDGE('',*,*,#3026,.T.);
#4412=ORIENTED_EDGE('',*,*,#3027,.T.);
#4413=ORIENTED_EDGE('',*,*,#3028,.T.);
#4414=ORIENTED_EDGE('',*,*,#3029,.T.);
#4415=ORIENTED_EDGE('',*,*,#3027,.F.);
#4416=ORIENTED_EDGE('',*,*,#2872,.T.);
#4417=ORIENTED_EDGE('',*,*,#2834,.T.);
#4418=ORIENTED_EDGE('',*,*,#2839,.T.);
#4419=ORIENTED_EDGE('',*,*,#2844,.T.);
#4420=ORIENTED_EDGE('',*,*,#2849,.T.);
#4421=ORIENTED_EDGE('',*,*,#2854,.T.);
#4422=ORIENTED_EDGE('',*,*,#2859,.T.);
#4423=ORIENTED_EDGE('',*,*,#2864,.T.);
#4424=ORIENTED_EDGE('',*,*,#2869,.T.);
#4425=ORIENTED_EDGE('',*,*,#2763,.T.);
#4426=ORIENTED_EDGE('',*,*,#2770,.T.);
#4427=ORIENTED_EDGE('',*,*,#2778,.T.);
#4428=ORIENTED_EDGE('',*,*,#2785,.T.);
#4429=ORIENTED_EDGE('',*,*,#2792,.T.);
#4430=ORIENTED_EDGE('',*,*,#2799,.T.);
#4431=ORIENTED_EDGE('',*,*,#2806,.T.);
#4432=ORIENTED_EDGE('',*,*,#2813,.T.);
#4433=ORIENTED_EDGE('',*,*,#2820,.T.);
#4434=ORIENTED_EDGE('',*,*,#2826,.T.);
#4435=ORIENTED_EDGE('',*,*,#2963,.F.);
#4436=ORIENTED_EDGE('',*,*,#2956,.F.);
#4437=ORIENTED_EDGE('',*,*,#2949,.F.);
#4438=ORIENTED_EDGE('',*,*,#2942,.F.);
#4439=ORIENTED_EDGE('',*,*,#2935,.F.);
#4440=ORIENTED_EDGE('',*,*,#2928,.F.);
#4441=ORIENTED_EDGE('',*,*,#2921,.F.);
#4442=ORIENTED_EDGE('',*,*,#2913,.F.);
#4443=ORIENTED_EDGE('',*,*,#2906,.F.);
#4444=ORIENTED_EDGE('',*,*,#3005,.F.);
#4445=ORIENTED_EDGE('',*,*,#3000,.F.);
#4446=ORIENTED_EDGE('',*,*,#2995,.F.);
#4447=ORIENTED_EDGE('',*,*,#2990,.F.);
#4448=ORIENTED_EDGE('',*,*,#2985,.F.);
#4449=ORIENTED_EDGE('',*,*,#2980,.F.);
#4450=ORIENTED_EDGE('',*,*,#2975,.F.);
#4451=ORIENTED_EDGE('',*,*,#2970,.F.);
#4452=ORIENTED_EDGE('',*,*,#3030,.F.);
#4453=ORIENTED_EDGE('',*,*,#3031,.F.);
#4454=ORIENTED_EDGE('',*,*,#3032,.F.);
#4455=ORIENTED_EDGE('',*,*,#3033,.T.);
#4456=ORIENTED_EDGE('',*,*,#3028,.F.);
#4457=ORIENTED_EDGE('',*,*,#3029,.F.);
#4458=ORIENTED_EDGE('',*,*,#3033,.F.);
#4459=ORIENTED_EDGE('',*,*,#3031,.T.);
#4460=ORIENTED_EDGE('',*,*,#3032,.T.);
#4461=ORIENTED_EDGE('',*,*,#3034,.T.);
#4462=ORIENTED_EDGE('',*,*,#3030,.T.);
#4463=ORIENTED_EDGE('',*,*,#3034,.F.);
#4464=ORIENTED_EDGE('',*,*,#3035,.F.);
#4465=ORIENTED_EDGE('',*,*,#3036,.F.);
#4466=ORIENTED_EDGE('',*,*,#3037,.F.);
#4467=ORIENTED_EDGE('',*,*,#3038,.T.);
#4468=ORIENTED_EDGE('',*,*,#3039,.T.);
#4469=ORIENTED_EDGE('',*,*,#3038,.F.);
#4470=ORIENTED_EDGE('',*,*,#3039,.F.);
#4471=ORIENTED_EDGE('',*,*,#3040,.T.);
#4472=ORIENTED_EDGE('',*,*,#3040,.F.);
#4473=ORIENTED_EDGE('',*,*,#3041,.T.);
#4474=ORIENTED_EDGE('',*,*,#3042,.F.);
#4475=ORIENTED_EDGE('',*,*,#3041,.F.);
#4476=ORIENTED_EDGE('',*,*,#3043,.T.);
#4477=ORIENTED_EDGE('',*,*,#3044,.T.);
#4478=ORIENTED_EDGE('',*,*,#3042,.T.);
#4479=ORIENTED_EDGE('',*,*,#3044,.F.);
#4480=ORIENTED_EDGE('',*,*,#3036,.T.);
#4481=ORIENTED_EDGE('',*,*,#3045,.T.);
#4482=ORIENTED_EDGE('',*,*,#3046,.T.);
#4483=ORIENTED_EDGE('',*,*,#3045,.F.);
#4484=ORIENTED_EDGE('',*,*,#3047,.F.);
#4485=ORIENTED_EDGE('',*,*,#3048,.T.);
#4486=ORIENTED_EDGE('',*,*,#3046,.F.);
#4487=ORIENTED_EDGE('',*,*,#3048,.F.);
#4488=ORIENTED_EDGE('',*,*,#3049,.F.);
#4489=ORIENTED_EDGE('',*,*,#3050,.F.);
#4490=ORIENTED_EDGE('',*,*,#3051,.F.);
#4491=ORIENTED_EDGE('',*,*,#3052,.F.);
#4492=ORIENTED_EDGE('',*,*,#3053,.T.);
#4493=ORIENTED_EDGE('',*,*,#2679,.T.);
#4494=ORIENTED_EDGE('',*,*,#2677,.T.);
#4495=ORIENTED_EDGE('',*,*,#2673,.T.);
#4496=ORIENTED_EDGE('',*,*,#2667,.T.);
#4497=ORIENTED_EDGE('',*,*,#3047,.T.);
#4498=ORIENTED_EDGE('',*,*,#3043,.F.);
#4499=ORIENTED_EDGE('',*,*,#2890,.T.);
#4500=ORIENTED_EDGE('',*,*,#2887,.F.);
#4501=ORIENTED_EDGE('',*,*,#2697,.F.);
#4502=ORIENTED_EDGE('',*,*,#3054,.F.);
#4503=ORIENTED_EDGE('',*,*,#3055,.T.);
#4504=ORIENTED_EDGE('',*,*,#2671,.T.);
#4505=ORIENTED_EDGE('',*,*,#2329,.T.);
#4506=ORIENTED_EDGE('',*,*,#2515,.T.);
#4507=ORIENTED_EDGE('',*,*,#3056,.F.);
#4508=ORIENTED_EDGE('',*,*,#3054,.T.);
#4509=ORIENTED_EDGE('',*,*,#2897,.T.);
#4510=ORIENTED_EDGE('',*,*,#3057,.T.);
#4511=ORIENTED_EDGE('',*,*,#3058,.T.);
#4512=ORIENTED_EDGE('',*,*,#3056,.T.);
#4513=ORIENTED_EDGE('',*,*,#3059,.F.);
#4514=ORIENTED_EDGE('',*,*,#3050,.T.);
#4515=ORIENTED_EDGE('',*,*,#3060,.F.);
#4516=ORIENTED_EDGE('',*,*,#3051,.T.);
#4517=ORIENTED_EDGE('',*,*,#3059,.T.);
#4518=ORIENTED_EDGE('',*,*,#3061,.T.);
#4519=ORIENTED_EDGE('',*,*,#3062,.F.);
#4520=ORIENTED_EDGE('',*,*,#3052,.T.);
#4521=ORIENTED_EDGE('',*,*,#3060,.T.);
#4522=ORIENTED_EDGE('',*,*,#3022,.T.);
#4523=ORIENTED_EDGE('',*,*,#3063,.T.);
#4524=ORIENTED_EDGE('',*,*,#3064,.T.);
#4525=ORIENTED_EDGE('',*,*,#3065,.T.);
#4526=ORIENTED_EDGE('',*,*,#3016,.T.);
#4527=ORIENTED_EDGE('',*,*,#3066,.T.);
#4528=ORIENTED_EDGE('',*,*,#3067,.T.);
#4529=ORIENTED_EDGE('',*,*,#3066,.F.);
#4530=ORIENTED_EDGE('',*,*,#3015,.T.);
#4531=ORIENTED_EDGE('',*,*,#3068,.F.);
#4532=ORIENTED_EDGE('',*,*,#3069,.T.);
#4533=ORIENTED_EDGE('',*,*,#3068,.T.);
#4534=ORIENTED_EDGE('',*,*,#3014,.T.);
#4535=ORIENTED_EDGE('',*,*,#3070,.F.);
#4536=ORIENTED_EDGE('',*,*,#3071,.T.);
#4537=ORIENTED_EDGE('',*,*,#3072,.T.);
#4538=ORIENTED_EDGE('',*,*,#3071,.F.);
#4539=ORIENTED_EDGE('',*,*,#3024,.T.);
#4540=ORIENTED_EDGE('',*,*,#3073,.F.);
#4541=ORIENTED_EDGE('',*,*,#3074,.T.);
#4542=ORIENTED_EDGE('',*,*,#3075,.T.);
#4543=ORIENTED_EDGE('',*,*,#3076,.T.);
#4544=ORIENTED_EDGE('',*,*,#3073,.T.);
#4545=ORIENTED_EDGE('',*,*,#3023,.T.);
#4546=ORIENTED_EDGE('',*,*,#3061,.F.);
#4547=ORIENTED_EDGE('',*,*,#3057,.F.);
#4548=ORIENTED_EDGE('',*,*,#2896,.F.);
#4549=ORIENTED_EDGE('',*,*,#2892,.F.);
#4550=ORIENTED_EDGE('',*,*,#2894,.F.);
#4551=ORIENTED_EDGE('',*,*,#3019,.T.);
#4552=ORIENTED_EDGE('',*,*,#3021,.T.);
#4553=ORIENTED_EDGE('',*,*,#3026,.F.);
#4554=ORIENTED_EDGE('',*,*,#2884,.F.);
#4555=ORIENTED_EDGE('',*,*,#3064,.F.);
#4556=ORIENTED_EDGE('',*,*,#3077,.F.);
#4557=ORIENTED_EDGE('',*,*,#3075,.F.);
#4558=ORIENTED_EDGE('',*,*,#3078,.F.);
#4559=ORIENTED_EDGE('',*,*,#3012,.F.);
#4560=ORIENTED_EDGE('',*,*,#2878,.F.);
#4561=ORIENTED_EDGE('',*,*,#3078,.T.);
#4562=ORIENTED_EDGE('',*,*,#3074,.F.);
#4563=ORIENTED_EDGE('',*,*,#3020,.F.);
#4564=ORIENTED_EDGE('',*,*,#2898,.F.);
#4565=ORIENTED_EDGE('',*,*,#3067,.F.);
#4566=ORIENTED_EDGE('',*,*,#3069,.F.);
#4567=ORIENTED_EDGE('',*,*,#3072,.F.);
#4568=ORIENTED_EDGE('',*,*,#3076,.F.);
#4569=ORIENTED_EDGE('',*,*,#3077,.T.);
#4570=ORIENTED_EDGE('',*,*,#3063,.F.);
#4571=ORIENTED_EDGE('',*,*,#3055,.F.);
#4572=ORIENTED_EDGE('',*,*,#3058,.F.);
#4573=ORIENTED_EDGE('',*,*,#3049,.T.);
#4574=ORIENTED_EDGE('',*,*,#2672,.T.);
#4575=ORIENTED_EDGE('',*,*,#2889,.F.);
#4576=ORIENTED_EDGE('',*,*,#2508,.T.);
#4577=ORIENTED_EDGE('',*,*,#2682,.T.);
#4578=ORIENTED_EDGE('',*,*,#3079,.T.);
#4579=ORIENTED_EDGE('',*,*,#3065,.F.);
#4580=ORIENTED_EDGE('',*,*,#2883,.F.);
#4581=ORIENTED_EDGE('',*,*,#3080,.F.);
#4582=ORIENTED_EDGE('',*,*,#2661,.F.);
#4583=ORIENTED_EDGE('',*,*,#3037,.T.);
#4584=ORIENTED_EDGE('',*,*,#3080,.T.);
#4585=ORIENTED_EDGE('',*,*,#3081,.T.);
#4586=ORIENTED_EDGE('',*,*,#3035,.T.);
#4587=ORIENTED_EDGE('',*,*,#3081,.F.);
#4588=ORIENTED_EDGE('',*,*,#3053,.F.);
#4589=ORIENTED_EDGE('',*,*,#3062,.T.);
#4590=ORIENTED_EDGE('',*,*,#3082,.F.);
#4591=ORIENTED_EDGE('',*,*,#2678,.F.);
#4592=ORIENTED_EDGE('',*,*,#3082,.T.);
#4593=ORIENTED_EDGE('',*,*,#3025,.T.);
#4594=ORIENTED_EDGE('',*,*,#3070,.T.);
#4595=ORIENTED_EDGE('',*,*,#3013,.T.);
#4596=ORIENTED_EDGE('',*,*,#3083,.F.);
#4597=ORIENTED_EDGE('',*,*,#2639,.F.);
#4598=ORIENTED_EDGE('',*,*,#2688,.F.);
#4599=ORIENTED_EDGE('',*,*,#2649,.F.);
#4600=ORIENTED_EDGE('',*,*,#3083,.T.);
#4601=ORIENTED_EDGE('',*,*,#3017,.F.);
#4602=ORIENTED_EDGE('',*,*,#3079,.F.);
#4603=ORIENTED_EDGE('',*,*,#2640,.T.);
#4604=PLANE('',#5129);
#4605=PLANE('',#5131);
#4606=PLANE('',#5185);
#4607=PLANE('',#5188);
#4608=PLANE('',#5189);
#4609=PLANE('',#5192);
#4610=PLANE('',#5193);
#4611=PLANE('',#5197);
#4612=PLANE('',#5199);
#4613=PLANE('',#5203);
#4614=PLANE('',#5205);
#4615=PLANE('',#5209);
#4616=PLANE('',#5211);
#4617=PLANE('',#5215);
#4618=PLANE('',#5217);
#4619=PLANE('',#5221);
#4620=PLANE('',#5223);
#4621=PLANE('',#5227);
#4622=PLANE('',#5229);
#4623=PLANE('',#5233);
#4624=PLANE('',#5235);
#4625=PLANE('',#5239);
#4626=PLANE('',#5240);
#4627=PLANE('',#5243);
#4628=PLANE('',#5244);
#4629=PLANE('',#5247);
#4630=PLANE('',#5248);
#4631=PLANE('',#5251);
#4632=PLANE('',#5252);
#4633=PLANE('',#5255);
#4634=PLANE('',#5256);
#4635=PLANE('',#5259);
#4636=PLANE('',#5260);
#4637=PLANE('',#5263);
#4638=PLANE('',#5264);
#4639=PLANE('',#5267);
#4640=PLANE('',#5268);
#4641=PLANE('',#5271);
#4642=PLANE('',#5283);
#4643=PLANE('',#5305);
#4644=PLANE('',#5307);
#4645=PLANE('',#5310);
#4646=PLANE('',#5311);
#4647=PLANE('',#5314);
#4648=PLANE('',#5315);
#4649=PLANE('',#5319);
#4650=PLANE('',#5321);
#4651=PLANE('',#5325);
#4652=PLANE('',#5327);
#4653=PLANE('',#5331);
#4654=PLANE('',#5333);
#4655=PLANE('',#5337);
#4656=PLANE('',#5339);
#4657=PLANE('',#5343);
#4658=PLANE('',#5345);
#4659=PLANE('',#5349);
#4660=PLANE('',#5351);
#4661=PLANE('',#5355);
#4662=PLANE('',#5357);
#4663=PLANE('',#5358);
#4664=PLANE('',#5359);
#4665=PLANE('',#5362);
#4666=PLANE('',#5363);
#4667=PLANE('',#5366);
#4668=PLANE('',#5367);
#4669=PLANE('',#5370);
#4670=PLANE('',#5371);
#4671=PLANE('',#5374);
#4672=PLANE('',#5375);
#4673=PLANE('',#5378);
#4674=PLANE('',#5379);
#4675=PLANE('',#5382);
#4676=PLANE('',#5383);
#4677=PLANE('',#5386);
#4678=PLANE('',#5387);
#4679=PLANE('',#5390);
#4680=PLANE('',#5398);
#4681=PLANE('',#5418);
#4682=PLANE('',#5428);
#4683=PLANE('',#5438);
#4684=PLANE('',#5445);
#4685=PLANE('',#5448);
#4686=PLANE('',#5451);
#4687=PLANE('',#5452);
#4688=PLANE('',#5453);
#4689=PLANE('',#5455);
#4690=PLANE('',#5509);
#4691=PLANE('',#5512);
#4692=PLANE('',#5513);
#4693=PLANE('',#5516);
#4694=PLANE('',#5517);
#4695=PLANE('',#5521);
#4696=PLANE('',#5523);
#4697=PLANE('',#5527);
#4698=PLANE('',#5529);
#4699=PLANE('',#5533);
#4700=PLANE('',#5535);
#4701=PLANE('',#5539);
#4702=PLANE('',#5541);
#4703=PLANE('',#5545);
#4704=PLANE('',#5547);
#4705=PLANE('',#5551);
#4706=PLANE('',#5553);
#4707=PLANE('',#5557);
#4708=PLANE('',#5559);
#4709=PLANE('',#5563);
#4710=PLANE('',#5564);
#4711=PLANE('',#5567);
#4712=PLANE('',#5568);
#4713=PLANE('',#5571);
#4714=PLANE('',#5572);
#4715=PLANE('',#5575);
#4716=PLANE('',#5576);
#4717=PLANE('',#5579);
#4718=PLANE('',#5580);
#4719=PLANE('',#5583);
#4720=PLANE('',#5584);
#4721=PLANE('',#5587);
#4722=PLANE('',#5588);
#4723=PLANE('',#5591);
#4724=PLANE('',#5592);
#4725=PLANE('',#5595);
#4726=PLANE('',#5607);
#4727=PLANE('',#5630);
#4728=PLANE('',#5632);
#4729=PLANE('',#5635);
#4730=PLANE('',#5636);
#4731=PLANE('',#5639);
#4732=PLANE('',#5640);
#4733=PLANE('',#5644);
#4734=PLANE('',#5646);
#4735=PLANE('',#5650);
#4736=PLANE('',#5652);
#4737=PLANE('',#5656);
#4738=PLANE('',#5658);
#4739=PLANE('',#5662);
#4740=PLANE('',#5664);
#4741=PLANE('',#5668);
#4742=PLANE('',#5670);
#4743=PLANE('',#5674);
#4744=PLANE('',#5676);
#4745=PLANE('',#5680);
#4746=PLANE('',#5682);
#4747=PLANE('',#5683);
#4748=PLANE('',#5684);
#4749=PLANE('',#5687);
#4750=PLANE('',#5688);
#4751=PLANE('',#5691);
#4752=PLANE('',#5692);
#4753=PLANE('',#5695);
#4754=PLANE('',#5696);
#4755=PLANE('',#5699);
#4756=PLANE('',#5700);
#4757=PLANE('',#5703);
#4758=PLANE('',#5704);
#4759=PLANE('',#5707);
#4760=PLANE('',#5708);
#4761=PLANE('',#5711);
#4762=PLANE('',#5712);
#4763=PLANE('',#5715);
#4764=PLANE('',#5723);
#4765=PLANE('',#5743);
#4766=PLANE('',#5750);
#4767=PLANE('',#5756);
#4768=PLANE('',#5766);
#4769=PLANE('',#5769);
#4770=PLANE('',#5773);
#4771=PLANE('',#5779);
#4772=PLANE('',#5782);
#4773=PLANE('',#5785);
#4774=PLANE('',#5786);
#4775=PLANE('',#5787);
#4776=PLANE('',#5788);
#4777=PLANE('',#5791);
#4778=PLANE('',#5792);
#4779=ADVANCED_FACE('',(#504),#4604,.F.);
#4780=ADVANCED_FACE('',(#505),#4605,.T.);
#4781=ADVANCED_FACE('',(#506),#267,.T.);
#4782=ADVANCED_FACE('',(#507),#4606,.F.);
#4783=ADVANCED_FACE('',(#508),#44,.T.);
#4784=ADVANCED_FACE('',(#509),#4607,.T.);
#4785=ADVANCED_FACE('',(#510),#4608,.F.);
#4786=ADVANCED_FACE('',(#511),#45,.T.);
#4787=ADVANCED_FACE('',(#512),#4609,.T.);
#4788=ADVANCED_FACE('',(#513),#4610,.F.);
#4789=ADVANCED_FACE('',(#514),#46,.T.);
#4790=ADVANCED_FACE('',(#515),#4611,.T.);
#4791=ADVANCED_FACE('',(#516),#4612,.F.);
#4792=ADVANCED_FACE('',(#517),#47,.T.);
#4793=ADVANCED_FACE('',(#518),#4613,.T.);
#4794=ADVANCED_FACE('',(#519),#4614,.F.);
#4795=ADVANCED_FACE('',(#520),#48,.T.);
#4796=ADVANCED_FACE('',(#521),#4615,.T.);
#4797=ADVANCED_FACE('',(#522),#4616,.F.);
#4798=ADVANCED_FACE('',(#523),#49,.T.);
#4799=ADVANCED_FACE('',(#524),#4617,.T.);
#4800=ADVANCED_FACE('',(#525),#4618,.F.);
#4801=ADVANCED_FACE('',(#526),#50,.T.);
#4802=ADVANCED_FACE('',(#527),#4619,.T.);
#4803=ADVANCED_FACE('',(#528),#4620,.F.);
#4804=ADVANCED_FACE('',(#529),#51,.T.);
#4805=ADVANCED_FACE('',(#530),#4621,.T.);
#4806=ADVANCED_FACE('',(#531),#4622,.F.);
#4807=ADVANCED_FACE('',(#532),#52,.T.);
#4808=ADVANCED_FACE('',(#533),#4623,.T.);
#4809=ADVANCED_FACE('',(#534),#4624,.F.);
#4810=ADVANCED_FACE('',(#535),#53,.T.);
#4811=ADVANCED_FACE('',(#536),#4625,.T.);
#4812=ADVANCED_FACE('',(#537),#4626,.F.);
#4813=ADVANCED_FACE('',(#538),#54,.T.);
#4814=ADVANCED_FACE('',(#539),#4627,.T.);
#4815=ADVANCED_FACE('',(#540),#4628,.F.);
#4816=ADVANCED_FACE('',(#541),#55,.T.);
#4817=ADVANCED_FACE('',(#542),#4629,.T.);
#4818=ADVANCED_FACE('',(#543),#4630,.F.);
#4819=ADVANCED_FACE('',(#544),#56,.T.);
#4820=ADVANCED_FACE('',(#545),#4631,.T.);
#4821=ADVANCED_FACE('',(#546),#4632,.F.);
#4822=ADVANCED_FACE('',(#547),#57,.T.);
#4823=ADVANCED_FACE('',(#548),#4633,.T.);
#4824=ADVANCED_FACE('',(#549),#4634,.F.);
#4825=ADVANCED_FACE('',(#550),#58,.T.);
#4826=ADVANCED_FACE('',(#551),#4635,.T.);
#4827=ADVANCED_FACE('',(#552),#4636,.F.);
#4828=ADVANCED_FACE('',(#553),#59,.T.);
#4829=ADVANCED_FACE('',(#554),#4637,.T.);
#4830=ADVANCED_FACE('',(#555),#4638,.F.);
#4831=ADVANCED_FACE('',(#556),#60,.T.);
#4832=ADVANCED_FACE('',(#557),#4639,.T.);
#4833=ADVANCED_FACE('',(#558),#4640,.F.);
#4834=ADVANCED_FACE('',(#559),#61,.T.);
#4835=ADVANCED_FACE('',(#560),#4641,.T.);
#4836=ADVANCED_FACE('',(#561),#268,.F.);
#4837=ADVANCED_FACE('',(#562),#269,.F.);
#4838=ADVANCED_FACE('',(#563),#270,.F.);
#4839=ADVANCED_FACE('',(#564),#271,.F.);
#4840=ADVANCED_FACE('',(#565),#272,.F.);
#4841=ADVANCED_FACE('',(#566),#273,.F.);
#4842=ADVANCED_FACE('',(#567),#274,.F.);
#4843=ADVANCED_FACE('',(#568),#275,.F.);
#4844=ADVANCED_FACE('',(#569),#62,.T.);
#4845=ADVANCED_FACE('',(#570),#4642,.F.);
#4846=ADVANCED_FACE('',(#571),#276,.F.);
#4847=ADVANCED_FACE('',(#572),#277,.T.);
#4848=ADVANCED_FACE('',(#573),#38,.T.);
#4849=ADVANCED_FACE('',(#574),#28,.T.);
#4850=ADVANCED_FACE('',(#575),#278,.T.);
#4851=ADVANCED_FACE('',(#576),#29,.T.);
#4852=ADVANCED_FACE('',(#577),#279,.T.);
#4853=ADVANCED_FACE('',(#578),#4643,.T.);
#4854=ADVANCED_FACE('',(#579),#4644,.T.);
#4855=ADVANCED_FACE('',(#580),#63,.T.);
#4856=ADVANCED_FACE('',(#581),#4645,.F.);
#4857=ADVANCED_FACE('',(#582),#4646,.T.);
#4858=ADVANCED_FACE('',(#583),#64,.T.);
#4859=ADVANCED_FACE('',(#584),#4647,.F.);
#4860=ADVANCED_FACE('',(#585),#4648,.T.);
#4861=ADVANCED_FACE('',(#586),#65,.T.);
#4862=ADVANCED_FACE('',(#587),#4649,.F.);
#4863=ADVANCED_FACE('',(#588),#4650,.T.);
#4864=ADVANCED_FACE('',(#589),#66,.T.);
#4865=ADVANCED_FACE('',(#590),#4651,.F.);
#4866=ADVANCED_FACE('',(#591),#4652,.T.);
#4867=ADVANCED_FACE('',(#592),#67,.T.);
#4868=ADVANCED_FACE('',(#593),#4653,.F.);
#4869=ADVANCED_FACE('',(#594),#4654,.T.);
#4870=ADVANCED_FACE('',(#595),#68,.T.);
#4871=ADVANCED_FACE('',(#596),#4655,.F.);
#4872=ADVANCED_FACE('',(#597),#4656,.T.);
#4873=ADVANCED_FACE('',(#598),#69,.T.);
#4874=ADVANCED_FACE('',(#599),#4657,.F.);
#4875=ADVANCED_FACE('',(#600),#4658,.T.);
#4876=ADVANCED_FACE('',(#601),#70,.T.);
#4877=ADVANCED_FACE('',(#602),#4659,.F.);
#4878=ADVANCED_FACE('',(#603),#4660,.T.);
#4879=ADVANCED_FACE('',(#604),#71,.T.);
#4880=ADVANCED_FACE('',(#605),#4661,.F.);
#4881=ADVANCED_FACE('',(#606),#4662,.T.);
#4882=ADVANCED_FACE('',(#607),#4663,.F.);
#4883=ADVANCED_FACE('',(#608),#4664,.T.);
#4884=ADVANCED_FACE('',(#609),#72,.T.);
#4885=ADVANCED_FACE('',(#610),#4665,.F.);
#4886=ADVANCED_FACE('',(#611),#4666,.T.);
#4887=ADVANCED_FACE('',(#612),#73,.T.);
#4888=ADVANCED_FACE('',(#613),#4667,.F.);
#4889=ADVANCED_FACE('',(#614),#4668,.T.);
#4890=ADVANCED_FACE('',(#615),#74,.T.);
#4891=ADVANCED_FACE('',(#616),#4669,.F.);
#4892=ADVANCED_FACE('',(#617),#4670,.T.);
#4893=ADVANCED_FACE('',(#618),#75,.T.);
#4894=ADVANCED_FACE('',(#619),#4671,.F.);
#4895=ADVANCED_FACE('',(#620),#4672,.T.);
#4896=ADVANCED_FACE('',(#621),#76,.T.);
#4897=ADVANCED_FACE('',(#622),#4673,.F.);
#4898=ADVANCED_FACE('',(#623),#4674,.T.);
#4899=ADVANCED_FACE('',(#624),#77,.T.);
#4900=ADVANCED_FACE('',(#625),#4675,.F.);
#4901=ADVANCED_FACE('',(#626),#4676,.T.);
#4902=ADVANCED_FACE('',(#627),#78,.T.);
#4903=ADVANCED_FACE('',(#628),#4677,.F.);
#4904=ADVANCED_FACE('',(#629),#4678,.T.);
#4905=ADVANCED_FACE('',(#630),#79,.T.);
#4906=ADVANCED_FACE('',(#631),#4679,.F.);
#4907=ADVANCED_FACE('',(#632),#280,.F.);
#4908=ADVANCED_FACE('',(#633),#281,.F.);
#4909=ADVANCED_FACE('',(#634),#282,.F.);
#4910=ADVANCED_FACE('',(#635),#283,.F.);
#4911=ADVANCED_FACE('',(#636),#284,.F.);
#4912=ADVANCED_FACE('',(#637),#285,.F.);
#4913=ADVANCED_FACE('',(#638),#286,.F.);
#4914=ADVANCED_FACE('',(#639),#4680,.T.);
#4915=ADVANCED_FACE('',(#640),#287,.T.);
#4916=ADVANCED_FACE('',(#641),#39,.F.);
#4917=ADVANCED_FACE('',(#642),#30,.T.);
#4918=ADVANCED_FACE('',(#643),#288,.T.);
#4919=ADVANCED_FACE('',(#644),#289,.T.);
#4920=ADVANCED_FACE('',(#645),#290,.T.);
#4921=ADVANCED_FACE('',(#646),#31,.T.);
#4922=ADVANCED_FACE('',(#647,#15),#4681,.T.);
#4923=ADVANCED_FACE('',(#648),#291,.F.);
#4924=ADVANCED_FACE('',(#649),#32,.T.);
#4925=ADVANCED_FACE('',(#650),#292,.F.);
#4926=ADVANCED_FACE('',(#651,#16),#4682,.T.);
#4927=ADVANCED_FACE('',(#652),#293,.F.);
#4928=ADVANCED_FACE('',(#653),#80,.F.);
#4929=ADVANCED_FACE('',(#654),#294,.T.);
#4930=ADVANCED_FACE('',(#655),#81,.T.);
#4931=ADVANCED_FACE('',(#656),#4683,.F.);
#4932=ADVANCED_FACE('',(#657),#82,.T.);
#4933=ADVANCED_FACE('',(#658),#295,.F.);
#4934=ADVANCED_FACE('',(#659),#40,.F.);
#4935=ADVANCED_FACE('',(#660),#4684,.T.);
#4936=ADVANCED_FACE('',(#661),#296,.T.);
#4937=ADVANCED_FACE('',(#662,#17),#4685,.F.);
#4938=ADVANCED_FACE('',(#663),#297,.F.);
#4939=ADVANCED_FACE('',(#664),#4686,.T.);
#4940=ADVANCED_FACE('',(#665),#4687,.T.);
#4941=ADVANCED_FACE('',(#666),#4688,.T.);
#4942=ADVANCED_FACE('',(#667),#4689,.F.);
#4943=ADVANCED_FACE('',(#668),#298,.T.);
#4944=ADVANCED_FACE('',(#669),#4690,.T.);
#4945=ADVANCED_FACE('',(#670),#83,.T.);
#4946=ADVANCED_FACE('',(#671),#4691,.F.);
#4947=ADVANCED_FACE('',(#672),#4692,.T.);
#4948=ADVANCED_FACE('',(#673),#84,.T.);
#4949=ADVANCED_FACE('',(#674),#4693,.F.);
#4950=ADVANCED_FACE('',(#675),#4694,.T.);
#4951=ADVANCED_FACE('',(#676),#85,.T.);
#4952=ADVANCED_FACE('',(#677),#4695,.F.);
#4953=ADVANCED_FACE('',(#678),#4696,.T.);
#4954=ADVANCED_FACE('',(#679),#86,.T.);
#4955=ADVANCED_FACE('',(#680),#4697,.F.);
#4956=ADVANCED_FACE('',(#681),#4698,.T.);
#4957=ADVANCED_FACE('',(#682),#87,.T.);
#4958=ADVANCED_FACE('',(#683),#4699,.F.);
#4959=ADVANCED_FACE('',(#684),#4700,.T.);
#4960=ADVANCED_FACE('',(#685),#88,.T.);
#4961=ADVANCED_FACE('',(#686),#4701,.F.);
#4962=ADVANCED_FACE('',(#687),#4702,.T.);
#4963=ADVANCED_FACE('',(#688),#89,.T.);
#4964=ADVANCED_FACE('',(#689),#4703,.F.);
#4965=ADVANCED_FACE('',(#690),#4704,.T.);
#4966=ADVANCED_FACE('',(#691),#90,.T.);
#4967=ADVANCED_FACE('',(#692),#4705,.F.);
#4968=ADVANCED_FACE('',(#693),#4706,.T.);
#4969=ADVANCED_FACE('',(#694),#91,.T.);
#4970=ADVANCED_FACE('',(#695),#4707,.F.);
#4971=ADVANCED_FACE('',(#696),#4708,.T.);
#4972=ADVANCED_FACE('',(#697),#92,.T.);
#4973=ADVANCED_FACE('',(#698),#4709,.F.);
#4974=ADVANCED_FACE('',(#699),#4710,.T.);
#4975=ADVANCED_FACE('',(#700),#93,.T.);
#4976=ADVANCED_FACE('',(#701),#4711,.F.);
#4977=ADVANCED_FACE('',(#702),#4712,.T.);
#4978=ADVANCED_FACE('',(#703),#94,.T.);
#4979=ADVANCED_FACE('',(#704),#4713,.F.);
#4980=ADVANCED_FACE('',(#705),#4714,.T.);
#4981=ADVANCED_FACE('',(#706),#95,.T.);
#4982=ADVANCED_FACE('',(#707),#4715,.F.);
#4983=ADVANCED_FACE('',(#708),#4716,.T.);
#4984=ADVANCED_FACE('',(#709),#96,.T.);
#4985=ADVANCED_FACE('',(#710),#4717,.F.);
#4986=ADVANCED_FACE('',(#711),#4718,.T.);
#4987=ADVANCED_FACE('',(#712),#97,.T.);
#4988=ADVANCED_FACE('',(#713),#4719,.F.);
#4989=ADVANCED_FACE('',(#714),#4720,.T.);
#4990=ADVANCED_FACE('',(#715),#98,.T.);
#4991=ADVANCED_FACE('',(#716),#4721,.F.);
#4992=ADVANCED_FACE('',(#717),#4722,.T.);
#4993=ADVANCED_FACE('',(#718),#99,.T.);
#4994=ADVANCED_FACE('',(#719),#4723,.F.);
#4995=ADVANCED_FACE('',(#720),#4724,.T.);
#4996=ADVANCED_FACE('',(#721),#100,.T.);
#4997=ADVANCED_FACE('',(#722),#4725,.F.);
#4998=ADVANCED_FACE('',(#723),#299,.F.);
#4999=ADVANCED_FACE('',(#724),#300,.F.);
#5000=ADVANCED_FACE('',(#725),#301,.F.);
#5001=ADVANCED_FACE('',(#726),#302,.F.);
#5002=ADVANCED_FACE('',(#727),#303,.F.);
#5003=ADVANCED_FACE('',(#728),#304,.F.);
#5004=ADVANCED_FACE('',(#729),#305,.F.);
#5005=ADVANCED_FACE('',(#730),#306,.F.);
#5006=ADVANCED_FACE('',(#731),#101,.T.);
#5007=ADVANCED_FACE('',(#732),#4726,.T.);
#5008=ADVANCED_FACE('',(#733),#307,.F.);
#5009=ADVANCED_FACE('',(#734),#308,.T.);
#5010=ADVANCED_FACE('',(#735),#41,.F.);
#5011=ADVANCED_FACE('',(#736),#33,.T.);
#5012=ADVANCED_FACE('',(#737),#309,.T.);
#5013=ADVANCED_FACE('',(#738),#310,.T.);
#5014=ADVANCED_FACE('',(#739),#34,.T.);
#5015=ADVANCED_FACE('',(#740),#311,.T.);
#5016=ADVANCED_FACE('',(#741),#4727,.F.);
#5017=ADVANCED_FACE('',(#742),#4728,.F.);
#5018=ADVANCED_FACE('',(#743),#102,.T.);
#5019=ADVANCED_FACE('',(#744),#4729,.T.);
#5020=ADVANCED_FACE('',(#745),#4730,.F.);
#5021=ADVANCED_FACE('',(#746),#103,.T.);
#5022=ADVANCED_FACE('',(#747),#4731,.T.);
#5023=ADVANCED_FACE('',(#748),#4732,.F.);
#5024=ADVANCED_FACE('',(#749),#104,.T.);
#5025=ADVANCED_FACE('',(#750),#4733,.T.);
#5026=ADVANCED_FACE('',(#751),#4734,.F.);
#5027=ADVANCED_FACE('',(#752),#105,.T.);
#5028=ADVANCED_FACE('',(#753),#4735,.T.);
#5029=ADVANCED_FACE('',(#754),#4736,.F.);
#5030=ADVANCED_FACE('',(#755),#106,.T.);
#5031=ADVANCED_FACE('',(#756),#4737,.T.);
#5032=ADVANCED_FACE('',(#757),#4738,.F.);
#5033=ADVANCED_FACE('',(#758),#107,.T.);
#5034=ADVANCED_FACE('',(#759),#4739,.T.);
#5035=ADVANCED_FACE('',(#760),#4740,.F.);
#5036=ADVANCED_FACE('',(#761),#108,.T.);
#5037=ADVANCED_FACE('',(#762),#4741,.T.);
#5038=ADVANCED_FACE('',(#763),#4742,.F.);
#5039=ADVANCED_FACE('',(#764),#109,.T.);
#5040=ADVANCED_FACE('',(#765),#4743,.T.);
#5041=ADVANCED_FACE('',(#766),#4744,.F.);
#5042=ADVANCED_FACE('',(#767),#110,.T.);
#5043=ADVANCED_FACE('',(#768),#4745,.T.);
#5044=ADVANCED_FACE('',(#769),#4746,.F.);
#5045=ADVANCED_FACE('',(#770),#4747,.T.);
#5046=ADVANCED_FACE('',(#771),#4748,.F.);
#5047=ADVANCED_FACE('',(#772),#111,.T.);
#5048=ADVANCED_FACE('',(#773),#4749,.T.);
#5049=ADVANCED_FACE('',(#774),#4750,.F.);
#5050=ADVANCED_FACE('',(#775),#112,.T.);
#5051=ADVANCED_FACE('',(#776),#4751,.T.);
#5052=ADVANCED_FACE('',(#777),#4752,.F.);
#5053=ADVANCED_FACE('',(#778),#113,.T.);
#5054=ADVANCED_FACE('',(#779),#4753,.T.);
#5055=ADVANCED_FACE('',(#780),#4754,.F.);
#5056=ADVANCED_FACE('',(#781),#114,.T.);
#5057=ADVANCED_FACE('',(#782),#4755,.T.);
#5058=ADVANCED_FACE('',(#783),#4756,.F.);
#5059=ADVANCED_FACE('',(#784),#115,.T.);
#5060=ADVANCED_FACE('',(#785),#4757,.T.);
#5061=ADVANCED_FACE('',(#786),#4758,.F.);
#5062=ADVANCED_FACE('',(#787),#116,.T.);
#5063=ADVANCED_FACE('',(#788),#4759,.T.);
#5064=ADVANCED_FACE('',(#789),#4760,.F.);
#5065=ADVANCED_FACE('',(#790),#117,.T.);
#5066=ADVANCED_FACE('',(#791),#4761,.T.);
#5067=ADVANCED_FACE('',(#792),#4762,.F.);
#5068=ADVANCED_FACE('',(#793),#118,.T.);
#5069=ADVANCED_FACE('',(#794),#4763,.T.);
#5070=ADVANCED_FACE('',(#795),#312,.F.);
#5071=ADVANCED_FACE('',(#796),#313,.F.);
#5072=ADVANCED_FACE('',(#797),#314,.F.);
#5073=ADVANCED_FACE('',(#798),#315,.F.);
#5074=ADVANCED_FACE('',(#799),#316,.F.);
#5075=ADVANCED_FACE('',(#800),#317,.F.);
#5076=ADVANCED_FACE('',(#801),#318,.F.);
#5077=ADVANCED_FACE('',(#802),#4764,.F.);
#5078=ADVANCED_FACE('',(#803),#319,.T.);
#5079=ADVANCED_FACE('',(#804),#42,.T.);
#5080=ADVANCED_FACE('',(#805),#35,.T.);
#5081=ADVANCED_FACE('',(#806),#320,.T.);
#5082=ADVANCED_FACE('',(#807),#321,.T.);
#5083=ADVANCED_FACE('',(#808),#322,.T.);
#5084=ADVANCED_FACE('',(#809),#36,.T.);
#5085=ADVANCED_FACE('',(#810,#18),#4765,.F.);
#5086=ADVANCED_FACE('',(#811),#323,.F.);
#5087=ADVANCED_FACE('',(#812),#37,.T.);
#5088=ADVANCED_FACE('',(#813,#19),#4766,.F.);
#5089=ADVANCED_FACE('',(#814),#324,.F.);
#5090=ADVANCED_FACE('',(#815,#20),#4767,.F.);
#5091=ADVANCED_FACE('',(#816),#325,.F.);
#5092=ADVANCED_FACE('',(#817),#119,.F.);
#5093=ADVANCED_FACE('',(#818),#326,.F.);
#5094=ADVANCED_FACE('',(#819),#120,.F.);
#5095=ADVANCED_FACE('',(#820,#21,#22,#23),#4768,.T.);
#5096=ADVANCED_FACE('',(#821),#4769,.T.);
#5097=ADVANCED_FACE('',(#822),#327,.T.);
#5098=ADVANCED_FACE('',(#823),#121,.T.);
#5099=ADVANCED_FACE('',(#824),#4770,.T.);
#5100=ADVANCED_FACE('',(#825),#122,.T.);
#5101=ADVANCED_FACE('',(#826),#328,.F.);
#5102=ADVANCED_FACE('',(#827),#43,.T.);
#5103=ADVANCED_FACE('',(#828),#4771,.F.);
#5104=ADVANCED_FACE('',(#829),#329,.T.);
#5105=ADVANCED_FACE('',(#830,#24),#4772,.T.);
#5106=ADVANCED_FACE('',(#831),#330,.F.);
#5107=ADVANCED_FACE('',(#832),#4773,.F.);
#5108=ADVANCED_FACE('',(#833),#4774,.F.);
#5109=ADVANCED_FACE('',(#834),#4775,.T.);
#5110=ADVANCED_FACE('',(#835,#25,#26,#27),#4776,.F.);
#5111=ADVANCED_FACE('',(#836),#331,.F.);
#5112=ADVANCED_FACE('',(#837),#4777,.T.);
#5113=ADVANCED_FACE('',(#838),#4778,.F.);
#5114=ADVANCED_FACE('',(#839),#332,.T.);
#5115=CLOSED_SHELL('',(#4779,#4780,#4781,#4782,#4783,#4784,#4785,#4786,
#4787,#4788,#4789,#4790,#4791,#4792,#4793,#4794,#4795,#4796,#4797,#4798,
#4799,#4800,#4801,#4802,#4803,#4804,#4805,#4806,#4807,#4808,#4809,#4810,
#4811,#4812,#4813,#4814,#4815,#4816,#4817,#4818,#4819,#4820,#4821,#4822,
#4823,#4824,#4825,#4826,#4827,#4828,#4829,#4830,#4831,#4832,#4833,#4834,
#4835,#4836,#4837,#4838,#4839,#4840,#4841,#4842,#4843,#4844,#4845,#4846,
#4847,#4848,#4849,#4850,#4851,#4852,#4853,#4854,#4855,#4856,#4857,#4858,
#4859,#4860,#4861,#4862,#4863,#4864,#4865,#4866,#4867,#4868,#4869,#4870,
#4871,#4872,#4873,#4874,#4875,#4876,#4877,#4878,#4879,#4880,#4881,#4882,
#4883,#4884,#4885,#4886,#4887,#4888,#4889,#4890,#4891,#4892,#4893,#4894,
#4895,#4896,#4897,#4898,#4899,#4900,#4901,#4902,#4903,#4904,#4905,#4906,
#4907,#4908,#4909,#4910,#4911,#4912,#4913,#4914,#4915,#4916,#4917,#4918,
#4919,#4920,#4921,#4922,#4923,#4924,#4925,#4926,#4927,#4928,#4929,#4930,
#4931,#4932,#4933,#4934,#4935,#4936,#4937,#4938,#4939,#4940,#4941,#4942,
#4943,#4944,#4945,#4946,#4947,#4948,#4949,#4950,#4951,#4952,#4953,#4954,
#4955,#4956,#4957,#4958,#4959,#4960,#4961,#4962,#4963,#4964,#4965,#4966,
#4967,#4968,#4969,#4970,#4971,#4972,#4973,#4974,#4975,#4976,#4977,#4978,
#4979,#4980,#4981,#4982,#4983,#4984,#4985,#4986,#4987,#4988,#4989,#4990,
#4991,#4992,#4993,#4994,#4995,#4996,#4997,#4998,#4999,#5000,#5001,#5002,
#5003,#5004,#5005,#5006,#5007,#5008,#5009,#5010,#5011,#5012,#5013,#5014,
#5015,#5016,#5017,#5018,#5019,#5020,#5021,#5022,#5023,#5024,#5025,#5026,
#5027,#5028,#5029,#5030,#5031,#5032,#5033,#5034,#5035,#5036,#5037,#5038,
#5039,#5040,#5041,#5042,#5043,#5044,#5045,#5046,#5047,#5048,#5049,#5050,
#5051,#5052,#5053,#5054,#5055,#5056,#5057,#5058,#5059,#5060,#5061,#5062,
#5063,#5064,#5065,#5066,#5067,#5068,#5069,#5070,#5071,#5072,#5073,#5074,
#5075,#5076,#5077,#5078,#5079,#5080,#5081,#5082,#5083,#5084,#5085,#5086,
#5087,#5088,#5089,#5090,#5091,#5092,#5093,#5094,#5095,#5096,#5097,#5098,
#5099,#5100,#5101,#5102,#5103,#5104,#5105,#5106,#5107,#5108,#5109,#5110,
#5111,#5112,#5113,#5114));
#5116=DERIVED_UNIT_ELEMENT(#5118,1.);
#5117=DERIVED_UNIT_ELEMENT(#9626,-3.);
#5118=(
MASS_UNIT()
NAMED_UNIT(*)
SI_UNIT(.KILO.,.GRAM.)
);
#5119=DERIVED_UNIT((#5116,#5117));
#5120=MEASURE_REPRESENTATION_ITEM('density measure',
POSITIVE_RATIO_MEASURE(7872.),#5119);
#5121=PROPERTY_DEFINITION_REPRESENTATION(#5126,#5123);
#5122=PROPERTY_DEFINITION_REPRESENTATION(#5127,#5124);
#5123=REPRESENTATION('material name',(#5125),#9623);
#5124=REPRESENTATION('density',(#5120),#9623);
#5125=DESCRIPTIVE_REPRESENTATION_ITEM('Steel AISI 1008 91 HR',
'Steel AISI 1008 91 HR');
#5126=PROPERTY_DEFINITION('material property','material name',#9633);
#5127=PROPERTY_DEFINITION('material property','density of part',#9633);
#5128=AXIS2_PLACEMENT_3D('',#7387,#5794,#5795);
#5129=AXIS2_PLACEMENT_3D('',#7388,#5796,#5797);
#5130=AXIS2_PLACEMENT_3D('',#7397,#5801,#5802);
#5131=AXIS2_PLACEMENT_3D('',#7408,#5804,#5805);
#5132=AXIS2_PLACEMENT_3D('',#7413,#5807,#5808);
#5133=AXIS2_PLACEMENT_3D('',#7415,#5809,#5810);
#5134=AXIS2_PLACEMENT_3D('',#7417,#5811,#5812);
#5135=AXIS2_PLACEMENT_3D('',#7419,#5813,#5814);
#5136=AXIS2_PLACEMENT_3D('',#7421,#5815,#5816);
#5137=AXIS2_PLACEMENT_3D('',#7423,#5817,#5818);
#5138=AXIS2_PLACEMENT_3D('',#7425,#5819,#5820);
#5139=AXIS2_PLACEMENT_3D('',#7427,#5821,#5822);
#5140=AXIS2_PLACEMENT_3D('',#7429,#5823,#5824);
#5141=AXIS2_PLACEMENT_3D('',#7431,#5825,#5826);
#5142=AXIS2_PLACEMENT_3D('',#7433,#5827,#5828);
#5143=AXIS2_PLACEMENT_3D('',#7435,#5829,#5830);
#5144=AXIS2_PLACEMENT_3D('',#7437,#5831,#5832);
#5145=AXIS2_PLACEMENT_3D('',#7439,#5833,#5834);
#5146=AXIS2_PLACEMENT_3D('',#7441,#5835,#5836);
#5147=AXIS2_PLACEMENT_3D('',#7445,#5839,#5840);
#5148=AXIS2_PLACEMENT_3D('',#7448,#5841,#5842);
#5149=AXIS2_PLACEMENT_3D('',#7452,#5844,#5845);
#5150=AXIS2_PLACEMENT_3D('',#7454,#5846,#5847);
#5151=AXIS2_PLACEMENT_3D('',#7456,#5848,#5849);
#5152=AXIS2_PLACEMENT_3D('',#7458,#5850,#5851);
#5153=AXIS2_PLACEMENT_3D('',#7460,#5852,#5853);
#5154=AXIS2_PLACEMENT_3D('',#7462,#5854,#5855);
#5155=AXIS2_PLACEMENT_3D('',#7464,#5856,#5857);
#5156=AXIS2_PLACEMENT_3D('',#7466,#5858,#5859);
#5157=AXIS2_PLACEMENT_3D('',#7468,#5860,#5861);
#5158=AXIS2_PLACEMENT_3D('',#7470,#5862,#5863);
#5159=AXIS2_PLACEMENT_3D('',#7472,#5864,#5865);
#5160=AXIS2_PLACEMENT_3D('',#7474,#5866,#5867);
#5161=AXIS2_PLACEMENT_3D('',#7476,#5868,#5869);
#5162=AXIS2_PLACEMENT_3D('',#7478,#5870,#5871);
#5163=AXIS2_PLACEMENT_3D('',#7480,#5872,#5873);
#5164=AXIS2_PLACEMENT_3D('',#7482,#5874,#5875);
#5165=AXIS2_PLACEMENT_3D('',#7484,#5876,#5877);
#5166=AXIS2_PLACEMENT_3D('',#7486,#5878,#5879);
#5167=AXIS2_PLACEMENT_3D('',#7488,#5880,#5881);
#5168=AXIS2_PLACEMENT_3D('',#7490,#5882,#5883);
#5169=AXIS2_PLACEMENT_3D('',#7492,#5884,#5885);
#5170=AXIS2_PLACEMENT_3D('',#7494,#5886,#5887);
#5171=AXIS2_PLACEMENT_3D('',#7496,#5888,#5889);
#5172=AXIS2_PLACEMENT_3D('',#7498,#5890,#5891);
#5173=AXIS2_PLACEMENT_3D('',#7500,#5892,#5893);
#5174=AXIS2_PLACEMENT_3D('',#7502,#5894,#5895);
#5175=AXIS2_PLACEMENT_3D('',#7504,#5896,#5897);
#5176=AXIS2_PLACEMENT_3D('',#7506,#5898,#5899);
#5177=AXIS2_PLACEMENT_3D('',#7508,#5900,#5901);
#5178=AXIS2_PLACEMENT_3D('',#7510,#5902,#5903);
#5179=AXIS2_PLACEMENT_3D('',#7512,#5904,#5905);
#5180=AXIS2_PLACEMENT_3D('',#7514,#5906,#5907);
#5181=AXIS2_PLACEMENT_3D('',#7516,#5908,#5909);
#5182=AXIS2_PLACEMENT_3D('',#7518,#5910,#5911);
#5183=AXIS2_PLACEMENT_3D('',#7520,#5912,#5913);
#5184=AXIS2_PLACEMENT_3D('',#7522,#5914,#5915);
#5185=AXIS2_PLACEMENT_3D('',#7524,#5917,#5918);
#5186=AXIS2_PLACEMENT_3D('',#7532,#5921,#5922);
#5187=AXIS2_PLACEMENT_3D('',#7534,#5923,#5924);
#5188=AXIS2_PLACEMENT_3D('',#7538,#5925,#5926);
#5189=AXIS2_PLACEMENT_3D('',#7542,#5929,#5930);
#5190=AXIS2_PLACEMENT_3D('',#7550,#5933,#5934);
#5191=AXIS2_PLACEMENT_3D('',#7552,#5935,#5936);
#5192=AXIS2_PLACEMENT_3D('',#7556,#5937,#5938);
#5193=AXIS2_PLACEMENT_3D('',#7560,#5941,#5942);
#5194=AXIS2_PLACEMENT_3D('',#7569,#5945,#5946);
#5195=AXIS2_PLACEMENT_3D('',#7570,#5947,#5948);
#5196=AXIS2_PLACEMENT_3D('',#7572,#5949,#5950);
#5197=AXIS2_PLACEMENT_3D('',#7576,#5951,#5952);
#5198=AXIS2_PLACEMENT_3D('',#7578,#5954,#5955);
#5199=AXIS2_PLACEMENT_3D('',#7579,#5956,#5957);
#5200=AXIS2_PLACEMENT_3D('',#7583,#5959,#5960);
#5201=AXIS2_PLACEMENT_3D('',#7587,#5961,#5962);
#5202=AXIS2_PLACEMENT_3D('',#7589,#5963,#5964);
#5203=AXIS2_PLACEMENT_3D('',#7593,#5965,#5966);
#5204=AXIS2_PLACEMENT_3D('',#7595,#5968,#5969);
#5205=AXIS2_PLACEMENT_3D('',#7596,#5970,#5971);
#5206=AXIS2_PLACEMENT_3D('',#7600,#5973,#5974);
#5207=AXIS2_PLACEMENT_3D('',#7604,#5975,#5976);
#5208=AXIS2_PLACEMENT_3D('',#7606,#5977,#5978);
#5209=AXIS2_PLACEMENT_3D('',#7610,#5979,#5980);
#5210=AXIS2_PLACEMENT_3D('',#7612,#5982,#5983);
#5211=AXIS2_PLACEMENT_3D('',#7613,#5984,#5985);
#5212=AXIS2_PLACEMENT_3D('',#7617,#5987,#5988);
#5213=AXIS2_PLACEMENT_3D('',#7621,#5989,#5990);
#5214=AXIS2_PLACEMENT_3D('',#7623,#5991,#5992);
#5215=AXIS2_PLACEMENT_3D('',#7627,#5993,#5994);
#5216=AXIS2_PLACEMENT_3D('',#7629,#5996,#5997);
#5217=AXIS2_PLACEMENT_3D('',#7630,#5998,#5999);
#5218=AXIS2_PLACEMENT_3D('',#7634,#6001,#6002);
#5219=AXIS2_PLACEMENT_3D('',#7638,#6003,#6004);
#5220=AXIS2_PLACEMENT_3D('',#7640,#6005,#6006);
#5221=AXIS2_PLACEMENT_3D('',#7644,#6007,#6008);
#5222=AXIS2_PLACEMENT_3D('',#7646,#6010,#6011);
#5223=AXIS2_PLACEMENT_3D('',#7647,#6012,#6013);
#5224=AXIS2_PLACEMENT_3D('',#7651,#6015,#6016);
#5225=AXIS2_PLACEMENT_3D('',#7655,#6017,#6018);
#5226=AXIS2_PLACEMENT_3D('',#7657,#6019,#6020);
#5227=AXIS2_PLACEMENT_3D('',#7661,#6021,#6022);
#5228=AXIS2_PLACEMENT_3D('',#7663,#6024,#6025);
#5229=AXIS2_PLACEMENT_3D('',#7664,#6026,#6027);
#5230=AXIS2_PLACEMENT_3D('',#7668,#6029,#6030);
#5231=AXIS2_PLACEMENT_3D('',#7672,#6031,#6032);
#5232=AXIS2_PLACEMENT_3D('',#7674,#6033,#6034);
#5233=AXIS2_PLACEMENT_3D('',#7678,#6035,#6036);
#5234=AXIS2_PLACEMENT_3D('',#7680,#6038,#6039);
#5235=AXIS2_PLACEMENT_3D('',#7681,#6040,#6041);
#5236=AXIS2_PLACEMENT_3D('',#7685,#6043,#6044);
#5237=AXIS2_PLACEMENT_3D('',#7689,#6045,#6046);
#5238=AXIS2_PLACEMENT_3D('',#7691,#6047,#6048);
#5239=AXIS2_PLACEMENT_3D('',#7695,#6049,#6050);
#5240=AXIS2_PLACEMENT_3D('',#7703,#6053,#6054);
#5241=AXIS2_PLACEMENT_3D('',#7709,#6056,#6057);
#5242=AXIS2_PLACEMENT_3D('',#7711,#6058,#6059);
#5243=AXIS2_PLACEMENT_3D('',#7715,#6060,#6061);
#5244=AXIS2_PLACEMENT_3D('',#7717,#6063,#6064);
#5245=AXIS2_PLACEMENT_3D('',#7723,#6066,#6067);
#5246=AXIS2_PLACEMENT_3D('',#7725,#6068,#6069);
#5247=AXIS2_PLACEMENT_3D('',#7729,#6070,#6071);
#5248=AXIS2_PLACEMENT_3D('',#7731,#6073,#6074);
#5249=AXIS2_PLACEMENT_3D('',#7737,#6076,#6077);
#5250=AXIS2_PLACEMENT_3D('',#7739,#6078,#6079);
#5251=AXIS2_PLACEMENT_3D('',#7743,#6080,#6081);
#5252=AXIS2_PLACEMENT_3D('',#7745,#6083,#6084);
#5253=AXIS2_PLACEMENT_3D('',#7751,#6086,#6087);
#5254=AXIS2_PLACEMENT_3D('',#7753,#6088,#6089);
#5255=AXIS2_PLACEMENT_3D('',#7757,#6090,#6091);
#5256=AXIS2_PLACEMENT_3D('',#7759,#6093,#6094);
#5257=AXIS2_PLACEMENT_3D('',#7765,#6096,#6097);
#5258=AXIS2_PLACEMENT_3D('',#7767,#6098,#6099);
#5259=AXIS2_PLACEMENT_3D('',#7771,#6100,#6101);
#5260=AXIS2_PLACEMENT_3D('',#7773,#6103,#6104);
#5261=AXIS2_PLACEMENT_3D('',#7779,#6106,#6107);
#5262=AXIS2_PLACEMENT_3D('',#7781,#6108,#6109);
#5263=AXIS2_PLACEMENT_3D('',#7785,#6110,#6111);
#5264=AXIS2_PLACEMENT_3D('',#7787,#6113,#6114);
#5265=AXIS2_PLACEMENT_3D('',#7793,#6116,#6117);
#5266=AXIS2_PLACEMENT_3D('',#7795,#6118,#6119);
#5267=AXIS2_PLACEMENT_3D('',#7799,#6120,#6121);
#5268=AXIS2_PLACEMENT_3D('',#7801,#6123,#6124);
#5269=AXIS2_PLACEMENT_3D('',#7807,#6126,#6127);
#5270=AXIS2_PLACEMENT_3D('',#7808,#6128,#6129);
#5271=AXIS2_PLACEMENT_3D('',#7812,#6130,#6131);
#5272=AXIS2_PLACEMENT_3D('',#7813,#6132,#6133);
#5273=AXIS2_PLACEMENT_3D('',#7815,#6135,#6136);
#5274=AXIS2_PLACEMENT_3D('',#7816,#6137,#6138);
#5275=AXIS2_PLACEMENT_3D('',#7817,#6139,#6140);
#5276=AXIS2_PLACEMENT_3D('',#7818,#6141,#6142);
#5277=AXIS2_PLACEMENT_3D('',#7819,#6143,#6144);
#5278=AXIS2_PLACEMENT_3D('',#7820,#6145,#6146);
#5279=AXIS2_PLACEMENT_3D('',#7821,#6147,#6148);
#5280=AXIS2_PLACEMENT_3D('',#7822,#6149,#6150);
#5281=AXIS2_PLACEMENT_3D('',#7823,#6151,#6152);
#5282=AXIS2_PLACEMENT_3D('',#7828,#6153,#6154);
#5283=AXIS2_PLACEMENT_3D('',#7829,#6155,#6156);
#5284=AXIS2_PLACEMENT_3D('',#7832,#6158,#6159);
#5285=AXIS2_PLACEMENT_3D('',#7838,#6160,#6161);
#5286=AXIS2_PLACEMENT_3D('',#7839,#6162,#6163);
#5287=AXIS2_PLACEMENT_3D('',#7842,#6164,#6165);
#5288=AXIS2_PLACEMENT_3D('',#7861,#6167,#6168);
#5289=AXIS2_PLACEMENT_3D('',#7862,#6169,#6170);
#5290=AXIS2_PLACEMENT_3D('',#7864,#6171,#6172);
#5291=AXIS2_PLACEMENT_3D('',#7865,#6173,#6174);
#5292=AXIS2_PLACEMENT_3D('',#7866,#6175,#6176);
#5293=AXIS2_PLACEMENT_3D('',#7867,#6177,#6178);
#5294=AXIS2_PLACEMENT_3D('',#7939,#6179,#6180);
#5295=AXIS2_PLACEMENT_3D('',#7941,#6181,#6182);
#5296=AXIS2_PLACEMENT_3D('',#7942,#6183,#6184);
#5297=AXIS2_PLACEMENT_3D('',#7943,#6185,#6186);
#5298=AXIS2_PLACEMENT_3D('',#7945,#6187,#6188);
#5299=AXIS2_PLACEMENT_3D('',#7948,#6190,#6191);
#5300=AXIS2_PLACEMENT_3D('',#7949,#6192,#6193);
#5301=AXIS2_PLACEMENT_3D('',#7951,#6194,#6195);
#5302=AXIS2_PLACEMENT_3D('',#7952,#6196,#6197);
#5303=AXIS2_PLACEMENT_3D('',#7953,#6198,#6199);
#5304=AXIS2_PLACEMENT_3D('',#7955,#6200,#6201);
#5305=AXIS2_PLACEMENT_3D('',#7957,#6203,#6204);
#5306=AXIS2_PLACEMENT_3D('',#7962,#6206,#6207);
#5307=AXIS2_PLACEMENT_3D('',#7968,#6211,#6212);
#5308=AXIS2_PLACEMENT_3D('',#7976,#6215,#6216);
#5309=AXIS2_PLACEMENT_3D('',#7981,#6217,#6218);
#5310=AXIS2_PLACEMENT_3D('',#7982,#6219,#6220);
#5311=AXIS2_PLACEMENT_3D('',#7986,#6223,#6224);
#5312=AXIS2_PLACEMENT_3D('',#7994,#6227,#6228);
#5313=AXIS2_PLACEMENT_3D('',#7999,#6229,#6230);
#5314=AXIS2_PLACEMENT_3D('',#8000,#6231,#6232);
#5315=AXIS2_PLACEMENT_3D('',#8004,#6235,#6236);
#5316=AXIS2_PLACEMENT_3D('',#8008,#6238,#6239);
#5317=AXIS2_PLACEMENT_3D('',#8014,#6241,#6242);
#5318=AXIS2_PLACEMENT_3D('',#8019,#6243,#6244);
#5319=AXIS2_PLACEMENT_3D('',#8020,#6245,#6246);
#5320=AXIS2_PLACEMENT_3D('',#8021,#6247,#6248);
#5321=AXIS2_PLACEMENT_3D('',#8023,#6250,#6251);
#5322=AXIS2_PLACEMENT_3D('',#8030,#6253,#6254);
#5323=AXIS2_PLACEMENT_3D('',#8031,#6255,#6256);
#5324=AXIS2_PLACEMENT_3D('',#8036,#6257,#6258);
#5325=AXIS2_PLACEMENT_3D('',#8037,#6259,#6260);
#5326=AXIS2_PLACEMENT_3D('',#8038,#6261,#6262);
#5327=AXIS2_PLACEMENT_3D('',#8040,#6264,#6265);
#5328=AXIS2_PLACEMENT_3D('',#8047,#6267,#6268);
#5329=AXIS2_PLACEMENT_3D('',#8048,#6269,#6270);
#5330=AXIS2_PLACEMENT_3D('',#8053,#6271,#6272);
#5331=AXIS2_PLACEMENT_3D('',#8054,#6273,#6274);
#5332=AXIS2_PLACEMENT_3D('',#8055,#6275,#6276);
#5333=AXIS2_PLACEMENT_3D('',#8057,#6278,#6279);
#5334=AXIS2_PLACEMENT_3D('',#8064,#6281,#6282);
#5335=AXIS2_PLACEMENT_3D('',#8065,#6283,#6284);
#5336=AXIS2_PLACEMENT_3D('',#8070,#6285,#6286);
#5337=AXIS2_PLACEMENT_3D('',#8071,#6287,#6288);
#5338=AXIS2_PLACEMENT_3D('',#8072,#6289,#6290);
#5339=AXIS2_PLACEMENT_3D('',#8074,#6292,#6293);
#5340=AXIS2_PLACEMENT_3D('',#8081,#6295,#6296);
#5341=AXIS2_PLACEMENT_3D('',#8082,#6297,#6298);
#5342=AXIS2_PLACEMENT_3D('',#8087,#6299,#6300);
#5343=AXIS2_PLACEMENT_3D('',#8088,#6301,#6302);
#5344=AXIS2_PLACEMENT_3D('',#8089,#6303,#6304);
#5345=AXIS2_PLACEMENT_3D('',#8091,#6306,#6307);
#5346=AXIS2_PLACEMENT_3D('',#8098,#6309,#6310);
#5347=AXIS2_PLACEMENT_3D('',#8099,#6311,#6312);
#5348=AXIS2_PLACEMENT_3D('',#8104,#6313,#6314);
#5349=AXIS2_PLACEMENT_3D('',#8105,#6315,#6316);
#5350=AXIS2_PLACEMENT_3D('',#8106,#6317,#6318);
#5351=AXIS2_PLACEMENT_3D('',#8108,#6320,#6321);
#5352=AXIS2_PLACEMENT_3D('',#8115,#6323,#6324);
#5353=AXIS2_PLACEMENT_3D('',#8116,#6325,#6326);
#5354=AXIS2_PLACEMENT_3D('',#8120,#6327,#6328);
#5355=AXIS2_PLACEMENT_3D('',#8121,#6329,#6330);
#5356=AXIS2_PLACEMENT_3D('',#8122,#6331,#6332);
#5357=AXIS2_PLACEMENT_3D('',#8124,#6334,#6335);
#5358=AXIS2_PLACEMENT_3D('',#8125,#6336,#6337);
#5359=AXIS2_PLACEMENT_3D('',#8127,#6339,#6340);
#5360=AXIS2_PLACEMENT_3D('',#8133,#6342,#6343);
#5361=AXIS2_PLACEMENT_3D('',#8138,#6344,#6345);
#5362=AXIS2_PLACEMENT_3D('',#8139,#6346,#6347);
#5363=AXIS2_PLACEMENT_3D('',#8141,#6349,#6350);
#5364=AXIS2_PLACEMENT_3D('',#8147,#6352,#6353);
#5365=AXIS2_PLACEMENT_3D('',#8152,#6354,#6355);
#5366=AXIS2_PLACEMENT_3D('',#8153,#6356,#6357);
#5367=AXIS2_PLACEMENT_3D('',#8155,#6359,#6360);
#5368=AXIS2_PLACEMENT_3D('',#8161,#6362,#6363);
#5369=AXIS2_PLACEMENT_3D('',#8166,#6364,#6365);
#5370=AXIS2_PLACEMENT_3D('',#8167,#6366,#6367);
#5371=AXIS2_PLACEMENT_3D('',#8169,#6369,#6370);
#5372=AXIS2_PLACEMENT_3D('',#8175,#6372,#6373);
#5373=AXIS2_PLACEMENT_3D('',#8180,#6374,#6375);
#5374=AXIS2_PLACEMENT_3D('',#8181,#6376,#6377);
#5375=AXIS2_PLACEMENT_3D('',#8183,#6379,#6380);
#5376=AXIS2_PLACEMENT_3D('',#8189,#6382,#6383);
#5377=AXIS2_PLACEMENT_3D('',#8194,#6384,#6385);
#5378=AXIS2_PLACEMENT_3D('',#8195,#6386,#6387);
#5379=AXIS2_PLACEMENT_3D('',#8197,#6389,#6390);
#5380=AXIS2_PLACEMENT_3D('',#8203,#6392,#6393);
#5381=AXIS2_PLACEMENT_3D('',#8208,#6394,#6395);
#5382=AXIS2_PLACEMENT_3D('',#8209,#6396,#6397);
#5383=AXIS2_PLACEMENT_3D('',#8211,#6399,#6400);
#5384=AXIS2_PLACEMENT_3D('',#8217,#6402,#6403);
#5385=AXIS2_PLACEMENT_3D('',#8222,#6404,#6405);
#5386=AXIS2_PLACEMENT_3D('',#8223,#6406,#6407);
#5387=AXIS2_PLACEMENT_3D('',#8225,#6409,#6410);
#5388=AXIS2_PLACEMENT_3D('',#8231,#6412,#6413);
#5389=AXIS2_PLACEMENT_3D('',#8235,#6414,#6415);
#5390=AXIS2_PLACEMENT_3D('',#8236,#6416,#6417);
#5391=AXIS2_PLACEMENT_3D('',#8237,#6418,#6419);
#5392=AXIS2_PLACEMENT_3D('',#8239,#6421,#6422);
#5393=AXIS2_PLACEMENT_3D('',#8240,#6423,#6424);
#5394=AXIS2_PLACEMENT_3D('',#8241,#6425,#6426);
#5395=AXIS2_PLACEMENT_3D('',#8242,#6427,#6428);
#5396=AXIS2_PLACEMENT_3D('',#8243,#6429,#6430);
#5397=AXIS2_PLACEMENT_3D('',#8244,#6431,#6432);
#5398=AXIS2_PLACEMENT_3D('',#8245,#6433,#6434);
#5399=AXIS2_PLACEMENT_3D('',#8248,#6436,#6437);
#5400=AXIS2_PLACEMENT_3D('',#8253,#6438,#6439);
#5401=AXIS2_PLACEMENT_3D('',#8254,#6440,#6441);
#5402=AXIS2_PLACEMENT_3D('',#8285,#6442,#6443);
#5403=AXIS2_PLACEMENT_3D('',#8288,#6444,#6445);
#5404=AXIS2_PLACEMENT_3D('',#8290,#6446,#6447);
#5405=AXIS2_PLACEMENT_3D('',#8292,#6448,#6449);
#5406=AXIS2_PLACEMENT_3D('',#8348,#6450,#6451);
#5407=AXIS2_PLACEMENT_3D('',#8351,#6453,#6454);
#5408=AXIS2_PLACEMENT_3D('',#8352,#6455,#6456);
#5409=AXIS2_PLACEMENT_3D('',#8354,#6457,#6458);
#5410=AXIS2_PLACEMENT_3D('',#8356,#6460,#6461);
#5411=AXIS2_PLACEMENT_3D('',#8359,#6462,#6463);
#5412=AXIS2_PLACEMENT_3D('',#8363,#6465,#6466);
#5413=AXIS2_PLACEMENT_3D('',#8365,#6468,#6469);
#5414=AXIS2_PLACEMENT_3D('',#8367,#6470,#6471);
#5415=AXIS2_PLACEMENT_3D('',#8369,#6472,#6473);
#5416=AXIS2_PLACEMENT_3D('',#8371,#6474,#6475);
#5417=AXIS2_PLACEMENT_3D('',#8372,#6476,#6477);
#5418=AXIS2_PLACEMENT_3D('',#8373,#6478,#6479);
#5419=AXIS2_PLACEMENT_3D('',#8375,#6480,#6481);
#5420=AXIS2_PLACEMENT_3D('',#8376,#6482,#6483);
#5421=AXIS2_PLACEMENT_3D('',#8379,#6484,#6485);
#5422=AXIS2_PLACEMENT_3D('',#8381,#6487,#6488);
#5423=AXIS2_PLACEMENT_3D('',#8382,#6489,#6490);
#5424=AXIS2_PLACEMENT_3D('',#8383,#6491,#6492);
#5425=AXIS2_PLACEMENT_3D('',#8384,#6493,#6494);
#5426=AXIS2_PLACEMENT_3D('',#8386,#6495,#6496);
#5427=AXIS2_PLACEMENT_3D('',#8389,#6498,#6499);
#5428=AXIS2_PLACEMENT_3D('',#8390,#6500,#6501);
#5429=AXIS2_PLACEMENT_3D('',#8392,#6502,#6503);
#5430=AXIS2_PLACEMENT_3D('',#8393,#6504,#6505);
#5431=AXIS2_PLACEMENT_3D('',#8396,#6507,#6508);
#5432=AXIS2_PLACEMENT_3D('',#8397,#6509,#6510);
#5433=AXIS2_PLACEMENT_3D('',#8399,#6511,#6512);
#5434=AXIS2_PLACEMENT_3D('',#8401,#6514,#6515);
#5435=AXIS2_PLACEMENT_3D('',#8404,#6516,#6517);
#5436=AXIS2_PLACEMENT_3D('',#8407,#6520,#6521);
#5437=AXIS2_PLACEMENT_3D('',#8411,#6523,#6524);
#5438=AXIS2_PLACEMENT_3D('',#8413,#6526,#6527);
#5439=AXIS2_PLACEMENT_3D('',#8418,#6531,#6532);
#5440=AXIS2_PLACEMENT_3D('',#8421,#6534,#6535);
#5441=AXIS2_PLACEMENT_3D('',#8422,#6536,#6537);
#5442=AXIS2_PLACEMENT_3D('',#8425,#6538,#6539);
#5443=AXIS2_PLACEMENT_3D('',#8426,#6540,#6541);
#5444=AXIS2_PLACEMENT_3D('',#8467,#6543,#6544);
#5445=AXIS2_PLACEMENT_3D('',#8468,#6545,#6546);
#5446=AXIS2_PLACEMENT_3D('',#8473,#6550,#6551);
#5447=AXIS2_PLACEMENT_3D('',#8475,#6552,#6553);
#5448=AXIS2_PLACEMENT_3D('',#8477,#6555,#6556);
#5449=AXIS2_PLACEMENT_3D('',#8482,#6559,#6560);
#5450=AXIS2_PLACEMENT_3D('',#8483,#6561,#6562);
#5451=AXIS2_PLACEMENT_3D('',#8486,#6565,#6566);
#5452=AXIS2_PLACEMENT_3D('',#8487,#6567,#6568);
#5453=AXIS2_PLACEMENT_3D('',#8488,#6569,#6570);
#5454=AXIS2_PLACEMENT_3D('',#8504,#6573,#6574);
#5455=AXIS2_PLACEMENT_3D('',#8508,#6577,#6578);
#5456=AXIS2_PLACEMENT_3D('',#8517,#6582,#6583);
#5457=AXIS2_PLACEMENT_3D('',#8519,#6584,#6585);
#5458=AXIS2_PLACEMENT_3D('',#8521,#6586,#6587);
#5459=AXIS2_PLACEMENT_3D('',#8523,#6588,#6589);
#5460=AXIS2_PLACEMENT_3D('',#8525,#6590,#6591);
#5461=AXIS2_PLACEMENT_3D('',#8527,#6592,#6593);
#5462=AXIS2_PLACEMENT_3D('',#8529,#6594,#6595);
#5463=AXIS2_PLACEMENT_3D('',#8531,#6596,#6597);
#5464=AXIS2_PLACEMENT_3D('',#8533,#6598,#6599);
#5465=AXIS2_PLACEMENT_3D('',#8535,#6600,#6601);
#5466=AXIS2_PLACEMENT_3D('',#8537,#6602,#6603);
#5467=AXIS2_PLACEMENT_3D('',#8539,#6604,#6605);
#5468=AXIS2_PLACEMENT_3D('',#8541,#6606,#6607);
#5469=AXIS2_PLACEMENT_3D('',#8543,#6608,#6609);
#5470=AXIS2_PLACEMENT_3D('',#8544,#6610,#6611);
#5471=AXIS2_PLACEMENT_3D('',#8545,#6612,#6613);
#5472=AXIS2_PLACEMENT_3D('',#8548,#6614,#6615);
#5473=AXIS2_PLACEMENT_3D('',#8552,#6617,#6618);
#5474=AXIS2_PLACEMENT_3D('',#8554,#6619,#6620);
#5475=AXIS2_PLACEMENT_3D('',#8556,#6621,#6622);
#5476=AXIS2_PLACEMENT_3D('',#8558,#6623,#6624);
#5477=AXIS2_PLACEMENT_3D('',#8560,#6625,#6626);
#5478=AXIS2_PLACEMENT_3D('',#8562,#6627,#6628);
#5479=AXIS2_PLACEMENT_3D('',#8564,#6629,#6630);
#5480=AXIS2_PLACEMENT_3D('',#8566,#6631,#6632);
#5481=AXIS2_PLACEMENT_3D('',#8568,#6633,#6634);
#5482=AXIS2_PLACEMENT_3D('',#8570,#6635,#6636);
#5483=AXIS2_PLACEMENT_3D('',#8572,#6637,#6638);
#5484=AXIS2_PLACEMENT_3D('',#8574,#6639,#6640);
#5485=AXIS2_PLACEMENT_3D('',#8576,#6641,#6642);
#5486=AXIS2_PLACEMENT_3D('',#8578,#6643,#6644);
#5487=AXIS2_PLACEMENT_3D('',#8580,#6645,#6646);
#5488=AXIS2_PLACEMENT_3D('',#8582,#6647,#6648);
#5489=AXIS2_PLACEMENT_3D('',#8584,#6649,#6650);
#5490=AXIS2_PLACEMENT_3D('',#8586,#6651,#6652);
#5491=AXIS2_PLACEMENT_3D('',#8588,#6653,#6654);
#5492=AXIS2_PLACEMENT_3D('',#8590,#6655,#6656);
#5493=AXIS2_PLACEMENT_3D('',#8592,#6657,#6658);
#5494=AXIS2_PLACEMENT_3D('',#8594,#6659,#6660);
#5495=AXIS2_PLACEMENT_3D('',#8596,#6661,#6662);
#5496=AXIS2_PLACEMENT_3D('',#8598,#6663,#6664);
#5497=AXIS2_PLACEMENT_3D('',#8600,#6665,#6666);
#5498=AXIS2_PLACEMENT_3D('',#8602,#6667,#6668);
#5499=AXIS2_PLACEMENT_3D('',#8604,#6669,#6670);
#5500=AXIS2_PLACEMENT_3D('',#8606,#6671,#6672);
#5501=AXIS2_PLACEMENT_3D('',#8608,#6673,#6674);
#5502=AXIS2_PLACEMENT_3D('',#8610,#6675,#6676);
#5503=AXIS2_PLACEMENT_3D('',#8612,#6677,#6678);
#5504=AXIS2_PLACEMENT_3D('',#8614,#6679,#6680);
#5505=AXIS2_PLACEMENT_3D('',#8616,#6681,#6682);
#5506=AXIS2_PLACEMENT_3D('',#8618,#6683,#6684);
#5507=AXIS2_PLACEMENT_3D('',#8620,#6685,#6686);
#5508=AXIS2_PLACEMENT_3D('',#8622,#6687,#6688);
#5509=AXIS2_PLACEMENT_3D('',#8624,#6690,#6691);
#5510=AXIS2_PLACEMENT_3D('',#8632,#6694,#6695);
#5511=AXIS2_PLACEMENT_3D('',#8637,#6696,#6697);
#5512=AXIS2_PLACEMENT_3D('',#8638,#6698,#6699);
#5513=AXIS2_PLACEMENT_3D('',#8642,#6702,#6703);
#5514=AXIS2_PLACEMENT_3D('',#8650,#6706,#6707);
#5515=AXIS2_PLACEMENT_3D('',#8655,#6708,#6709);
#5516=AXIS2_PLACEMENT_3D('',#8656,#6710,#6711);
#5517=AXIS2_PLACEMENT_3D('',#8660,#6714,#6715);
#5518=AXIS2_PLACEMENT_3D('',#8664,#6717,#6718);
#5519=AXIS2_PLACEMENT_3D('',#8670,#6720,#6721);
#5520=AXIS2_PLACEMENT_3D('',#8675,#6722,#6723);
#5521=AXIS2_PLACEMENT_3D('',#8676,#6724,#6725);
#5522=AXIS2_PLACEMENT_3D('',#8677,#6726,#6727);
#5523=AXIS2_PLACEMENT_3D('',#8679,#6729,#6730);
#5524=AXIS2_PLACEMENT_3D('',#8686,#6732,#6733);
#5525=AXIS2_PLACEMENT_3D('',#8687,#6734,#6735);
#5526=AXIS2_PLACEMENT_3D('',#8692,#6736,#6737);
#5527=AXIS2_PLACEMENT_3D('',#8693,#6738,#6739);
#5528=AXIS2_PLACEMENT_3D('',#8694,#6740,#6741);
#5529=AXIS2_PLACEMENT_3D('',#8696,#6743,#6744);
#5530=AXIS2_PLACEMENT_3D('',#8703,#6746,#6747);
#5531=AXIS2_PLACEMENT_3D('',#8704,#6748,#6749);
#5532=AXIS2_PLACEMENT_3D('',#8709,#6750,#6751);
#5533=AXIS2_PLACEMENT_3D('',#8710,#6752,#6753);
#5534=AXIS2_PLACEMENT_3D('',#8711,#6754,#6755);
#5535=AXIS2_PLACEMENT_3D('',#8713,#6757,#6758);
#5536=AXIS2_PLACEMENT_3D('',#8720,#6760,#6761);
#5537=AXIS2_PLACEMENT_3D('',#8721,#6762,#6763);
#5538=AXIS2_PLACEMENT_3D('',#8726,#6764,#6765);
#5539=AXIS2_PLACEMENT_3D('',#8727,#6766,#6767);
#5540=AXIS2_PLACEMENT_3D('',#8728,#6768,#6769);
#5541=AXIS2_PLACEMENT_3D('',#8730,#6771,#6772);
#5542=AXIS2_PLACEMENT_3D('',#8737,#6774,#6775);
#5543=AXIS2_PLACEMENT_3D('',#8738,#6776,#6777);
#5544=AXIS2_PLACEMENT_3D('',#8743,#6778,#6779);
#5545=AXIS2_PLACEMENT_3D('',#8744,#6780,#6781);
#5546=AXIS2_PLACEMENT_3D('',#8745,#6782,#6783);
#5547=AXIS2_PLACEMENT_3D('',#8747,#6785,#6786);
#5548=AXIS2_PLACEMENT_3D('',#8754,#6788,#6789);
#5549=AXIS2_PLACEMENT_3D('',#8755,#6790,#6791);
#5550=AXIS2_PLACEMENT_3D('',#8760,#6792,#6793);
#5551=AXIS2_PLACEMENT_3D('',#8761,#6794,#6795);
#5552=AXIS2_PLACEMENT_3D('',#8762,#6796,#6797);
#5553=AXIS2_PLACEMENT_3D('',#8764,#6799,#6800);
#5554=AXIS2_PLACEMENT_3D('',#8771,#6802,#6803);
#5555=AXIS2_PLACEMENT_3D('',#8772,#6804,#6805);
#5556=AXIS2_PLACEMENT_3D('',#8777,#6806,#6807);
#5557=AXIS2_PLACEMENT_3D('',#8778,#6808,#6809);
#5558=AXIS2_PLACEMENT_3D('',#8779,#6810,#6811);
#5559=AXIS2_PLACEMENT_3D('',#8781,#6813,#6814);
#5560=AXIS2_PLACEMENT_3D('',#8788,#6816,#6817);
#5561=AXIS2_PLACEMENT_3D('',#8789,#6818,#6819);
#5562=AXIS2_PLACEMENT_3D('',#8791,#6820,#6821);
#5563=AXIS2_PLACEMENT_3D('',#8795,#6822,#6823);
#5564=AXIS2_PLACEMENT_3D('',#8803,#6826,#6827);
#5565=AXIS2_PLACEMENT_3D('',#8809,#6829,#6830);
#5566=AXIS2_PLACEMENT_3D('',#8814,#6831,#6832);
#5567=AXIS2_PLACEMENT_3D('',#8815,#6833,#6834);
#5568=AXIS2_PLACEMENT_3D('',#8817,#6836,#6837);
#5569=AXIS2_PLACEMENT_3D('',#8823,#6839,#6840);
#5570=AXIS2_PLACEMENT_3D('',#8828,#6841,#6842);
#5571=AXIS2_PLACEMENT_3D('',#8829,#6843,#6844);
#5572=AXIS2_PLACEMENT_3D('',#8831,#6846,#6847);
#5573=AXIS2_PLACEMENT_3D('',#8837,#6849,#6850);
#5574=AXIS2_PLACEMENT_3D('',#8842,#6851,#6852);
#5575=AXIS2_PLACEMENT_3D('',#8843,#6853,#6854);
#5576=AXIS2_PLACEMENT_3D('',#8845,#6856,#6857);
#5577=AXIS2_PLACEMENT_3D('',#8851,#6859,#6860);
#5578=AXIS2_PLACEMENT_3D('',#8856,#6861,#6862);
#5579=AXIS2_PLACEMENT_3D('',#8857,#6863,#6864);
#5580=AXIS2_PLACEMENT_3D('',#8859,#6866,#6867);
#5581=AXIS2_PLACEMENT_3D('',#8865,#6869,#6870);
#5582=AXIS2_PLACEMENT_3D('',#8870,#6871,#6872);
#5583=AXIS2_PLACEMENT_3D('',#8871,#6873,#6874);
#5584=AXIS2_PLACEMENT_3D('',#8873,#6876,#6877);
#5585=AXIS2_PLACEMENT_3D('',#8879,#6879,#6880);
#5586=AXIS2_PLACEMENT_3D('',#8884,#6881,#6882);
#5587=AXIS2_PLACEMENT_3D('',#8885,#6883,#6884);
#5588=AXIS2_PLACEMENT_3D('',#8887,#6886,#6887);
#5589=AXIS2_PLACEMENT_3D('',#8893,#6889,#6890);
#5590=AXIS2_PLACEMENT_3D('',#8898,#6891,#6892);
#5591=AXIS2_PLACEMENT_3D('',#8899,#6893,#6894);
#5592=AXIS2_PLACEMENT_3D('',#8901,#6896,#6897);
#5593=AXIS2_PLACEMENT_3D('',#8907,#6899,#6900);
#5594=AXIS2_PLACEMENT_3D('',#8911,#6901,#6902);
#5595=AXIS2_PLACEMENT_3D('',#8912,#6903,#6904);
#5596=AXIS2_PLACEMENT_3D('',#8913,#6905,#6906);
#5597=AXIS2_PLACEMENT_3D('',#8915,#6908,#6909);
#5598=AXIS2_PLACEMENT_3D('',#8916,#6910,#6911);
#5599=AXIS2_PLACEMENT_3D('',#8917,#6912,#6913);
#5600=AXIS2_PLACEMENT_3D('',#8918,#6914,#6915);
#5601=AXIS2_PLACEMENT_3D('',#8919,#6916,#6917);
#5602=AXIS2_PLACEMENT_3D('',#8920,#6918,#6919);
#5603=AXIS2_PLACEMENT_3D('',#8921,#6920,#6921);
#5604=AXIS2_PLACEMENT_3D('',#8922,#6922,#6923);
#5605=AXIS2_PLACEMENT_3D('',#8923,#6924,#6925);
#5606=AXIS2_PLACEMENT_3D('',#8925,#6926,#6927);
#5607=AXIS2_PLACEMENT_3D('',#8929,#6928,#6929);
#5608=AXIS2_PLACEMENT_3D('',#8932,#6931,#6932);
#5609=AXIS2_PLACEMENT_3D('',#8938,#6933,#6934);
#5610=AXIS2_PLACEMENT_3D('',#8939,#6935,#6936);
#5611=AXIS2_PLACEMENT_3D('',#8942,#6937,#6938);
#5612=AXIS2_PLACEMENT_3D('',#8944,#6939,#6940);
#5613=AXIS2_PLACEMENT_3D('',#8945,#6941,#6942);
#5614=AXIS2_PLACEMENT_3D('',#8947,#6943,#6944);
#5615=AXIS2_PLACEMENT_3D('',#8949,#6945,#6946);
#5616=AXIS2_PLACEMENT_3D('',#8966,#6948,#6949);
#5617=AXIS2_PLACEMENT_3D('',#8967,#6950,#6951);
#5618=AXIS2_PLACEMENT_3D('',#9039,#6952,#6953);
#5619=AXIS2_PLACEMENT_3D('',#9041,#6954,#6955);
#5620=AXIS2_PLACEMENT_3D('',#9042,#6956,#6957);
#5621=AXIS2_PLACEMENT_3D('',#9043,#6958,#6959);
#5622=AXIS2_PLACEMENT_3D('',#9046,#6962,#6963);
#5623=AXIS2_PLACEMENT_3D('',#9048,#6964,#6965);
#5624=AXIS2_PLACEMENT_3D('',#9051,#6967,#6968);
#5625=AXIS2_PLACEMENT_3D('',#9052,#6969,#6970);
#5626=AXIS2_PLACEMENT_3D('',#9054,#6971,#6972);
#5627=AXIS2_PLACEMENT_3D('',#9055,#6973,#6974);
#5628=AXIS2_PLACEMENT_3D('',#9056,#6975,#6976);
#5629=AXIS2_PLACEMENT_3D('',#9059,#6978,#6979);
#5630=AXIS2_PLACEMENT_3D('',#9060,#6980,#6981);
#5631=AXIS2_PLACEMENT_3D('',#9070,#6986,#6987);
#5632=AXIS2_PLACEMENT_3D('',#9071,#6988,#6989);
#5633=AXIS2_PLACEMENT_3D('',#9079,#6992,#6993);
#5634=AXIS2_PLACEMENT_3D('',#9081,#6994,#6995);
#5635=AXIS2_PLACEMENT_3D('',#9085,#6996,#6997);
#5636=AXIS2_PLACEMENT_3D('',#9089,#7000,#7001);
#5637=AXIS2_PLACEMENT_3D('',#9097,#7004,#7005);
#5638=AXIS2_PLACEMENT_3D('',#9099,#7006,#7007);
#5639=AXIS2_PLACEMENT_3D('',#9103,#7008,#7009);
#5640=AXIS2_PLACEMENT_3D('',#9107,#7012,#7013);
#5641=AXIS2_PLACEMENT_3D('',#9116,#7016,#7017);
#5642=AXIS2_PLACEMENT_3D('',#9117,#7018,#7019);
#5643=AXIS2_PLACEMENT_3D('',#9119,#7020,#7021);
#5644=AXIS2_PLACEMENT_3D('',#9123,#7022,#7023);
#5645=AXIS2_PLACEMENT_3D('',#9125,#7025,#7026);
#5646=AXIS2_PLACEMENT_3D('',#9126,#7027,#7028);
#5647=AXIS2_PLACEMENT_3D('',#9130,#7030,#7031);
#5648=AXIS2_PLACEMENT_3D('',#9134,#7032,#7033);
#5649=AXIS2_PLACEMENT_3D('',#9136,#7034,#7035);
#5650=AXIS2_PLACEMENT_3D('',#9140,#7036,#7037);
#5651=AXIS2_PLACEMENT_3D('',#9142,#7039,#7040);
#5652=AXIS2_PLACEMENT_3D('',#9143,#7041,#7042);
#5653=AXIS2_PLACEMENT_3D('',#9147,#7044,#7045);
#5654=AXIS2_PLACEMENT_3D('',#9151,#7046,#7047);
#5655=AXIS2_PLACEMENT_3D('',#9153,#7048,#7049);
#5656=AXIS2_PLACEMENT_3D('',#9157,#7050,#7051);
#5657=AXIS2_PLACEMENT_3D('',#9159,#7053,#7054);
#5658=AXIS2_PLACEMENT_3D('',#9160,#7055,#7056);
#5659=AXIS2_PLACEMENT_3D('',#9164,#7058,#7059);
#5660=AXIS2_PLACEMENT_3D('',#9168,#7060,#7061);
#5661=AXIS2_PLACEMENT_3D('',#9170,#7062,#7063);
#5662=AXIS2_PLACEMENT_3D('',#9174,#7064,#7065);
#5663=AXIS2_PLACEMENT_3D('',#9176,#7067,#7068);
#5664=AXIS2_PLACEMENT_3D('',#9177,#7069,#7070);
#5665=AXIS2_PLACEMENT_3D('',#9181,#7072,#7073);
#5666=AXIS2_PLACEMENT_3D('',#9185,#7074,#7075);
#5667=AXIS2_PLACEMENT_3D('',#9187,#7076,#7077);
#5668=AXIS2_PLACEMENT_3D('',#9191,#7078,#7079);
#5669=AXIS2_PLACEMENT_3D('',#9193,#7081,#7082);
#5670=AXIS2_PLACEMENT_3D('',#9194,#7083,#7084);
#5671=AXIS2_PLACEMENT_3D('',#9198,#7086,#7087);
#5672=AXIS2_PLACEMENT_3D('',#9202,#7088,#7089);
#5673=AXIS2_PLACEMENT_3D('',#9204,#7090,#7091);
#5674=AXIS2_PLACEMENT_3D('',#9208,#7092,#7093);
#5675=AXIS2_PLACEMENT_3D('',#9210,#7095,#7096);
#5676=AXIS2_PLACEMENT_3D('',#9211,#7097,#7098);
#5677=AXIS2_PLACEMENT_3D('',#9215,#7100,#7101);
#5678=AXIS2_PLACEMENT_3D('',#9219,#7102,#7103);
#5679=AXIS2_PLACEMENT_3D('',#9220,#7104,#7105);
#5680=AXIS2_PLACEMENT_3D('',#9224,#7106,#7107);
#5681=AXIS2_PLACEMENT_3D('',#9226,#7109,#7110);
#5682=AXIS2_PLACEMENT_3D('',#9227,#7111,#7112);
#5683=AXIS2_PLACEMENT_3D('',#9228,#7113,#7114);
#5684=AXIS2_PLACEMENT_3D('',#9230,#7116,#7117);
#5685=AXIS2_PLACEMENT_3D('',#9236,#7119,#7120);
#5686=AXIS2_PLACEMENT_3D('',#9238,#7121,#7122);
#5687=AXIS2_PLACEMENT_3D('',#9242,#7123,#7124);
#5688=AXIS2_PLACEMENT_3D('',#9244,#7126,#7127);
#5689=AXIS2_PLACEMENT_3D('',#9250,#7129,#7130);
#5690=AXIS2_PLACEMENT_3D('',#9252,#7131,#7132);
#5691=AXIS2_PLACEMENT_3D('',#9256,#7133,#7134);
#5692=AXIS2_PLACEMENT_3D('',#9258,#7136,#7137);
#5693=AXIS2_PLACEMENT_3D('',#9264,#7139,#7140);
#5694=AXIS2_PLACEMENT_3D('',#9266,#7141,#7142);
#5695=AXIS2_PLACEMENT_3D('',#9270,#7143,#7144);
#5696=AXIS2_PLACEMENT_3D('',#9272,#7146,#7147);
#5697=AXIS2_PLACEMENT_3D('',#9278,#7149,#7150);
#5698=AXIS2_PLACEMENT_3D('',#9280,#7151,#7152);
#5699=AXIS2_PLACEMENT_3D('',#9284,#7153,#7154);
#5700=AXIS2_PLACEMENT_3D('',#9286,#7156,#7157);
#5701=AXIS2_PLACEMENT_3D('',#9292,#7159,#7160);
#5702=AXIS2_PLACEMENT_3D('',#9294,#7161,#7162);
#5703=AXIS2_PLACEMENT_3D('',#9298,#7163,#7164);
#5704=AXIS2_PLACEMENT_3D('',#9300,#7166,#7167);
#5705=AXIS2_PLACEMENT_3D('',#9306,#7169,#7170);
#5706=AXIS2_PLACEMENT_3D('',#9308,#7171,#7172);
#5707=AXIS2_PLACEMENT_3D('',#9312,#7173,#7174);
#5708=AXIS2_PLACEMENT_3D('',#9314,#7176,#7177);
#5709=AXIS2_PLACEMENT_3D('',#9320,#7179,#7180);
#5710=AXIS2_PLACEMENT_3D('',#9322,#7181,#7182);
#5711=AXIS2_PLACEMENT_3D('',#9326,#7183,#7184);
#5712=AXIS2_PLACEMENT_3D('',#9328,#7186,#7187);
#5713=AXIS2_PLACEMENT_3D('',#9334,#7189,#7190);
#5714=AXIS2_PLACEMENT_3D('',#9335,#7191,#7192);
#5715=AXIS2_PLACEMENT_3D('',#9339,#7193,#7194);
#5716=AXIS2_PLACEMENT_3D('',#9340,#7195,#7196);
#5717=AXIS2_PLACEMENT_3D('',#9342,#7198,#7199);
#5718=AXIS2_PLACEMENT_3D('',#9343,#7200,#7201);
#5719=AXIS2_PLACEMENT_3D('',#9344,#7202,#7203);
#5720=AXIS2_PLACEMENT_3D('',#9345,#7204,#7205);
#5721=AXIS2_PLACEMENT_3D('',#9346,#7206,#7207);
#5722=AXIS2_PLACEMENT_3D('',#9347,#7208,#7209);
#5723=AXIS2_PLACEMENT_3D('',#9348,#7210,#7211);
#5724=AXIS2_PLACEMENT_3D('',#9355,#7213,#7214);
#5725=AXIS2_PLACEMENT_3D('',#9356,#7215,#7216);
#5726=AXIS2_PLACEMENT_3D('',#9357,#7217,#7218);
#5727=AXIS2_PLACEMENT_3D('',#9388,#7219,#7220);
#5728=AXIS2_PLACEMENT_3D('',#9391,#7221,#7222);
#5729=AXIS2_PLACEMENT_3D('',#9449,#7223,#7224);
#5730=AXIS2_PLACEMENT_3D('',#9450,#7225,#7226);
#5731=AXIS2_PLACEMENT_3D('',#9451,#7227,#7228);
#5732=AXIS2_PLACEMENT_3D('',#9453,#7229,#7230);
#5733=AXIS2_PLACEMENT_3D('',#9455,#7232,#7233);
#5734=AXIS2_PLACEMENT_3D('',#9457,#7234,#7235);
#5735=AXIS2_PLACEMENT_3D('',#9459,#7237,#7238);
#5736=AXIS2_PLACEMENT_3D('',#9462,#7239,#7240);
#5737=AXIS2_PLACEMENT_3D('',#9466,#7242,#7243);
#5738=AXIS2_PLACEMENT_3D('',#9468,#7245,#7246);
#5739=AXIS2_PLACEMENT_3D('',#9470,#7247,#7248);
#5740=AXIS2_PLACEMENT_3D('',#9472,#7249,#7250);
#5741=AXIS2_PLACEMENT_3D('',#9474,#7251,#7252);
#5742=AXIS2_PLACEMENT_3D('',#9475,#7253,#7254);
#5743=AXIS2_PLACEMENT_3D('',#9476,#7255,#7256);
#5744=AXIS2_PLACEMENT_3D('',#9478,#7257,#7258);
#5745=AXIS2_PLACEMENT_3D('',#9479,#7259,#7260);
#5746=AXIS2_PLACEMENT_3D('',#9482,#7261,#7262);
#5747=AXIS2_PLACEMENT_3D('',#9483,#7263,#7264);
#5748=AXIS2_PLACEMENT_3D('',#9485,#7266,#7267);
#5749=AXIS2_PLACEMENT_3D('',#9486,#7268,#7269);
#5750=AXIS2_PLACEMENT_3D('',#9487,#7270,#7271);
#5751=AXIS2_PLACEMENT_3D('',#9489,#7272,#7273);
#5752=AXIS2_PLACEMENT_3D('',#9491,#7274,#7275);
#5753=AXIS2_PLACEMENT_3D('',#9492,#7276,#7277);
#5754=AXIS2_PLACEMENT_3D('',#9494,#7278,#7279);
#5755=AXIS2_PLACEMENT_3D('',#9497,#7281,#7282);
#5756=AXIS2_PLACEMENT_3D('',#9498,#7283,#7284);
#5757=AXIS2_PLACEMENT_3D('',#9500,#7285,#7286);
#5758=AXIS2_PLACEMENT_3D('',#9501,#7287,#7288);
#5759=AXIS2_PLACEMENT_3D('',#9504,#7290,#7291);
#5760=AXIS2_PLACEMENT_3D('',#9505,#7292,#7293);
#5761=AXIS2_PLACEMENT_3D('',#9507,#7294,#7295);
#5762=AXIS2_PLACEMENT_3D('',#9509,#7297,#7298);
#5763=AXIS2_PLACEMENT_3D('',#9512,#7300,#7301);
#5764=AXIS2_PLACEMENT_3D('',#9513,#7302,#7303);
#5765=AXIS2_PLACEMENT_3D('',#9515,#7304,#7305);
#5766=AXIS2_PLACEMENT_3D('',#9517,#7307,#7308);
#5767=AXIS2_PLACEMENT_3D('',#9521,#7310,#7311);
#5768=AXIS2_PLACEMENT_3D('',#9525,#7313,#7314);
#5769=AXIS2_PLACEMENT_3D('',#9527,#7316,#7317);
#5770=AXIS2_PLACEMENT_3D('',#9531,#7320,#7321);
#5771=AXIS2_PLACEMENT_3D('',#9533,#7322,#7323);
#5772=AXIS2_PLACEMENT_3D('',#9535,#7325,#7326);
#5773=AXIS2_PLACEMENT_3D('',#9538,#7329,#7330);
#5774=AXIS2_PLACEMENT_3D('',#9541,#7333,#7334);
#5775=AXIS2_PLACEMENT_3D('',#9543,#7336,#7337);
#5776=AXIS2_PLACEMENT_3D('',#9546,#7338,#7339);
#5777=AXIS2_PLACEMENT_3D('',#9556,#7341,#7342);
#5778=AXIS2_PLACEMENT_3D('',#9588,#7343,#7344);
#5779=AXIS2_PLACEMENT_3D('',#9589,#7345,#7346);
#5780=AXIS2_PLACEMENT_3D('',#9594,#7350,#7351);
#5781=AXIS2_PLACEMENT_3D('',#9596,#7352,#7353);
#5782=AXIS2_PLACEMENT_3D('',#9598,#7355,#7356);
#5783=AXIS2_PLACEMENT_3D('',#9602,#7358,#7359);
#5784=AXIS2_PLACEMENT_3D('',#9604,#7361,#7362);
#5785=AXIS2_PLACEMENT_3D('',#9607,#7365,#7366);
#5786=AXIS2_PLACEMENT_3D('',#9608,#7367,#7368);
#5787=AXIS2_PLACEMENT_3D('',#9609,#7369,#7370);
#5788=AXIS2_PLACEMENT_3D('',#9610,#7371,#7372);
#5789=AXIS2_PLACEMENT_3D('',#9613,#7374,#7375);
#5790=AXIS2_PLACEMENT_3D('',#9614,#7376,#7377);
#5791=AXIS2_PLACEMENT_3D('',#9616,#7379,#7380);
#5792=AXIS2_PLACEMENT_3D('',#9618,#7382,#7383);
#5793=AXIS2_PLACEMENT_3D('',#9620,#7385,#7386);
#5794=DIRECTION('axis',(0.,0.,1.));
#5795=DIRECTION('refdir',(1.,0.,0.));
#5796=DIRECTION('center_axis',(0.,-0.201345822815925,-0.979520219104526));
#5797=DIRECTION('ref_axis',(0.,-0.979520219104526,0.201345822815925));
#5798=DIRECTION('',(0.,0.979520219104526,-0.201345822815925));
#5799=DIRECTION('',(-1.,0.,0.));
#5800=DIRECTION('',(0.,-0.979520219104526,0.201345822815925));
#5801=DIRECTION('center_axis',(0.,-0.201345822815925,-0.979520219104526));
#5802=DIRECTION('ref_axis',(0.,-0.979520219104526,0.201345822815925));
#5803=DIRECTION('',(-1.,0.,0.));
#5804=DIRECTION('center_axis',(-1.,0.,0.));
#5805=DIRECTION('ref_axis',(0.,0.,1.));
#5806=DIRECTION('',(0.,1.,-1.11022302462522E-15));
#5807=DIRECTION('center_axis',(1.,0.,0.));
#5808=DIRECTION('ref_axis',(0.,0.766044443118978,-0.642787609686539));
#5809=DIRECTION('center_axis',(1.,0.,0.));
#5810=DIRECTION('ref_axis',(0.,0.766044443118978,-0.642787609686539));
#5811=DIRECTION('center_axis',(1.,0.,0.));
#5812=DIRECTION('ref_axis',(0.,0.766044443118978,-0.642787609686539));
#5813=DIRECTION('center_axis',(1.,0.,0.));
#5814=DIRECTION('ref_axis',(0.,0.766044443118978,-0.642787609686539));
#5815=DIRECTION('center_axis',(1.,0.,0.));
#5816=DIRECTION('ref_axis',(0.,0.766044443118978,-0.642787609686539));
#5817=DIRECTION('center_axis',(1.,0.,0.));
#5818=DIRECTION('ref_axis',(0.,0.766044443118978,-0.642787609686539));
#5819=DIRECTION('center_axis',(1.,0.,0.));
#5820=DIRECTION('ref_axis',(0.,0.766044443118978,-0.642787609686539));
#5821=DIRECTION('center_axis',(1.,0.,0.));
#5822=DIRECTION('ref_axis',(0.,0.766044443118978,-0.642787609686539));
#5823=DIRECTION('center_axis',(-1.,0.,0.));
#5824=DIRECTION('ref_axis',(0.,0.766044443118978,0.642787609686539));
#5825=DIRECTION('center_axis',(-1.,0.,0.));
#5826=DIRECTION('ref_axis',(0.,0.766044443118978,0.642787609686539));
#5827=DIRECTION('center_axis',(-1.,0.,0.));
#5828=DIRECTION('ref_axis',(0.,0.766044443118978,0.642787609686539));
#5829=DIRECTION('center_axis',(-1.,0.,0.));
#5830=DIRECTION('ref_axis',(0.,0.766044443118978,0.642787609686539));
#5831=DIRECTION('center_axis',(-1.,0.,0.));
#5832=DIRECTION('ref_axis',(0.,0.766044443118978,0.642787609686539));
#5833=DIRECTION('center_axis',(-1.,0.,0.));
#5834=DIRECTION('ref_axis',(0.,0.766044443118978,0.642787609686539));
#5835=DIRECTION('center_axis',(-1.,0.,0.));
#5836=DIRECTION('ref_axis',(0.,0.766044443118978,0.642787609686539));
#5837=DIRECTION('',(0.,1.,1.01783548539473E-15));
#5838=DIRECTION('',(0.,-1.48029736616687E-15,1.));
#5839=DIRECTION('center_axis',(1.,0.,0.));
#5840=DIRECTION('ref_axis',(0.,1.,0.));
#5841=DIRECTION('center_axis',(-1.,0.,0.));
#5842=DIRECTION('ref_axis',(0.,0.707106781186548,0.707106781186548));
#5843=DIRECTION('',(-1.,0.,0.));
#5844=DIRECTION('center_axis',(0.707106781186548,0.704416026402759,0.0616284167162193));
#5845=DIRECTION('ref_axis',(-0.707106781186548,0.704416026402759,0.0616284167162193));
#5846=DIRECTION('center_axis',(0.707106781186548,-0.704416026402759,-0.0616284167162193));
#5847=DIRECTION('ref_axis',(0.707106781186548,0.704416026402759,0.0616284167162193));
#5848=DIRECTION('center_axis',(0.707106781186548,0.683012701892219,0.183012701892219));
#5849=DIRECTION('ref_axis',(-0.707106781186548,0.683012701892219,0.183012701892219));
#5850=DIRECTION('center_axis',(0.707106781186548,-0.683012701892219,-0.18301270189222));
#5851=DIRECTION('ref_axis',(0.707106781186548,0.683012701892219,0.18301270189222));
#5852=DIRECTION('center_axis',(0.707106781186548,0.640856382055788,0.29883623873012));
#5853=DIRECTION('ref_axis',(-0.707106781186547,0.640856382055788,0.29883623873012));
#5854=DIRECTION('center_axis',(0.707106781186548,-0.640856382055788,-0.29883623873012));
#5855=DIRECTION('ref_axis',(0.707106781186548,0.640856382055789,0.29883623873012));
#5856=DIRECTION('center_axis',(0.707106781186548,0.579227965339569,0.405579787672639));
#5857=DIRECTION('ref_axis',(-0.707106781186548,0.579227965339569,0.405579787672639));
#5858=DIRECTION('center_axis',(0.707106781186548,-0.579227965339569,-0.405579787672639));
#5859=DIRECTION('ref_axis',(0.707106781186548,0.579227965339569,0.405579787672639));
#5860=DIRECTION('center_axis',(0.707106781186548,0.5,0.5));
#5861=DIRECTION('ref_axis',(-0.707106781186547,0.5,0.5));
#5862=DIRECTION('center_axis',(0.707106781186548,-0.5,-0.5));
#5863=DIRECTION('ref_axis',(0.707106781186547,0.5,0.5));
#5864=DIRECTION('center_axis',(0.707106781186548,0.405579787672639,0.579227965339569));
#5865=DIRECTION('ref_axis',(-0.707106781186547,0.405579787672639,0.579227965339569));
#5866=DIRECTION('center_axis',(0.707106781186548,-0.405579787672639,-0.579227965339569));
#5867=DIRECTION('ref_axis',(0.707106781186547,0.405579787672639,0.579227965339569));
#5868=DIRECTION('center_axis',(0.707106781186548,0.29883623873012,0.640856382055789));
#5869=DIRECTION('ref_axis',(-0.707106781186548,0.29883623873012,0.640856382055789));
#5870=DIRECTION('center_axis',(0.707106781186547,-0.298836238730119,-0.640856382055789));
#5871=DIRECTION('ref_axis',(0.707106781186548,0.298836238730119,0.640856382055789));
#5872=DIRECTION('center_axis',(0.707106781186548,0.183012701892219,0.683012701892219));
#5873=DIRECTION('ref_axis',(-0.707106781186547,0.183012701892219,0.68301270189222));
#5874=DIRECTION('center_axis',(0.707106781186548,-0.183012701892219,-0.683012701892219));
#5875=DIRECTION('ref_axis',(0.707106781186547,0.183012701892219,0.683012701892219));
#5876=DIRECTION('center_axis',(0.707106781186548,0.0616284167162192,0.704416026402759));
#5877=DIRECTION('ref_axis',(-0.707106781186548,0.0616284167162192,0.704416026402759));
#5878=DIRECTION('center_axis',(0.707106781186548,-0.0616284167162193,-0.704416026402759));
#5879=DIRECTION('ref_axis',(0.707106781186548,0.0616284167162192,0.704416026402759));
#5880=DIRECTION('center_axis',(-0.707106781186548,0.0616284167162192,-0.704416026402759));
#5881=DIRECTION('ref_axis',(0.707106781186548,0.0616284167162192,-0.704416026402759));
#5882=DIRECTION('center_axis',(-0.707106781186548,-0.0616284167162191,0.704416026402759));
#5883=DIRECTION('ref_axis',(-0.707106781186548,0.0616284167162192,-0.704416026402759));
#5884=DIRECTION('center_axis',(-0.707106781186548,0.183012701892219,-0.683012701892219));
#5885=DIRECTION('ref_axis',(0.707106781186548,0.183012701892219,-0.683012701892219));
#5886=DIRECTION('center_axis',(-0.707106781186548,-0.183012701892219,0.683012701892219));
#5887=DIRECTION('ref_axis',(-0.707106781186547,0.183012701892219,-0.68301270189222));
#5888=DIRECTION('center_axis',(-0.707106781186547,0.298836238730119,-0.640856382055789));
#5889=DIRECTION('ref_axis',(0.707106781186548,0.298836238730119,-0.640856382055789));
#5890=DIRECTION('center_axis',(-0.707106781186548,-0.29883623873012,0.640856382055789));
#5891=DIRECTION('ref_axis',(-0.707106781186548,0.29883623873012,-0.640856382055789));
#5892=DIRECTION('center_axis',(-0.707106781186548,0.405579787672639,-0.579227965339569));
#5893=DIRECTION('ref_axis',(0.707106781186547,0.405579787672639,-0.579227965339569));
#5894=DIRECTION('center_axis',(-0.707106781186548,-0.405579787672639,0.579227965339569));
#5895=DIRECTION('ref_axis',(-0.707106781186547,0.405579787672639,-0.579227965339569));
#5896=DIRECTION('center_axis',(-0.707106781186548,0.5,-0.5));
#5897=DIRECTION('ref_axis',(0.707106781186547,0.5,-0.5));
#5898=DIRECTION('center_axis',(-0.707106781186548,-0.5,0.5));
#5899=DIRECTION('ref_axis',(-0.707106781186547,0.5,-0.5));
#5900=DIRECTION('center_axis',(-0.707106781186548,0.579227965339569,-0.405579787672639));
#5901=DIRECTION('ref_axis',(0.707106781186548,0.579227965339569,-0.405579787672639));
#5902=DIRECTION('center_axis',(-0.707106781186547,-0.579227965339569,0.405579787672639));
#5903=DIRECTION('ref_axis',(-0.707106781186548,0.579227965339569,-0.405579787672639));
#5904=DIRECTION('center_axis',(-0.707106781186548,0.640856382055788,-0.29883623873012));
#5905=DIRECTION('ref_axis',(0.707106781186548,0.640856382055789,-0.29883623873012));
#5906=DIRECTION('center_axis',(-0.707106781186548,-0.640856382055788,0.29883623873012));
#5907=DIRECTION('ref_axis',(-0.707106781186547,0.640856382055788,-0.29883623873012));
#5908=DIRECTION('center_axis',(-0.707106781186548,0.683012701892219,-0.18301270189222));
#5909=DIRECTION('ref_axis',(0.707106781186548,0.683012701892219,-0.18301270189222));
#5910=DIRECTION('center_axis',(-0.707106781186548,-0.683012701892219,0.183012701892219));
#5911=DIRECTION('ref_axis',(-0.707106781186548,0.683012701892219,-0.183012701892219));
#5912=DIRECTION('center_axis',(-0.707106781186548,0.704416026402759,-0.0616284167162194));
#5913=DIRECTION('ref_axis',(0.707106781186548,0.704416026402759,-0.0616284167162194));
#5914=DIRECTION('center_axis',(-0.707106781186548,-0.704416026402759,0.0616284167162194));
#5915=DIRECTION('ref_axis',(-0.707106781186548,0.704416026402759,-0.0616284167162193));
#5916=DIRECTION('',(-1.,0.,0.));
#5917=DIRECTION('center_axis',(0.707106781186548,0.704416026402759,-0.0616284167162194));
#5918=DIRECTION('ref_axis',(0.707106781186548,-0.704416026402759,0.0616284167162194));
#5919=DIRECTION('',(-0.0868265938642476,0.,-0.996223440096615));
#5920=DIRECTION('',(0.,0.0871557427476582,0.996194698091746));
#5921=DIRECTION('center_axis',(1.,0.,0.));
#5922=DIRECTION('ref_axis',(0.,0.,1.));
#5923=DIRECTION('center_axis',(1.,0.,0.));
#5924=DIRECTION('ref_axis',(0.,0.,1.));
#5925=DIRECTION('center_axis',(-0.707106781186548,0.704416026402759,0.0616284167162194));
#5926=DIRECTION('ref_axis',(0.707106781186548,0.704416026402759,0.0616284167162194));
#5927=DIRECTION('',(0.705757556807952,0.708453436019948,-7.86541316544198E-16));
#5928=DIRECTION('',(0.,0.0871557427476582,-0.996194698091746));
#5929=DIRECTION('center_axis',(0.707106781186548,0.704416026402759,0.0616284167162193));
#5930=DIRECTION('ref_axis',(0.707106781186548,-0.704416026402759,-0.0616284167162193));
#5931=DIRECTION('',(0.705757556807952,-0.708453436019948,7.86541316544198E-16));
#5932=DIRECTION('',(-0.0868265938642476,0.172992384921857,-0.981088567539639));
#5933=DIRECTION('center_axis',(1.,0.,0.));
#5934=DIRECTION('ref_axis',(0.,-0.17364817766693,0.984807753012208));
#5935=DIRECTION('center_axis',(1.,0.,0.));
#5936=DIRECTION('ref_axis',(0.,-0.17364817766693,0.984807753012208));
#5937=DIRECTION('center_axis',(-0.707106781186548,0.683012701892219,0.183012701892219));
#5938=DIRECTION('ref_axis',(0.707106781186547,0.683012701892219,0.183012701892219));
#5939=DIRECTION('',(-0.694746590606866,-0.719254596676404,7.98533013797671E-16));
#5940=DIRECTION('',(0.,0.258819045102521,-0.965925826289068));
#5941=DIRECTION('center_axis',(0.707106781186548,0.683012701892219,0.183012701892219));
#5942=DIRECTION('ref_axis',(0.707106781186547,-0.683012701892219,-0.183012701892219));
#5943=DIRECTION('',(0.694746590606866,-0.719254596676404,7.98533013797671E-16));
#5944=DIRECTION('',(-0.0868265938642476,0.340728483766235,-0.936143815312741));
#5945=DIRECTION('center_axis',(0.707106781186548,0.683012701892219,0.183012701892219));
#5946=DIRECTION('ref_axis',(-0.707106781186547,0.683012701892219,0.183012701892219));
#5947=DIRECTION('center_axis',(1.,0.,0.));
#5948=DIRECTION('ref_axis',(0.,-0.342020143325669,0.939692620785908));
#5949=DIRECTION('center_axis',(1.,0.,0.));
#5950=DIRECTION('ref_axis',(0.,-0.342020143325669,0.939692620785908));
#5951=DIRECTION('center_axis',(-0.707106781186548,0.640856382055789,0.29883623873012));
#5952=DIRECTION('ref_axis',(0.707106781186548,0.640856382055789,0.29883623873012));
#5953=DIRECTION('',(0.,0.422618261740699,-0.90630778703665));
#5954=DIRECTION('center_axis',(-0.707106781186548,0.640856382055789,0.29883623873012));
#5955=DIRECTION('ref_axis',(0.707106781186548,0.640856382055789,0.29883623873012));
#5956=DIRECTION('center_axis',(0.707106781186548,0.640856382055789,0.29883623873012));
#5957=DIRECTION('ref_axis',(0.707106781186548,-0.640856382055789,-0.29883623873012));
#5958=DIRECTION('',(-0.0868265938642476,0.498111720048307,-0.862754806969193));
#5959=DIRECTION('center_axis',(0.707106781186548,0.640856382055789,0.29883623873012));
#5960=DIRECTION('ref_axis',(-0.707106781186548,0.640856382055789,0.29883623873012));
#5961=DIRECTION('center_axis',(1.,0.,0.));
#5962=DIRECTION('ref_axis',(0.,-0.5,0.866025403784439));
#5963=DIRECTION('center_axis',(1.,0.,0.));
#5964=DIRECTION('ref_axis',(0.,-0.5,0.866025403784439));
#5965=DIRECTION('center_axis',(-0.707106781186548,0.579227965339569,0.405579787672639));
#5966=DIRECTION('ref_axis',(0.707106781186547,0.579227965339569,0.405579787672639));
#5967=DIRECTION('',(0.,0.573576436351046,-0.819152044288992));
#5968=DIRECTION('center_axis',(-0.707106781186548,0.579227965339569,0.405579787672639));
#5969=DIRECTION('ref_axis',(0.707106781186547,0.579227965339569,0.405579787672639));
#5970=DIRECTION('center_axis',(0.707106781186548,0.579227965339569,0.405579787672639));
#5971=DIRECTION('ref_axis',(0.707106781186547,-0.579227965339569,-0.405579787672639));
#5972=DIRECTION('',(-0.0868265938642476,0.640360083773404,-0.763151430390884));
#5973=DIRECTION('center_axis',(0.707106781186548,0.579227965339569,0.405579787672639));
#5974=DIRECTION('ref_axis',(-0.707106781186547,0.579227965339569,0.405579787672639));
#5975=DIRECTION('center_axis',(1.,0.,0.));
#5976=DIRECTION('ref_axis',(0.,-0.642787609686539,0.766044443118978));
#5977=DIRECTION('center_axis',(1.,0.,0.));
#5978=DIRECTION('ref_axis',(0.,-0.642787609686539,0.766044443118978));
#5979=DIRECTION('center_axis',(-0.707106781186548,0.5,0.5));
#5980=DIRECTION('ref_axis',(0.707106781186548,0.5,0.5));
#5981=DIRECTION('',(0.,0.707106781186547,-0.707106781186547));
#5982=DIRECTION('center_axis',(-0.707106781186548,0.5,0.5));
#5983=DIRECTION('ref_axis',(0.707106781186548,0.5,0.5));
#5984=DIRECTION('center_axis',(0.707106781186548,0.5,0.5));
#5985=DIRECTION('ref_axis',(0.707106781186547,-0.5,-0.5));
#5986=DIRECTION('',(-0.0868265938642476,0.763151430390884,-0.640360083773404));
#5987=DIRECTION('center_axis',(0.707106781186548,0.5,0.5));
#5988=DIRECTION('ref_axis',(-0.707106781186548,0.5,0.5));
#5989=DIRECTION('center_axis',(1.,0.,0.));
#5990=DIRECTION('ref_axis',(0.,-0.766044443118978,0.642787609686539));
#5991=DIRECTION('center_axis',(1.,0.,0.));
#5992=DIRECTION('ref_axis',(0.,-0.766044443118978,0.642787609686539));
#5993=DIRECTION('center_axis',(-0.707106781186548,0.405579787672639,0.579227965339569));
#5994=DIRECTION('ref_axis',(0.707106781186548,0.405579787672639,0.579227965339569));
#5995=DIRECTION('',(0.,0.819152044288992,-0.573576436351046));
#5996=DIRECTION('center_axis',(-0.707106781186548,0.405579787672639,0.579227965339569));
#5997=DIRECTION('ref_axis',(-0.707106781186548,-0.405579787672639,-0.579227965339569));
#5998=DIRECTION('center_axis',(0.707106781186548,0.405579787672639,0.579227965339569));
#5999=DIRECTION('ref_axis',(0.707106781186548,-0.405579787672639,-0.579227965339569));
#6000=DIRECTION('',(-0.0868265938642475,0.862754806969193,-0.498111720048307));
#6001=DIRECTION('center_axis',(0.707106781186548,0.405579787672639,0.579227965339569));
#6002=DIRECTION('ref_axis',(0.707106781186548,-0.405579787672639,-0.579227965339569));
#6003=DIRECTION('center_axis',(1.,0.,0.));
#6004=DIRECTION('ref_axis',(0.,-0.866025403784438,0.5));
#6005=DIRECTION('center_axis',(1.,0.,0.));
#6006=DIRECTION('ref_axis',(0.,-0.866025403784439,0.5));
#6007=DIRECTION('center_axis',(-0.707106781186548,0.29883623873012,0.640856382055789));
#6008=DIRECTION('ref_axis',(0.707106781186548,0.29883623873012,0.640856382055789));
#6009=DIRECTION('',(0.,0.90630778703665,-0.4226182617407));
#6010=DIRECTION('center_axis',(-0.707106781186548,0.29883623873012,0.640856382055789));
#6011=DIRECTION('ref_axis',(-0.707106781186548,-0.29883623873012,-0.640856382055789));
#6012=DIRECTION('center_axis',(0.707106781186548,0.29883623873012,0.640856382055789));
#6013=DIRECTION('ref_axis',(0.707106781186548,-0.29883623873012,-0.640856382055789));
#6014=DIRECTION('',(-0.0868265938642476,0.936143815312741,-0.340728483766235));
#6015=DIRECTION('center_axis',(0.707106781186548,0.29883623873012,0.640856382055789));
#6016=DIRECTION('ref_axis',(0.707106781186548,-0.29883623873012,-0.640856382055789));
#6017=DIRECTION('center_axis',(1.,0.,0.));
#6018=DIRECTION('ref_axis',(0.,-0.939692620785908,0.342020143325669));
#6019=DIRECTION('center_axis',(1.,0.,0.));
#6020=DIRECTION('ref_axis',(0.,-0.939692620785908,0.342020143325669));
#6021=DIRECTION('center_axis',(-0.707106781186548,0.183012701892219,0.683012701892219));
#6022=DIRECTION('ref_axis',(0.707106781186547,0.183012701892219,0.683012701892219));
#6023=DIRECTION('',(0.,0.965925826289068,-0.258819045102521));
#6024=DIRECTION('center_axis',(-0.707106781186548,0.183012701892219,0.683012701892219));
#6025=DIRECTION('ref_axis',(-0.707106781186548,-0.183012701892219,-0.683012701892219));
#6026=DIRECTION('center_axis',(0.707106781186548,0.183012701892219,0.683012701892219));
#6027=DIRECTION('ref_axis',(0.707106781186547,-0.183012701892219,-0.683012701892219));
#6028=DIRECTION('',(-0.0868265938642476,0.981088567539639,-0.172992384921858));
#6029=DIRECTION('center_axis',(0.707106781186548,0.183012701892219,0.683012701892219));
#6030=DIRECTION('ref_axis',(0.707106781186548,-0.183012701892219,-0.683012701892219));
#6031=DIRECTION('center_axis',(1.,0.,0.));
#6032=DIRECTION('ref_axis',(0.,-0.984807753012208,0.17364817766693));
#6033=DIRECTION('center_axis',(1.,0.,0.));
#6034=DIRECTION('ref_axis',(0.,-0.984807753012208,0.17364817766693));
#6035=DIRECTION('center_axis',(-0.707106781186548,0.0616284167162194,0.704416026402759));
#6036=DIRECTION('ref_axis',(0.707106781186547,0.0616284167162194,0.704416026402759));
#6037=DIRECTION('',(0.,0.996194698091746,-0.0871557427476582));
#6038=DIRECTION('center_axis',(-0.707106781186548,0.0616284167162194,0.704416026402759));
#6039=DIRECTION('ref_axis',(-0.707106781186547,-0.0616284167162194,-0.704416026402759));
#6040=DIRECTION('center_axis',(0.707106781186548,0.0616284167162194,0.704416026402759));
#6041=DIRECTION('ref_axis',(0.707106781186548,-0.0616284167162194,-0.704416026402759));
#6042=DIRECTION('',(0.0868265938642476,-0.996223440096615,4.60193160771313E-17));
#6043=DIRECTION('center_axis',(0.707106781186548,0.0616284167162194,0.704416026402759));
#6044=DIRECTION('ref_axis',(0.707106781186548,-0.0616284167162193,-0.704416026402759));
#6045=DIRECTION('center_axis',(1.,0.,0.));
#6046=DIRECTION('ref_axis',(0.,-1.,6.12323399573677E-17));
#6047=DIRECTION('center_axis',(1.,0.,0.));
#6048=DIRECTION('ref_axis',(0.,-1.,6.12323399573677E-17));
#6049=DIRECTION('center_axis',(-0.707106781186548,0.0616284167162192,-0.704416026402759));
#6050=DIRECTION('ref_axis',(0.707106781186548,0.0616284167162192,-0.704416026402759));
#6051=DIRECTION('',(-0.0868265938642475,-0.996223440096615,4.60193160771313E-17));
#6052=DIRECTION('',(0.,-0.996194698091746,-0.0871557427476578));
#6053=DIRECTION('center_axis',(0.707106781186548,0.0616284167162191,-0.704416026402759));
#6054=DIRECTION('ref_axis',(0.707106781186548,-0.0616284167162191,0.704416026402759));
#6055=DIRECTION('',(-0.0868265938642476,-0.981088567539639,-0.172992384921857));
#6056=DIRECTION('center_axis',(1.,0.,0.));
#6057=DIRECTION('ref_axis',(0.,0.984807753012208,0.17364817766693));
#6058=DIRECTION('center_axis',(1.,0.,0.));
#6059=DIRECTION('ref_axis',(0.,0.984807753012208,0.17364817766693));
#6060=DIRECTION('center_axis',(-0.707106781186548,0.183012701892219,-0.683012701892219));
#6061=DIRECTION('ref_axis',(0.707106781186547,0.183012701892219,-0.683012701892219));
#6062=DIRECTION('',(0.,-0.965925826289068,-0.25881904510252));
#6063=DIRECTION('center_axis',(0.707106781186548,0.183012701892219,-0.683012701892219));
#6064=DIRECTION('ref_axis',(0.707106781186547,-0.183012701892219,0.683012701892219));
#6065=DIRECTION('',(-0.0868265938642476,-0.936143815312741,-0.340728483766234));
#6066=DIRECTION('center_axis',(1.,0.,0.));
#6067=DIRECTION('ref_axis',(0.,0.939692620785909,0.342020143325668));
#6068=DIRECTION('center_axis',(1.,0.,0.));
#6069=DIRECTION('ref_axis',(0.,0.939692620785909,0.342020143325668));
#6070=DIRECTION('center_axis',(-0.707106781186547,0.298836238730119,-0.640856382055789));
#6071=DIRECTION('ref_axis',(0.707106781186548,0.298836238730119,-0.640856382055789));
#6072=DIRECTION('',(0.,-0.90630778703665,-0.422618261740699));
#6073=DIRECTION('center_axis',(0.707106781186548,0.29883623873012,-0.640856382055789));
#6074=DIRECTION('ref_axis',(0.707106781186548,-0.29883623873012,0.640856382055789));
#6075=DIRECTION('',(-0.0868265938642475,-0.862754806969193,-0.498111720048307));
#6076=DIRECTION('center_axis',(1.,0.,0.));
#6077=DIRECTION('ref_axis',(0.,0.866025403784438,0.5));
#6078=DIRECTION('center_axis',(1.,0.,0.));
#6079=DIRECTION('ref_axis',(0.,0.866025403784439,0.5));
#6080=DIRECTION('center_axis',(-0.707106781186548,0.405579787672639,-0.579227965339569));
#6081=DIRECTION('ref_axis',(0.707106781186548,0.405579787672639,-0.579227965339569));
#6082=DIRECTION('',(0.,-0.819152044288992,-0.573576436351046));
#6083=DIRECTION('center_axis',(0.707106781186548,0.405579787672639,-0.579227965339569));
#6084=DIRECTION('ref_axis',(0.707106781186547,-0.405579787672639,0.579227965339569));
#6085=DIRECTION('',(-0.0868265938642475,-0.763151430390884,-0.640360083773404));
#6086=DIRECTION('center_axis',(1.,0.,0.));
#6087=DIRECTION('ref_axis',(0.,0.766044443118978,0.642787609686539));
#6088=DIRECTION('center_axis',(1.,0.,0.));
#6089=DIRECTION('ref_axis',(0.,0.766044443118978,0.642787609686539));
#6090=DIRECTION('center_axis',(-0.707106781186548,0.5,-0.5));
#6091=DIRECTION('ref_axis',(0.707106781186548,0.5,-0.5));
#6092=DIRECTION('',(0.,-0.707106781186548,-0.707106781186547));
#6093=DIRECTION('center_axis',(0.707106781186548,0.5,-0.5));
#6094=DIRECTION('ref_axis',(0.707106781186548,-0.5,0.5));
#6095=DIRECTION('',(-0.0868265938642476,-0.640360083773404,-0.763151430390884));
#6096=DIRECTION('center_axis',(1.,0.,0.));
#6097=DIRECTION('ref_axis',(0.,0.64278760968654,0.766044443118978));
#6098=DIRECTION('center_axis',(1.,0.,0.));
#6099=DIRECTION('ref_axis',(0.,0.64278760968654,0.766044443118978));
#6100=DIRECTION('center_axis',(-0.707106781186548,0.579227965339569,-0.405579787672639));
#6101=DIRECTION('ref_axis',(0.707106781186548,0.579227965339569,-0.405579787672639));
#6102=DIRECTION('',(0.,-0.573576436351047,-0.819152044288992));
#6103=DIRECTION('center_axis',(0.707106781186547,0.579227965339569,-0.405579787672639));
#6104=DIRECTION('ref_axis',(0.707106781186548,-0.579227965339569,0.405579787672639));
#6105=DIRECTION('',(-0.0868265938642476,-0.498111720048308,-0.862754806969193));
#6106=DIRECTION('center_axis',(1.,0.,0.));
#6107=DIRECTION('ref_axis',(0.,0.500000000000001,0.866025403784438));
#6108=DIRECTION('center_axis',(1.,0.,0.));
#6109=DIRECTION('ref_axis',(0.,0.5,0.866025403784438));
#6110=DIRECTION('center_axis',(-0.707106781186548,0.640856382055788,-0.29883623873012));
#6111=DIRECTION('ref_axis',(0.707106781186547,0.640856382055788,-0.29883623873012));
#6112=DIRECTION('',(0.,-0.4226182617407,-0.90630778703665));
#6113=DIRECTION('center_axis',(0.707106781186548,0.640856382055788,-0.29883623873012));
#6114=DIRECTION('ref_axis',(0.707106781186548,-0.640856382055788,0.29883623873012));
#6115=DIRECTION('',(-0.0868265938642476,-0.340728483766235,-0.936143815312741));
#6116=DIRECTION('center_axis',(1.,0.,0.));
#6117=DIRECTION('ref_axis',(0.,0.342020143325669,0.939692620785908));
#6118=DIRECTION('center_axis',(1.,0.,0.));
#6119=DIRECTION('ref_axis',(0.,0.342020143325669,0.939692620785908));
#6120=DIRECTION('center_axis',(-0.707106781186548,0.683012701892219,-0.18301270189222));
#6121=DIRECTION('ref_axis',(0.707106781186548,0.683012701892219,-0.18301270189222));
#6122=DIRECTION('',(0.,-0.258819045102521,-0.965925826289068));
#6123=DIRECTION('center_axis',(0.707106781186548,0.683012701892219,-0.183012701892219));
#6124=DIRECTION('ref_axis',(0.707106781186547,-0.683012701892219,0.183012701892219));
#6125=DIRECTION('',(-0.0868265938642476,-0.172992384921858,-0.981088567539639));
#6126=DIRECTION('center_axis',(1.,0.,0.));
#6127=DIRECTION('ref_axis',(0.,0.17364817766693,0.984807753012208));
#6128=DIRECTION('center_axis',(1.,0.,0.));
#6129=DIRECTION('ref_axis',(0.,0.17364817766693,0.984807753012208));
#6130=DIRECTION('center_axis',(-0.707106781186548,0.704416026402759,-0.0616284167162194));
#6131=DIRECTION('ref_axis',(0.707106781186548,0.704416026402759,-0.0616284167162194));
#6132=DIRECTION('center_axis',(-1.,0.,0.));
#6133=DIRECTION('ref_axis',(0.,0.766044443118978,-0.642787609686539));
#6134=DIRECTION('',(-1.,0.,0.));
#6135=DIRECTION('center_axis',(-1.,0.,0.));
#6136=DIRECTION('ref_axis',(0.,0.766044443118978,-0.642787609686539));
#6137=DIRECTION('center_axis',(-1.,0.,0.));
#6138=DIRECTION('ref_axis',(0.,0.766044443118978,-0.642787609686539));
#6139=DIRECTION('center_axis',(-1.,0.,0.));
#6140=DIRECTION('ref_axis',(0.,-0.766044443118978,0.642787609686539));
#6141=DIRECTION('center_axis',(-1.,0.,0.));
#6142=DIRECTION('ref_axis',(0.,0.766044443118978,-0.642787609686539));
#6143=DIRECTION('center_axis',(-1.,0.,0.));
#6144=DIRECTION('ref_axis',(0.,0.766044443118978,-0.642787609686539));
#6145=DIRECTION('center_axis',(-1.,0.,0.));
#6146=DIRECTION('ref_axis',(0.,0.766044443118978,-0.642787609686539));
#6147=DIRECTION('center_axis',(-1.,0.,0.));
#6148=DIRECTION('ref_axis',(0.,0.766044443118978,-0.642787609686539));
#6149=DIRECTION('center_axis',(-0.707106781186548,-0.0616284167162193,0.704416026402759));
#6150=DIRECTION('ref_axis',(0.707106781186548,-0.0616284167162193,0.704416026402759));
#6151=DIRECTION('center_axis',(1.,0.,0.));
#6152=DIRECTION('ref_axis',(0.,1.,-1.83697019872103E-16));
#6153=DIRECTION('center_axis',(1.,0.,0.));
#6154=DIRECTION('ref_axis',(0.,1.,-1.83697019872103E-16));
#6155=DIRECTION('center_axis',(0.,-1.11022302462522E-15,-1.));
#6156=DIRECTION('ref_axis',(0.,-1.,1.11022302462522E-15));
#6157=DIRECTION('',(0.,1.,-1.11022302462522E-15));
#6158=DIRECTION('center_axis',(0.,1.11022302462522E-15,1.));
#6159=DIRECTION('ref_axis',(0.707106781186547,-0.707106781186547,-1.09906472107864E-15));
#6160=DIRECTION('center_axis',(0.,1.11022302462522E-15,1.));
#6161=DIRECTION('ref_axis',(2.7942346050292E-17,1.,-1.08670223059324E-15));
#6162=DIRECTION('center_axis',(0.,-1.48029736616687E-15,1.));
#6163=DIRECTION('ref_axis',(0.707106781186547,-0.707106781186547,-1.09906472107864E-15));
#6164=DIRECTION('center_axis',(0.,0.76604444311898,0.642787609686536));
#6165=DIRECTION('ref_axis',(0.,-0.642787609686536,0.76604444311898));
#6166=DIRECTION('',(0.,1.48029736616687E-15,-1.));
#6167=DIRECTION('center_axis',(0.,1.48029736616689E-15,1.));
#6168=DIRECTION('ref_axis',(0.,-1.,1.47104550762833E-15));
#6169=DIRECTION('center_axis',(0.,0.239488471308597,0.97089920800785));
#6170=DIRECTION('ref_axis',(0.,-0.970899208007851,0.239488471308597));
#6171=DIRECTION('center_axis',(0.,-1.01783548539473E-15,1.));
#6172=DIRECTION('ref_axis',(0.707106781186547,-0.707106781186547,1.16439257656566E-15));
#6173=DIRECTION('center_axis',(0.,-0.239488471308597,0.97089920800785));
#6174=DIRECTION('ref_axis',(0.,-0.970899208007851,-0.239488471308597));
#6175=DIRECTION('center_axis',(0.,-0.979520219104526,0.201345822815925));
#6176=DIRECTION('ref_axis',(-0.707106781186547,0.142372996676728,0.692625389238143));
#6177=DIRECTION('center_axis',(0.,0.979520219104526,-0.201345822815926));
#6178=DIRECTION('ref_axis',(-1.,0.,0.));
#6179=DIRECTION('center_axis',(0.,1.48029736616689E-15,1.));
#6180=DIRECTION('ref_axis',(-1.,0.,0.));
#6181=DIRECTION('center_axis',(0.,-1.48029736616689E-15,-1.));
#6182=DIRECTION('ref_axis',(0.,-1.,1.48029736616689E-15));
#6183=DIRECTION('center_axis',(1.,0.,0.));
#6184=DIRECTION('ref_axis',(0.,1.,1.66533453693773E-15));
#6185=DIRECTION('center_axis',(0.,1.,-1.11022302462522E-15));
#6186=DIRECTION('ref_axis',(0.70710678118655,0.,0.707106781186545));
#6187=DIRECTION('center_axis',(0.,0.994866880317293,-0.101192343819759));
#6188=DIRECTION('ref_axis',(0.,-0.101192343819759,-0.994866880317293));
#6189=DIRECTION('',(0.,-1.,1.11022302462522E-15));
#6190=DIRECTION('center_axis',(0.,-1.,0.));
#6191=DIRECTION('ref_axis',(1.,0.,0.));
#6192=DIRECTION('center_axis',(-1.,0.,0.));
#6193=DIRECTION('ref_axis',(0.,0.,-1.));
#6194=DIRECTION('center_axis',(1.,0.,0.));
#6195=DIRECTION('ref_axis',(0.,0.707106781186548,0.707106781186548));
#6196=DIRECTION('center_axis',(0.,1.,-9.23875392304928E-17));
#6197=DIRECTION('ref_axis',(1.,0.,0.));
#6198=DIRECTION('center_axis',(0.,0.979520219104526,-0.201345822815925));
#6199=DIRECTION('ref_axis',(0.707106781186549,0.142372996676724,0.692625389238141));
#6200=DIRECTION('center_axis',(-1.12346070024486E-16,0.994866880317293,
-0.101192343819763));
#6201=DIRECTION('ref_axis',(1.10452411696527E-15,0.101192343819763,0.994866880317293));
#6202=DIRECTION('',(0.,-0.979520219104526,0.201345822815925));
#6203=DIRECTION('center_axis',(0.,0.201345822815925,-0.979520219104526));
#6204=DIRECTION('ref_axis',(0.,-0.979520219104526,-0.201345822815925));
#6205=DIRECTION('',(1.,0.,0.));
#6206=DIRECTION('center_axis',(0.,0.201345822815925,-0.979520219104526));
#6207=DIRECTION('ref_axis',(0.,-0.979520219104526,-0.201345822815925));
#6208=DIRECTION('',(0.,-0.979520219104526,-0.201345822815925));
#6209=DIRECTION('',(-1.,0.,0.));
#6210=DIRECTION('',(0.,0.979520219104526,0.201345822815925));
#6211=DIRECTION('center_axis',(-0.707106781186548,-0.704416026402759,-0.0616284167162193));
#6212=DIRECTION('ref_axis',(0.707106781186548,-0.704416026402759,-0.0616284167162193));
#6213=DIRECTION('',(-0.0868265938642476,9.20386321542625E-17,0.996223440096615));
#6214=DIRECTION('',(0.,0.0871557427476581,-0.996194698091746));
#6215=DIRECTION('center_axis',(1.,0.,0.));
#6216=DIRECTION('ref_axis',(0.,-9.23875392304928E-17,-1.));
#6217=DIRECTION('center_axis',(-1.,0.,0.));
#6218=DIRECTION('ref_axis',(0.,-9.23875392304928E-17,-1.));
#6219=DIRECTION('center_axis',(0.707106781186548,-0.704416026402759,0.0616284167162194));
#6220=DIRECTION('ref_axis',(0.707106781186547,0.704416026402759,-0.0616284167162194));
#6221=DIRECTION('',(0.705757556807952,0.708453436019948,7.21089046930927E-16));
#6222=DIRECTION('',(0.,0.0871557427476582,0.996194698091746));
#6223=DIRECTION('center_axis',(-0.707106781186548,-0.704416026402759,0.0616284167162194));
#6224=DIRECTION('ref_axis',(0.707106781186548,-0.704416026402759,0.0616284167162194));
#6225=DIRECTION('',(0.705757556807952,-0.708453436019948,-7.21089046930927E-16));
#6226=DIRECTION('',(-0.0868265938642476,0.172992384921858,0.981088567539639));
#6227=DIRECTION('center_axis',(1.,0.,0.));
#6228=DIRECTION('ref_axis',(0.,-0.17364817766693,-0.984807753012208));
#6229=DIRECTION('center_axis',(-1.,0.,0.));
#6230=DIRECTION('ref_axis',(0.,-0.17364817766693,-0.984807753012208));
#6231=DIRECTION('center_axis',(0.707106781186548,-0.683012701892219,0.183012701892219));
#6232=DIRECTION('ref_axis',(0.707106781186547,0.683012701892219,-0.183012701892219));
#6233=DIRECTION('',(-0.694746590606866,-0.719254596676404,-7.32082851530517E-16));
#6234=DIRECTION('',(0.,0.258819045102521,0.965925826289068));
#6235=DIRECTION('center_axis',(-0.707106781186548,-0.683012701892219,0.183012701892219));
#6236=DIRECTION('ref_axis',(0.707106781186547,-0.683012701892219,0.183012701892219));
#6237=DIRECTION('',(0.694746590606866,-0.719254596676404,-7.32082851530517E-16));
#6238=DIRECTION('center_axis',(-0.707106781186548,-0.683012701892219,0.183012701892219));
#6239=DIRECTION('ref_axis',(-0.707106781186547,0.683012701892219,-0.183012701892219));
#6240=DIRECTION('',(-0.0868265938642476,0.340728483766235,0.936143815312741));
#6241=DIRECTION('center_axis',(1.,0.,0.));
#6242=DIRECTION('ref_axis',(0.,-0.342020143325669,-0.939692620785908));
#6243=DIRECTION('center_axis',(-1.,0.,0.));
#6244=DIRECTION('ref_axis',(0.,-0.342020143325669,-0.939692620785908));
#6245=DIRECTION('center_axis',(0.707106781186548,-0.640856382055789,0.29883623873012));
#6246=DIRECTION('ref_axis',(0.707106781186547,0.640856382055789,-0.29883623873012));
#6247=DIRECTION('center_axis',(0.707106781186548,-0.640856382055789,0.29883623873012));
#6248=DIRECTION('ref_axis',(0.707106781186548,0.640856382055789,-0.29883623873012));
#6249=DIRECTION('',(0.,0.422618261740699,0.90630778703665));
#6250=DIRECTION('center_axis',(-0.707106781186548,-0.640856382055789,0.29883623873012));
#6251=DIRECTION('ref_axis',(0.707106781186547,-0.640856382055789,0.29883623873012));
#6252=DIRECTION('',(-0.0868265938642476,0.498111720048307,0.862754806969193));
#6253=DIRECTION('center_axis',(-0.707106781186548,-0.640856382055789,0.29883623873012));
#6254=DIRECTION('ref_axis',(-0.707106781186548,0.640856382055789,-0.29883623873012));
#6255=DIRECTION('center_axis',(1.,0.,0.));
#6256=DIRECTION('ref_axis',(0.,-0.5,-0.866025403784439));
#6257=DIRECTION('center_axis',(-1.,0.,0.));
#6258=DIRECTION('ref_axis',(0.,-0.5,-0.866025403784439));
#6259=DIRECTION('center_axis',(0.707106781186548,-0.579227965339569,0.405579787672639));
#6260=DIRECTION('ref_axis',(0.707106781186547,0.579227965339569,-0.405579787672639));
#6261=DIRECTION('center_axis',(0.707106781186548,-0.579227965339569,0.405579787672639));
#6262=DIRECTION('ref_axis',(0.707106781186547,0.579227965339569,-0.405579787672639));
#6263=DIRECTION('',(0.,0.573576436351046,0.819152044288992));
#6264=DIRECTION('center_axis',(-0.707106781186548,-0.579227965339569,0.405579787672639));
#6265=DIRECTION('ref_axis',(0.707106781186547,-0.579227965339569,0.405579787672639));
#6266=DIRECTION('',(-0.0868265938642476,0.640360083773404,0.763151430390884));
#6267=DIRECTION('center_axis',(-0.707106781186548,-0.579227965339569,0.405579787672639));
#6268=DIRECTION('ref_axis',(-0.707106781186547,0.579227965339569,-0.405579787672639));
#6269=DIRECTION('center_axis',(1.,0.,0.));
#6270=DIRECTION('ref_axis',(0.,-0.642787609686539,-0.766044443118978));
#6271=DIRECTION('center_axis',(-1.,0.,0.));
#6272=DIRECTION('ref_axis',(0.,-0.642787609686539,-0.766044443118978));
#6273=DIRECTION('center_axis',(0.707106781186548,-0.5,0.5));
#6274=DIRECTION('ref_axis',(0.707106781186548,0.5,-0.5));
#6275=DIRECTION('center_axis',(0.707106781186548,-0.5,0.5));
#6276=DIRECTION('ref_axis',(0.707106781186548,0.5,-0.5));
#6277=DIRECTION('',(0.,0.707106781186548,0.707106781186547));
#6278=DIRECTION('center_axis',(-0.707106781186548,-0.5,0.5));
#6279=DIRECTION('ref_axis',(0.707106781186547,-0.5,0.5));
#6280=DIRECTION('',(-0.0868265938642476,0.763151430390884,0.640360083773404));
#6281=DIRECTION('center_axis',(-0.707106781186548,-0.5,0.5));
#6282=DIRECTION('ref_axis',(-0.707106781186548,0.5,-0.5));
#6283=DIRECTION('center_axis',(1.,0.,0.));
#6284=DIRECTION('ref_axis',(0.,-0.766044443118978,-0.642787609686539));
#6285=DIRECTION('center_axis',(-1.,0.,0.));
#6286=DIRECTION('ref_axis',(0.,-0.766044443118978,-0.642787609686539));
#6287=DIRECTION('center_axis',(0.707106781186548,-0.405579787672639,0.579227965339569));
#6288=DIRECTION('ref_axis',(0.707106781186548,0.405579787672639,-0.579227965339569));
#6289=DIRECTION('center_axis',(0.707106781186548,-0.405579787672639,0.579227965339569));
#6290=DIRECTION('ref_axis',(-0.707106781186548,-0.405579787672639,0.579227965339569));
#6291=DIRECTION('',(0.,0.819152044288992,0.573576436351046));
#6292=DIRECTION('center_axis',(-0.707106781186548,-0.405579787672639,0.579227965339569));
#6293=DIRECTION('ref_axis',(0.707106781186548,-0.405579787672639,0.579227965339569));
#6294=DIRECTION('',(-0.0868265938642475,0.862754806969193,0.498111720048307));
#6295=DIRECTION('center_axis',(-0.707106781186548,-0.405579787672639,0.579227965339569));
#6296=DIRECTION('ref_axis',(0.707106781186548,-0.405579787672639,0.579227965339569));
#6297=DIRECTION('center_axis',(1.,0.,0.));
#6298=DIRECTION('ref_axis',(0.,-0.866025403784438,-0.5));
#6299=DIRECTION('center_axis',(-1.,0.,0.));
#6300=DIRECTION('ref_axis',(0.,-0.866025403784439,-0.5));
#6301=DIRECTION('center_axis',(0.707106781186548,-0.29883623873012,0.640856382055789));
#6302=DIRECTION('ref_axis',(0.707106781186548,0.29883623873012,-0.640856382055789));
#6303=DIRECTION('center_axis',(0.707106781186548,-0.29883623873012,0.640856382055789));
#6304=DIRECTION('ref_axis',(-0.707106781186548,-0.29883623873012,0.640856382055789));
#6305=DIRECTION('',(0.,0.90630778703665,0.422618261740699));
#6306=DIRECTION('center_axis',(-0.707106781186548,-0.29883623873012,0.640856382055789));
#6307=DIRECTION('ref_axis',(0.707106781186548,-0.29883623873012,0.640856382055789));
#6308=DIRECTION('',(-0.0868265938642476,0.936143815312741,0.340728483766235));
#6309=DIRECTION('center_axis',(-0.707106781186548,-0.29883623873012,0.640856382055789));
#6310=DIRECTION('ref_axis',(0.707106781186548,-0.29883623873012,0.640856382055789));
#6311=DIRECTION('center_axis',(1.,0.,0.));
#6312=DIRECTION('ref_axis',(0.,-0.939692620785908,-0.342020143325669));
#6313=DIRECTION('center_axis',(-1.,0.,0.));
#6314=DIRECTION('ref_axis',(0.,-0.939692620785908,-0.342020143325669));
#6315=DIRECTION('center_axis',(0.707106781186548,-0.183012701892219,0.683012701892219));
#6316=DIRECTION('ref_axis',(0.707106781186547,0.183012701892219,-0.683012701892219));
#6317=DIRECTION('center_axis',(0.707106781186548,-0.183012701892219,0.683012701892219));
#6318=DIRECTION('ref_axis',(-0.707106781186548,-0.183012701892219,0.683012701892219));
#6319=DIRECTION('',(0.,0.965925826289068,0.258819045102521));
#6320=DIRECTION('center_axis',(-0.707106781186548,-0.183012701892219,0.683012701892219));
#6321=DIRECTION('ref_axis',(0.707106781186547,-0.183012701892219,0.683012701892219));
#6322=DIRECTION('',(-0.0868265938642476,0.981088567539639,0.172992384921857));
#6323=DIRECTION('center_axis',(-0.707106781186548,-0.183012701892219,0.683012701892219));
#6324=DIRECTION('ref_axis',(0.707106781186548,-0.183012701892219,0.683012701892219));
#6325=DIRECTION('center_axis',(1.,0.,0.));
#6326=DIRECTION('ref_axis',(0.,-0.984807753012208,-0.17364817766693));
#6327=DIRECTION('center_axis',(-1.,0.,0.));
#6328=DIRECTION('ref_axis',(0.,-0.984807753012208,-0.17364817766693));
#6329=DIRECTION('center_axis',(0.707106781186548,-0.0616284167162193,0.704416026402759));
#6330=DIRECTION('ref_axis',(0.707106781186547,0.0616284167162193,-0.704416026402759));
#6331=DIRECTION('center_axis',(0.707106781186548,-0.0616284167162193,0.704416026402759));
#6332=DIRECTION('ref_axis',(-0.707106781186547,-0.0616284167162193,0.704416026402759));
#6333=DIRECTION('',(0.,0.996194698091746,0.0871557427476582));
#6334=DIRECTION('center_axis',(-0.707106781186548,-0.0616284167162193,0.704416026402759));
#6335=DIRECTION('ref_axis',(0.707106781186548,-0.0616284167162193,0.704416026402759));
#6336=DIRECTION('center_axis',(0.707106781186548,-0.0616284167162193,-0.704416026402759));
#6337=DIRECTION('ref_axis',(0.707106781186548,0.0616284167162193,0.704416026402759));
#6338=DIRECTION('',(0.,-0.996194698091746,0.0871557427476579));
#6339=DIRECTION('center_axis',(-0.707106781186548,-0.0616284167162192,-0.704416026402759));
#6340=DIRECTION('ref_axis',(0.707106781186548,-0.0616284167162192,-0.704416026402759));
#6341=DIRECTION('',(-0.0868265938642476,-0.981088567539639,0.172992384921857));
#6342=DIRECTION('center_axis',(1.,0.,0.));
#6343=DIRECTION('ref_axis',(0.,0.984807753012208,-0.17364817766693));
#6344=DIRECTION('center_axis',(-1.,0.,0.));
#6345=DIRECTION('ref_axis',(0.,0.984807753012208,-0.17364817766693));
#6346=DIRECTION('center_axis',(0.707106781186548,-0.183012701892219,-0.683012701892219));
#6347=DIRECTION('ref_axis',(0.707106781186547,0.183012701892219,0.683012701892219));
#6348=DIRECTION('',(0.,-0.965925826289068,0.25881904510252));
#6349=DIRECTION('center_axis',(-0.707106781186548,-0.183012701892219,-0.683012701892219));
#6350=DIRECTION('ref_axis',(0.707106781186547,-0.183012701892219,-0.683012701892219));
#6351=DIRECTION('',(-0.0868265938642476,-0.936143815312741,0.340728483766234));
#6352=DIRECTION('center_axis',(1.,0.,0.));
#6353=DIRECTION('ref_axis',(0.,0.939692620785909,-0.342020143325668));
#6354=DIRECTION('center_axis',(-1.,0.,0.));
#6355=DIRECTION('ref_axis',(0.,0.939692620785909,-0.342020143325668));
#6356=DIRECTION('center_axis',(0.707106781186547,-0.298836238730119,-0.640856382055789));
#6357=DIRECTION('ref_axis',(0.707106781186548,0.298836238730119,0.640856382055789));
#6358=DIRECTION('',(0.,-0.90630778703665,0.4226182617407));
#6359=DIRECTION('center_axis',(-0.707106781186548,-0.29883623873012,-0.640856382055789));
#6360=DIRECTION('ref_axis',(0.707106781186548,-0.29883623873012,-0.640856382055789));
#6361=DIRECTION('',(-0.0868265938642475,-0.862754806969193,0.498111720048307));
#6362=DIRECTION('center_axis',(1.,0.,0.));
#6363=DIRECTION('ref_axis',(0.,0.866025403784438,-0.5));
#6364=DIRECTION('center_axis',(-1.,0.,0.));
#6365=DIRECTION('ref_axis',(0.,0.866025403784438,-0.5));
#6366=DIRECTION('center_axis',(0.707106781186548,-0.405579787672639,-0.579227965339569));
#6367=DIRECTION('ref_axis',(0.707106781186547,0.405579787672639,0.579227965339569));
#6368=DIRECTION('',(0.,-0.819152044288992,0.573576436351046));
#6369=DIRECTION('center_axis',(-0.707106781186548,-0.405579787672639,-0.579227965339569));
#6370=DIRECTION('ref_axis',(0.707106781186547,-0.405579787672639,-0.579227965339569));
#6371=DIRECTION('',(-0.0868265938642475,-0.763151430390884,0.640360083773404));
#6372=DIRECTION('center_axis',(1.,0.,0.));
#6373=DIRECTION('ref_axis',(0.,0.766044443118978,-0.642787609686539));
#6374=DIRECTION('center_axis',(-1.,0.,0.));
#6375=DIRECTION('ref_axis',(0.,0.766044443118978,-0.642787609686539));
#6376=DIRECTION('center_axis',(0.707106781186548,-0.5,-0.5));
#6377=DIRECTION('ref_axis',(0.707106781186548,0.5,0.5));
#6378=DIRECTION('',(0.,-0.707106781186548,0.707106781186547));
#6379=DIRECTION('center_axis',(-0.707106781186548,-0.5,-0.5));
#6380=DIRECTION('ref_axis',(0.707106781186548,-0.5,-0.5));
#6381=DIRECTION('',(-0.0868265938642476,-0.640360083773404,0.763151430390884));
#6382=DIRECTION('center_axis',(1.,0.,0.));
#6383=DIRECTION('ref_axis',(0.,0.642787609686539,-0.766044443118978));
#6384=DIRECTION('center_axis',(-1.,0.,0.));
#6385=DIRECTION('ref_axis',(0.,0.642787609686539,-0.766044443118978));
#6386=DIRECTION('center_axis',(0.707106781186548,-0.579227965339569,-0.405579787672639));
#6387=DIRECTION('ref_axis',(0.707106781186548,0.579227965339569,0.405579787672639));
#6388=DIRECTION('',(0.,-0.573576436351046,0.819152044288992));
#6389=DIRECTION('center_axis',(-0.707106781186548,-0.579227965339569,-0.405579787672639));
#6390=DIRECTION('ref_axis',(0.707106781186548,-0.579227965339569,-0.405579787672639));
#6391=DIRECTION('',(-0.0868265938642476,-0.498111720048308,0.862754806969193));
#6392=DIRECTION('center_axis',(1.,0.,0.));
#6393=DIRECTION('ref_axis',(0.,0.5,-0.866025403784438));
#6394=DIRECTION('center_axis',(-1.,0.,0.));
#6395=DIRECTION('ref_axis',(0.,0.5,-0.866025403784438));
#6396=DIRECTION('center_axis',(0.707106781186548,-0.640856382055788,-0.29883623873012));
#6397=DIRECTION('ref_axis',(0.707106781186547,0.640856382055788,0.29883623873012));
#6398=DIRECTION('',(0.,-0.4226182617407,0.90630778703665));
#6399=DIRECTION('center_axis',(-0.707106781186548,-0.640856382055788,-0.29883623873012));
#6400=DIRECTION('ref_axis',(0.707106781186548,-0.640856382055788,-0.29883623873012));
#6401=DIRECTION('',(-0.0868265938642476,-0.340728483766235,0.936143815312741));
#6402=DIRECTION('center_axis',(1.,0.,0.));
#6403=DIRECTION('ref_axis',(0.,0.342020143325669,-0.939692620785908));
#6404=DIRECTION('center_axis',(-1.,0.,0.));
#6405=DIRECTION('ref_axis',(0.,0.342020143325669,-0.939692620785908));
#6406=DIRECTION('center_axis',(0.707106781186548,-0.683012701892219,-0.18301270189222));
#6407=DIRECTION('ref_axis',(0.707106781186548,0.683012701892219,0.18301270189222));
#6408=DIRECTION('',(0.,-0.258819045102521,0.965925826289068));
#6409=DIRECTION('center_axis',(-0.707106781186548,-0.683012701892219,-0.183012701892219));
#6410=DIRECTION('ref_axis',(0.707106781186547,-0.683012701892219,-0.183012701892219));
#6411=DIRECTION('',(-0.0868265938642476,-0.172992384921857,0.981088567539639));
#6412=DIRECTION('center_axis',(1.,0.,0.));
#6413=DIRECTION('ref_axis',(0.,0.17364817766693,-0.984807753012208));
#6414=DIRECTION('center_axis',(-1.,0.,0.));
#6415=DIRECTION('ref_axis',(0.,0.17364817766693,-0.984807753012208));
#6416=DIRECTION('center_axis',(0.707106781186548,-0.704416026402759,-0.0616284167162193));
#6417=DIRECTION('ref_axis',(0.707106781186548,0.704416026402759,0.0616284167162193));
#6418=DIRECTION('center_axis',(1.,0.,0.));
#6419=DIRECTION('ref_axis',(0.,0.766044443118978,0.642787609686539));
#6420=DIRECTION('',(-1.,0.,0.));
#6421=DIRECTION('center_axis',(1.,0.,0.));
#6422=DIRECTION('ref_axis',(0.,0.766044443118978,0.642787609686539));
#6423=DIRECTION('center_axis',(1.,0.,0.));
#6424=DIRECTION('ref_axis',(0.,0.766044443118978,0.642787609686539));
#6425=DIRECTION('center_axis',(1.,0.,0.));
#6426=DIRECTION('ref_axis',(0.,-0.766044443118979,-0.642787609686539));
#6427=DIRECTION('center_axis',(1.,0.,0.));
#6428=DIRECTION('ref_axis',(0.,0.766044443118978,0.642787609686539));
#6429=DIRECTION('center_axis',(1.,0.,0.));
#6430=DIRECTION('ref_axis',(0.,0.766044443118978,0.642787609686539));
#6431=DIRECTION('center_axis',(1.,0.,0.));
#6432=DIRECTION('ref_axis',(0.,0.766044443118978,0.642787609686539));
#6433=DIRECTION('center_axis',(0.,1.01783548539473E-15,-1.));
#6434=DIRECTION('ref_axis',(0.,-1.,-1.01783548539473E-15));
#6435=DIRECTION('',(0.,1.,1.01783548539473E-15));
#6436=DIRECTION('center_axis',(0.,-1.01783548539473E-15,1.));
#6437=DIRECTION('ref_axis',(2.7942346050292E-17,1.,9.94314691362751E-16));
#6438=DIRECTION('center_axis',(0.,0.979520219104526,0.201345822815925));
#6439=DIRECTION('ref_axis',(-0.707106781186547,0.142372996676728,-0.692625389238143));
#6440=DIRECTION('center_axis',(0.,-0.979520219104526,-0.201345822815926));
#6441=DIRECTION('ref_axis',(-1.,0.,0.));
#6442=DIRECTION('center_axis',(0.,1.38790982693639E-15,-1.));
#6443=DIRECTION('ref_axis',(-1.,0.,0.));
#6444=DIRECTION('center_axis',(0.,1.38790982693639E-15,-1.));
#6445=DIRECTION('ref_axis',(0.,-1.,-1.38790982693639E-15));
#6446=DIRECTION('center_axis',(-1.,0.,0.));
#6447=DIRECTION('ref_axis',(0.,1.,-1.75772207616823E-15));
#6448=DIRECTION('center_axis',(0.,-1.38790982693639E-15,1.));
#6449=DIRECTION('ref_axis',(0.,-1.,-1.37865796839784E-15));
#6450=DIRECTION('center_axis',(0.,-1.,-1.01783548539473E-15));
#6451=DIRECTION('ref_axis',(0.70710678118655,-6.53278554870195E-17,-0.707106781186545));
#6452=DIRECTION('',(0.,-1.,-1.01783548539473E-15));
#6453=DIRECTION('center_axis',(0.,-0.994866880317293,-0.101192343819759));
#6454=DIRECTION('ref_axis',(0.,-0.101192343819759,0.994866880317293));
#6455=DIRECTION('center_axis',(0.,-0.979520219104526,-0.201345822815925));
#6456=DIRECTION('ref_axis',(0.707106781186549,0.142372996676724,-0.692625389238141));
#6457=DIRECTION('center_axis',(0.,-0.76604444311898,-0.642787609686536));
#6458=DIRECTION('ref_axis',(-3.66281430576012E-16,0.642787609686536,-0.76604444311898));
#6459=DIRECTION('',(0.,-0.979520219104526,-0.201345822815925));
#6460=DIRECTION('center_axis',(0.,-1.,-1.38790982693639E-15));
#6461=DIRECTION('ref_axis',(0.70710678118655,-6.53278554870195E-17,-0.707106781186545));
#6462=DIRECTION('center_axis',(0.,1.,-9.86864910777917E-16));
#6463=DIRECTION('ref_axis',(0.70710678118655,-6.53278554870195E-17,-0.707106781186545));
#6464=DIRECTION('',(0.,1.,1.38790982693639E-15));
#6465=DIRECTION('center_axis',(1.12346070024486E-16,-0.994866880317293,
-0.101192343819763));
#6466=DIRECTION('ref_axis',(1.10452411696527E-15,0.101192343819763,-0.994866880317293));
#6467=DIRECTION('',(0.,-1.,-1.38790982693639E-15));
#6468=DIRECTION('center_axis',(-1.,0.,0.));
#6469=DIRECTION('ref_axis',(0.,0.,-1.));
#6470=DIRECTION('center_axis',(-1.,0.,0.));
#6471=DIRECTION('ref_axis',(0.,-1.,-1.70318304914087E-15));
#6472=DIRECTION('center_axis',(0.,1.,0.));
#6473=DIRECTION('ref_axis',(0.,0.,1.));
#6474=DIRECTION('center_axis',(1.,0.,0.));
#6475=DIRECTION('ref_axis',(0.,-1.,-1.70318304914086E-15));
#6476=DIRECTION('center_axis',(1.,0.,0.));
#6477=DIRECTION('ref_axis',(0.,-1.,-1.70318304914086E-15));
#6478=DIRECTION('center_axis',(-1.,0.,0.));
#6479=DIRECTION('ref_axis',(0.,0.,1.));
#6480=DIRECTION('center_axis',(1.,0.,0.));
#6481=DIRECTION('ref_axis',(0.,-1.,1.00929365875014E-15));
#6482=DIRECTION('center_axis',(1.,0.,0.));
#6483=DIRECTION('ref_axis',(0.,1.,0.));
#6484=DIRECTION('center_axis',(-1.,0.,0.));
#6485=DIRECTION('ref_axis',(0.,-1.,1.00929365875014E-15));
#6486=DIRECTION('',(1.,0.,0.));
#6487=DIRECTION('center_axis',(-1.,0.,0.));
#6488=DIRECTION('ref_axis',(0.,-1.,1.00929365875014E-15));
#6489=DIRECTION('center_axis',(-1.,0.,0.));
#6490=DIRECTION('ref_axis',(0.,0.,-1.));
#6491=DIRECTION('center_axis',(0.,1.,0.));
#6492=DIRECTION('ref_axis',(0.,0.,1.));
#6493=DIRECTION('center_axis',(0.,1.,-9.86864910777917E-16));
#6494=DIRECTION('ref_axis',(0.,9.86864910777917E-16,1.));
#6495=DIRECTION('center_axis',(0.,1.,1.48029736616687E-15));
#6496=DIRECTION('ref_axis',(0.,9.86864910777917E-16,1.));
#6497=DIRECTION('',(0.,-1.,9.86864910777917E-16));
#6498=DIRECTION('center_axis',(0.,1.,-9.86864910777917E-16));
#6499=DIRECTION('ref_axis',(0.,9.86864910777917E-16,1.));
#6500=DIRECTION('center_axis',(0.,1.,-9.86864910777917E-16));
#6501=DIRECTION('ref_axis',(0.,9.86864910777917E-16,1.));
#6502=DIRECTION('center_axis',(0.,1.,-9.86864910777917E-16));
#6503=DIRECTION('ref_axis',(0.,9.86864910777917E-16,1.));
#6504=DIRECTION('center_axis',(0.,1.,-9.86864910777917E-16));
#6505=DIRECTION('ref_axis',(0.,9.86864910777917E-16,1.));
#6506=DIRECTION('',(0.,-1.,9.86864910777917E-16));
#6507=DIRECTION('center_axis',(0.,-1.,9.86864910777917E-16));
#6508=DIRECTION('ref_axis',(0.,9.86864910777917E-16,1.));
#6509=DIRECTION('center_axis',(0.,-1.,9.86864910777915E-16));
#6510=DIRECTION('ref_axis',(0.,9.86864910777917E-16,1.));
#6511=DIRECTION('center_axis',(0.,1.,-9.86864910777917E-16));
#6512=DIRECTION('ref_axis',(0.,9.86864910777917E-16,1.));
#6513=DIRECTION('',(8.65956056235502E-17,0.707106781186541,0.707106781186554));
#6514=DIRECTION('center_axis',(0.,1.,-1.48029736616689E-15));
#6515=DIRECTION('ref_axis',(0.70710678118655,0.,0.707106781186545));
#6516=DIRECTION('center_axis',(0.,1.,-9.86864910777917E-16));
#6517=DIRECTION('ref_axis',(0.70710678118655,0.,0.707106781186545));
#6518=DIRECTION('',(0.,-1.,1.48029736616689E-15));
#6519=DIRECTION('',(0.,1.,-1.48029736616689E-15));
#6520=DIRECTION('center_axis',(0.,1.,0.));
#6521=DIRECTION('ref_axis',(0.70710678118655,3.10141720233831E-16,0.707106781186545));
#6522=DIRECTION('',(0.,0.70710678118654,0.707106781186555));
#6523=DIRECTION('center_axis',(0.,-1.,9.86864910777917E-16));
#6524=DIRECTION('ref_axis',(0.70710678118655,6.9781887052612E-16,0.707106781186545));
#6525=DIRECTION('',(0.707106781186571,0.707106781186524,0.));
#6526=DIRECTION('center_axis',(-0.707106781186524,0.707106781186571,-6.97818870526146E-16));
#6527=DIRECTION('ref_axis',(-9.86864910777983E-16,0.,1.));
#6528=DIRECTION('',(0.707106781186453,0.707106781186642,0.));
#6529=DIRECTION('',(0.,-9.86864910777917E-16,-1.));
#6530=DIRECTION('',(0.,9.86864910777917E-16,1.));
#6531=DIRECTION('center_axis',(0.,1.,0.));
#6532=DIRECTION('ref_axis',(0.70710678118655,-3.46434973282175E-16,-0.707106781186545));
#6533=DIRECTION('',(0.,0.707106781186569,-0.707106781186526));
#6534=DIRECTION('center_axis',(0.,-1.,9.86864910777917E-16));
#6535=DIRECTION('ref_axis',(0.70710678118655,-6.9781887052612E-16,-0.707106781186545));
#6536=DIRECTION('center_axis',(0.,-1.48029736616687E-15,1.));
#6537=DIRECTION('ref_axis',(0.707106781186547,-0.707106781186547,-1.09906472107864E-15));
#6538=DIRECTION('center_axis',(0.,-0.500000000000001,-0.866025403784438));
#6539=DIRECTION('ref_axis',(0.,-0.866025403784438,0.500000000000001));
#6540=DIRECTION('center_axis',(0.,-0.239488471308597,0.97089920800785));
#6541=DIRECTION('ref_axis',(0.,-0.970899208007851,-0.239488471308597));
#6542=DIRECTION('',(0.,1.48029736616687E-15,-1.));
#6543=DIRECTION('center_axis',(0.,0.201345822815925,-0.979520219104526));
#6544=DIRECTION('ref_axis',(0.,-0.979520219104526,-0.201345822815925));
#6545=DIRECTION('center_axis',(0.,0.201345822815925,-0.979520219104526));
#6546=DIRECTION('ref_axis',(0.,-0.979520219104526,-0.201345822815925));
#6547=DIRECTION('',(-1.,0.,0.));
#6548=DIRECTION('',(0.,0.979520219104526,0.201345822815925));
#6549=DIRECTION('',(-1.,0.,0.));
#6550=DIRECTION('center_axis',(0.,-0.979520219104526,-0.201345822815925));
#6551=DIRECTION('ref_axis',(0.707106781186549,0.142372996676724,-0.692625389238141));
#6552=DIRECTION('center_axis',(0.,0.500000000000001,0.866025403784438));
#6553=DIRECTION('ref_axis',(-2.30416625729679E-16,0.866025403784438,-0.500000000000001));
#6554=DIRECTION('',(0.,-0.979520219104526,-0.201345822815925));
#6555=DIRECTION('center_axis',(-1.,0.,0.));
#6556=DIRECTION('ref_axis',(0.,0.,1.));
#6557=DIRECTION('',(0.,-0.642787609686536,0.76604444311898));
#6558=DIRECTION('',(0.,0.866025403784438,-0.500000000000001));
#6559=DIRECTION('center_axis',(1.,0.,0.));
#6560=DIRECTION('ref_axis',(0.,0.766044443118978,0.642787609686539));
#6561=DIRECTION('center_axis',(1.,0.,0.));
#6562=DIRECTION('ref_axis',(0.,-0.766044443118978,0.64278760968654));
#6563=DIRECTION('',(1.,0.,0.));
#6564=DIRECTION('',(-1.,0.,0.));
#6565=DIRECTION('center_axis',(0.,-0.76604444311898,-0.642787609686536));
#6566=DIRECTION('ref_axis',(0.,-0.642787609686536,0.76604444311898));
#6567=DIRECTION('center_axis',(0.,0.500000000000001,0.866025403784438));
#6568=DIRECTION('ref_axis',(0.,0.866025403784438,-0.500000000000001));
#6569=DIRECTION('center_axis',(0.,0.201345822815925,0.979520219104526));
#6570=DIRECTION('ref_axis',(0.,-0.979520219104526,0.201345822815925));
#6571=DIRECTION('',(0.,0.979520219104526,-0.201345822815925));
#6572=DIRECTION('',(1.,0.,0.));
#6573=DIRECTION('center_axis',(0.,0.201345822815925,0.979520219104526));
#6574=DIRECTION('ref_axis',(0.,-0.979520219104526,0.201345822815925));
#6575=DIRECTION('',(0.,-0.979520219104526,0.201345822815925));
#6576=DIRECTION('',(1.,0.,0.));
#6577=DIRECTION('center_axis',(-1.,0.,0.));
#6578=DIRECTION('ref_axis',(0.,0.,1.));
#6579=DIRECTION('',(0.,1.,-1.11022302462522E-15));
#6580=DIRECTION('',(0.,-1.48029736616687E-15,1.));
#6581=DIRECTION('',(0.,1.,1.01783548539473E-15));
#6582=DIRECTION('center_axis',(-1.,0.,0.));
#6583=DIRECTION('ref_axis',(0.,0.766044443118978,0.642787609686539));
#6584=DIRECTION('center_axis',(-1.,0.,0.));
#6585=DIRECTION('ref_axis',(0.,0.766044443118978,0.642787609686539));
#6586=DIRECTION('center_axis',(-1.,0.,0.));
#6587=DIRECTION('ref_axis',(0.,0.766044443118978,0.642787609686539));
#6588=DIRECTION('center_axis',(-1.,0.,0.));
#6589=DIRECTION('ref_axis',(0.,0.766044443118978,0.642787609686539));
#6590=DIRECTION('center_axis',(-1.,0.,0.));
#6591=DIRECTION('ref_axis',(0.,0.766044443118978,0.642787609686539));
#6592=DIRECTION('center_axis',(-1.,0.,0.));
#6593=DIRECTION('ref_axis',(0.,0.766044443118978,0.642787609686539));
#6594=DIRECTION('center_axis',(-1.,0.,0.));
#6595=DIRECTION('ref_axis',(0.,0.766044443118978,0.642787609686539));
#6596=DIRECTION('center_axis',(1.,0.,0.));
#6597=DIRECTION('ref_axis',(0.,0.766044443118978,-0.642787609686539));
#6598=DIRECTION('center_axis',(1.,0.,0.));
#6599=DIRECTION('ref_axis',(0.,0.766044443118978,-0.642787609686539));
#6600=DIRECTION('center_axis',(1.,0.,0.));
#6601=DIRECTION('ref_axis',(0.,0.766044443118978,-0.642787609686539));
#6602=DIRECTION('center_axis',(1.,0.,0.));
#6603=DIRECTION('ref_axis',(0.,0.766044443118978,-0.642787609686539));
#6604=DIRECTION('center_axis',(1.,0.,0.));
#6605=DIRECTION('ref_axis',(0.,0.766044443118978,-0.642787609686539));
#6606=DIRECTION('center_axis',(1.,0.,0.));
#6607=DIRECTION('ref_axis',(0.,0.766044443118978,-0.642787609686539));
#6608=DIRECTION('center_axis',(1.,0.,0.));
#6609=DIRECTION('ref_axis',(0.,0.766044443118978,-0.642787609686539));
#6610=DIRECTION('center_axis',(1.,0.,0.));
#6611=DIRECTION('ref_axis',(0.,0.766044443118978,-0.642787609686539));
#6612=DIRECTION('center_axis',(1.,0.,0.));
#6613=DIRECTION('ref_axis',(0.,1.,0.));
#6614=DIRECTION('center_axis',(-1.,0.,0.));
#6615=DIRECTION('ref_axis',(0.,0.707106781186548,0.707106781186548));
#6616=DIRECTION('',(1.,0.,0.));
#6617=DIRECTION('center_axis',(-0.707106781186548,0.704416026402759,-0.0616284167162194));
#6618=DIRECTION('ref_axis',(0.707106781186548,0.704416026402759,-0.0616284167162193));
#6619=DIRECTION('center_axis',(-0.707106781186548,-0.704416026402759,0.0616284167162194));
#6620=DIRECTION('ref_axis',(-0.707106781186548,0.704416026402759,-0.0616284167162194));
#6621=DIRECTION('center_axis',(-0.707106781186548,0.683012701892219,-0.183012701892219));
#6622=DIRECTION('ref_axis',(0.707106781186548,0.683012701892219,-0.183012701892219));
#6623=DIRECTION('center_axis',(-0.707106781186548,-0.683012701892219,0.18301270189222));
#6624=DIRECTION('ref_axis',(-0.707106781186548,0.683012701892219,-0.18301270189222));
#6625=DIRECTION('center_axis',(-0.707106781186548,0.640856382055788,-0.29883623873012));
#6626=DIRECTION('ref_axis',(0.707106781186547,0.640856382055788,-0.29883623873012));
#6627=DIRECTION('center_axis',(-0.707106781186548,-0.640856382055788,0.29883623873012));
#6628=DIRECTION('ref_axis',(-0.707106781186548,0.640856382055789,-0.29883623873012));
#6629=DIRECTION('center_axis',(-0.707106781186547,0.579227965339569,-0.405579787672639));
#6630=DIRECTION('ref_axis',(0.707106781186548,0.579227965339569,-0.405579787672639));
#6631=DIRECTION('center_axis',(-0.707106781186548,-0.579227965339569,0.405579787672639));
#6632=DIRECTION('ref_axis',(-0.707106781186548,0.579227965339569,-0.405579787672639));
#6633=DIRECTION('center_axis',(-0.707106781186548,0.5,-0.5));
#6634=DIRECTION('ref_axis',(0.707106781186547,0.5,-0.5));
#6635=DIRECTION('center_axis',(-0.707106781186548,-0.5,0.5));
#6636=DIRECTION('ref_axis',(-0.707106781186547,0.5,-0.5));
#6637=DIRECTION('center_axis',(-0.707106781186548,0.405579787672639,-0.579227965339569));
#6638=DIRECTION('ref_axis',(0.707106781186547,0.405579787672639,-0.579227965339569));
#6639=DIRECTION('center_axis',(-0.707106781186548,-0.405579787672639,0.579227965339569));
#6640=DIRECTION('ref_axis',(-0.707106781186547,0.405579787672639,-0.579227965339569));
#6641=DIRECTION('center_axis',(-0.707106781186548,0.29883623873012,-0.640856382055789));
#6642=DIRECTION('ref_axis',(0.707106781186548,0.29883623873012,-0.640856382055789));
#6643=DIRECTION('center_axis',(-0.707106781186547,-0.298836238730119,0.640856382055789));
#6644=DIRECTION('ref_axis',(-0.707106781186548,0.298836238730119,-0.640856382055789));
#6645=DIRECTION('center_axis',(-0.707106781186548,0.183012701892219,-0.683012701892219));
#6646=DIRECTION('ref_axis',(0.707106781186547,0.183012701892219,-0.68301270189222));
#6647=DIRECTION('center_axis',(-0.707106781186548,-0.183012701892219,0.683012701892219));
#6648=DIRECTION('ref_axis',(-0.707106781186548,0.183012701892219,-0.683012701892219));
#6649=DIRECTION('center_axis',(-0.707106781186548,0.0616284167162191,-0.704416026402759));
#6650=DIRECTION('ref_axis',(0.707106781186548,0.0616284167162192,-0.704416026402759));
#6651=DIRECTION('center_axis',(-0.707106781186548,-0.0616284167162192,0.704416026402759));
#6652=DIRECTION('ref_axis',(-0.707106781186548,0.0616284167162192,-0.704416026402759));
#6653=DIRECTION('center_axis',(0.707106781186548,0.0616284167162193,0.704416026402759));
#6654=DIRECTION('ref_axis',(-0.707106781186548,0.0616284167162192,0.704416026402759));
#6655=DIRECTION('center_axis',(0.707106781186548,-0.0616284167162192,-0.704416026402759));
#6656=DIRECTION('ref_axis',(0.707106781186548,0.0616284167162192,0.704416026402759));
#6657=DIRECTION('center_axis',(0.707106781186548,0.183012701892219,0.683012701892219));
#6658=DIRECTION('ref_axis',(-0.707106781186547,0.183012701892219,0.683012701892219));
#6659=DIRECTION('center_axis',(0.707106781186548,-0.183012701892219,-0.683012701892219));
#6660=DIRECTION('ref_axis',(0.707106781186547,0.183012701892219,0.68301270189222));
#6661=DIRECTION('center_axis',(0.707106781186547,0.298836238730119,0.640856382055789));
#6662=DIRECTION('ref_axis',(-0.707106781186548,0.298836238730119,0.640856382055789));
#6663=DIRECTION('center_axis',(0.707106781186548,-0.29883623873012,-0.640856382055789));
#6664=DIRECTION('ref_axis',(0.707106781186548,0.29883623873012,0.640856382055789));
#6665=DIRECTION('center_axis',(0.707106781186548,0.405579787672639,0.579227965339569));
#6666=DIRECTION('ref_axis',(-0.707106781186547,0.405579787672639,0.579227965339569));
#6667=DIRECTION('center_axis',(0.707106781186548,-0.405579787672639,-0.579227965339569));
#6668=DIRECTION('ref_axis',(0.707106781186547,0.405579787672639,0.579227965339569));
#6669=DIRECTION('center_axis',(0.707106781186548,0.5,0.5));
#6670=DIRECTION('ref_axis',(-0.707106781186547,0.5,0.5));
#6671=DIRECTION('center_axis',(0.707106781186548,-0.5,-0.5));
#6672=DIRECTION('ref_axis',(0.707106781186547,0.5,0.5));
#6673=DIRECTION('center_axis',(0.707106781186548,0.579227965339569,0.405579787672639));
#6674=DIRECTION('ref_axis',(-0.707106781186548,0.579227965339569,0.405579787672639));
#6675=DIRECTION('center_axis',(0.707106781186548,-0.579227965339569,-0.405579787672639));
#6676=DIRECTION('ref_axis',(0.707106781186548,0.579227965339569,0.405579787672639));
#6677=DIRECTION('center_axis',(0.707106781186548,0.640856382055788,0.29883623873012));
#6678=DIRECTION('ref_axis',(-0.707106781186548,0.640856382055789,0.29883623873012));
#6679=DIRECTION('center_axis',(0.707106781186548,-0.640856382055788,-0.29883623873012));
#6680=DIRECTION('ref_axis',(0.707106781186547,0.640856382055788,0.29883623873012));
#6681=DIRECTION('center_axis',(0.707106781186548,0.683012701892219,0.18301270189222));
#6682=DIRECTION('ref_axis',(-0.707106781186548,0.683012701892219,0.18301270189222));
#6683=DIRECTION('center_axis',(0.707106781186548,-0.683012701892219,-0.183012701892219));
#6684=DIRECTION('ref_axis',(0.707106781186548,0.683012701892219,0.183012701892219));
#6685=DIRECTION('center_axis',(0.707106781186548,0.704416026402759,0.0616284167162193));
#6686=DIRECTION('ref_axis',(-0.707106781186548,0.704416026402759,0.0616284167162193));
#6687=DIRECTION('center_axis',(0.707106781186548,-0.704416026402759,-0.0616284167162193));
#6688=DIRECTION('ref_axis',(0.707106781186548,0.704416026402759,0.0616284167162193));
#6689=DIRECTION('',(1.,0.,0.));
#6690=DIRECTION('center_axis',(0.707106781186548,-0.704416026402759,0.0616284167162194));
#6691=DIRECTION('ref_axis',(-0.707106781186548,-0.704416026402759,0.0616284167162194));
#6692=DIRECTION('',(0.0868265938642476,0.,-0.996223440096615));
#6693=DIRECTION('',(0.,0.0871557427476582,0.996194698091746));
#6694=DIRECTION('center_axis',(-1.,0.,0.));
#6695=DIRECTION('ref_axis',(0.,0.,1.));
#6696=DIRECTION('center_axis',(1.,0.,0.));
#6697=DIRECTION('ref_axis',(0.,0.,1.));
#6698=DIRECTION('center_axis',(-0.707106781186548,-0.704416026402759,-0.0616284167162194));
#6699=DIRECTION('ref_axis',(-0.707106781186548,0.704416026402759,0.0616284167162194));
#6700=DIRECTION('',(-0.705757556807952,0.708453436019948,-7.86541316544198E-16));
#6701=DIRECTION('',(0.,0.0871557427476582,-0.996194698091746));
#6702=DIRECTION('center_axis',(0.707106781186548,-0.704416026402759,-0.0616284167162193));
#6703=DIRECTION('ref_axis',(-0.707106781186548,-0.704416026402759,-0.0616284167162193));
#6704=DIRECTION('',(-0.705757556807952,-0.708453436019948,7.86541316544198E-16));
#6705=DIRECTION('',(0.0868265938642476,0.172992384921857,-0.981088567539639));
#6706=DIRECTION('center_axis',(-1.,0.,0.));
#6707=DIRECTION('ref_axis',(0.,-0.17364817766693,0.984807753012208));
#6708=DIRECTION('center_axis',(1.,0.,0.));
#6709=DIRECTION('ref_axis',(0.,-0.17364817766693,0.984807753012208));
#6710=DIRECTION('center_axis',(-0.707106781186548,-0.683012701892219,-0.183012701892219));
#6711=DIRECTION('ref_axis',(-0.707106781186547,0.683012701892219,0.183012701892219));
#6712=DIRECTION('',(0.694746590606866,-0.719254596676404,7.98533013797671E-16));
#6713=DIRECTION('',(0.,0.258819045102521,-0.965925826289068));
#6714=DIRECTION('center_axis',(0.707106781186548,-0.683012701892219,-0.183012701892219));
#6715=DIRECTION('ref_axis',(-0.707106781186547,-0.683012701892219,-0.183012701892219));
#6716=DIRECTION('',(-0.694746590606866,-0.719254596676404,7.98533013797671E-16));
#6717=DIRECTION('center_axis',(0.707106781186548,-0.683012701892219,-0.183012701892219));
#6718=DIRECTION('ref_axis',(0.707106781186547,0.683012701892219,0.183012701892219));
#6719=DIRECTION('',(0.0868265938642476,0.340728483766235,-0.936143815312741));
#6720=DIRECTION('center_axis',(-1.,0.,0.));
#6721=DIRECTION('ref_axis',(0.,-0.342020143325669,0.939692620785908));
#6722=DIRECTION('center_axis',(1.,0.,0.));
#6723=DIRECTION('ref_axis',(0.,-0.342020143325669,0.939692620785908));
#6724=DIRECTION('center_axis',(-0.707106781186548,-0.640856382055789,-0.29883623873012));
#6725=DIRECTION('ref_axis',(-0.707106781186548,0.640856382055789,0.29883623873012));
#6726=DIRECTION('center_axis',(-0.707106781186548,-0.640856382055789,-0.29883623873012));
#6727=DIRECTION('ref_axis',(-0.707106781186548,0.640856382055789,0.29883623873012));
#6728=DIRECTION('',(0.,0.422618261740699,-0.90630778703665));
#6729=DIRECTION('center_axis',(0.707106781186548,-0.640856382055789,-0.29883623873012));
#6730=DIRECTION('ref_axis',(-0.707106781186548,-0.640856382055789,-0.29883623873012));
#6731=DIRECTION('',(0.0868265938642476,0.498111720048307,-0.862754806969193));
#6732=DIRECTION('center_axis',(0.707106781186548,-0.640856382055789,-0.29883623873012));
#6733=DIRECTION('ref_axis',(0.707106781186548,0.640856382055789,0.29883623873012));
#6734=DIRECTION('center_axis',(-1.,0.,0.));
#6735=DIRECTION('ref_axis',(0.,-0.5,0.866025403784439));
#6736=DIRECTION('center_axis',(1.,0.,0.));
#6737=DIRECTION('ref_axis',(0.,-0.5,0.866025403784439));
#6738=DIRECTION('center_axis',(-0.707106781186548,-0.579227965339569,-0.405579787672639));
#6739=DIRECTION('ref_axis',(-0.707106781186547,0.579227965339569,0.405579787672639));
#6740=DIRECTION('center_axis',(-0.707106781186548,-0.579227965339569,-0.405579787672639));
#6741=DIRECTION('ref_axis',(-0.707106781186547,0.579227965339569,0.405579787672639));
#6742=DIRECTION('',(0.,0.573576436351046,-0.819152044288992));
#6743=DIRECTION('center_axis',(0.707106781186548,-0.579227965339569,-0.405579787672639));
#6744=DIRECTION('ref_axis',(-0.707106781186547,-0.579227965339569,-0.405579787672639));
#6745=DIRECTION('',(0.0868265938642476,0.640360083773404,-0.763151430390884));
#6746=DIRECTION('center_axis',(0.707106781186548,-0.579227965339569,-0.405579787672639));
#6747=DIRECTION('ref_axis',(0.707106781186547,0.579227965339569,0.405579787672639));
#6748=DIRECTION('center_axis',(-1.,0.,0.));
#6749=DIRECTION('ref_axis',(0.,-0.642787609686539,0.766044443118978));
#6750=DIRECTION('center_axis',(1.,0.,0.));
#6751=DIRECTION('ref_axis',(0.,-0.642787609686539,0.766044443118978));
#6752=DIRECTION('center_axis',(-0.707106781186548,-0.5,-0.5));
#6753=DIRECTION('ref_axis',(-0.707106781186548,0.5,0.5));
#6754=DIRECTION('center_axis',(-0.707106781186548,-0.5,-0.5));
#6755=DIRECTION('ref_axis',(-0.707106781186548,0.5,0.5));
#6756=DIRECTION('',(0.,0.707106781186547,-0.707106781186547));
#6757=DIRECTION('center_axis',(0.707106781186548,-0.5,-0.5));
#6758=DIRECTION('ref_axis',(-0.707106781186547,-0.5,-0.5));
#6759=DIRECTION('',(0.0868265938642476,0.763151430390884,-0.640360083773404));
#6760=DIRECTION('center_axis',(0.707106781186548,-0.5,-0.5));
#6761=DIRECTION('ref_axis',(0.707106781186548,0.5,0.5));
#6762=DIRECTION('center_axis',(-1.,0.,0.));
#6763=DIRECTION('ref_axis',(0.,-0.766044443118978,0.642787609686539));
#6764=DIRECTION('center_axis',(1.,0.,0.));
#6765=DIRECTION('ref_axis',(0.,-0.766044443118978,0.642787609686539));
#6766=DIRECTION('center_axis',(-0.707106781186548,-0.405579787672639,-0.579227965339569));
#6767=DIRECTION('ref_axis',(-0.707106781186548,0.405579787672639,0.579227965339569));
#6768=DIRECTION('center_axis',(-0.707106781186548,-0.405579787672639,-0.579227965339569));
#6769=DIRECTION('ref_axis',(0.707106781186548,-0.405579787672639,-0.579227965339569));
#6770=DIRECTION('',(0.,0.819152044288992,-0.573576436351046));
#6771=DIRECTION('center_axis',(0.707106781186548,-0.405579787672639,-0.579227965339569));
#6772=DIRECTION('ref_axis',(-0.707106781186548,-0.405579787672639,-0.579227965339569));
#6773=DIRECTION('',(0.0868265938642475,0.862754806969193,-0.498111720048307));
#6774=DIRECTION('center_axis',(0.707106781186548,-0.405579787672639,-0.579227965339569));
#6775=DIRECTION('ref_axis',(-0.707106781186548,-0.405579787672639,-0.579227965339569));
#6776=DIRECTION('center_axis',(-1.,0.,0.));
#6777=DIRECTION('ref_axis',(0.,-0.866025403784438,0.5));
#6778=DIRECTION('center_axis',(1.,0.,0.));
#6779=DIRECTION('ref_axis',(0.,-0.866025403784439,0.5));
#6780=DIRECTION('center_axis',(-0.707106781186548,-0.29883623873012,-0.640856382055789));
#6781=DIRECTION('ref_axis',(-0.707106781186548,0.29883623873012,0.640856382055789));
#6782=DIRECTION('center_axis',(-0.707106781186548,-0.29883623873012,-0.640856382055789));
#6783=DIRECTION('ref_axis',(0.707106781186548,-0.29883623873012,-0.640856382055789));
#6784=DIRECTION('',(0.,0.90630778703665,-0.4226182617407));
#6785=DIRECTION('center_axis',(0.707106781186548,-0.29883623873012,-0.640856382055789));
#6786=DIRECTION('ref_axis',(-0.707106781186548,-0.29883623873012,-0.640856382055789));
#6787=DIRECTION('',(0.0868265938642476,0.936143815312741,-0.340728483766235));
#6788=DIRECTION('center_axis',(0.707106781186548,-0.29883623873012,-0.640856382055789));
#6789=DIRECTION('ref_axis',(-0.707106781186548,-0.29883623873012,-0.640856382055789));
#6790=DIRECTION('center_axis',(-1.,0.,0.));
#6791=DIRECTION('ref_axis',(0.,-0.939692620785908,0.342020143325669));
#6792=DIRECTION('center_axis',(1.,0.,0.));
#6793=DIRECTION('ref_axis',(0.,-0.939692620785908,0.342020143325669));
#6794=DIRECTION('center_axis',(-0.707106781186548,-0.183012701892219,-0.683012701892219));
#6795=DIRECTION('ref_axis',(-0.707106781186547,0.183012701892219,0.683012701892219));
#6796=DIRECTION('center_axis',(-0.707106781186548,-0.183012701892219,-0.683012701892219));
#6797=DIRECTION('ref_axis',(0.707106781186548,-0.183012701892219,-0.683012701892219));
#6798=DIRECTION('',(0.,0.965925826289068,-0.258819045102521));
#6799=DIRECTION('center_axis',(0.707106781186548,-0.183012701892219,-0.683012701892219));
#6800=DIRECTION('ref_axis',(-0.707106781186547,-0.183012701892219,-0.683012701892219));
#6801=DIRECTION('',(0.0868265938642476,0.981088567539639,-0.172992384921858));
#6802=DIRECTION('center_axis',(0.707106781186548,-0.183012701892219,-0.683012701892219));
#6803=DIRECTION('ref_axis',(-0.707106781186548,-0.183012701892219,-0.683012701892219));
#6804=DIRECTION('center_axis',(-1.,0.,0.));
#6805=DIRECTION('ref_axis',(0.,-0.984807753012208,0.17364817766693));
#6806=DIRECTION('center_axis',(1.,0.,0.));
#6807=DIRECTION('ref_axis',(0.,-0.984807753012208,0.17364817766693));
#6808=DIRECTION('center_axis',(-0.707106781186548,-0.0616284167162194,-0.704416026402759));
#6809=DIRECTION('ref_axis',(-0.707106781186547,0.0616284167162194,0.704416026402759));
#6810=DIRECTION('center_axis',(-0.707106781186548,-0.0616284167162194,-0.704416026402759));
#6811=DIRECTION('ref_axis',(0.707106781186547,-0.0616284167162194,-0.704416026402759));
#6812=DIRECTION('',(0.,0.996194698091746,-0.0871557427476582));
#6813=DIRECTION('center_axis',(0.707106781186548,-0.0616284167162194,-0.704416026402759));
#6814=DIRECTION('ref_axis',(-0.707106781186548,-0.0616284167162194,-0.704416026402759));
#6815=DIRECTION('',(-0.0868265938642476,-0.996223440096615,4.60193160771313E-17));
#6816=DIRECTION('center_axis',(0.707106781186548,-0.0616284167162194,-0.704416026402759));
#6817=DIRECTION('ref_axis',(-0.707106781186548,-0.0616284167162193,-0.704416026402759));
#6818=DIRECTION('center_axis',(-1.,0.,0.));
#6819=DIRECTION('ref_axis',(0.,-1.,6.12323399573677E-17));
#6820=DIRECTION('center_axis',(1.,0.,0.));
#6821=DIRECTION('ref_axis',(0.,-1.,6.12323399573677E-17));
#6822=DIRECTION('center_axis',(-0.707106781186548,-0.0616284167162192,0.704416026402759));
#6823=DIRECTION('ref_axis',(-0.707106781186548,0.0616284167162192,-0.704416026402759));
#6824=DIRECTION('',(0.0868265938642475,-0.996223440096615,4.60193160771313E-17));
#6825=DIRECTION('',(0.,-0.996194698091746,-0.0871557427476578));
#6826=DIRECTION('center_axis',(0.707106781186548,-0.0616284167162191,0.704416026402759));
#6827=DIRECTION('ref_axis',(-0.707106781186548,-0.0616284167162191,0.704416026402759));
#6828=DIRECTION('',(0.0868265938642476,-0.981088567539639,-0.172992384921857));
#6829=DIRECTION('center_axis',(-1.,0.,0.));
#6830=DIRECTION('ref_axis',(0.,0.984807753012208,0.17364817766693));
#6831=DIRECTION('center_axis',(1.,0.,0.));
#6832=DIRECTION('ref_axis',(0.,0.984807753012208,0.17364817766693));
#6833=DIRECTION('center_axis',(-0.707106781186548,-0.183012701892219,0.683012701892219));
#6834=DIRECTION('ref_axis',(-0.707106781186547,0.183012701892219,-0.683012701892219));
#6835=DIRECTION('',(0.,-0.965925826289068,-0.25881904510252));
#6836=DIRECTION('center_axis',(0.707106781186548,-0.183012701892219,0.683012701892219));
#6837=DIRECTION('ref_axis',(-0.707106781186547,-0.183012701892219,0.683012701892219));
#6838=DIRECTION('',(0.0868265938642476,-0.936143815312741,-0.340728483766234));
#6839=DIRECTION('center_axis',(-1.,0.,0.));
#6840=DIRECTION('ref_axis',(0.,0.939692620785909,0.342020143325668));
#6841=DIRECTION('center_axis',(1.,0.,0.));
#6842=DIRECTION('ref_axis',(0.,0.939692620785909,0.342020143325668));
#6843=DIRECTION('center_axis',(-0.707106781186547,-0.298836238730119,0.640856382055789));
#6844=DIRECTION('ref_axis',(-0.707106781186548,0.298836238730119,-0.640856382055789));
#6845=DIRECTION('',(0.,-0.90630778703665,-0.422618261740699));
#6846=DIRECTION('center_axis',(0.707106781186548,-0.29883623873012,0.640856382055789));
#6847=DIRECTION('ref_axis',(-0.707106781186548,-0.29883623873012,0.640856382055789));
#6848=DIRECTION('',(0.0868265938642475,-0.862754806969193,-0.498111720048307));
#6849=DIRECTION('center_axis',(-1.,0.,0.));
#6850=DIRECTION('ref_axis',(0.,0.866025403784438,0.5));
#6851=DIRECTION('center_axis',(1.,0.,0.));
#6852=DIRECTION('ref_axis',(0.,0.866025403784439,0.5));
#6853=DIRECTION('center_axis',(-0.707106781186548,-0.405579787672639,0.579227965339569));
#6854=DIRECTION('ref_axis',(-0.707106781186548,0.405579787672639,-0.579227965339569));
#6855=DIRECTION('',(0.,-0.819152044288992,-0.573576436351046));
#6856=DIRECTION('center_axis',(0.707106781186548,-0.405579787672639,0.579227965339569));
#6857=DIRECTION('ref_axis',(-0.707106781186547,-0.405579787672639,0.579227965339569));
#6858=DIRECTION('',(0.0868265938642475,-0.763151430390884,-0.640360083773404));
#6859=DIRECTION('center_axis',(-1.,0.,0.));
#6860=DIRECTION('ref_axis',(0.,0.766044443118978,0.642787609686539));
#6861=DIRECTION('center_axis',(1.,0.,0.));
#6862=DIRECTION('ref_axis',(0.,0.766044443118978,0.642787609686539));
#6863=DIRECTION('center_axis',(-0.707106781186548,-0.5,0.5));
#6864=DIRECTION('ref_axis',(-0.707106781186548,0.5,-0.5));
#6865=DIRECTION('',(0.,-0.707106781186548,-0.707106781186547));
#6866=DIRECTION('center_axis',(0.707106781186548,-0.5,0.5));
#6867=DIRECTION('ref_axis',(-0.707106781186548,-0.5,0.5));
#6868=DIRECTION('',(0.0868265938642476,-0.640360083773404,-0.763151430390884));
#6869=DIRECTION('center_axis',(-1.,0.,0.));
#6870=DIRECTION('ref_axis',(0.,0.64278760968654,0.766044443118978));
#6871=DIRECTION('center_axis',(1.,0.,0.));
#6872=DIRECTION('ref_axis',(0.,0.64278760968654,0.766044443118978));
#6873=DIRECTION('center_axis',(-0.707106781186548,-0.579227965339569,0.405579787672639));
#6874=DIRECTION('ref_axis',(-0.707106781186548,0.579227965339569,-0.405579787672639));
#6875=DIRECTION('',(0.,-0.573576436351047,-0.819152044288992));
#6876=DIRECTION('center_axis',(0.707106781186547,-0.579227965339569,0.405579787672639));
#6877=DIRECTION('ref_axis',(-0.707106781186548,-0.579227965339569,0.405579787672639));
#6878=DIRECTION('',(0.0868265938642476,-0.498111720048308,-0.862754806969193));
#6879=DIRECTION('center_axis',(-1.,0.,0.));
#6880=DIRECTION('ref_axis',(0.,0.500000000000001,0.866025403784438));
#6881=DIRECTION('center_axis',(1.,0.,0.));
#6882=DIRECTION('ref_axis',(0.,0.5,0.866025403784438));
#6883=DIRECTION('center_axis',(-0.707106781186548,-0.640856382055788,0.29883623873012));
#6884=DIRECTION('ref_axis',(-0.707106781186547,0.640856382055788,-0.29883623873012));
#6885=DIRECTION('',(0.,-0.4226182617407,-0.90630778703665));
#6886=DIRECTION('center_axis',(0.707106781186548,-0.640856382055788,0.29883623873012));
#6887=DIRECTION('ref_axis',(-0.707106781186548,-0.640856382055788,0.29883623873012));
#6888=DIRECTION('',(0.0868265938642476,-0.340728483766235,-0.936143815312741));
#6889=DIRECTION('center_axis',(-1.,0.,0.));
#6890=DIRECTION('ref_axis',(0.,0.342020143325669,0.939692620785908));
#6891=DIRECTION('center_axis',(1.,0.,0.));
#6892=DIRECTION('ref_axis',(0.,0.342020143325669,0.939692620785908));
#6893=DIRECTION('center_axis',(-0.707106781186548,-0.683012701892219,0.18301270189222));
#6894=DIRECTION('ref_axis',(-0.707106781186548,0.683012701892219,-0.18301270189222));
#6895=DIRECTION('',(0.,-0.258819045102521,-0.965925826289068));
#6896=DIRECTION('center_axis',(0.707106781186548,-0.683012701892219,0.183012701892219));
#6897=DIRECTION('ref_axis',(-0.707106781186547,-0.683012701892219,0.183012701892219));
#6898=DIRECTION('',(0.0868265938642476,-0.172992384921858,-0.981088567539639));
#6899=DIRECTION('center_axis',(-1.,0.,0.));
#6900=DIRECTION('ref_axis',(0.,0.17364817766693,0.984807753012208));
#6901=DIRECTION('center_axis',(1.,0.,0.));
#6902=DIRECTION('ref_axis',(0.,0.17364817766693,0.984807753012208));
#6903=DIRECTION('center_axis',(-0.707106781186548,-0.704416026402759,0.0616284167162194));
#6904=DIRECTION('ref_axis',(-0.707106781186548,0.704416026402759,-0.0616284167162194));
#6905=DIRECTION('center_axis',(-1.,0.,0.));
#6906=DIRECTION('ref_axis',(0.,0.766044443118978,-0.642787609686539));
#6907=DIRECTION('',(1.,0.,0.));
#6908=DIRECTION('center_axis',(-1.,0.,0.));
#6909=DIRECTION('ref_axis',(0.,0.766044443118978,-0.642787609686539));
#6910=DIRECTION('center_axis',(-1.,0.,0.));
#6911=DIRECTION('ref_axis',(0.,0.766044443118978,-0.642787609686539));
#6912=DIRECTION('center_axis',(-1.,0.,0.));
#6913=DIRECTION('ref_axis',(0.,-0.766044443118978,0.642787609686539));
#6914=DIRECTION('center_axis',(-1.,0.,0.));
#6915=DIRECTION('ref_axis',(0.,0.766044443118978,-0.642787609686539));
#6916=DIRECTION('center_axis',(-1.,0.,0.));
#6917=DIRECTION('ref_axis',(0.,0.766044443118978,-0.642787609686539));
#6918=DIRECTION('center_axis',(-1.,0.,0.));
#6919=DIRECTION('ref_axis',(0.,0.766044443118978,-0.642787609686539));
#6920=DIRECTION('center_axis',(-1.,0.,0.));
#6921=DIRECTION('ref_axis',(0.,0.766044443118978,-0.642787609686539));
#6922=DIRECTION('center_axis',(-0.707106781186548,0.0616284167162193,-0.704416026402759));
#6923=DIRECTION('ref_axis',(-0.707106781186548,-0.0616284167162193,0.704416026402759));
#6924=DIRECTION('center_axis',(-1.,0.,0.));
#6925=DIRECTION('ref_axis',(0.,1.,-1.83697019872103E-16));
#6926=DIRECTION('center_axis',(1.,0.,0.));
#6927=DIRECTION('ref_axis',(0.,1.,-1.83697019872103E-16));
#6928=DIRECTION('center_axis',(0.,1.11022302462522E-15,1.));
#6929=DIRECTION('ref_axis',(0.,-1.,1.11022302462522E-15));
#6930=DIRECTION('',(0.,1.,-1.11022302462522E-15));
#6931=DIRECTION('center_axis',(0.,-1.11022302462522E-15,-1.));
#6932=DIRECTION('ref_axis',(-2.7942346050292E-17,1.,-1.08670223059324E-15));
#6933=DIRECTION('center_axis',(0.,-1.11022302462522E-15,-1.));
#6934=DIRECTION('ref_axis',(-0.707106781186547,-0.707106781186547,-1.09906472107864E-15));
#6935=DIRECTION('center_axis',(0.,1.48029736616687E-15,-1.));
#6936=DIRECTION('ref_axis',(-0.707106781186547,-0.707106781186547,-1.09906472107864E-15));
#6937=DIRECTION('center_axis',(0.,-0.76604444311898,-0.642787609686536));
#6938=DIRECTION('ref_axis',(0.,-0.642787609686536,0.76604444311898));
#6939=DIRECTION('center_axis',(0.,0.239488471308597,-0.97089920800785));
#6940=DIRECTION('ref_axis',(0.,-0.970899208007851,-0.239488471308597));
#6941=DIRECTION('center_axis',(0.,1.01783548539473E-15,-1.));
#6942=DIRECTION('ref_axis',(-0.707106781186547,-0.707106781186547,1.16439257656566E-15));
#6943=DIRECTION('center_axis',(0.,-0.239488471308597,-0.97089920800785));
#6944=DIRECTION('ref_axis',(0.,-0.970899208007851,0.239488471308597));
#6945=DIRECTION('center_axis',(0.,-1.48029736616689E-15,-1.));
#6946=DIRECTION('ref_axis',(0.,-1.,1.47104550762833E-15));
#6947=DIRECTION('',(0.,1.48029736616687E-15,-1.));
#6948=DIRECTION('center_axis',(0.,0.979520219104526,-0.201345822815925));
#6949=DIRECTION('ref_axis',(0.707106781186547,0.142372996676728,0.692625389238143));
#6950=DIRECTION('center_axis',(0.,-0.979520219104526,0.201345822815926));
#6951=DIRECTION('ref_axis',(1.,0.,0.));
#6952=DIRECTION('center_axis',(0.,1.48029736616689E-15,1.));
#6953=DIRECTION('ref_axis',(1.,0.,0.));
#6954=DIRECTION('center_axis',(0.,1.48029736616689E-15,1.));
#6955=DIRECTION('ref_axis',(0.,-1.,1.48029736616689E-15));
#6956=DIRECTION('center_axis',(1.,0.,0.));
#6957=DIRECTION('ref_axis',(0.,1.,1.66533453693773E-15));
#6958=DIRECTION('center_axis',(1.,0.,0.));
#6959=DIRECTION('ref_axis',(0.,0.707106781186546,0.707106781186549));
#6960=DIRECTION('',(-1.,0.,0.));
#6961=DIRECTION('',(-1.,0.,0.));
#6962=DIRECTION('center_axis',(0.,-1.,1.11022302462522E-15));
#6963=DIRECTION('ref_axis',(-0.70710678118655,0.,0.707106781186545));
#6964=DIRECTION('center_axis',(0.,1.,0.));
#6965=DIRECTION('ref_axis',(-1.,0.,0.));
#6966=DIRECTION('',(0.,-1.,1.11022302462522E-15));
#6967=DIRECTION('center_axis',(0.,-0.994866880317293,0.101192343819759));
#6968=DIRECTION('ref_axis',(0.,-0.101192343819759,-0.994866880317293));
#6969=DIRECTION('center_axis',(1.,0.,0.));
#6970=DIRECTION('ref_axis',(0.,0.,-1.));
#6971=DIRECTION('center_axis',(1.,0.,0.));
#6972=DIRECTION('ref_axis',(0.,0.707106781186548,0.707106781186548));
#6973=DIRECTION('center_axis',(0.,-1.,9.23875392304928E-17));
#6974=DIRECTION('ref_axis',(-1.,0.,0.));
#6975=DIRECTION('center_axis',(0.,-0.979520219104526,0.201345822815925));
#6976=DIRECTION('ref_axis',(-0.707106781186549,0.142372996676724,0.692625389238141));
#6977=DIRECTION('',(0.,-0.979520219104526,0.201345822815925));
#6978=DIRECTION('center_axis',(-1.12346070024486E-16,-0.994866880317293,
0.101192343819763));
#6979=DIRECTION('ref_axis',(-1.10452411696527E-15,0.101192343819763,0.994866880317293));
#6980=DIRECTION('center_axis',(0.,-0.201345822815925,0.979520219104526));
#6981=DIRECTION('ref_axis',(0.,-0.979520219104526,-0.201345822815925));
#6982=DIRECTION('',(-1.,0.,0.));
#6983=DIRECTION('',(0.,0.979520219104526,0.201345822815925));
#6984=DIRECTION('',(1.,0.,0.));
#6985=DIRECTION('',(0.,-0.979520219104526,-0.201345822815925));
#6986=DIRECTION('center_axis',(0.,-0.201345822815925,0.979520219104526));
#6987=DIRECTION('ref_axis',(0.,-0.979520219104526,-0.201345822815925));
#6988=DIRECTION('center_axis',(-0.707106781186548,0.704416026402759,0.0616284167162193));
#6989=DIRECTION('ref_axis',(-0.707106781186548,-0.704416026402759,-0.0616284167162193));
#6990=DIRECTION('',(0.0868265938642476,9.20386321542625E-17,0.996223440096615));
#6991=DIRECTION('',(0.,0.0871557427476581,-0.996194698091746));
#6992=DIRECTION('center_axis',(-1.,0.,0.));
#6993=DIRECTION('ref_axis',(0.,-9.23875392304928E-17,-1.));
#6994=DIRECTION('center_axis',(-1.,0.,0.));
#6995=DIRECTION('ref_axis',(0.,-9.23875392304928E-17,-1.));
#6996=DIRECTION('center_axis',(0.707106781186548,0.704416026402759,-0.0616284167162194));
#6997=DIRECTION('ref_axis',(-0.707106781186547,0.704416026402759,-0.0616284167162194));
#6998=DIRECTION('',(-0.705757556807952,0.708453436019948,7.21089046930927E-16));
#6999=DIRECTION('',(0.,0.0871557427476582,0.996194698091746));
#7000=DIRECTION('center_axis',(-0.707106781186548,0.704416026402759,-0.0616284167162194));
#7001=DIRECTION('ref_axis',(-0.707106781186548,-0.704416026402759,0.0616284167162194));
#7002=DIRECTION('',(-0.705757556807952,-0.708453436019948,-7.21089046930927E-16));
#7003=DIRECTION('',(0.0868265938642476,0.172992384921858,0.981088567539639));
#7004=DIRECTION('center_axis',(-1.,0.,0.));
#7005=DIRECTION('ref_axis',(0.,-0.17364817766693,-0.984807753012208));
#7006=DIRECTION('center_axis',(-1.,0.,0.));
#7007=DIRECTION('ref_axis',(0.,-0.17364817766693,-0.984807753012208));
#7008=DIRECTION('center_axis',(0.707106781186548,0.683012701892219,-0.183012701892219));
#7009=DIRECTION('ref_axis',(-0.707106781186547,0.683012701892219,-0.183012701892219));
#7010=DIRECTION('',(0.694746590606866,-0.719254596676404,-7.32082851530517E-16));
#7011=DIRECTION('',(0.,0.258819045102521,0.965925826289068));
#7012=DIRECTION('center_axis',(-0.707106781186548,0.683012701892219,-0.183012701892219));
#7013=DIRECTION('ref_axis',(-0.707106781186547,-0.683012701892219,0.183012701892219));
#7014=DIRECTION('',(-0.694746590606866,-0.719254596676404,-7.32082851530517E-16));
#7015=DIRECTION('',(0.0868265938642476,0.340728483766235,0.936143815312741));
#7016=DIRECTION('center_axis',(-0.707106781186548,0.683012701892219,-0.183012701892219));
#7017=DIRECTION('ref_axis',(0.707106781186547,0.683012701892219,-0.183012701892219));
#7018=DIRECTION('center_axis',(-1.,0.,0.));
#7019=DIRECTION('ref_axis',(0.,-0.342020143325669,-0.939692620785908));
#7020=DIRECTION('center_axis',(-1.,0.,0.));
#7021=DIRECTION('ref_axis',(0.,-0.342020143325669,-0.939692620785908));
#7022=DIRECTION('center_axis',(0.707106781186548,0.640856382055789,-0.29883623873012));
#7023=DIRECTION('ref_axis',(-0.707106781186547,0.640856382055789,-0.29883623873012));
#7024=DIRECTION('',(0.,0.422618261740699,0.90630778703665));
#7025=DIRECTION('center_axis',(0.707106781186548,0.640856382055789,-0.29883623873012));
#7026=DIRECTION('ref_axis',(-0.707106781186548,0.640856382055789,-0.29883623873012));
#7027=DIRECTION('center_axis',(-0.707106781186548,0.640856382055789,-0.29883623873012));
#7028=DIRECTION('ref_axis',(-0.707106781186547,-0.640856382055789,0.29883623873012));
#7029=DIRECTION('',(0.0868265938642476,0.498111720048307,0.862754806969193));
#7030=DIRECTION('center_axis',(-0.707106781186548,0.640856382055789,-0.29883623873012));
#7031=DIRECTION('ref_axis',(0.707106781186548,0.640856382055789,-0.29883623873012));
#7032=DIRECTION('center_axis',(-1.,0.,0.));
#7033=DIRECTION('ref_axis',(0.,-0.5,-0.866025403784439));
#7034=DIRECTION('center_axis',(-1.,0.,0.));
#7035=DIRECTION('ref_axis',(0.,-0.5,-0.866025403784439));
#7036=DIRECTION('center_axis',(0.707106781186548,0.579227965339569,-0.405579787672639));
#7037=DIRECTION('ref_axis',(-0.707106781186547,0.579227965339569,-0.405579787672639));
#7038=DIRECTION('',(0.,0.573576436351046,0.819152044288992));
#7039=DIRECTION('center_axis',(0.707106781186548,0.579227965339569,-0.405579787672639));
#7040=DIRECTION('ref_axis',(-0.707106781186547,0.579227965339569,-0.405579787672639));
#7041=DIRECTION('center_axis',(-0.707106781186548,0.579227965339569,-0.405579787672639));
#7042=DIRECTION('ref_axis',(-0.707106781186547,-0.579227965339569,0.405579787672639));
#7043=DIRECTION('',(0.0868265938642476,0.640360083773404,0.763151430390884));
#7044=DIRECTION('center_axis',(-0.707106781186548,0.579227965339569,-0.405579787672639));
#7045=DIRECTION('ref_axis',(0.707106781186547,0.579227965339569,-0.405579787672639));
#7046=DIRECTION('center_axis',(-1.,0.,0.));
#7047=DIRECTION('ref_axis',(0.,-0.642787609686539,-0.766044443118978));
#7048=DIRECTION('center_axis',(-1.,0.,0.));
#7049=DIRECTION('ref_axis',(0.,-0.642787609686539,-0.766044443118978));
#7050=DIRECTION('center_axis',(0.707106781186548,0.5,-0.5));
#7051=DIRECTION('ref_axis',(-0.707106781186548,0.5,-0.5));
#7052=DIRECTION('',(0.,0.707106781186548,0.707106781186547));
#7053=DIRECTION('center_axis',(0.707106781186548,0.5,-0.5));
#7054=DIRECTION('ref_axis',(-0.707106781186548,0.5,-0.5));
#7055=DIRECTION('center_axis',(-0.707106781186548,0.5,-0.5));
#7056=DIRECTION('ref_axis',(-0.707106781186547,-0.5,0.5));
#7057=DIRECTION('',(0.0868265938642476,0.763151430390884,0.640360083773404));
#7058=DIRECTION('center_axis',(-0.707106781186548,0.5,-0.5));
#7059=DIRECTION('ref_axis',(0.707106781186548,0.5,-0.5));
#7060=DIRECTION('center_axis',(-1.,0.,0.));
#7061=DIRECTION('ref_axis',(0.,-0.766044443118978,-0.642787609686539));
#7062=DIRECTION('center_axis',(-1.,0.,0.));
#7063=DIRECTION('ref_axis',(0.,-0.766044443118978,-0.642787609686539));
#7064=DIRECTION('center_axis',(0.707106781186548,0.405579787672639,-0.579227965339569));
#7065=DIRECTION('ref_axis',(-0.707106781186548,0.405579787672639,-0.579227965339569));
#7066=DIRECTION('',(0.,0.819152044288992,0.573576436351046));
#7067=DIRECTION('center_axis',(0.707106781186548,0.405579787672639,-0.579227965339569));
#7068=DIRECTION('ref_axis',(0.707106781186548,-0.405579787672639,0.579227965339569));
#7069=DIRECTION('center_axis',(-0.707106781186548,0.405579787672639,-0.579227965339569));
#7070=DIRECTION('ref_axis',(-0.707106781186548,-0.405579787672639,0.579227965339569));
#7071=DIRECTION('',(0.0868265938642475,0.862754806969193,0.498111720048307));
#7072=DIRECTION('center_axis',(-0.707106781186548,0.405579787672639,-0.579227965339569));
#7073=DIRECTION('ref_axis',(-0.707106781186548,-0.405579787672639,0.579227965339569));
#7074=DIRECTION('center_axis',(-1.,0.,0.));
#7075=DIRECTION('ref_axis',(0.,-0.866025403784438,-0.5));
#7076=DIRECTION('center_axis',(-1.,0.,0.));
#7077=DIRECTION('ref_axis',(0.,-0.866025403784439,-0.5));
#7078=DIRECTION('center_axis',(0.707106781186548,0.29883623873012,-0.640856382055789));
#7079=DIRECTION('ref_axis',(-0.707106781186548,0.29883623873012,-0.640856382055789));
#7080=DIRECTION('',(0.,0.90630778703665,0.422618261740699));
#7081=DIRECTION('center_axis',(0.707106781186548,0.29883623873012,-0.640856382055789));
#7082=DIRECTION('ref_axis',(0.707106781186548,-0.29883623873012,0.640856382055789));
#7083=DIRECTION('center_axis',(-0.707106781186548,0.29883623873012,-0.640856382055789));
#7084=DIRECTION('ref_axis',(-0.707106781186548,-0.29883623873012,0.640856382055789));
#7085=DIRECTION('',(0.0868265938642476,0.936143815312741,0.340728483766235));
#7086=DIRECTION('center_axis',(-0.707106781186548,0.29883623873012,-0.640856382055789));
#7087=DIRECTION('ref_axis',(-0.707106781186548,-0.29883623873012,0.640856382055789));
#7088=DIRECTION('center_axis',(-1.,0.,0.));
#7089=DIRECTION('ref_axis',(0.,-0.939692620785908,-0.342020143325669));
#7090=DIRECTION('center_axis',(-1.,0.,0.));
#7091=DIRECTION('ref_axis',(0.,-0.939692620785908,-0.342020143325669));
#7092=DIRECTION('center_axis',(0.707106781186548,0.183012701892219,-0.683012701892219));
#7093=DIRECTION('ref_axis',(-0.707106781186547,0.183012701892219,-0.683012701892219));
#7094=DIRECTION('',(0.,0.965925826289068,0.258819045102521));
#7095=DIRECTION('center_axis',(0.707106781186548,0.183012701892219,-0.683012701892219));
#7096=DIRECTION('ref_axis',(0.707106781186548,-0.183012701892219,0.683012701892219));
#7097=DIRECTION('center_axis',(-0.707106781186548,0.183012701892219,-0.683012701892219));
#7098=DIRECTION('ref_axis',(-0.707106781186547,-0.183012701892219,0.683012701892219));
#7099=DIRECTION('',(0.0868265938642476,0.981088567539639,0.172992384921857));
#7100=DIRECTION('center_axis',(-0.707106781186548,0.183012701892219,-0.683012701892219));
#7101=DIRECTION('ref_axis',(-0.707106781186548,-0.183012701892219,0.683012701892219));
#7102=DIRECTION('center_axis',(-1.,0.,0.));
#7103=DIRECTION('ref_axis',(0.,-0.984807753012208,-0.17364817766693));
#7104=DIRECTION('center_axis',(-1.,0.,0.));
#7105=DIRECTION('ref_axis',(0.,-0.984807753012208,-0.17364817766693));
#7106=DIRECTION('center_axis',(0.707106781186548,0.0616284167162193,-0.704416026402759));
#7107=DIRECTION('ref_axis',(-0.707106781186547,0.0616284167162193,-0.704416026402759));
#7108=DIRECTION('',(0.,0.996194698091746,0.0871557427476582));
#7109=DIRECTION('center_axis',(0.707106781186548,0.0616284167162193,-0.704416026402759));
#7110=DIRECTION('ref_axis',(0.707106781186547,-0.0616284167162193,0.704416026402759));
#7111=DIRECTION('center_axis',(-0.707106781186548,0.0616284167162193,-0.704416026402759));
#7112=DIRECTION('ref_axis',(-0.707106781186548,-0.0616284167162193,0.704416026402759));
#7113=DIRECTION('center_axis',(0.707106781186548,0.0616284167162193,0.704416026402759));
#7114=DIRECTION('ref_axis',(-0.707106781186548,0.0616284167162193,0.704416026402759));
#7115=DIRECTION('',(0.,-0.996194698091746,0.0871557427476579));
#7116=DIRECTION('center_axis',(-0.707106781186548,0.0616284167162192,0.704416026402759));
#7117=DIRECTION('ref_axis',(-0.707106781186548,-0.0616284167162192,-0.704416026402759));
#7118=DIRECTION('',(0.0868265938642476,-0.981088567539639,0.172992384921857));
#7119=DIRECTION('center_axis',(-1.,0.,0.));
#7120=DIRECTION('ref_axis',(0.,0.984807753012208,-0.17364817766693));
#7121=DIRECTION('center_axis',(-1.,0.,0.));
#7122=DIRECTION('ref_axis',(0.,0.984807753012208,-0.17364817766693));
#7123=DIRECTION('center_axis',(0.707106781186548,0.183012701892219,0.683012701892219));
#7124=DIRECTION('ref_axis',(-0.707106781186547,0.183012701892219,0.683012701892219));
#7125=DIRECTION('',(0.,-0.965925826289068,0.25881904510252));
#7126=DIRECTION('center_axis',(-0.707106781186548,0.183012701892219,0.683012701892219));
#7127=DIRECTION('ref_axis',(-0.707106781186547,-0.183012701892219,-0.683012701892219));
#7128=DIRECTION('',(0.0868265938642476,-0.936143815312741,0.340728483766234));
#7129=DIRECTION('center_axis',(-1.,0.,0.));
#7130=DIRECTION('ref_axis',(0.,0.939692620785909,-0.342020143325668));
#7131=DIRECTION('center_axis',(-1.,0.,0.));
#7132=DIRECTION('ref_axis',(0.,0.939692620785909,-0.342020143325668));
#7133=DIRECTION('center_axis',(0.707106781186547,0.298836238730119,0.640856382055789));
#7134=DIRECTION('ref_axis',(-0.707106781186548,0.298836238730119,0.640856382055789));
#7135=DIRECTION('',(0.,-0.90630778703665,0.4226182617407));
#7136=DIRECTION('center_axis',(-0.707106781186548,0.29883623873012,0.640856382055789));
#7137=DIRECTION('ref_axis',(-0.707106781186548,-0.29883623873012,-0.640856382055789));
#7138=DIRECTION('',(0.0868265938642475,-0.862754806969193,0.498111720048307));
#7139=DIRECTION('center_axis',(-1.,0.,0.));
#7140=DIRECTION('ref_axis',(0.,0.866025403784438,-0.5));
#7141=DIRECTION('center_axis',(-1.,0.,0.));
#7142=DIRECTION('ref_axis',(0.,0.866025403784438,-0.5));
#7143=DIRECTION('center_axis',(0.707106781186548,0.405579787672639,0.579227965339569));
#7144=DIRECTION('ref_axis',(-0.707106781186547,0.405579787672639,0.579227965339569));
#7145=DIRECTION('',(0.,-0.819152044288992,0.573576436351046));
#7146=DIRECTION('center_axis',(-0.707106781186548,0.405579787672639,0.579227965339569));
#7147=DIRECTION('ref_axis',(-0.707106781186547,-0.405579787672639,-0.579227965339569));
#7148=DIRECTION('',(0.0868265938642475,-0.763151430390884,0.640360083773404));
#7149=DIRECTION('center_axis',(-1.,0.,0.));
#7150=DIRECTION('ref_axis',(0.,0.766044443118978,-0.642787609686539));
#7151=DIRECTION('center_axis',(-1.,0.,0.));
#7152=DIRECTION('ref_axis',(0.,0.766044443118978,-0.642787609686539));
#7153=DIRECTION('center_axis',(0.707106781186548,0.5,0.5));
#7154=DIRECTION('ref_axis',(-0.707106781186548,0.5,0.5));
#7155=DIRECTION('',(0.,-0.707106781186548,0.707106781186547));
#7156=DIRECTION('center_axis',(-0.707106781186548,0.5,0.5));
#7157=DIRECTION('ref_axis',(-0.707106781186548,-0.5,-0.5));
#7158=DIRECTION('',(0.0868265938642476,-0.640360083773404,0.763151430390884));
#7159=DIRECTION('center_axis',(-1.,0.,0.));
#7160=DIRECTION('ref_axis',(0.,0.642787609686539,-0.766044443118978));
#7161=DIRECTION('center_axis',(-1.,0.,0.));
#7162=DIRECTION('ref_axis',(0.,0.642787609686539,-0.766044443118978));
#7163=DIRECTION('center_axis',(0.707106781186548,0.579227965339569,0.405579787672639));
#7164=DIRECTION('ref_axis',(-0.707106781186548,0.579227965339569,0.405579787672639));
#7165=DIRECTION('',(0.,-0.573576436351046,0.819152044288992));
#7166=DIRECTION('center_axis',(-0.707106781186548,0.579227965339569,0.405579787672639));
#7167=DIRECTION('ref_axis',(-0.707106781186548,-0.579227965339569,-0.405579787672639));
#7168=DIRECTION('',(0.0868265938642476,-0.498111720048308,0.862754806969193));
#7169=DIRECTION('center_axis',(-1.,0.,0.));
#7170=DIRECTION('ref_axis',(0.,0.5,-0.866025403784438));
#7171=DIRECTION('center_axis',(-1.,0.,0.));
#7172=DIRECTION('ref_axis',(0.,0.5,-0.866025403784438));
#7173=DIRECTION('center_axis',(0.707106781186548,0.640856382055788,0.29883623873012));
#7174=DIRECTION('ref_axis',(-0.707106781186547,0.640856382055788,0.29883623873012));
#7175=DIRECTION('',(0.,-0.4226182617407,0.90630778703665));
#7176=DIRECTION('center_axis',(-0.707106781186548,0.640856382055788,0.29883623873012));
#7177=DIRECTION('ref_axis',(-0.707106781186548,-0.640856382055788,-0.29883623873012));
#7178=DIRECTION('',(0.0868265938642476,-0.340728483766235,0.936143815312741));
#7179=DIRECTION('center_axis',(-1.,0.,0.));
#7180=DIRECTION('ref_axis',(0.,0.342020143325669,-0.939692620785908));
#7181=DIRECTION('center_axis',(-1.,0.,0.));
#7182=DIRECTION('ref_axis',(0.,0.342020143325669,-0.939692620785908));
#7183=DIRECTION('center_axis',(0.707106781186548,0.683012701892219,0.18301270189222));
#7184=DIRECTION('ref_axis',(-0.707106781186548,0.683012701892219,0.18301270189222));
#7185=DIRECTION('',(0.,-0.258819045102521,0.965925826289068));
#7186=DIRECTION('center_axis',(-0.707106781186548,0.683012701892219,0.183012701892219));
#7187=DIRECTION('ref_axis',(-0.707106781186547,-0.683012701892219,-0.183012701892219));
#7188=DIRECTION('',(0.0868265938642476,-0.172992384921857,0.981088567539639));
#7189=DIRECTION('center_axis',(-1.,0.,0.));
#7190=DIRECTION('ref_axis',(0.,0.17364817766693,-0.984807753012208));
#7191=DIRECTION('center_axis',(-1.,0.,0.));
#7192=DIRECTION('ref_axis',(0.,0.17364817766693,-0.984807753012208));
#7193=DIRECTION('center_axis',(0.707106781186548,0.704416026402759,0.0616284167162193));
#7194=DIRECTION('ref_axis',(-0.707106781186548,0.704416026402759,0.0616284167162193));
#7195=DIRECTION('center_axis',(1.,0.,0.));
#7196=DIRECTION('ref_axis',(0.,0.766044443118978,0.642787609686539));
#7197=DIRECTION('',(1.,0.,0.));
#7198=DIRECTION('center_axis',(1.,0.,0.));
#7199=DIRECTION('ref_axis',(0.,0.766044443118978,0.642787609686539));
#7200=DIRECTION('center_axis',(1.,0.,0.));
#7201=DIRECTION('ref_axis',(0.,0.766044443118978,0.642787609686539));
#7202=DIRECTION('center_axis',(1.,0.,0.));
#7203=DIRECTION('ref_axis',(0.,-0.766044443118979,-0.642787609686539));
#7204=DIRECTION('center_axis',(1.,0.,0.));
#7205=DIRECTION('ref_axis',(0.,0.766044443118978,0.642787609686539));
#7206=DIRECTION('center_axis',(1.,0.,0.));
#7207=DIRECTION('ref_axis',(0.,0.766044443118978,0.642787609686539));
#7208=DIRECTION('center_axis',(1.,0.,0.));
#7209=DIRECTION('ref_axis',(0.,0.766044443118978,0.642787609686539));
#7210=DIRECTION('center_axis',(0.,-1.01783548539473E-15,1.));
#7211=DIRECTION('ref_axis',(0.,-1.,-1.01783548539473E-15));
#7212=DIRECTION('',(0.,1.,1.01783548539473E-15));
#7213=DIRECTION('center_axis',(0.,1.01783548539473E-15,-1.));
#7214=DIRECTION('ref_axis',(-2.7942346050292E-17,1.,9.94314691362751E-16));
#7215=DIRECTION('center_axis',(0.,-0.979520219104526,-0.201345822815925));
#7216=DIRECTION('ref_axis',(0.707106781186547,0.142372996676728,-0.692625389238143));
#7217=DIRECTION('center_axis',(0.,0.979520219104526,0.201345822815926));
#7218=DIRECTION('ref_axis',(1.,0.,0.));
#7219=DIRECTION('center_axis',(0.,1.38790982693639E-15,-1.));
#7220=DIRECTION('ref_axis',(1.,0.,0.));
#7221=DIRECTION('center_axis',(0.,-1.38790982693639E-15,1.));
#7222=DIRECTION('ref_axis',(0.,-1.,-1.38790982693639E-15));
#7223=DIRECTION('center_axis',(0.,1.38790982693639E-15,-1.));
#7224=DIRECTION('ref_axis',(0.,-1.,-1.37865796839784E-15));
#7225=DIRECTION('center_axis',(-1.,0.,0.));
#7226=DIRECTION('ref_axis',(0.,1.,-1.75772207616823E-15));
#7227=DIRECTION('center_axis',(0.,1.,1.01783548539473E-15));
#7228=DIRECTION('ref_axis',(-0.70710678118655,-6.53278554870195E-17,-0.707106781186545));
#7229=DIRECTION('center_axis',(0.,0.994866880317293,0.101192343819759));
#7230=DIRECTION('ref_axis',(0.,-0.101192343819759,0.994866880317293));
#7231=DIRECTION('',(0.,-1.,-1.01783548539473E-15));
#7232=DIRECTION('center_axis',(0.,0.979520219104526,0.201345822815925));
#7233=DIRECTION('ref_axis',(-0.707106781186549,0.142372996676724,-0.692625389238141));
#7234=DIRECTION('center_axis',(0.,0.76604444311898,0.642787609686536));
#7235=DIRECTION('ref_axis',(3.66281430576012E-16,0.642787609686536,-0.76604444311898));
#7236=DIRECTION('',(0.,-0.979520219104526,-0.201345822815925));
#7237=DIRECTION('center_axis',(0.,1.,1.38790982693639E-15));
#7238=DIRECTION('ref_axis',(-0.70710678118655,-6.53278554870195E-17,-0.707106781186545));
#7239=DIRECTION('center_axis',(0.,-1.,9.86864910777917E-16));
#7240=DIRECTION('ref_axis',(-0.70710678118655,-6.53278554870195E-17,-0.707106781186545));
#7241=DIRECTION('',(0.,-1.,-1.38790982693639E-15));
#7242=DIRECTION('center_axis',(1.12346070024486E-16,0.994866880317293,0.101192343819763));
#7243=DIRECTION('ref_axis',(-1.10452411696527E-15,0.101192343819763,-0.994866880317293));
#7244=DIRECTION('',(0.,1.,1.38790982693639E-15));
#7245=DIRECTION('center_axis',(1.,0.,0.));
#7246=DIRECTION('ref_axis',(0.,0.,-1.));
#7247=DIRECTION('center_axis',(-1.,0.,0.));
#7248=DIRECTION('ref_axis',(0.,-1.,-1.70318304914087E-15));
#7249=DIRECTION('center_axis',(0.,-1.,0.));
#7250=DIRECTION('ref_axis',(0.,0.,1.));
#7251=DIRECTION('center_axis',(1.,0.,0.));
#7252=DIRECTION('ref_axis',(0.,-1.,-1.70318304914086E-15));
#7253=DIRECTION('center_axis',(1.,0.,0.));
#7254=DIRECTION('ref_axis',(0.,-1.,-1.70318304914086E-15));
#7255=DIRECTION('center_axis',(-1.,0.,0.));
#7256=DIRECTION('ref_axis',(0.,0.,1.));
#7257=DIRECTION('center_axis',(1.,0.,0.));
#7258=DIRECTION('ref_axis',(0.,-1.,1.00929365875014E-15));
#7259=DIRECTION('center_axis',(1.,0.,0.));
#7260=DIRECTION('ref_axis',(0.,1.,0.));
#7261=DIRECTION('center_axis',(-1.,0.,0.));
#7262=DIRECTION('ref_axis',(0.,-1.,1.00929365875014E-15));
#7263=DIRECTION('center_axis',(-1.,0.,0.));
#7264=DIRECTION('ref_axis',(0.,-1.,1.00929365875014E-15));
#7265=DIRECTION('',(-1.,0.,0.));
#7266=DIRECTION('center_axis',(1.,0.,0.));
#7267=DIRECTION('ref_axis',(0.,0.,-1.));
#7268=DIRECTION('center_axis',(0.,-1.,0.));
#7269=DIRECTION('ref_axis',(0.,0.,1.));
#7270=DIRECTION('center_axis',(0.,-1.,9.86864910777917E-16));
#7271=DIRECTION('ref_axis',(0.,9.86864910777917E-16,1.));
#7272=DIRECTION('center_axis',(0.,-1.,9.86864910777917E-16));
#7273=DIRECTION('ref_axis',(0.,9.86864910777917E-16,1.));
#7274=DIRECTION('center_axis',(0.,1.,-9.86864910777917E-16));
#7275=DIRECTION('ref_axis',(0.,9.86864910777917E-16,1.));
#7276=DIRECTION('center_axis',(0.,-1.,9.86864910777917E-16));
#7277=DIRECTION('ref_axis',(0.,9.86864910777917E-16,1.));
#7278=DIRECTION('center_axis',(0.,-1.,-1.48029736616687E-15));
#7279=DIRECTION('ref_axis',(0.,9.86864910777917E-16,1.));
#7280=DIRECTION('',(0.,-1.,9.86864910777917E-16));
#7281=DIRECTION('center_axis',(0.,-1.,9.86864910777917E-16));
#7282=DIRECTION('ref_axis',(0.,9.86864910777917E-16,1.));
#7283=DIRECTION('center_axis',(0.,-1.,9.86864910777917E-16));
#7284=DIRECTION('ref_axis',(0.,9.86864910777917E-16,1.));
#7285=DIRECTION('center_axis',(0.,-1.,9.86864910777917E-16));
#7286=DIRECTION('ref_axis',(0.,9.86864910777917E-16,1.));
#7287=DIRECTION('center_axis',(0.,-1.,9.86864910777917E-16));
#7288=DIRECTION('ref_axis',(0.,9.86864910777917E-16,1.));
#7289=DIRECTION('',(0.,-1.,9.86864910777917E-16));
#7290=DIRECTION('center_axis',(0.,1.,-9.86864910777917E-16));
#7291=DIRECTION('ref_axis',(0.,9.86864910777917E-16,1.));
#7292=DIRECTION('center_axis',(0.,-1.,9.86864910777915E-16));
#7293=DIRECTION('ref_axis',(0.,9.86864910777917E-16,1.));
#7294=DIRECTION('center_axis',(0.,-1.,9.86864910777917E-16));
#7295=DIRECTION('ref_axis',(0.,9.86864910777917E-16,1.));
#7296=DIRECTION('',(-8.65956056235502E-17,0.707106781186541,0.707106781186554));
#7297=DIRECTION('center_axis',(0.,-1.,9.86864910777917E-16));
#7298=DIRECTION('ref_axis',(0.,9.86864910777917E-16,1.));
#7299=DIRECTION('',(0.,-1.,9.86864910777917E-16));
#7300=DIRECTION('center_axis',(0.,-1.,9.86864910777917E-16));
#7301=DIRECTION('ref_axis',(0.,9.86864910777917E-16,1.));
#7302=DIRECTION('center_axis',(0.,-1.,9.86864910777915E-16));
#7303=DIRECTION('ref_axis',(0.,9.86864910777917E-16,1.));
#7304=DIRECTION('center_axis',(0.,1.,-9.86864910777917E-16));
#7305=DIRECTION('ref_axis',(0.,9.86864910777917E-16,1.));
#7306=DIRECTION('',(-8.65956056235502E-17,0.707106781186541,0.707106781186554));
#7307=DIRECTION('center_axis',(0.,-1.,9.86864910777917E-16));
#7308=DIRECTION('ref_axis',(0.,-9.86864910777917E-16,-1.));
#7309=DIRECTION('',(1.,0.,0.));
#7310=DIRECTION('center_axis',(0.,1.,-9.86864910777917E-16));
#7311=DIRECTION('ref_axis',(-0.70710678118655,6.9781887052612E-16,0.707106781186545));
#7312=DIRECTION('',(0.,9.86864910777917E-16,1.));
#7313=DIRECTION('center_axis',(0.,1.,-9.86864910777917E-16));
#7314=DIRECTION('ref_axis',(-0.70710678118655,-6.9781887052612E-16,-0.707106781186545));
#7315=DIRECTION('',(1.,0.,0.));
#7316=DIRECTION('center_axis',(0.,1.48029736616689E-15,1.));
#7317=DIRECTION('ref_axis',(0.,-1.,1.48029736616689E-15));
#7318=DIRECTION('',(0.,1.,-1.48029736616689E-15));
#7319=DIRECTION('',(1.,0.,0.));
#7320=DIRECTION('center_axis',(0.,-1.,1.48029736616689E-15));
#7321=DIRECTION('ref_axis',(-0.70710678118655,0.,0.707106781186545));
#7322=DIRECTION('center_axis',(0.,-1.,9.86864910777917E-16));
#7323=DIRECTION('ref_axis',(-0.70710678118655,0.,0.707106781186545));
#7324=DIRECTION('',(0.,-1.,1.48029736616689E-15));
#7325=DIRECTION('center_axis',(0.,1.,0.));
#7326=DIRECTION('ref_axis',(-0.70710678118655,3.10141720233831E-16,0.707106781186545));
#7327=DIRECTION('',(0.,0.70710678118654,0.707106781186555));
#7328=DIRECTION('',(-0.707106781186571,0.707106781186524,0.));
#7329=DIRECTION('center_axis',(-0.707106781186524,-0.707106781186571,6.97818870526146E-16));
#7330=DIRECTION('ref_axis',(9.86864910777983E-16,0.,1.));
#7331=DIRECTION('',(-0.707106781186453,0.707106781186642,0.));
#7332=DIRECTION('',(0.,-9.86864910777917E-16,-1.));
#7333=DIRECTION('center_axis',(0.,1.,0.));
#7334=DIRECTION('ref_axis',(-0.70710678118655,-3.46434973282175E-16,-0.707106781186545));
#7335=DIRECTION('',(0.,0.707106781186569,-0.707106781186526));
#7336=DIRECTION('center_axis',(0.,1.48029736616687E-15,-1.));
#7337=DIRECTION('ref_axis',(-0.707106781186547,-0.707106781186547,-1.09906472107864E-15));
#7338=DIRECTION('center_axis',(0.,0.500000000000001,0.866025403784438));
#7339=DIRECTION('ref_axis',(0.,-0.866025403784438,0.500000000000001));
#7340=DIRECTION('',(0.,1.48029736616687E-15,-1.));
#7341=DIRECTION('center_axis',(0.,0.239488471308597,-0.97089920800785));
#7342=DIRECTION('ref_axis',(0.,-0.970899208007851,-0.239488471308597));
#7343=DIRECTION('center_axis',(0.,-0.201345822815925,0.979520219104526));
#7344=DIRECTION('ref_axis',(0.,-0.979520219104526,-0.201345822815925));
#7345=DIRECTION('center_axis',(0.,-0.201345822815925,0.979520219104526));
#7346=DIRECTION('ref_axis',(0.,-0.979520219104526,-0.201345822815925));
#7347=DIRECTION('',(1.,0.,0.));
#7348=DIRECTION('',(1.,0.,0.));
#7349=DIRECTION('',(0.,0.979520219104526,0.201345822815925));
#7350=DIRECTION('center_axis',(0.,0.979520219104526,0.201345822815925));
#7351=DIRECTION('ref_axis',(-0.707106781186549,0.142372996676724,-0.692625389238141));
#7352=DIRECTION('center_axis',(0.,-0.500000000000001,-0.866025403784438));
#7353=DIRECTION('ref_axis',(2.30416625729679E-16,0.866025403784438,-0.500000000000001));
#7354=DIRECTION('',(0.,-0.979520219104526,-0.201345822815925));
#7355=DIRECTION('center_axis',(-1.,0.,0.));
#7356=DIRECTION('ref_axis',(0.,0.,1.));
#7357=DIRECTION('',(0.,-0.642787609686536,0.76604444311898));
#7358=DIRECTION('center_axis',(1.,0.,0.));
#7359=DIRECTION('ref_axis',(0.,0.766044443118978,0.642787609686539));
#7360=DIRECTION('',(0.,0.866025403784438,-0.500000000000001));
#7361=DIRECTION('center_axis',(1.,0.,0.));
#7362=DIRECTION('ref_axis',(0.,-0.766044443118978,0.64278760968654));
#7363=DIRECTION('',(1.,0.,0.));
#7364=DIRECTION('',(-1.,0.,0.));
#7365=DIRECTION('center_axis',(0.,0.76604444311898,0.642787609686536));
#7366=DIRECTION('ref_axis',(0.,-0.642787609686536,0.76604444311898));
#7367=DIRECTION('center_axis',(0.,-0.500000000000001,-0.866025403784438));
#7368=DIRECTION('ref_axis',(0.,0.866025403784438,-0.500000000000001));
#7369=DIRECTION('center_axis',(0.,-0.707106781186557,0.707106781186538));
#7370=DIRECTION('ref_axis',(1.,0.,0.));
#7371=DIRECTION('center_axis',(0.,-1.,-1.48029736616687E-15));
#7372=DIRECTION('ref_axis',(0.,1.48029736616687E-15,-1.));
#7373=DIRECTION('',(-1.,0.,0.));
#7374=DIRECTION('center_axis',(0.,1.,1.48029736616687E-15));
#7375=DIRECTION('ref_axis',(0.,9.86864910777917E-16,1.));
#7376=DIRECTION('center_axis',(0.,-1.,9.86864910777917E-16));
#7377=DIRECTION('ref_axis',(0.,9.86864910777917E-16,1.));
#7378=DIRECTION('',(0.,-1.,9.86864910777917E-16));
#7379=DIRECTION('center_axis',(0.,-0.707106781186526,-0.707106781186569));
#7380=DIRECTION('ref_axis',(-1.,0.,0.));
#7381=DIRECTION('',(-1.,0.,0.));
#7382=DIRECTION('center_axis',(0.,-1.38790982693639E-15,1.));
#7383=DIRECTION('ref_axis',(0.,-1.,-1.38790982693639E-15));
#7384=DIRECTION('',(-1.,0.,0.));
#7385=DIRECTION('center_axis',(-1.,0.,0.));
#7386=DIRECTION('ref_axis',(0.,0.707106781186546,-0.707106781186549));
#7387=CARTESIAN_POINT('',(0.,0.,0.));
#7388=CARTESIAN_POINT('Origin',(32.2,-22.8999999999997,5.60000000000001));
#7389=CARTESIAN_POINT('',(31.2,-40.9,9.29999999999999));
#7390=CARTESIAN_POINT('',(31.2,-22.8999999999997,5.60000000000001));
#7391=CARTESIAN_POINT('',(31.2,-25.8673961325474,6.20996476057926));
#7392=CARTESIAN_POINT('',(30.2,-22.8999999999997,5.60000000000001));
#7393=CARTESIAN_POINT('',(32.2,-22.8999999999997,5.60000000000001));
#7394=CARTESIAN_POINT('',(30.2,-30.4973083543682,7.16166893950906));
#7395=CARTESIAN_POINT('',(30.2,-23.9844561580146,5.82291598803641));
#7396=CARTESIAN_POINT('',(24.4251069659285,-40.7563552527281,9.27047302417188));
#7397=CARTESIAN_POINT('Origin',(18.2,-30.4973083543682,7.16166893950906));
#7398=CARTESIAN_POINT('',(24.8332495807108,-40.9,9.29999999999999));
#7399=CARTESIAN_POINT('Ctrl Pts',(24.4251069659285,-40.7563552527281,9.27047302417187));
#7400=CARTESIAN_POINT('Ctrl Pts',(24.4338997770633,-40.7702685502444,9.27333297977245));
#7401=CARTESIAN_POINT('Ctrl Pts',(24.444784585552,-40.7834908114025,9.27605088901049));
#7402=CARTESIAN_POINT('Ctrl Pts',(24.4752663086084,-40.8137983607586,9.28228077415591));
#7403=CARTESIAN_POINT('Ctrl Pts',(24.5029808405298,-40.8324838386222,9.28612167793898));
#7404=CARTESIAN_POINT('Ctrl Pts',(24.6161881683549,-40.88876581358,9.2976907505692));
#7405=CARTESIAN_POINT('Ctrl Pts',(24.7343328554999,-40.9000000000002,9.30000000000002));
#7406=CARTESIAN_POINT('Ctrl Pts',(24.8332495807106,-40.9000000000002,9.30000000000002));
#7407=CARTESIAN_POINT('',(32.2,-40.9,9.29999999999999));
#7408=CARTESIAN_POINT('Origin',(28.2,-26.25,0.299999999999985));
#7409=CARTESIAN_POINT('',(28.2,-30.9,5.60000000000002));
#7410=CARTESIAN_POINT('',(28.2,-18.3696938456699,5.6));
#7411=CARTESIAN_POINT('',(28.2,-21.575,5.6));
#7412=CARTESIAN_POINT('',(28.2,-19.2244004395739,5.28469282870158));
#7413=CARTESIAN_POINT('Origin',(28.2,-16.9,0.3));
#7414=CARTESIAN_POINT('',(28.2,-20.0546703999308,4.80533624358945));
#7415=CARTESIAN_POINT('Origin',(28.2,-16.9,0.3));
#7416=CARTESIAN_POINT('',(28.2,-20.789087296526,4.18908729652601));
#7417=CARTESIAN_POINT('Origin',(28.2,-16.9,0.3));
#7418=CARTESIAN_POINT('',(28.2,-21.4053362435895,3.45467039993075));
#7419=CARTESIAN_POINT('Origin',(28.2,-16.9,0.3));
#7420=CARTESIAN_POINT('',(28.2,-21.8846928287016,2.62440043957385));
#7421=CARTESIAN_POINT('Origin',(28.2,-16.9,0.3));
#7422=CARTESIAN_POINT('',(28.2,-22.2125920445899,1.72350474806386));
#7423=CARTESIAN_POINT('Origin',(28.2,-16.9,0.3));
#7424=CARTESIAN_POINT('',(28.2,-22.3790708395046,0.779356585112115));
#7425=CARTESIAN_POINT('Origin',(28.2,-16.9,0.3));
#7426=CARTESIAN_POINT('',(28.2,-22.3790708395046,-0.179356585112116));
#7427=CARTESIAN_POINT('Origin',(28.2,-16.9,0.3));
#7428=CARTESIAN_POINT('',(28.2,-22.2125920445899,-1.12350474806386));
#7429=CARTESIAN_POINT('Origin',(28.2,-16.9,0.299999999999998));
#7430=CARTESIAN_POINT('',(28.2,-21.8846928287016,-2.02440043957385));
#7431=CARTESIAN_POINT('Origin',(28.2,-16.9,0.299999999999998));
#7432=CARTESIAN_POINT('',(28.2,-21.4053362435895,-2.85467039993075));
#7433=CARTESIAN_POINT('Origin',(28.2,-16.9,0.299999999999998));
#7434=CARTESIAN_POINT('',(28.2,-20.789087296526,-3.58908729652601));
#7435=CARTESIAN_POINT('Origin',(28.2,-16.9,0.299999999999998));
#7436=CARTESIAN_POINT('',(28.2,-20.0546703999308,-4.20533624358946));
#7437=CARTESIAN_POINT('Origin',(28.2,-16.9,0.299999999999998));
#7438=CARTESIAN_POINT('',(28.2,-19.2244004395739,-4.68469282870158));
#7439=CARTESIAN_POINT('Origin',(28.2,-16.9,0.299999999999998));
#7440=CARTESIAN_POINT('',(28.2,-18.3696938456699,-5.));
#7441=CARTESIAN_POINT('Origin',(28.2,-16.9,0.299999999999998));
#7442=CARTESIAN_POINT('',(28.2,-30.9,-5.00000000000002));
#7443=CARTESIAN_POINT('',(28.2,-21.575,-5.00000000000001));
#7444=CARTESIAN_POINT('',(28.2,-30.9,4.79999999999999));
#7445=CARTESIAN_POINT('Origin',(32.2,-16.9,0.3));
#7446=CARTESIAN_POINT('',(31.2,-16.9,5.6));
#7447=CARTESIAN_POINT('',(31.2,-16.9,-5.));
#7448=CARTESIAN_POINT('Origin',(31.2,-16.9,0.3));
#7449=CARTESIAN_POINT('',(28.6619254365626,-16.9,-5.));
#7450=CARTESIAN_POINT('',(32.2,-16.9,-5.));
#7451=CARTESIAN_POINT('',(28.2,-16.4380745634374,-4.97983189988625));
#7452=CARTESIAN_POINT('Origin',(28.2,-16.9,0.299999999999999));
#7453=CARTESIAN_POINT('',(28.6619254365626,-15.9796646583653,-4.91948109096471));
#7454=CARTESIAN_POINT('Origin',(28.2,-16.9,0.299999999999999));
#7455=CARTESIAN_POINT('',(28.2,-15.5282590609567,-4.81940687933207));
#7456=CARTESIAN_POINT('Origin',(28.2,-16.9,0.299999999999999));
#7457=CARTESIAN_POINT('',(28.6619254365626,-15.087293240374,-4.68037089016532));
#7458=CARTESIAN_POINT('Origin',(28.2,-16.9,0.299999999999999));
#7459=CARTESIAN_POINT('',(28.2,-14.6601232127743,-4.50343127129425));
#7460=CARTESIAN_POINT('Origin',(28.2,-16.9,0.299999999999999));
#7461=CARTESIAN_POINT('',(28.6619254365626,-14.25,-4.28993464005753));
#7462=CARTESIAN_POINT('Origin',(28.2,-16.9,0.299999999999999));
#7463=CARTESIAN_POINT('',(28.2,-13.8600448873395,-4.04150583473166));
#7464=CARTESIAN_POINT('Origin',(28.2,-16.9,0.299999999999999));
#7465=CARTESIAN_POINT('',(28.6619254365626,-13.4932256686613,-3.76003554853058));
#7466=CARTESIAN_POINT('Origin',(28.2,-16.9,0.299999999999999));
#7467=CARTESIAN_POINT('',(28.2,-13.1523340597113,-3.4476659402887));
#7468=CARTESIAN_POINT('Origin',(28.2,-16.9,0.299999999999999));
#7469=CARTESIAN_POINT('',(28.6619254365626,-12.8399644514694,-3.10677433133866));
#7470=CARTESIAN_POINT('Origin',(28.2,-16.9,0.299999999999999));
#7471=CARTESIAN_POINT('',(28.2,-12.5584941652684,-2.73995511266055));
#7472=CARTESIAN_POINT('Origin',(28.2,-16.9,0.299999999999999));
#7473=CARTESIAN_POINT('',(28.6619254365626,-12.3100653599425,-2.35));
#7474=CARTESIAN_POINT('Origin',(28.2,-16.9,0.299999999999999));
#7475=CARTESIAN_POINT('',(28.2,-12.0965687287058,-1.93987678722571));
#7476=CARTESIAN_POINT('Origin',(28.2,-16.9,0.299999999999999));
#7477=CARTESIAN_POINT('',(28.6619254365626,-11.9196291098347,-1.51270675962604));
#7478=CARTESIAN_POINT('Origin',(28.2,-16.9,0.299999999999999));
#7479=CARTESIAN_POINT('',(28.2,-11.7805931206679,-1.07174093904336));
#7480=CARTESIAN_POINT('Origin',(28.2,-16.9,0.299999999999999));
#7481=CARTESIAN_POINT('',(28.6619254365626,-11.6805189090353,-0.620335341634736));
#7482=CARTESIAN_POINT('Origin',(28.2,-16.9,0.299999999999999));
#7483=CARTESIAN_POINT('',(28.2,-11.6201681001138,-0.161925436562591));
#7484=CARTESIAN_POINT('Origin',(28.2,-16.9,0.299999999999999));
#7485=CARTESIAN_POINT('',(28.6619254365626,-11.6,0.299999999999993));
#7486=CARTESIAN_POINT('Origin',(28.2,-16.9,0.299999999999999));
#7487=CARTESIAN_POINT('',(28.2,-11.6201681001138,0.761925436562589));
#7488=CARTESIAN_POINT('Origin',(28.2,-16.9,0.3));
#7489=CARTESIAN_POINT('',(28.6619254365626,-11.6805189090353,1.22033534163473));
#7490=CARTESIAN_POINT('Origin',(28.2,-16.9,0.3));
#7491=CARTESIAN_POINT('',(28.2,-11.7805931206679,1.67174093904336));
#7492=CARTESIAN_POINT('Origin',(28.2,-16.9,0.3));
#7493=CARTESIAN_POINT('',(28.6619254365626,-11.9196291098347,2.11270675962604));
#7494=CARTESIAN_POINT('Origin',(28.2,-16.9,0.3));
#7495=CARTESIAN_POINT('',(28.2,-12.0965687287058,2.53987678722571));
#7496=CARTESIAN_POINT('Origin',(28.2,-16.9,0.3));
#7497=CARTESIAN_POINT('',(28.6619254365626,-12.3100653599425,2.95));
#7498=CARTESIAN_POINT('Origin',(28.2,-16.9,0.3));
#7499=CARTESIAN_POINT('',(28.2,-12.5584941652684,3.33995511266055));
#7500=CARTESIAN_POINT('Origin',(28.2,-16.9,0.3));
#7501=CARTESIAN_POINT('',(28.6619254365626,-12.8399644514694,3.70677433133866));
#7502=CARTESIAN_POINT('Origin',(28.2,-16.9,0.3));
#7503=CARTESIAN_POINT('',(28.2,-13.1523340597113,4.0476659402887));
#7504=CARTESIAN_POINT('Origin',(28.2,-16.9,0.3));
#7505=CARTESIAN_POINT('',(28.6619254365626,-13.4932256686613,4.36003554853058));
#7506=CARTESIAN_POINT('Origin',(28.2,-16.9,0.3));
#7507=CARTESIAN_POINT('',(28.2,-13.8600448873395,4.64150583473166));
#7508=CARTESIAN_POINT('Origin',(28.2,-16.9,0.3));
#7509=CARTESIAN_POINT('',(28.6619254365626,-14.25,4.88993464005752));
#7510=CARTESIAN_POINT('Origin',(28.2,-16.9,0.3));
#7511=CARTESIAN_POINT('',(28.2,-14.6601232127743,5.10343127129424));
#7512=CARTESIAN_POINT('Origin',(28.2,-16.9,0.3));
#7513=CARTESIAN_POINT('',(28.6619254365626,-15.087293240374,5.28037089016532));
#7514=CARTESIAN_POINT('Origin',(28.2,-16.9,0.3));
#7515=CARTESIAN_POINT('',(28.2,-15.5282590609567,5.41940687933206));
#7516=CARTESIAN_POINT('Origin',(28.2,-16.9,0.3));
#7517=CARTESIAN_POINT('',(28.6619254365626,-15.9796646583653,5.51948109096471));
#7518=CARTESIAN_POINT('Origin',(28.2,-16.9,0.3));
#7519=CARTESIAN_POINT('',(28.2,-16.4380745634374,5.57983189988625));
#7520=CARTESIAN_POINT('Origin',(28.2,-16.9,0.3));
#7521=CARTESIAN_POINT('',(28.6619254365626,-16.9,5.6));
#7522=CARTESIAN_POINT('Origin',(28.2,-16.9,0.3));
#7523=CARTESIAN_POINT('',(32.2,-16.9,5.6));
#7524=CARTESIAN_POINT('Origin',(28.412132034356,-16.7496284755181,4.45269652209561));
#7525=CARTESIAN_POINT('',(28.5926506320009,-16.8999999999638,4.8051607562268));
#7526=CARTESIAN_POINT('',(28.5608020341109,-16.9,4.43973907784268));
#7527=CARTESIAN_POINT('',(28.2,-16.638532771757,3.28858409427524));
#7528=CARTESIAN_POINT('',(28.2,-16.7546637111326,1.96120138324392));
#7529=CARTESIAN_POINT('Ctrl Pts',(28.5926506320009,-16.8999999999638,4.80516075622657));
#7530=CARTESIAN_POINT('Ctrl Pts',(28.3573115893074,-16.7426884105898,3.90302775922667));
#7531=CARTESIAN_POINT('Ctrl Pts',(28.1999999999607,-16.6385327715832,3.28858409431479));
#7532=CARTESIAN_POINT('Origin',(28.5,-16.9,0.3));
#7533=CARTESIAN_POINT('',(28.2,-17.161467228243,3.28858409427524));
#7534=CARTESIAN_POINT('Origin',(28.2,-16.9,0.3));
#7535=CARTESIAN_POINT('Ctrl Pts',(28.592650632001,-16.8999999999639,4.80516075622653));
#7536=CARTESIAN_POINT('Ctrl Pts',(28.3573115893046,-17.05731158934,3.90302775921778));
#7537=CARTESIAN_POINT('Ctrl Pts',(28.1999999999565,-17.1614672283479,3.28858409430416));
#7538=CARTESIAN_POINT('Origin',(28.412132034356,-17.050371524482,4.45269652209561));
#7539=CARTESIAN_POINT('',(28.2,-17.3636899166874,5.6));
#7540=CARTESIAN_POINT('',(29.4432689414434,-16.1156718898651,5.6));
#7541=CARTESIAN_POINT('',(28.2,-17.1163600435354,2.77300661383682));
#7542=CARTESIAN_POINT('Origin',(28.412132034356,-17.4730211403236,4.41571947206588));
#7543=CARTESIAN_POINT('',(28.6690513809926,-17.8345329977549,5.6));
#7544=CARTESIAN_POINT('',(29.1604292465846,-18.3277878469659,5.6));
#7545=CARTESIAN_POINT('',(28.5926506314744,-17.6823129550791,4.73671723930274));
#7546=CARTESIAN_POINT('Ctrl Pts',(28.5926506314734,-17.6823129550791,4.73671723930278));
#7547=CARTESIAN_POINT('Ctrl Pts',(28.3573115891214,-17.3707375317349,3.87560654168109));
#7548=CARTESIAN_POINT('Ctrl Pts',(28.1999999999369,-17.1614672284479,3.28858409421911));
#7549=CARTESIAN_POINT('',(28.5608020341109,-17.618858146884,4.37684713930708));
#7550=CARTESIAN_POINT('Origin',(28.5,-16.9,0.3));
#7551=CARTESIAN_POINT('',(28.2,-17.6764571353076,3.19777747886721));
#7552=CARTESIAN_POINT('Origin',(28.2,-16.9,0.3));
#7553=CARTESIAN_POINT('Ctrl Pts',(28.5926506314744,-17.6823129550791,4.73671723930251));
#7554=CARTESIAN_POINT('Ctrl Pts',(28.3573115891237,-17.6805808769937,3.82097280012268));
#7555=CARTESIAN_POINT('Ctrl Pts',(28.1999999999397,-17.6764571351255,3.19777747888363));
#7556=CARTESIAN_POINT('Origin',(28.412132034356,-17.7691952266078,4.3634959896673));
#7557=CARTESIAN_POINT('',(28.2,-18.3201307198849,5.6));
#7558=CARTESIAN_POINT('',(29.7090114113088,-16.75788714979,5.6));
#7559=CARTESIAN_POINT('',(28.2,-17.7502151372416,3.47304608954982));
#7560=CARTESIAN_POINT('Origin',(28.412132034356,-18.1790028477431,4.25368836853197));
#7561=CARTESIAN_POINT('',(28.2478743032273,-18.3696938456699,5.60000000000001));
#7562=CARTESIAN_POINT('',(28.8264606259897,-18.9686904839369,5.6));
#7563=CARTESIAN_POINT('',(28.5926506317037,-18.4408557271201,4.53346631702501));
#7564=CARTESIAN_POINT('Ctrl Pts',(28.5926506317037,-18.44085572712,4.53346631702481));
#7565=CARTESIAN_POINT('Ctrl Pts',(28.3573115892038,-17.9844835308639,3.73954232977407));
#7566=CARTESIAN_POINT('Ctrl Pts',(28.1999999999491,-17.67645713532,3.19777747887494));
#7567=CARTESIAN_POINT('',(28.6793565851121,-18.7811107882912,5.4683094143225));
#7568=CARTESIAN_POINT('',(28.5608020341109,-18.3158741527346,4.19008226342783));
#7569=CARTESIAN_POINT('Origin',(28.2,-16.9,0.3));
#7570=CARTESIAN_POINT('Origin',(28.5,-16.9,0.3));
#7571=CARTESIAN_POINT('',(28.2,-18.1678547852221,3.01892336110995));
#7572=CARTESIAN_POINT('Origin',(28.2,-16.9,0.3));
#7573=CARTESIAN_POINT('Ctrl Pts',(28.5926506318122,-18.4408557271104,4.53346631699817));
#7574=CARTESIAN_POINT('Ctrl Pts',(28.357311589304,-18.2801326100101,3.6319348651302));
#7575=CARTESIAN_POINT('Ctrl Pts',(28.2000000000445,-18.1678547851362,3.01892336111427));
#7576=CARTESIAN_POINT('Origin',(28.412132034356,-18.4616088716072,4.15082818782114));
#7577=CARTESIAN_POINT('',(28.2,-18.6119168554697,3.97121754389166));
#7578=CARTESIAN_POINT('Origin',(28.2,-16.9,0.3));
#7579=CARTESIAN_POINT('Origin',(28.412132034356,-18.8461227008407,3.97152644458306));
#7580=CARTESIAN_POINT('',(28.6793565851121,-19.65,5.06313972081442));
#7581=CARTESIAN_POINT('',(28.5926506318133,-19.1525803775913,4.20158366198169));
#7582=CARTESIAN_POINT('',(28.5608020341109,-18.9698695389214,3.88511920645093));
#7583=CARTESIAN_POINT('Origin',(28.2,-16.9,0.3));
#7584=CARTESIAN_POINT('Ctrl Pts',(28.5926506318137,-19.152580377591,4.20158366198142));
#7585=CARTESIAN_POINT('Ctrl Pts',(28.3573115893038,-18.5652780468493,3.49896936423884));
#7586=CARTESIAN_POINT('Ctrl Pts',(28.2000000000436,-18.1678547853002,3.01892336103098));
#7587=CARTESIAN_POINT('Origin',(28.5,-16.9,0.3));
#7588=CARTESIAN_POINT('',(28.2,-18.6207293090532,2.75745613286697));
#7589=CARTESIAN_POINT('Origin',(28.2,-16.9,0.3));
#7590=CARTESIAN_POINT('Ctrl Pts',(28.5926506318132,-19.1525803775912,4.20158366198147));
#7591=CARTESIAN_POINT('Ctrl Pts',(28.3573115893092,-18.8377497120596,3.34165777500307));
#7592=CARTESIAN_POINT('Ctrl Pts',(28.2000000000516,-18.6207293090705,2.75745613284662));
#7593=CARTESIAN_POINT('Origin',(28.412132034356,-19.106573821255,3.82115492010111));
#7594=CARTESIAN_POINT('',(28.2,-19.6281990204047,4.19627199298673));
#7595=CARTESIAN_POINT('Origin',(28.2,-16.9,0.3));
#7596=CARTESIAN_POINT('Origin',(28.412132034356,-19.4541106004587,3.57780704749753));
#7597=CARTESIAN_POINT('',(28.6793565851121,-20.435331853276,4.51324443715438));
#7598=CARTESIAN_POINT('',(28.5926506315288,-19.7958615125284,3.7511533613266));
#7599=CARTESIAN_POINT('',(28.5608020341109,-19.5609729865725,3.47122411654387));
#7600=CARTESIAN_POINT('Origin',(28.2,-16.9,0.3));
#7601=CARTESIAN_POINT('Ctrl Pts',(28.5926506315288,-19.7958615125283,3.75115336132646));
#7602=CARTESIAN_POINT('Ctrl Pts',(28.3573115891442,-19.0954739318076,3.16119733330327));
#7603=CARTESIAN_POINT('Ctrl Pts',(28.1999999999441,-18.6207293091219,2.75745613280795));
#7604=CARTESIAN_POINT('Origin',(28.5,-16.9,0.3));
#7605=CARTESIAN_POINT('',(28.2,-19.0213203435597,2.42132034355964));
#7606=CARTESIAN_POINT('Origin',(28.2,-16.9,0.3));
#7607=CARTESIAN_POINT('Ctrl Pts',(28.592650631529,-19.7958615125283,3.75115336132636));
#7608=CARTESIAN_POINT('Ctrl Pts',(28.3573115891383,-19.3364892692392,2.95896145253248));
#7609=CARTESIAN_POINT('Ctrl Pts',(28.1999999999355,-19.0213203433672,2.42132034369136));
#7610=CARTESIAN_POINT('Origin',(28.412132034356,-19.6844931419242,3.38449314192417));
#7611=CARTESIAN_POINT('',(28.2,-20.7047465709621,4.10474657096209));
#7612=CARTESIAN_POINT('Origin',(28.2,-16.9,0.3));
#7613=CARTESIAN_POINT('Origin',(28.412132034356,-19.9844931419242,3.08449314192417));
#7614=CARTESIAN_POINT('',(28.6793565851121,-21.1132444371544,3.83533185327597));
#7615=CARTESIAN_POINT('',(28.5926506316295,-20.3511533616249,3.19586151277643));
#7616=CARTESIAN_POINT('',(28.5608020341109,-20.0712241165439,2.96097298657245));
#7617=CARTESIAN_POINT('Origin',(28.2,-16.9,0.3));
#7618=CARTESIAN_POINT('Ctrl Pts',(28.5926506316305,-20.3511533616245,3.19586151277614));
#7619=CARTESIAN_POINT('Ctrl Pts',(28.3573115891739,-19.5589614526088,2.73648926935846));
#7620=CARTESIAN_POINT('Ctrl Pts',(28.1999999999398,-19.0213203436583,2.42132034342141));
#7621=CARTESIAN_POINT('Origin',(28.5,-16.9,0.3));
#7622=CARTESIAN_POINT('',(28.2,-19.357456132867,2.02072930905314));
#7623=CARTESIAN_POINT('Origin',(28.2,-16.9,0.3));
#7624=CARTESIAN_POINT('Ctrl Pts',(28.5926506316294,-20.3511533616248,3.19586151277625));
#7625=CARTESIAN_POINT('Ctrl Pts',(28.3573115891791,-19.7611973334366,2.49547393185982));
#7626=CARTESIAN_POINT('Ctrl Pts',(28.1999999999478,-19.3574561328583,2.02072930907779));
#7627=CARTESIAN_POINT('Origin',(28.412132034356,-20.1778070474976,2.85411060045871));
#7628=CARTESIAN_POINT('',(28.2,-21.7367125769234,3.6867026065155));
#7629=CARTESIAN_POINT('Origin',(28.2,-16.9,0.3));
#7630=CARTESIAN_POINT('Origin',(28.412132034356,-20.4211549201011,2.50657382125498));
#7631=CARTESIAN_POINT('',(28.6793565851121,-21.6631397208144,3.05000000000001));
#7632=CARTESIAN_POINT('',(28.5926506316224,-20.8015836617732,2.55258037738579));
#7633=CARTESIAN_POINT('',(28.5608020341109,-20.4851192064509,2.36986953892134));
#7634=CARTESIAN_POINT('Origin',(28.2,-16.9,0.3));
#7635=CARTESIAN_POINT('Ctrl Pts',(28.5926506316228,-20.8015836617729,2.55258037738565));
#7636=CARTESIAN_POINT('Ctrl Pts',(28.3573115891736,-19.9416577749853,2.2377497119208));
#7637=CARTESIAN_POINT('Ctrl Pts',(28.1999999999429,-19.3574561329168,2.02072930896042));
#7638=CARTESIAN_POINT('Origin',(28.5,-16.9,0.3));
#7639=CARTESIAN_POINT('',(28.2,-19.61892336111,1.5678547852221));
#7640=CARTESIAN_POINT('Origin',(28.2,-16.9,0.3));
#7641=CARTESIAN_POINT('Ctrl Pts',(28.5926506316223,-20.801583661773,2.55258037738565));
#7642=CARTESIAN_POINT('Ctrl Pts',(28.3573115891734,-20.098969364197,1.9652780467889));
#7643=CARTESIAN_POINT('Ctrl Pts',(28.1999999999429,-19.6189233610597,1.56785478530542));
#7644=CARTESIAN_POINT('Origin',(28.412132034356,-20.5715264445831,2.24612270084064));
#7645=CARTESIAN_POINT('',(28.2,-22.6206046957434,2.96756177890257));
#7646=CARTESIAN_POINT('Origin',(28.2,-16.9,0.3));
#7647=CARTESIAN_POINT('Origin',(28.412132034356,-20.7508281878211,1.86160887160717));
#7648=CARTESIAN_POINT('',(28.6793565851121,-22.0683094143225,2.18111078829118));
#7649=CARTESIAN_POINT('',(28.5926506318581,-21.1334663175885,1.84085572730605));
#7650=CARTESIAN_POINT('',(28.5608020341109,-20.7900822634278,1.71587415273462));
#7651=CARTESIAN_POINT('Origin',(28.2,-16.9,0.3));
#7652=CARTESIAN_POINT('Ctrl Pts',(28.5926506318581,-21.1334663175882,1.84085572730601));
#7653=CARTESIAN_POINT('Ctrl Pts',(28.3573115892534,-20.2319348653384,1.68013261013413));
#7654=CARTESIAN_POINT('Ctrl Pts',(28.1999999999488,-19.618923361124,1.56785478521733));
#7655=CARTESIAN_POINT('Origin',(28.5,-16.9,0.3));
#7656=CARTESIAN_POINT('',(28.2,-19.7977774788672,1.07645713530756));
#7657=CARTESIAN_POINT('Origin',(28.2,-16.9,0.3));
#7658=CARTESIAN_POINT('Ctrl Pts',(28.5926506319668,-21.1334663175616,1.84085572729623));
#7659=CARTESIAN_POINT('Ctrl Pts',(28.3573115893621,-20.3395423299701,1.38448353084024));
#7660=CARTESIAN_POINT('Ctrl Pts',(28.2000000000568,-19.7977774789112,1.07645713520116));
#7661=CARTESIAN_POINT('Origin',(28.412132034356,-20.853688368532,1.57900284774313));
#7662=CARTESIAN_POINT('',(28.2,-23.266130470896,2.00579951858774));
#7663=CARTESIAN_POINT('Origin',(28.2,-16.9,0.3));
#7664=CARTESIAN_POINT('Origin',(28.412132034356,-20.9634959896673,1.1691952266078));
#7665=CARTESIAN_POINT('',(28.6793565851121,-22.3164426415672,1.25506497716812));
#7666=CARTESIAN_POINT('',(28.5926506316816,-21.336717240102,1.08231295513047));
#7667=CARTESIAN_POINT('',(28.5608020341109,-20.9768471393071,1.01885814688396));
#7668=CARTESIAN_POINT('Origin',(28.2,-16.9,0.3));
#7669=CARTESIAN_POINT('Ctrl Pts',(28.5926506316808,-21.3367172401019,1.0823129551305));
#7670=CARTESIAN_POINT('Ctrl Pts',(28.3573115891914,-20.4209728003849,1.08058087704492));
#7671=CARTESIAN_POINT('Ctrl Pts',(28.1999999999416,-19.7977774788829,1.07645713517434));
#7672=CARTESIAN_POINT('Origin',(28.5,-16.9,0.3));
#7673=CARTESIAN_POINT('',(28.2,-19.8885840942753,0.561467228242973));
#7674=CARTESIAN_POINT('Origin',(28.2,-16.9,0.3));
#7675=CARTESIAN_POINT('Ctrl Pts',(28.5926506316815,-21.3367172401017,1.0823129551304));
#7676=CARTESIAN_POINT('Ctrl Pts',(28.357311589198,-20.4756065419958,0.770737531611893));
#7677=CARTESIAN_POINT('Ctrl Pts',(28.199999999951,-19.8885840942892,0.561467228240627));
#7678=CARTESIAN_POINT('Origin',(28.412132034356,-21.0157194720659,0.873021140323607));
#7679=CARTESIAN_POINT('',(28.2,-23.6065921212064,0.886750781497859));
#7680=CARTESIAN_POINT('Origin',(28.2,-16.9,0.3));
#7681=CARTESIAN_POINT('Origin',(28.412132034356,-21.0526965220956,0.450371524481963));
#7682=CARTESIAN_POINT('',(28.5926506318163,-21.405160755518,0.299999999887117));
#7683=CARTESIAN_POINT('',(28.6793565851121,-22.4,0.3));
#7684=CARTESIAN_POINT('',(29.6929590523293,-34.029784053953,0.3));
#7685=CARTESIAN_POINT('Origin',(28.2,-16.9,0.3));
#7686=CARTESIAN_POINT('Ctrl Pts',(28.5926506319248,-21.4051607554895,0.299999999887148));
#7687=CARTESIAN_POINT('Ctrl Pts',(28.3573115893405,-20.5030277589277,0.457311589189833));
#7688=CARTESIAN_POINT('Ctrl Pts',(28.2000000000451,-19.8885840942506,0.561467228165494));
#7689=CARTESIAN_POINT('Origin',(28.5,-16.9,0.3));
#7690=CARTESIAN_POINT('',(28.2,-19.8885840942753,0.0385327717570257));
#7691=CARTESIAN_POINT('Origin',(28.2,-16.9,0.3));
#7692=CARTESIAN_POINT('Ctrl Pts',(28.5926506319248,-21.4051607554895,0.300000000112851));
#7693=CARTESIAN_POINT('Ctrl Pts',(28.3573115893405,-20.5030277589277,0.142688410810166));
#7694=CARTESIAN_POINT('Ctrl Pts',(28.2000000000451,-19.8885840942506,0.0385327718345049));
#7695=CARTESIAN_POINT('Origin',(28.412132034356,-12.7473034779044,0.450371524481958));
#7696=CARTESIAN_POINT('',(28.5926506318648,-12.3948392442984,0.299999999964729));
#7697=CARTESIAN_POINT('',(28.4668401494854,-13.8383526423728,0.299999999999999));
#7698=CARTESIAN_POINT('',(28.2,-13.9114159057248,0.561467228242976));
#7699=CARTESIAN_POINT('Ctrl Pts',(28.5926506318647,-12.3948392442986,0.299999999964769));
#7700=CARTESIAN_POINT('Ctrl Pts',(28.3573115892575,-13.2969722409654,0.457311589281282));
#7701=CARTESIAN_POINT('Ctrl Pts',(28.1999999999518,-13.9114159057093,0.561467228261477));
#7702=CARTESIAN_POINT('',(28.2,-19.4723841241257,0.0749455509049339));
#7703=CARTESIAN_POINT('Origin',(28.412132034356,-12.7842805279341,0.873021140323604));
#7704=CARTESIAN_POINT('',(28.5926506318437,-12.4632827593162,1.08231295541471));
#7705=CARTESIAN_POINT('',(28.5608020341109,-12.8231528606929,1.01885814688396));
#7706=CARTESIAN_POINT('Ctrl Pts',(28.5926506318436,-12.4632827593164,1.08231295541464));
#7707=CARTESIAN_POINT('Ctrl Pts',(28.3573115892471,-13.3243934578297,0.770737531746995));
#7708=CARTESIAN_POINT('Ctrl Pts',(28.1999999999465,-13.9114159057325,0.561467228304835));
#7709=CARTESIAN_POINT('Origin',(28.5,-16.9,0.3));
#7710=CARTESIAN_POINT('',(28.2,-14.0022225211328,1.07645713530756));
#7711=CARTESIAN_POINT('Origin',(28.2,-16.9,0.3));
#7712=CARTESIAN_POINT('Ctrl Pts',(28.5926506318437,-12.4632827593164,1.08231295541471));
#7713=CARTESIAN_POINT('Ctrl Pts',(28.3573115892559,-13.379027199422,1.08058087732678));
#7714=CARTESIAN_POINT('Ctrl Pts',(28.1999999999592,-14.0022225211235,1.07645713545132));
#7715=CARTESIAN_POINT('Origin',(28.412132034356,-12.8365040103327,1.1691952266078));
#7716=CARTESIAN_POINT('',(28.2,-19.2575382917963,-0.331700481412281));
#7717=CARTESIAN_POINT('Origin',(28.412132034356,-12.946311631468,1.57900284774312));
#7718=CARTESIAN_POINT('',(28.5926506318013,-12.6665336826353,1.84085572727947));
#7719=CARTESIAN_POINT('',(28.5608020341109,-13.0099177365722,1.71587415273462));
#7720=CARTESIAN_POINT('Ctrl Pts',(28.5926506318012,-12.6665336826355,1.84085572727935));
#7721=CARTESIAN_POINT('Ctrl Pts',(28.3573115892367,-13.4604576701038,1.38448353089791));
#7722=CARTESIAN_POINT('Ctrl Pts',(28.1999999999511,-14.0022225211105,1.07645713529331));
#7723=CARTESIAN_POINT('Origin',(28.5,-16.9,0.3));
#7724=CARTESIAN_POINT('',(28.2,-14.1810766388901,1.5678547852221));
#7725=CARTESIAN_POINT('Origin',(28.2,-16.9,0.3));
#7726=CARTESIAN_POINT('Ctrl Pts',(28.5926506318014,-12.6665336826356,1.84085572727941));
#7727=CARTESIAN_POINT('Ctrl Pts',(28.357311589236,-13.5680651347363,1.68013261013366));
#7728=CARTESIAN_POINT('Ctrl Pts',(28.1999999999501,-14.1810766388787,1.5678547852299));
#7729=CARTESIAN_POINT('Origin',(28.412132034356,-13.0491718121789,1.86160887160717));
#7730=CARTESIAN_POINT('',(28.2,-18.8594273795413,-0.613695992678671));
#7731=CARTESIAN_POINT('Origin',(28.412132034356,-13.2284735554169,2.24612270084064));
#7732=CARTESIAN_POINT('',(28.5926506315543,-12.9984163384388,2.55258037722635));
#7733=CARTESIAN_POINT('',(28.5608020341109,-13.3148807935491,2.36986953892134));
#7734=CARTESIAN_POINT('Ctrl Pts',(28.5926506315542,-12.998416338439,2.5525803772262));
#7735=CARTESIAN_POINT('Ctrl Pts',(28.3573115891514,-13.7010306358786,1.96527804674382));
#7736=CARTESIAN_POINT('Ctrl Pts',(28.1999999999426,-14.1810766389488,1.56785478531572));
#7737=CARTESIAN_POINT('Origin',(28.5,-16.9,0.3));
#7738=CARTESIAN_POINT('',(28.2,-14.442543867133,2.02072930905314));
#7739=CARTESIAN_POINT('Origin',(28.2,-16.9,0.3));
#7740=CARTESIAN_POINT('Ctrl Pts',(28.5926506315543,-12.9984163384391,2.55258037722626));
#7741=CARTESIAN_POINT('Ctrl Pts',(28.3573115891485,-13.8583422250671,2.2377497118201));
#7742=CARTESIAN_POINT('Ctrl Pts',(28.1999999999384,-14.442543867056,2.02072930889035));
#7743=CARTESIAN_POINT('Origin',(28.412132034356,-13.3788450798989,2.50657382125498));
#7744=CARTESIAN_POINT('',(28.2,-18.3372315931241,-0.706360395658657));
#7745=CARTESIAN_POINT('Origin',(28.412132034356,-13.6221929525025,2.85411060045871));
#7746=CARTESIAN_POINT('',(28.5926506315668,-13.4488466384926,3.19586151254214));
#7747=CARTESIAN_POINT('',(28.5608020341109,-13.7287758834561,2.96097298657245));
#7748=CARTESIAN_POINT('Ctrl Pts',(28.5926506316764,-13.4488466385147,3.19586151252356));
#7749=CARTESIAN_POINT('Ctrl Pts',(28.3573115892662,-14.0388026665934,2.49547393173273));
#7750=CARTESIAN_POINT('Ctrl Pts',(28.2000000000531,-14.4425438671102,2.02072930901607));
#7751=CARTESIAN_POINT('Origin',(28.5,-16.9,0.3));
#7752=CARTESIAN_POINT('',(28.2,-14.7786796564404,2.42132034355964));
#7753=CARTESIAN_POINT('Origin',(28.2,-16.9,0.3));
#7754=CARTESIAN_POINT('Ctrl Pts',(28.5926506315667,-13.4488466384928,3.19586151254202));
#7755=CARTESIAN_POINT('Ctrl Pts',(28.3573115891467,-14.2410385473829,2.73648926919829));
#7756=CARTESIAN_POINT('Ctrl Pts',(28.19999999993,-14.7786796562685,2.42132034330136));
#7757=CARTESIAN_POINT('Origin',(28.412132034356,-13.8155068580758,3.08449314192418));
#7758=CARTESIAN_POINT('',(28.2,-17.7702534290379,-0.570253429037933));
#7759=CARTESIAN_POINT('Origin',(28.412132034356,-14.1155068580758,3.38449314192417));
#7760=CARTESIAN_POINT('',(28.5926506317922,-14.0041384867185,3.75115336200742));
#7761=CARTESIAN_POINT('',(28.5608020341109,-14.2390270134276,3.47122411654386));
#7762=CARTESIAN_POINT('Ctrl Pts',(28.5926506319001,-14.0041384867367,3.75115336198565));
#7763=CARTESIAN_POINT('Ctrl Pts',(28.3573115893394,-14.463510730351,2.95896145262609));
#7764=CARTESIAN_POINT('Ctrl Pts',(28.2000000000549,-14.7786796563827,2.42132034350979));
#7765=CARTESIAN_POINT('Origin',(28.5,-16.9,0.3));
#7766=CARTESIAN_POINT('',(28.2,-15.1792706909469,2.75745613286698));
#7767=CARTESIAN_POINT('Origin',(28.2,-16.9,0.3));
#7768=CARTESIAN_POINT('Ctrl Pts',(28.5926506317922,-14.0041384867187,3.75115336200727));
#7769=CARTESIAN_POINT('Ctrl Pts',(28.3573115892311,-14.7045260679617,3.16119733354568));
#7770=CARTESIAN_POINT('Ctrl Pts',(28.1999999999473,-15.1792706909013,2.75745613283394));
#7771=CARTESIAN_POINT('Origin',(28.412132034356,-14.3458893995413,3.57780704749753));
#7772=CARTESIAN_POINT('',(28.2,-17.2478568095478,-0.196791009187418));
#7773=CARTESIAN_POINT('Origin',(28.412132034356,-14.693426178745,3.8211549201011));
#7774=CARTESIAN_POINT('',(28.5926506318264,-14.6474196222144,4.20158366244641));
#7775=CARTESIAN_POINT('',(28.5608020341109,-14.8301304610787,3.88511920645092));
#7776=CARTESIAN_POINT('Ctrl Pts',(28.5926506318264,-14.6474196222145,4.2015836624462));
#7777=CARTESIAN_POINT('Ctrl Pts',(28.3573115892447,-14.9622502878568,3.34165777517414));
#7778=CARTESIAN_POINT('Ctrl Pts',(28.199999999951,-15.1792706909082,2.75745613286582));
#7779=CARTESIAN_POINT('Origin',(28.5,-16.9,0.3));
#7780=CARTESIAN_POINT('',(28.2,-15.6321452147779,3.01892336110995));
#7781=CARTESIAN_POINT('Origin',(28.2,-16.9,0.3));
#7782=CARTESIAN_POINT('Ctrl Pts',(28.5926506319371,-14.647419622229,4.20158366242121));
#7783=CARTESIAN_POINT('Ctrl Pts',(28.35731158935,-15.2347219531645,3.49896936444582));
#7784=CARTESIAN_POINT('Ctrl Pts',(28.200000000053,-15.6321452148098,3.01892336111895));
#7785=CARTESIAN_POINT('Origin',(28.412132034356,-14.9538772991594,3.97152644458306));
#7786=CARTESIAN_POINT('',(28.2,-16.8580510692458,0.38995977231042));
#7787=CARTESIAN_POINT('Origin',(28.412132034356,-15.3383911283928,4.15082818782113));
#7788=CARTESIAN_POINT('',(28.5926506318138,-15.3591442726142,4.53346631737657));
#7789=CARTESIAN_POINT('',(28.5608020341109,-15.4841258472654,4.19008226342782));
#7790=CARTESIAN_POINT('Ctrl Pts',(28.5926506319223,-15.359144272624,4.53346631734972));
#7791=CARTESIAN_POINT('Ctrl Pts',(28.3573115893479,-15.5198673897713,3.631934865224));
#7792=CARTESIAN_POINT('Ctrl Pts',(28.2000000000568,-15.6321452146721,3.01892336107597));
#7793=CARTESIAN_POINT('Origin',(28.5,-16.9,0.3));
#7794=CARTESIAN_POINT('',(28.2,-16.1235428646924,3.1977774788672));
#7795=CARTESIAN_POINT('Origin',(28.2,-16.9,0.3));
#7796=CARTESIAN_POINT('Ctrl Pts',(28.5926506318138,-15.3591442726144,4.53346631737637));
#7797=CARTESIAN_POINT('Ctrl Pts',(28.3573115892371,-15.8155164690183,3.73954232987077));
#7798=CARTESIAN_POINT('Ctrl Pts',(28.199999999946,-16.1235428646328,3.19777747884896));
#7799=CARTESIAN_POINT('Origin',(28.412132034356,-15.6209971522569,4.25368836853197));
#7800=CARTESIAN_POINT('',(28.2,-16.6761161000662,1.13554608954981));
#7801=CARTESIAN_POINT('Origin',(28.412132034356,-16.0308047733922,4.3634959896673));
#7802=CARTESIAN_POINT('',(28.5926506315782,-16.1176870448455,4.7367172396976));
#7803=CARTESIAN_POINT('',(28.5608020341109,-16.1811418531161,4.37684713930708));
#7804=CARTESIAN_POINT('Ctrl Pts',(28.5926506315782,-16.1176870448455,4.73671723969737));
#7805=CARTESIAN_POINT('Ctrl Pts',(28.3573115891595,-16.1194191229315,3.82097280025265));
#7806=CARTESIAN_POINT('Ctrl Pts',(28.1999999999432,-16.1235428648015,3.19777747888226));
#7807=CARTESIAN_POINT('Origin',(28.5,-16.9,0.3));
#7808=CARTESIAN_POINT('Origin',(28.2,-16.9,0.3));
#7809=CARTESIAN_POINT('Ctrl Pts',(28.5926506315774,-16.1176870448456,4.73671723969757));
#7810=CARTESIAN_POINT('Ctrl Pts',(28.357311589157,-16.4292624682803,3.87560654182556));
#7811=CARTESIAN_POINT('Ctrl Pts',(28.19999999994,-16.6385327716109,3.28858409423922));
#7812=CARTESIAN_POINT('Origin',(28.412132034356,-16.3269788596764,4.41571947206588));
#7813=CARTESIAN_POINT('Origin',(28.5,-16.9,0.3));
#7814=CARTESIAN_POINT('',(28.5,-18.3696938456699,5.6));
#7815=CARTESIAN_POINT('Origin',(28.5,-16.9,0.3));
#7816=CARTESIAN_POINT('Origin',(28.5,-16.9,0.3));
#7817=CARTESIAN_POINT('Origin',(28.5,-16.9,0.3));
#7818=CARTESIAN_POINT('Origin',(28.5,-16.9,0.3));
#7819=CARTESIAN_POINT('Origin',(28.5,-16.9,0.3));
#7820=CARTESIAN_POINT('Origin',(28.5,-16.9,0.3));
#7821=CARTESIAN_POINT('Origin',(28.5,-16.9,0.3));
#7822=CARTESIAN_POINT('Origin',(28.2,-16.9,0.299999999999998));
#7823=CARTESIAN_POINT('Origin',(28.5,-16.9,0.3));
#7824=CARTESIAN_POINT('',(28.2,-13.9114159057248,0.038532771757023));
#7825=CARTESIAN_POINT('Ctrl Pts',(28.5926506318647,-12.3948392442986,0.30000000003523));
#7826=CARTESIAN_POINT('Ctrl Pts',(28.3573115892575,-13.2969722409654,0.142688410718716));
#7827=CARTESIAN_POINT('Ctrl Pts',(28.1999999999518,-13.9114159057093,0.0385327717385214));
#7828=CARTESIAN_POINT('Origin',(28.2,-16.9,0.3));
#7829=CARTESIAN_POINT('Origin',(32.2,-16.9,5.6));
#7830=CARTESIAN_POINT('',(31.2,-23.075,5.60000000000001));
#7831=CARTESIAN_POINT('',(28.0693865079939,-32.5109655352704,5.60000000000002));
#7832=CARTESIAN_POINT('Origin',(18.2,-30.9,5.59999999999998));
#7833=CARTESIAN_POINT('',(28.241576155144,-30.8183180808228,5.60000000000002));
#7834=CARTESIAN_POINT('Ctrl Pts',(28.241576155144,-30.8183180808228,5.60000000000002));
#7835=CARTESIAN_POINT('Ctrl Pts',(28.2179716400832,-31.384265179116,5.60000000000002));
#7836=CARTESIAN_POINT('Ctrl Pts',(28.1611882295152,-31.9485533346634,5.60000000000002));
#7837=CARTESIAN_POINT('Ctrl Pts',(28.0693865079939,-32.5109655352704,5.60000000000002));
#7838=CARTESIAN_POINT('Origin',(30.2,-32.8331586423245,5.60000000000002));
#7839=CARTESIAN_POINT('Origin',(18.2,-30.9,4.79999999999999));
#7840=CARTESIAN_POINT('',(26.4951200149095,-36.4848888922026,-2.59103988868064));
#7841=CARTESIAN_POINT('',(27.6644343422694,-34.1286967310159,-5.39904036161723));
#7842=CARTESIAN_POINT('Origin',(18.2,-30.9,-9.24685129020261));
#7843=CARTESIAN_POINT('',(18.2,-40.9,-4.19800891289699));
#7844=CARTESIAN_POINT('Ctrl Pts',(18.2,-40.9,-4.19800891289699));
#7845=CARTESIAN_POINT('Ctrl Pts',(19.3153405587534,-40.9,-3.64033863352029));
#7846=CARTESIAN_POINT('Ctrl Pts',(20.5157272982241,-40.7039780416028,-3.03566595346561));
#7847=CARTESIAN_POINT('Ctrl Pts',(22.2284581919358,-40.0728845407839,-2.31288977763471));
#7848=CARTESIAN_POINT('Ctrl Pts',(22.7850022432832,-39.8082909441118,-2.10287597397908));
#7849=CARTESIAN_POINT('Ctrl Pts',(23.8442756087549,-39.1778044421534,-1.79636667818764));
#7850=CARTESIAN_POINT('Ctrl Pts',(24.3467575325174,-38.812402733182,-1.698008912897));
#7851=CARTESIAN_POINT('Ctrl Pts',(25.1344475528087,-38.1177254318826,-1.698008912897));
#7852=CARTESIAN_POINT('Ctrl Pts',(25.4620000863468,-37.788458744481,-1.74845843848315));
#7853=CARTESIAN_POINT('Ctrl Pts',(26.0302700883507,-37.1349318606166,-2.01308669033933));
#7854=CARTESIAN_POINT('Ctrl Pts',(26.2715852428748,-36.811807639642,-2.22878360417975));
#7855=CARTESIAN_POINT('Ctrl Pts',(26.4654762717084,-36.5287323890195,-2.53986268227607));
#7856=CARTESIAN_POINT('Ctrl Pts',(26.480450420665,-36.5066773372687,-2.56507343099603));
#7857=CARTESIAN_POINT('Ctrl Pts',(26.4951200149095,-36.4848888922026,-2.59103988868064));
#7858=CARTESIAN_POINT('',(18.2,-40.9,7.3));
#7859=CARTESIAN_POINT('',(18.2,-40.9,4.79999999999998));
#7860=CARTESIAN_POINT('',(23.4632134265435,-39.4028574271625,7.30000000000003));
#7861=CARTESIAN_POINT('Origin',(18.2,-30.9,7.30000000000001));
#7862=CARTESIAN_POINT('Origin',(18.2,-30.9,5.2026285013));
#7863=CARTESIAN_POINT('',(28.0693865079939,-32.5109655352704,-5.00000000000002));
#7864=CARTESIAN_POINT('Origin',(18.2,-30.9,-4.99999999999998));
#7865=CARTESIAN_POINT('Origin',(18.2,-30.9,-4.6026285013));
#7866=CARTESIAN_POINT('Origin',(30.2,-24.3871478036465,3.86387554982735));
#7867=CARTESIAN_POINT('Origin',(30.2,-30.9,5.2026285013));
#7868=CARTESIAN_POINT('Ctrl Pts',(23.3875891382738,-39.4492057486333,7.31143258596282));
#7869=CARTESIAN_POINT('Ctrl Pts',(24.6399228572418,-38.6892997422711,7.12398910439349));
#7870=CARTESIAN_POINT('Ctrl Pts',(27.1683282823157,-36.2644699803732,6.52586442979201));
#7871=CARTESIAN_POINT('Ctrl Pts',(28.2,-32.8531385032163,5.68440266542668));
#7872=CARTESIAN_POINT('Ctrl Pts',(28.2,-30.9,5.2026285013));
#7873=CARTESIAN_POINT('Ctrl Pts',(23.4358595609597,-39.4199156452263,7.84092597419063));
#7874=CARTESIAN_POINT('Ctrl Pts',(24.6953773830612,-38.645739770948,7.65800735277364));
#7875=CARTESIAN_POINT('Ctrl Pts',(27.2277251113297,-36.1776603380912,7.07424931523829));
#7876=CARTESIAN_POINT('Ctrl Pts',(28.2242642846553,-32.7344667617436,6.25554485064119));
#7877=CARTESIAN_POINT('Ctrl Pts',(28.2,-30.7795149413735,5.78877202975361));
#7878=CARTESIAN_POINT('Ctrl Pts',(23.7233614120273,-39.7045137012857,8.76139857076433));
#7879=CARTESIAN_POINT('Ctrl Pts',(25.0510054812563,-38.88319288304,8.58582736435442));
#7880=CARTESIAN_POINT('Ctrl Pts',(27.7128899765336,-36.2669731701599,8.02642177338885));
#7881=CARTESIAN_POINT('Ctrl Pts',(28.7393766473627,-32.6304250325294,7.24659579909734));
#7882=CARTESIAN_POINT('Ctrl Pts',(28.7019478736218,-30.5708918753327,6.80369505373594));
#7883=CARTESIAN_POINT('Ctrl Pts',(24.2147901626621,-40.4238021692561,9.20211489034706));
#7884=CARTESIAN_POINT('Ctrl Pts',(25.6651535597699,-39.5386485961029,9.02021559423036));
#7885=CARTESIAN_POINT('Ctrl Pts',(28.5877103251785,-36.7156347317646,8.4398727112889));
#7886=CARTESIAN_POINT('Ctrl Pts',(29.762316802248,-32.7572208818446,7.62600310797696));
#7887=CARTESIAN_POINT('Ctrl Pts',(29.7512010494872,-30.4973083543682,7.16166893950906));
#7888=CARTESIAN_POINT('Ctrl Pts',(24.4251069659285,-40.7563552527281,9.27047302417187));
#7889=CARTESIAN_POINT('Ctrl Pts',(25.9279074286902,-39.8444680450935,9.08302954260254));
#7890=CARTESIAN_POINT('Ctrl Pts',(28.9619939387788,-36.934672330816,8.48490486800106));
#7891=CARTESIAN_POINT('Ctrl Pts',(30.2,-32.8410745582277,7.64344310363573));
#7892=CARTESIAN_POINT('Ctrl Pts',(30.2,-30.4973083543682,7.16166893950906));
#7893=CARTESIAN_POINT('Ctrl Pts',(23.4632113971139,-39.4028525762705,7.29999880344665));
#7894=CARTESIAN_POINT('Ctrl Pts',(23.4633162835858,-39.4027876037265,7.30229031971072));
#7895=CARTESIAN_POINT('Ctrl Pts',(23.4634233470825,-39.4027261655442,7.30458176931886));
#7896=CARTESIAN_POINT('Ctrl Pts',(23.4635325843616,-39.4026682573379,7.30687314336612));
#7897=CARTESIAN_POINT('Ctrl Pts',(23.4670377918523,-39.4008100979275,7.38039878899417));
#7898=CARTESIAN_POINT('Ctrl Pts',(23.4727723816901,-39.4025860951099,7.45369157318001));
#7899=CARTESIAN_POINT('Ctrl Pts',(23.4806146224633,-39.4078299689223,7.52646030259748));
#7900=CARTESIAN_POINT('Ctrl Pts',(23.4886292032004,-39.4131890813572,7.60082818722693));
#7901=CARTESIAN_POINT('Ctrl Pts',(23.4988452428408,-39.4221703002339,7.67464961535371));
#7902=CARTESIAN_POINT('Ctrl Pts',(23.5111634901982,-39.4346410949091,7.74761035756863));
#7903=CARTESIAN_POINT('Ctrl Pts',(23.520595797006,-39.4441902099821,7.80347772940525));
#7904=CARTESIAN_POINT('Ctrl Pts',(23.5312613372033,-39.4557862996105,7.8588405038798));
#7905=CARTESIAN_POINT('Ctrl Pts',(23.5431263751792,-39.4693862485587,7.91355127767155));
#7906=CARTESIAN_POINT('Ctrl Pts',(23.5586032179447,-39.4871261219514,7.98491641323012));
#7907=CARTESIAN_POINT('Ctrl Pts',(23.5760544451051,-39.5081976161788,8.05486705089068));
#7908=CARTESIAN_POINT('Ctrl Pts',(23.5953709797826,-39.532459396216,8.12309539365344));
#7909=CARTESIAN_POINT('Ctrl Pts',(23.6146318484725,-39.5566512591604,8.19112711739812));
#7910=CARTESIAN_POINT('Ctrl Pts',(23.6357475932736,-39.5840153566915,8.25744733524497));
#7911=CARTESIAN_POINT('Ctrl Pts',(23.6586364204739,-39.6144512483946,8.32173226722634));
#7912=CARTESIAN_POINT('Ctrl Pts',(23.6758039505656,-39.6372793768132,8.36994852114692));
#7913=CARTESIAN_POINT('Ctrl Pts',(23.6939695084984,-39.6618364078545,8.41701950878459));
#7914=CARTESIAN_POINT('Ctrl Pts',(23.7131068398393,-39.6880931485209,8.46279719005939));
#7915=CARTESIAN_POINT('Ctrl Pts',(23.738697866761,-39.7232044681349,8.52401251068312));
#7916=CARTESIAN_POINT('Ctrl Pts',(23.7659012334108,-39.7611816770995,8.58261634020812));
#7917=CARTESIAN_POINT('Ctrl Pts',(23.7946158962702,-39.8019060693657,8.63830184176727));
#7918=CARTESIAN_POINT('Ctrl Pts',(23.8116216192408,-39.8260243303537,8.67128054040736));
#7919=CARTESIAN_POINT('Ctrl Pts',(23.8291578919502,-39.8511068913819,8.70323527436173));
#7920=CARTESIAN_POINT('Ctrl Pts',(23.8472074284377,-39.8771352510972,8.73409749709627));
#7921=CARTESIAN_POINT('Ctrl Pts',(23.877622094184,-39.920994763014,8.78610238870722));
#7922=CARTESIAN_POINT('Ctrl Pts',(23.9094933786699,-39.967538384376,8.83500755703233));
#7923=CARTESIAN_POINT('Ctrl Pts',(23.942642502531,-40.0164786151675,8.88066406371199));
#7924=CARTESIAN_POINT('Ctrl Pts',(23.9716628984219,-40.0593233334325,8.92063404615824));
#7925=CARTESIAN_POINT('Ctrl Pts',(24.0016631608143,-40.10400565508,8.95811383353137));
#7926=CARTESIAN_POINT('Ctrl Pts',(24.0325306976385,-40.1503473490158,8.99297512162599));
#7927=CARTESIAN_POINT('Ctrl Pts',(24.067695961006,-40.2031412561366,9.03269019134985));
#7928=CARTESIAN_POINT('Ctrl Pts',(24.1037921825823,-40.2577999880004,9.06879043808137));
#7929=CARTESIAN_POINT('Ctrl Pts',(24.1406257732152,-40.3140213495168,9.10116084638192));
#7930=CARTESIAN_POINT('Ctrl Pts',(24.1775959068443,-40.3704511249569,9.13365125255558));
#7931=CARTESIAN_POINT('Ctrl Pts',(24.2153094318535,-40.428455874223,9.16238456600051));
#7932=CARTESIAN_POINT('Ctrl Pts',(24.2535819271538,-40.4877565715474,9.18720066590956));
#7933=CARTESIAN_POINT('Ctrl Pts',(24.291167621184,-40.545993115779,9.21157144003562));
#7934=CARTESIAN_POINT('Ctrl Pts',(24.3292929249241,-40.605480258356,9.23216460585416));
#7935=CARTESIAN_POINT('Ctrl Pts',(24.367786136229,-40.6659681800598,9.24878119133143));
#7936=CARTESIAN_POINT('Ctrl Pts',(24.3868102313989,-40.6958624897345,9.25699343169284));
#7937=CARTESIAN_POINT('Ctrl Pts',(24.4059241870299,-40.726001398208,9.26423362074274));
#7938=CARTESIAN_POINT('Ctrl Pts',(24.4251069659285,-40.7563552527281,9.27047302417187));
#7939=CARTESIAN_POINT('Origin',(18.2,-30.9,7.30000000000001));
#7940=CARTESIAN_POINT('',(18.2,-42.9,9.3));
#7941=CARTESIAN_POINT('Origin',(18.2,-30.9,9.29999999999998));
#7942=CARTESIAN_POINT('Origin',(18.2,-42.9,7.3));
#7943=CARTESIAN_POINT('Origin',(31.2,-23.075,4.60000000000001));
#7944=CARTESIAN_POINT('',(32.2,-23.0017144562971,4.60000000000001));
#7945=CARTESIAN_POINT('Origin',(31.2,-23.0017144562971,4.60000000000001));
#7946=CARTESIAN_POINT('',(32.2,-16.9,4.6));
#7947=CARTESIAN_POINT('',(32.2,-23.075,4.60000000000001));
#7948=CARTESIAN_POINT('Origin',(31.2,-16.9,4.6));
#7949=CARTESIAN_POINT('Origin',(31.2,-16.9,0.3));
#7950=CARTESIAN_POINT('',(32.2,-16.9,-4.));
#7951=CARTESIAN_POINT('Origin',(32.2,-16.9,0.3));
#7952=CARTESIAN_POINT('Origin',(31.2,-16.9,-4.));
#7953=CARTESIAN_POINT('Origin',(31.2,-26.0687419553634,5.23044454147473));
#7954=CARTESIAN_POINT('',(32.2,-41.0017144562974,8.29999999999999));
#7955=CARTESIAN_POINT('Origin',(31.2,-41.0017144562974,8.29999999999999));
#7956=CARTESIAN_POINT('',(32.2,-26.0687419553634,5.23044454147473));
#7957=CARTESIAN_POINT('Origin',(32.2,-22.8999999999997,-5.00000000000001));
#7958=CARTESIAN_POINT('',(29.984276424976,-32.7624417146371,-7.02727968578654));
#7959=CARTESIAN_POINT('',(31.2,-32.7624417146371,-7.02727968578654));
#7960=CARTESIAN_POINT('',(16.1,-32.7624417146371,-7.02727968578654));
#7961=CARTESIAN_POINT('',(30.2,-30.4973083543682,-6.56166893950905));
#7962=CARTESIAN_POINT('Origin',(18.2,-30.4973083543682,-6.56166893950905));
#7963=CARTESIAN_POINT('',(30.2,-22.8999999999997,-5.00000000000001));
#7964=CARTESIAN_POINT('',(30.2,-23.9844561580146,-5.22291598803641));
#7965=CARTESIAN_POINT('',(31.2,-22.8999999999997,-5.00000000000001));
#7966=CARTESIAN_POINT('',(32.2,-22.8999999999997,-5.00000000000001));
#7967=CARTESIAN_POINT('',(31.2,-25.8673961325474,-5.60996476057926));
#7968=CARTESIAN_POINT('Origin',(28.412132034356,-16.7496284755181,-3.85269652209561));
#7969=CARTESIAN_POINT('',(28.5926506320009,-16.8999999999638,-4.2051607562268));
#7970=CARTESIAN_POINT('',(28.5608020341109,-16.9,-3.83973907784268));
#7971=CARTESIAN_POINT('',(28.2,-16.638532771757,-2.68858409427524));
#7972=CARTESIAN_POINT('Ctrl Pts',(28.5926506320009,-16.8999999999638,-4.20516075622658));
#7973=CARTESIAN_POINT('Ctrl Pts',(28.3573115893074,-16.7426884105898,-3.30302775922667));
#7974=CARTESIAN_POINT('Ctrl Pts',(28.1999999999607,-16.6385327715832,-2.68858409431479));
#7975=CARTESIAN_POINT('',(28.2,-16.7546637111326,-1.36120138324392));
#7976=CARTESIAN_POINT('Origin',(28.5,-16.9,0.299999999999999));
#7977=CARTESIAN_POINT('',(28.2,-17.161467228243,-2.68858409427524));
#7978=CARTESIAN_POINT('Ctrl Pts',(28.592650632001,-16.8999999999639,-4.20516075622653));
#7979=CARTESIAN_POINT('Ctrl Pts',(28.3573115893046,-17.05731158934,-3.30302775921778));
#7980=CARTESIAN_POINT('Ctrl Pts',(28.1999999999565,-17.1614672283479,-2.68858409430416));
#7981=CARTESIAN_POINT('Origin',(28.2,-16.9,0.299999999999999));
#7982=CARTESIAN_POINT('Origin',(28.412132034356,-17.050371524482,-3.85269652209561));
#7983=CARTESIAN_POINT('',(28.2,-17.3636899166874,-5.));
#7984=CARTESIAN_POINT('',(29.4432689414434,-16.1156718898651,-5.));
#7985=CARTESIAN_POINT('',(28.2,-17.1163600435354,-2.17300661383682));
#7986=CARTESIAN_POINT('Origin',(28.412132034356,-17.4730211403236,-3.81571947206588));
#7987=CARTESIAN_POINT('',(28.6690513809926,-17.8345329977549,-5.));
#7988=CARTESIAN_POINT('',(29.1604292465846,-18.3277878469659,-5.));
#7989=CARTESIAN_POINT('',(28.5926506314744,-17.6823129550791,-4.13671723930274));
#7990=CARTESIAN_POINT('',(28.5608020341109,-17.618858146884,-3.77684713930708));
#7991=CARTESIAN_POINT('Ctrl Pts',(28.5926506314734,-17.6823129550791,-4.13671723930278));
#7992=CARTESIAN_POINT('Ctrl Pts',(28.3573115891214,-17.3707375317349,-3.27560654168109));
#7993=CARTESIAN_POINT('Ctrl Pts',(28.1999999999369,-17.1614672284479,-2.68858409421911));
#7994=CARTESIAN_POINT('Origin',(28.5,-16.9,0.299999999999998));
#7995=CARTESIAN_POINT('',(28.2,-17.6764571353076,-2.59777747886721));
#7996=CARTESIAN_POINT('Ctrl Pts',(28.5926506314744,-17.6823129550791,-4.13671723930251));
#7997=CARTESIAN_POINT('Ctrl Pts',(28.3573115891237,-17.6805808769937,-3.22097280012268));
#7998=CARTESIAN_POINT('Ctrl Pts',(28.1999999999397,-17.6764571351255,-2.59777747888363));
#7999=CARTESIAN_POINT('Origin',(28.2,-16.9,0.299999999999998));
#8000=CARTESIAN_POINT('Origin',(28.412132034356,-17.7691952266078,-3.7634959896673));
#8001=CARTESIAN_POINT('',(28.2,-18.3201307198849,-5.));
#8002=CARTESIAN_POINT('',(29.7090114113088,-16.75788714979,-5.));
#8003=CARTESIAN_POINT('',(28.2,-17.7502151372416,-2.87304608954982));
#8004=CARTESIAN_POINT('Origin',(28.412132034356,-18.1790028477431,-3.65368836853197));
#8005=CARTESIAN_POINT('',(28.2478743032273,-18.3696938456699,-5.00000000000001));
#8006=CARTESIAN_POINT('',(28.8264606259897,-18.9686904839369,-5.));
#8007=CARTESIAN_POINT('',(28.6793565851121,-18.7811107882912,-4.8683094143225));
#8008=CARTESIAN_POINT('Origin',(28.2,-16.9,0.299999999999998));
#8009=CARTESIAN_POINT('',(28.5926506317037,-18.4408557271201,-3.93346631702501));
#8010=CARTESIAN_POINT('',(28.5608020341109,-18.3158741527346,-3.59008226342783));
#8011=CARTESIAN_POINT('Ctrl Pts',(28.5926506317037,-18.44085572712,-3.93346631702481));
#8012=CARTESIAN_POINT('Ctrl Pts',(28.3573115892038,-17.9844835308639,-3.13954232977408));
#8013=CARTESIAN_POINT('Ctrl Pts',(28.1999999999491,-17.67645713532,-2.59777747887495));
#8014=CARTESIAN_POINT('Origin',(28.5,-16.9,0.299999999999998));
#8015=CARTESIAN_POINT('',(28.2,-18.1678547852221,-2.41892336110995));
#8016=CARTESIAN_POINT('Ctrl Pts',(28.5926506318122,-18.4408557271104,-3.93346631699817));
#8017=CARTESIAN_POINT('Ctrl Pts',(28.357311589304,-18.2801326100101,-3.0319348651302));
#8018=CARTESIAN_POINT('Ctrl Pts',(28.2000000000445,-18.1678547851362,-2.41892336111427));
#8019=CARTESIAN_POINT('Origin',(28.2,-16.9,0.299999999999998));
#8020=CARTESIAN_POINT('Origin',(28.412132034356,-18.4616088716072,-3.55082818782114));
#8021=CARTESIAN_POINT('Origin',(28.2,-16.9,0.299999999999998));
#8022=CARTESIAN_POINT('',(28.2,-18.6119168554697,-3.37121754389166));
#8023=CARTESIAN_POINT('Origin',(28.412132034356,-18.8461227008407,-3.37152644458306));
#8024=CARTESIAN_POINT('',(28.6793565851121,-19.65,-4.46313972081442));
#8025=CARTESIAN_POINT('',(28.5926506318133,-19.1525803775913,-3.60158366198169));
#8026=CARTESIAN_POINT('',(28.5608020341109,-18.9698695389214,-3.28511920645093));
#8027=CARTESIAN_POINT('Ctrl Pts',(28.5926506318137,-19.152580377591,-3.60158366198142));
#8028=CARTESIAN_POINT('Ctrl Pts',(28.3573115893038,-18.5652780468493,-2.89896936423884));
#8029=CARTESIAN_POINT('Ctrl Pts',(28.2000000000436,-18.1678547853002,-2.41892336103098));
#8030=CARTESIAN_POINT('Origin',(28.2,-16.9,0.299999999999998));
#8031=CARTESIAN_POINT('Origin',(28.5,-16.9,0.299999999999998));
#8032=CARTESIAN_POINT('',(28.2,-18.6207293090532,-2.15745613286698));
#8033=CARTESIAN_POINT('Ctrl Pts',(28.5926506318132,-19.1525803775912,-3.60158366198147));
#8034=CARTESIAN_POINT('Ctrl Pts',(28.3573115893092,-18.8377497120596,-2.74165777500307));
#8035=CARTESIAN_POINT('Ctrl Pts',(28.2000000000516,-18.6207293090705,-2.15745613284663));
#8036=CARTESIAN_POINT('Origin',(28.2,-16.9,0.299999999999998));
#8037=CARTESIAN_POINT('Origin',(28.412132034356,-19.106573821255,-3.22115492010111));
#8038=CARTESIAN_POINT('Origin',(28.2,-16.9,0.299999999999998));
#8039=CARTESIAN_POINT('',(28.2,-19.6281990204047,-3.59627199298673));
#8040=CARTESIAN_POINT('Origin',(28.412132034356,-19.4541106004587,-2.97780704749753));
#8041=CARTESIAN_POINT('',(28.6793565851121,-20.435331853276,-3.91324443715438));
#8042=CARTESIAN_POINT('',(28.5926506315288,-19.7958615125284,-3.1511533613266));
#8043=CARTESIAN_POINT('',(28.5608020341109,-19.5609729865725,-2.87122411654387));
#8044=CARTESIAN_POINT('Ctrl Pts',(28.5926506315288,-19.7958615125283,-3.15115336132646));
#8045=CARTESIAN_POINT('Ctrl Pts',(28.3573115891442,-19.0954739318076,-2.56119733330327));
#8046=CARTESIAN_POINT('Ctrl Pts',(28.1999999999441,-18.6207293091219,-2.15745613280795));
#8047=CARTESIAN_POINT('Origin',(28.2,-16.9,0.299999999999998));
#8048=CARTESIAN_POINT('Origin',(28.5,-16.9,0.299999999999998));
#8049=CARTESIAN_POINT('',(28.2,-19.0213203435597,-1.82132034355964));
#8050=CARTESIAN_POINT('Ctrl Pts',(28.592650631529,-19.7958615125283,-3.15115336132636));
#8051=CARTESIAN_POINT('Ctrl Pts',(28.3573115891383,-19.3364892692392,-2.35896145253248));
#8052=CARTESIAN_POINT('Ctrl Pts',(28.1999999999355,-19.0213203433672,-1.82132034369136));
#8053=CARTESIAN_POINT('Origin',(28.2,-16.9,0.299999999999998));
#8054=CARTESIAN_POINT('Origin',(28.412132034356,-19.6844931419242,-2.78449314192417));
#8055=CARTESIAN_POINT('Origin',(28.2,-16.9,0.299999999999998));
#8056=CARTESIAN_POINT('',(28.2,-20.7047465709621,-3.50474657096209));
#8057=CARTESIAN_POINT('Origin',(28.412132034356,-19.9844931419242,-2.48449314192418));
#8058=CARTESIAN_POINT('',(28.6793565851121,-21.1132444371544,-3.23533185327597));
#8059=CARTESIAN_POINT('',(28.5926506316295,-20.3511533616249,-2.59586151277643));
#8060=CARTESIAN_POINT('',(28.5608020341109,-20.0712241165439,-2.36097298657245));
#8061=CARTESIAN_POINT('Ctrl Pts',(28.5926506316305,-20.3511533616245,-2.59586151277614));
#8062=CARTESIAN_POINT('Ctrl Pts',(28.3573115891739,-19.5589614526088,-2.13648926935846));
#8063=CARTESIAN_POINT('Ctrl Pts',(28.1999999999398,-19.0213203436583,-1.82132034342141));
#8064=CARTESIAN_POINT('Origin',(28.2,-16.9,0.299999999999998));
#8065=CARTESIAN_POINT('Origin',(28.5,-16.9,0.299999999999998));
#8066=CARTESIAN_POINT('',(28.2,-19.357456132867,-1.42072930905314));
#8067=CARTESIAN_POINT('Ctrl Pts',(28.5926506316294,-20.3511533616248,-2.59586151277625));
#8068=CARTESIAN_POINT('Ctrl Pts',(28.3573115891791,-19.7611973334366,-1.89547393185982));
#8069=CARTESIAN_POINT('Ctrl Pts',(28.1999999999478,-19.3574561328583,-1.42072930907779));
#8070=CARTESIAN_POINT('Origin',(28.2,-16.9,0.299999999999998));
#8071=CARTESIAN_POINT('Origin',(28.412132034356,-20.1778070474976,-2.25411060045871));
#8072=CARTESIAN_POINT('Origin',(28.2,-16.9,0.299999999999998));
#8073=CARTESIAN_POINT('',(28.2,-21.7367125769234,-3.0867026065155));
#8074=CARTESIAN_POINT('Origin',(28.412132034356,-20.4211549201011,-1.90657382125498));
#8075=CARTESIAN_POINT('',(28.6793565851121,-21.6631397208144,-2.45000000000001));
#8076=CARTESIAN_POINT('',(28.5926506316224,-20.8015836617732,-1.95258037738579));
#8077=CARTESIAN_POINT('',(28.5608020341109,-20.4851192064509,-1.76986953892135));
#8078=CARTESIAN_POINT('Ctrl Pts',(28.5926506316228,-20.8015836617729,-1.95258037738565));
#8079=CARTESIAN_POINT('Ctrl Pts',(28.3573115891736,-19.9416577749853,-1.6377497119208));
#8080=CARTESIAN_POINT('Ctrl Pts',(28.1999999999429,-19.3574561329168,-1.42072930896042));
#8081=CARTESIAN_POINT('Origin',(28.2,-16.9,0.299999999999998));
#8082=CARTESIAN_POINT('Origin',(28.5,-16.9,0.299999999999998));
#8083=CARTESIAN_POINT('',(28.2,-19.61892336111,-0.967854785222101));
#8084=CARTESIAN_POINT('Ctrl Pts',(28.5926506316223,-20.801583661773,-1.95258037738565));
#8085=CARTESIAN_POINT('Ctrl Pts',(28.3573115891734,-20.098969364197,-1.3652780467889));
#8086=CARTESIAN_POINT('Ctrl Pts',(28.1999999999429,-19.6189233610597,-0.967854785305417));
#8087=CARTESIAN_POINT('Origin',(28.2,-16.9,0.299999999999998));
#8088=CARTESIAN_POINT('Origin',(28.412132034356,-20.5715264445831,-1.64612270084064));
#8089=CARTESIAN_POINT('Origin',(28.2,-16.9,0.299999999999998));
#8090=CARTESIAN_POINT('',(28.2,-22.6206046957434,-2.36756177890257));
#8091=CARTESIAN_POINT('Origin',(28.412132034356,-20.7508281878211,-1.26160887160717));
#8092=CARTESIAN_POINT('',(28.6793565851121,-22.0683094143225,-1.58111078829118));
#8093=CARTESIAN_POINT('',(28.5926506318581,-21.1334663175885,-1.24085572730605));
#8094=CARTESIAN_POINT('',(28.5608020341109,-20.7900822634278,-1.11587415273462));
#8095=CARTESIAN_POINT('Ctrl Pts',(28.5926506318581,-21.1334663175882,-1.24085572730601));
#8096=CARTESIAN_POINT('Ctrl Pts',(28.3573115892534,-20.2319348653384,-1.08013261013413));
#8097=CARTESIAN_POINT('Ctrl Pts',(28.1999999999488,-19.618923361124,-0.967854785217332));
#8098=CARTESIAN_POINT('Origin',(28.2,-16.9,0.299999999999998));
#8099=CARTESIAN_POINT('Origin',(28.5,-16.9,0.299999999999998));
#8100=CARTESIAN_POINT('',(28.2,-19.7977774788672,-0.476457135307564));
#8101=CARTESIAN_POINT('Ctrl Pts',(28.5926506319668,-21.1334663175616,-1.24085572729623));
#8102=CARTESIAN_POINT('Ctrl Pts',(28.3573115893621,-20.3395423299701,-0.78448353084024));
#8103=CARTESIAN_POINT('Ctrl Pts',(28.2000000000568,-19.7977774789112,-0.476457135201163));
#8104=CARTESIAN_POINT('Origin',(28.2,-16.9,0.299999999999998));
#8105=CARTESIAN_POINT('Origin',(28.412132034356,-20.853688368532,-0.979002847743128));
#8106=CARTESIAN_POINT('Origin',(28.2,-16.9,0.299999999999998));
#8107=CARTESIAN_POINT('',(28.2,-23.266130470896,-1.40579951858774));
#8108=CARTESIAN_POINT('Origin',(28.412132034356,-20.9634959896673,-0.569195226607803));
#8109=CARTESIAN_POINT('',(28.6793565851121,-22.3164426415672,-0.65506497716812));
#8110=CARTESIAN_POINT('',(28.5926506316816,-21.336717240102,-0.482312955130474));
#8111=CARTESIAN_POINT('',(28.5608020341109,-20.9768471393071,-0.418858146883962));
#8112=CARTESIAN_POINT('Ctrl Pts',(28.5926506316808,-21.3367172401019,-0.482312955130502));
#8113=CARTESIAN_POINT('Ctrl Pts',(28.3573115891914,-20.4209728003849,-0.480580877044922));
#8114=CARTESIAN_POINT('Ctrl Pts',(28.1999999999416,-19.7977774788829,-0.476457135174339));
#8115=CARTESIAN_POINT('Origin',(28.2,-16.9,0.299999999999998));
#8116=CARTESIAN_POINT('Origin',(28.5,-16.9,0.299999999999998));
#8117=CARTESIAN_POINT('Ctrl Pts',(28.5926506316815,-21.3367172401017,-0.482312955130398));
#8118=CARTESIAN_POINT('Ctrl Pts',(28.357311589198,-20.4756065419958,-0.170737531611894));
#8119=CARTESIAN_POINT('Ctrl Pts',(28.199999999951,-19.8885840942892,0.0385327717593724));
#8120=CARTESIAN_POINT('Origin',(28.2,-16.9,0.299999999999998));
#8121=CARTESIAN_POINT('Origin',(28.412132034356,-21.0157194720659,-0.273021140323607));
#8122=CARTESIAN_POINT('Origin',(28.2,-16.9,0.299999999999998));
#8123=CARTESIAN_POINT('',(28.2,-23.6065921212064,-0.28675078149786));
#8124=CARTESIAN_POINT('Origin',(28.412132034356,-21.0526965220956,0.149628475518036));
#8125=CARTESIAN_POINT('Origin',(28.412132034356,-12.7473034779044,0.14962847551804));
#8126=CARTESIAN_POINT('',(28.2,-19.4723841241257,0.525054449095065));
#8127=CARTESIAN_POINT('Origin',(28.412132034356,-12.7842805279341,-0.273021140323606));
#8128=CARTESIAN_POINT('',(28.5926506318437,-12.4632827593162,-0.482312955414709));
#8129=CARTESIAN_POINT('',(28.5608020341109,-12.8231528606929,-0.418858146883961));
#8130=CARTESIAN_POINT('Ctrl Pts',(28.5926506318436,-12.4632827593164,-0.482312955414638));
#8131=CARTESIAN_POINT('Ctrl Pts',(28.3573115892471,-13.3243934578297,-0.170737531746997));
#8132=CARTESIAN_POINT('Ctrl Pts',(28.1999999999465,-13.9114159057325,0.0385327716951635));
#8133=CARTESIAN_POINT('Origin',(28.5,-16.9,0.299999999999998));
#8134=CARTESIAN_POINT('',(28.2,-14.0022225211328,-0.476457135307564));
#8135=CARTESIAN_POINT('Ctrl Pts',(28.5926506318437,-12.4632827593164,-0.482312955414709));
#8136=CARTESIAN_POINT('Ctrl Pts',(28.3573115892559,-13.379027199422,-0.480580877326784));
#8137=CARTESIAN_POINT('Ctrl Pts',(28.1999999999592,-14.0022225211235,-0.476457135451323));
#8138=CARTESIAN_POINT('Origin',(28.2,-16.9,0.299999999999998));
#8139=CARTESIAN_POINT('Origin',(28.412132034356,-12.8365040103327,-0.569195226607801));
#8140=CARTESIAN_POINT('',(28.2,-19.2575382917963,0.93170048141228));
#8141=CARTESIAN_POINT('Origin',(28.412132034356,-12.946311631468,-0.979002847743125));
#8142=CARTESIAN_POINT('',(28.5926506318013,-12.6665336826353,-1.24085572727947));
#8143=CARTESIAN_POINT('',(28.5608020341109,-13.0099177365722,-1.11587415273462));
#8144=CARTESIAN_POINT('Ctrl Pts',(28.5926506318012,-12.6665336826355,-1.24085572727935));
#8145=CARTESIAN_POINT('Ctrl Pts',(28.3573115892367,-13.4604576701038,-0.78448353089791));
#8146=CARTESIAN_POINT('Ctrl Pts',(28.1999999999511,-14.0022225211105,-0.476457135293311));
#8147=CARTESIAN_POINT('Origin',(28.5,-16.9,0.299999999999998));
#8148=CARTESIAN_POINT('',(28.2,-14.1810766388901,-0.967854785222102));
#8149=CARTESIAN_POINT('Ctrl Pts',(28.5926506318014,-12.6665336826356,-1.24085572727942));
#8150=CARTESIAN_POINT('Ctrl Pts',(28.357311589236,-13.5680651347363,-1.08013261013366));
#8151=CARTESIAN_POINT('Ctrl Pts',(28.1999999999501,-14.1810766388787,-0.967854785229904));
#8152=CARTESIAN_POINT('Origin',(28.2,-16.9,0.299999999999998));
#8153=CARTESIAN_POINT('Origin',(28.412132034356,-13.0491718121789,-1.26160887160718));
#8154=CARTESIAN_POINT('',(28.2,-18.8594273795413,1.21369599267867));
#8155=CARTESIAN_POINT('Origin',(28.412132034356,-13.2284735554169,-1.64612270084064));
#8156=CARTESIAN_POINT('',(28.5926506315543,-12.9984163384388,-1.95258037722635));
#8157=CARTESIAN_POINT('',(28.5608020341109,-13.3148807935491,-1.76986953892134));
#8158=CARTESIAN_POINT('Ctrl Pts',(28.5926506315542,-12.998416338439,-1.9525803772262));
#8159=CARTESIAN_POINT('Ctrl Pts',(28.3573115891514,-13.7010306358786,-1.36527804674383));
#8160=CARTESIAN_POINT('Ctrl Pts',(28.1999999999426,-14.1810766389488,-0.96785478531572));
#8161=CARTESIAN_POINT('Origin',(28.5,-16.9,0.299999999999998));
#8162=CARTESIAN_POINT('',(28.2,-14.442543867133,-1.42072930905314));
#8163=CARTESIAN_POINT('Ctrl Pts',(28.5926506315543,-12.9984163384391,-1.95258037722626));
#8164=CARTESIAN_POINT('Ctrl Pts',(28.3573115891485,-13.8583422250671,-1.6377497118201));
#8165=CARTESIAN_POINT('Ctrl Pts',(28.1999999999384,-14.442543867056,-1.42072930889036));
#8166=CARTESIAN_POINT('Origin',(28.2,-16.9,0.299999999999998));
#8167=CARTESIAN_POINT('Origin',(28.412132034356,-13.3788450798989,-1.90657382125498));
#8168=CARTESIAN_POINT('',(28.2,-18.3372315931241,1.30636039565866));
#8169=CARTESIAN_POINT('Origin',(28.412132034356,-13.6221929525025,-2.25411060045871));
#8170=CARTESIAN_POINT('',(28.5926506315668,-13.4488466384926,-2.59586151254214));
#8171=CARTESIAN_POINT('',(28.5608020341109,-13.7287758834561,-2.36097298657245));
#8172=CARTESIAN_POINT('Ctrl Pts',(28.5926506316764,-13.4488466385147,-2.59586151252356));
#8173=CARTESIAN_POINT('Ctrl Pts',(28.3573115892662,-14.0388026665934,-1.89547393173273));
#8174=CARTESIAN_POINT('Ctrl Pts',(28.2000000000531,-14.4425438671102,-1.42072930901607));
#8175=CARTESIAN_POINT('Origin',(28.5,-16.9,0.299999999999998));
#8176=CARTESIAN_POINT('',(28.2,-14.7786796564404,-1.82132034355964));
#8177=CARTESIAN_POINT('Ctrl Pts',(28.5926506315667,-13.4488466384928,-2.59586151254202));
#8178=CARTESIAN_POINT('Ctrl Pts',(28.3573115891467,-14.2410385473829,-2.13648926919829));
#8179=CARTESIAN_POINT('Ctrl Pts',(28.19999999993,-14.7786796562685,-1.82132034330136));
#8180=CARTESIAN_POINT('Origin',(28.2,-16.9,0.299999999999998));
#8181=CARTESIAN_POINT('Origin',(28.412132034356,-13.8155068580758,-2.48449314192418));
#8182=CARTESIAN_POINT('',(28.2,-17.7702534290379,1.17025342903793));
#8183=CARTESIAN_POINT('Origin',(28.412132034356,-14.1155068580758,-2.78449314192417));
#8184=CARTESIAN_POINT('',(28.5926506317922,-14.0041384867185,-3.15115336200742));
#8185=CARTESIAN_POINT('',(28.5608020341109,-14.2390270134276,-2.87122411654387));
#8186=CARTESIAN_POINT('Ctrl Pts',(28.5926506319001,-14.0041384867367,-3.15115336198565));
#8187=CARTESIAN_POINT('Ctrl Pts',(28.3573115893394,-14.463510730351,-2.35896145262609));
#8188=CARTESIAN_POINT('Ctrl Pts',(28.2000000000549,-14.7786796563827,-1.82132034350979));
#8189=CARTESIAN_POINT('Origin',(28.5,-16.9,0.299999999999998));
#8190=CARTESIAN_POINT('',(28.2,-15.1792706909469,-2.15745613286698));
#8191=CARTESIAN_POINT('Ctrl Pts',(28.5926506317922,-14.0041384867187,-3.15115336200728));
#8192=CARTESIAN_POINT('Ctrl Pts',(28.3573115892311,-14.7045260679617,-2.56119733354568));
#8193=CARTESIAN_POINT('Ctrl Pts',(28.1999999999473,-15.1792706909013,-2.15745613283394));
#8194=CARTESIAN_POINT('Origin',(28.2,-16.9,0.299999999999998));
#8195=CARTESIAN_POINT('Origin',(28.412132034356,-14.3458893995413,-2.97780704749753));
#8196=CARTESIAN_POINT('',(28.2,-17.2478568095478,0.796791009187416));
#8197=CARTESIAN_POINT('Origin',(28.412132034356,-14.693426178745,-3.22115492010111));
#8198=CARTESIAN_POINT('',(28.5926506318264,-14.6474196222144,-3.60158366244641));
#8199=CARTESIAN_POINT('',(28.5608020341109,-14.8301304610787,-3.28511920645092));
#8200=CARTESIAN_POINT('Ctrl Pts',(28.5926506318264,-14.6474196222145,-3.6015836624462));
#8201=CARTESIAN_POINT('Ctrl Pts',(28.3573115892447,-14.9622502878568,-2.74165777517414));
#8202=CARTESIAN_POINT('Ctrl Pts',(28.199999999951,-15.1792706909082,-2.15745613286582));
#8203=CARTESIAN_POINT('Origin',(28.5,-16.9,0.299999999999998));
#8204=CARTESIAN_POINT('',(28.2,-15.6321452147779,-2.41892336110995));
#8205=CARTESIAN_POINT('Ctrl Pts',(28.5926506319371,-14.647419622229,-3.60158366242121));
#8206=CARTESIAN_POINT('Ctrl Pts',(28.35731158935,-15.2347219531645,-2.89896936444583));
#8207=CARTESIAN_POINT('Ctrl Pts',(28.200000000053,-15.6321452148098,-2.41892336111896));
#8208=CARTESIAN_POINT('Origin',(28.2,-16.9,0.299999999999998));
#8209=CARTESIAN_POINT('Origin',(28.412132034356,-14.9538772991594,-3.37152644458306));
#8210=CARTESIAN_POINT('',(28.2,-16.8580510692458,0.210040227689579));
#8211=CARTESIAN_POINT('Origin',(28.412132034356,-15.3383911283928,-3.55082818782113));
#8212=CARTESIAN_POINT('',(28.5926506318138,-15.3591442726142,-3.93346631737657));
#8213=CARTESIAN_POINT('',(28.5608020341109,-15.4841258472654,-3.59008226342782));
#8214=CARTESIAN_POINT('Ctrl Pts',(28.5926506319223,-15.359144272624,-3.93346631734973));
#8215=CARTESIAN_POINT('Ctrl Pts',(28.3573115893479,-15.5198673897713,-3.031934865224));
#8216=CARTESIAN_POINT('Ctrl Pts',(28.2000000000568,-15.6321452146721,-2.41892336107598));
#8217=CARTESIAN_POINT('Origin',(28.5,-16.9,0.299999999999998));
#8218=CARTESIAN_POINT('',(28.2,-16.1235428646924,-2.59777747886721));
#8219=CARTESIAN_POINT('Ctrl Pts',(28.5926506318138,-15.3591442726144,-3.93346631737637));
#8220=CARTESIAN_POINT('Ctrl Pts',(28.3573115892371,-15.8155164690183,-3.13954232987077));
#8221=CARTESIAN_POINT('Ctrl Pts',(28.199999999946,-16.1235428646328,-2.59777747884896));
#8222=CARTESIAN_POINT('Origin',(28.2,-16.9,0.299999999999998));
#8223=CARTESIAN_POINT('Origin',(28.412132034356,-15.6209971522569,-3.65368836853197));
#8224=CARTESIAN_POINT('',(28.2,-16.6761161000662,-0.535546089549807));
#8225=CARTESIAN_POINT('Origin',(28.412132034356,-16.0308047733922,-3.7634959896673));
#8226=CARTESIAN_POINT('',(28.5926506315782,-16.1176870448455,-4.1367172396976));
#8227=CARTESIAN_POINT('',(28.5608020341109,-16.1811418531161,-3.77684713930708));
#8228=CARTESIAN_POINT('Ctrl Pts',(28.5926506315782,-16.1176870448455,-4.13671723969737));
#8229=CARTESIAN_POINT('Ctrl Pts',(28.3573115891595,-16.1194191229315,-3.22097280025265));
#8230=CARTESIAN_POINT('Ctrl Pts',(28.1999999999432,-16.1235428648015,-2.59777747888226));
#8231=CARTESIAN_POINT('Origin',(28.5,-16.9,0.299999999999998));
#8232=CARTESIAN_POINT('Ctrl Pts',(28.5926506315774,-16.1176870448456,-4.13671723969757));
#8233=CARTESIAN_POINT('Ctrl Pts',(28.357311589157,-16.4292624682803,-3.27560654182556));
#8234=CARTESIAN_POINT('Ctrl Pts',(28.19999999994,-16.6385327716109,-2.68858409423922));
#8235=CARTESIAN_POINT('Origin',(28.2,-16.9,0.299999999999998));
#8236=CARTESIAN_POINT('Origin',(28.412132034356,-16.3269788596764,-3.81571947206588));
#8237=CARTESIAN_POINT('Origin',(28.5,-16.9,0.299999999999998));
#8238=CARTESIAN_POINT('',(28.5,-18.3696938456699,-5.));
#8239=CARTESIAN_POINT('Origin',(28.5,-16.9,0.299999999999998));
#8240=CARTESIAN_POINT('Origin',(28.5,-16.9,0.299999999999998));
#8241=CARTESIAN_POINT('Origin',(28.5,-16.9,0.299999999999998));
#8242=CARTESIAN_POINT('Origin',(28.5,-16.9,0.299999999999998));
#8243=CARTESIAN_POINT('Origin',(28.5,-16.9,0.299999999999998));
#8244=CARTESIAN_POINT('Origin',(28.5,-16.9,0.299999999999998));
#8245=CARTESIAN_POINT('Origin',(32.2,-16.9,-5.));
#8246=CARTESIAN_POINT('',(31.2,-23.075,-5.00000000000001));
#8247=CARTESIAN_POINT('',(28.241576155144,-30.8183180808228,-5.00000000000002));
#8248=CARTESIAN_POINT('Origin',(30.2,-32.8331586423245,-5.00000000000002));
#8249=CARTESIAN_POINT('Ctrl Pts',(28.241576155144,-30.8183180808228,-5.00000000000002));
#8250=CARTESIAN_POINT('Ctrl Pts',(28.2179716400832,-31.384265179116,-5.00000000000002));
#8251=CARTESIAN_POINT('Ctrl Pts',(28.1611882295152,-31.9485533346634,-5.00000000000002));
#8252=CARTESIAN_POINT('Ctrl Pts',(28.0693865079939,-32.5109655352704,-5.00000000000002));
#8253=CARTESIAN_POINT('Origin',(30.2,-24.3871478036465,-3.26387554982736));
#8254=CARTESIAN_POINT('Origin',(30.2,-30.9,-4.6026285013));
#8255=CARTESIAN_POINT('Ctrl Pts',(27.6644343422694,-34.1286967310159,-5.39904036161723));
#8256=CARTESIAN_POINT('Ctrl Pts',(28.0182564388204,-33.0915209661067,-5.14320367293963));
#8257=CARTESIAN_POINT('Ctrl Pts',(28.2,-31.9958666174872,-4.87294226694683));
#8258=CARTESIAN_POINT('Ctrl Pts',(28.2,-30.9,-4.6026285013));
#8259=CARTESIAN_POINT('Ctrl Pts',(27.6998019288468,-34.0250220198573,-5.96209986071082));
#8260=CARTESIAN_POINT('Ctrl Pts',(28.0435231391309,-32.9792164791511,-5.71346556617527));
#8261=CARTESIAN_POINT('Ctrl Pts',(28.2136142006863,-31.8763989745393,-5.45066884430039));
#8262=CARTESIAN_POINT('Ctrl Pts',(28.2,-30.7795149413735,-5.18877202975361));
#8263=CARTESIAN_POINT('Ctrl Pts',(28.1955306184299,-33.9933940442357,-6.93867691923744));
#8264=CARTESIAN_POINT('Ctrl Pts',(28.55221881536,-32.8881854982303,-6.70159467281842));
#8265=CARTESIAN_POINT('Ctrl Pts',(28.7229336745778,-31.7264519167222,-6.45220974621602));
#8266=CARTESIAN_POINT('Ctrl Pts',(28.7019331446058,-30.5708894049684,-6.20370707172443));
#8267=CARTESIAN_POINT('Ctrl Pts',(29.1492867804972,-34.2381906430936,-7.33062807663592));
#8268=CARTESIAN_POINT('Ctrl Pts',(29.5535897154653,-33.0347145779941,-7.08333730027196));
#8269=CARTESIAN_POINT('Ctrl Pts',(29.7574378741459,-31.7652996889429,-6.8221974753731));
#8270=CARTESIAN_POINT('Ctrl Pts',(29.7512010494872,-30.4973083543682,-6.56166893950905));
#8271=CARTESIAN_POINT('Ctrl Pts',(29.5573212107232,-34.3717444315872,-7.35808079982628));
#8272=CARTESIAN_POINT('Ctrl Pts',(29.9819077265845,-33.1271335136962,-7.10224411114868));
#8273=CARTESIAN_POINT('Ctrl Pts',(30.2,-31.8123482953528,-6.83198270515588));
#8274=CARTESIAN_POINT('Ctrl Pts',(30.2,-30.4973083543682,-6.56166893950905));
#8275=CARTESIAN_POINT('Ctrl Pts',(27.6644343422694,-34.1286967310159,-5.39904036161723));
#8276=CARTESIAN_POINT('Ctrl Pts',(27.7288142668275,-33.9399767552165,-5.62394807077043));
#8277=CARTESIAN_POINT('Ctrl Pts',(27.8408647702653,-33.7565939073889,-5.8424952384892));
#8278=CARTESIAN_POINT('Ctrl Pts',(28.1420935391889,-33.4206012993941,-6.24291563615207));
#8279=CARTESIAN_POINT('Ctrl Pts',(28.3336209069693,-33.265969042047,-6.42719918475289));
#8280=CARTESIAN_POINT('Ctrl Pts',(28.77111887311,-33.0149564108673,-6.72634438974789));
#8281=CARTESIAN_POINT('Ctrl Pts',(29.0133010596672,-32.9156242247327,-6.8447238790575));
#8282=CARTESIAN_POINT('Ctrl Pts',(29.5037755563583,-32.7933604513967,-6.99043217017474));
#8283=CARTESIAN_POINT('Ctrl Pts',(29.7422862572641,-32.7624417146371,-7.02727968578654));
#8284=CARTESIAN_POINT('Ctrl Pts',(29.984276424974,-32.7624417146371,-7.02727968578654));
#8285=CARTESIAN_POINT('Origin',(18.2,-30.9,-6.70000000000001));
#8286=CARTESIAN_POINT('',(24.8332495807108,-40.9,-8.69999999999999));
#8287=CARTESIAN_POINT('',(18.2,-42.9,-8.69999999999999));
#8288=CARTESIAN_POINT('Origin',(18.2,-30.9,-8.69999999999998));
#8289=CARTESIAN_POINT('',(18.2,-40.9,-6.7));
#8290=CARTESIAN_POINT('Origin',(18.2,-42.9,-6.69999999999999));
#8291=CARTESIAN_POINT('',(23.4632134265435,-39.4028574271625,-6.70000000000003));
#8292=CARTESIAN_POINT('Origin',(18.2,-30.9,-6.70000000000001));
#8293=CARTESIAN_POINT('',(24.4251069659285,-40.7563552527281,-8.67047302417187));
#8294=CARTESIAN_POINT('Ctrl Pts',(23.4632091319563,-39.4028526136943,-6.69999881267786));
#8295=CARTESIAN_POINT('Ctrl Pts',(23.463314029847,-39.4027876404211,-6.70229032806214));
#8296=CARTESIAN_POINT('Ctrl Pts',(23.4634211046555,-39.4027262015071,-6.7045817768177));
#8297=CARTESIAN_POINT('Ctrl Pts',(23.463530353141,-39.4026682925665,-6.7068731500392));
#8298=CARTESIAN_POINT('Ctrl Pts',(23.4670360274752,-39.4008100527393,-6.78040101867957));
#8299=CARTESIAN_POINT('Ctrl Pts',(23.4727711124828,-39.4025861886414,-6.85369603901408));
#8300=CARTESIAN_POINT('Ctrl Pts',(23.4806139113529,-39.4078304028243,-6.92646697966959));
#8301=CARTESIAN_POINT('Ctrl Pts',(23.4886290315161,-39.413189842424,-7.00083683708962));
#8302=CARTESIAN_POINT('Ctrl Pts',(23.4988456591954,-39.4221715711994,-7.07466021637643));
#8303=CARTESIAN_POINT('Ctrl Pts',(23.5111645685133,-39.4346430500037,-7.14762285348881));
#8304=CARTESIAN_POINT('Ctrl Pts',(23.5205964318946,-39.4441917268556,-7.20348604782081));
#8305=CARTESIAN_POINT('Ctrl Pts',(23.5312613233732,-39.4557870683771,-7.25884471341227));
#8306=CARTESIAN_POINT('Ctrl Pts',(23.5431255243195,-39.4693859706038,-7.31355147632876));
#8307=CARTESIAN_POINT('Ctrl Pts',(23.5586026762831,-39.4871260845192,-7.38491784031159));
#8308=CARTESIAN_POINT('Ctrl Pts',(23.5760542592142,-39.5081979256849,-7.45486966217347));
#8309=CARTESIAN_POINT('Ctrl Pts',(23.595371203316,-39.5324601568257,-7.52309912424346));
#8310=CARTESIAN_POINT('Ctrl Pts',(23.6146322736496,-39.5566522100815,-7.59113123433414));
#8311=CARTESIAN_POINT('Ctrl Pts',(23.6357482334458,-39.584016533572,-7.65745181080432));
#8312=CARTESIAN_POINT('Ctrl Pts',(23.6586372938792,-39.6144526913159,-7.72173706336083));
#8313=CARTESIAN_POINT('Ctrl Pts',(23.6758043881258,-39.6372802071074,-7.76995184231692));
#8314=CARTESIAN_POINT('Ctrl Pts',(23.6939694493714,-39.6618365251548,-7.81702141501825));
#8315=CARTESIAN_POINT('Ctrl Pts',(23.7131062269606,-39.6880924577381,-7.86279775280696));
#8316=CARTESIAN_POINT('Ctrl Pts',(23.7386972709653,-39.7232037361648,-7.92401308904965));
#8317=CARTESIAN_POINT('Ctrl Pts',(23.7659006553705,-39.7611809140223,-7.98261692512401));
#8318=CARTESIAN_POINT('Ctrl Pts',(23.7946153391944,-39.8019052910519,-8.03830242071189));
#8319=CARTESIAN_POINT('Ctrl Pts',(23.8116210832095,-39.8260235552538,-8.07128113254894));
#8320=CARTESIAN_POINT('Ctrl Pts',(23.829157378617,-39.8511061260371,-8.1032358742698));
#8321=CARTESIAN_POINT('Ctrl Pts',(23.8472069399893,-39.8771345031969,-8.13409809848731));
#8322=CARTESIAN_POINT('Ctrl Pts',(23.8776215966207,-39.9209939708956,-8.18610290531308));
#8323=CARTESIAN_POINT('Ctrl Pts',(23.9094928732139,-39.9675375608906,-8.23500798144248));
#8324=CARTESIAN_POINT('Ctrl Pts',(23.9426419876426,-40.0164777665623,-8.28066439561632));
#8325=CARTESIAN_POINT('Ctrl Pts',(23.9716624598085,-40.0593225876373,-8.32063441350563));
#8326=CARTESIAN_POINT('Ctrl Pts',(24.0016628030541,-40.1040050275737,-8.35811422156819));
#8327=CARTESIAN_POINT('Ctrl Pts',(24.032530422971,-40.15034684906,-8.39297551921777));
#8328=CARTESIAN_POINT('Ctrl Pts',(24.067695720049,-40.2031408099838,-8.43269053098973));
#8329=CARTESIAN_POINT('Ctrl Pts',(24.1037919742319,-40.2577995999318,-8.46879071745848));
#8330=CARTESIAN_POINT('Ctrl Pts',(24.1406255939037,-40.3140210158429,-8.50116106951624));
#8331=CARTESIAN_POINT('Ctrl Pts',(24.1775957916212,-40.3704508992132,-8.53365144994645));
#8332=CARTESIAN_POINT('Ctrl Pts',(24.2153093785544,-40.428455755678,-8.56238473458959));
#8333=CARTESIAN_POINT('Ctrl Pts',(24.2535819302203,-40.4877565507288,-8.58720080857682));
#8334=CARTESIAN_POINT('Ctrl Pts',(24.2911676991166,-40.5459932211657,-8.61157156989789));
#8335=CARTESIAN_POINT('Ctrl Pts',(24.3292930729329,-40.6054804821293,-8.6321647217623));
#8336=CARTESIAN_POINT('Ctrl Pts',(24.3677863454396,-40.6659685056772,-8.64878129743823));
#8337=CARTESIAN_POINT('Ctrl Pts',(24.3868103740439,-40.6958627135545,-8.65699349116403));
#8338=CARTESIAN_POINT('Ctrl Pts',(24.4059242600166,-40.7260015136984,-8.66423364448242));
#8339=CARTESIAN_POINT('Ctrl Pts',(24.4251069659285,-40.7563552527281,-8.67047302417187));
#8340=CARTESIAN_POINT('Ctrl Pts',(24.4251069659285,-40.7563552527281,-8.67047302417187));
#8341=CARTESIAN_POINT('Ctrl Pts',(24.4338997770633,-40.7702685502444,-8.67333297977245));
#8342=CARTESIAN_POINT('Ctrl Pts',(24.444784585552,-40.7834908114025,-8.67605088901049));
#8343=CARTESIAN_POINT('Ctrl Pts',(24.4752663086084,-40.8137983607586,-8.68228077415591));
#8344=CARTESIAN_POINT('Ctrl Pts',(24.5029808405298,-40.8324838386222,-8.68612167793898));
#8345=CARTESIAN_POINT('Ctrl Pts',(24.6161881683549,-40.88876581358,-8.69769075056919));
#8346=CARTESIAN_POINT('Ctrl Pts',(24.7343328554999,-40.9000000000002,-8.70000000000002));
#8347=CARTESIAN_POINT('Ctrl Pts',(24.8332495807106,-40.9000000000002,-8.70000000000002));
#8348=CARTESIAN_POINT('Origin',(31.2,-23.075,-4.00000000000001));
#8349=CARTESIAN_POINT('',(32.2,-23.0017144562971,-4.00000000000001));
#8350=CARTESIAN_POINT('',(32.2,-23.075,-4.00000000000001));
#8351=CARTESIAN_POINT('Origin',(31.2,-23.0017144562971,-4.00000000000001));
#8352=CARTESIAN_POINT('Origin',(31.2,-26.0687419553634,-4.63044454147473));
#8353=CARTESIAN_POINT('',(32.2,-33.4930659812313,-6.15655559123643));
#8354=CARTESIAN_POINT('Origin',(31.2,-33.4930659812313,-6.15655559123643));
#8355=CARTESIAN_POINT('',(32.2,-26.0687419553634,-4.63044454147473));
#8356=CARTESIAN_POINT('Origin',(31.2,-35.075,-7.69999999999998));
#8357=CARTESIAN_POINT('',(32.2,-46.7,-7.7));
#8358=CARTESIAN_POINT('',(31.2,-46.7,-8.7));
#8359=CARTESIAN_POINT('Origin',(31.2,-46.7,-7.7));
#8360=CARTESIAN_POINT('',(31.2,-40.9,-8.69999999999999));
#8361=CARTESIAN_POINT('',(31.2,-35.075,-8.69999999999998));
#8362=CARTESIAN_POINT('',(32.2,-41.0017144562974,-7.69999999999999));
#8363=CARTESIAN_POINT('Origin',(31.2,-41.0017144562974,-7.69999999999999));
#8364=CARTESIAN_POINT('',(32.2,-35.075,-7.69999999999998));
#8365=CARTESIAN_POINT('Origin',(31.8,-16.9,0.3));
#8366=CARTESIAN_POINT('',(32.2,-16.9,2.35));
#8367=CARTESIAN_POINT('Origin',(32.2,-16.9,0.3));
#8368=CARTESIAN_POINT('',(31.8,-16.9,1.95));
#8369=CARTESIAN_POINT('Origin',(31.8,-16.9,2.35));
#8370=CARTESIAN_POINT('',(31.8,-18.55,0.3));
#8371=CARTESIAN_POINT('Origin',(31.8,-16.9,0.3));
#8372=CARTESIAN_POINT('Origin',(31.8,-16.9,0.3));
#8373=CARTESIAN_POINT('Origin',(28.2,-26.25,0.299999999999985));
#8374=CARTESIAN_POINT('',(28.2,-16.9,2.35));
#8375=CARTESIAN_POINT('Origin',(28.2,-16.9,0.3));
#8376=CARTESIAN_POINT('Origin',(32.2,-16.9,0.3));
#8377=CARTESIAN_POINT('',(28.6,-16.9,1.95));
#8378=CARTESIAN_POINT('',(28.6,-18.55,0.3));
#8379=CARTESIAN_POINT('Origin',(28.6,-16.9,0.3));
#8380=CARTESIAN_POINT('',(32.2,-18.55,0.3));
#8381=CARTESIAN_POINT('Origin',(28.6,-16.9,0.3));
#8382=CARTESIAN_POINT('Origin',(28.6,-16.9,0.3));
#8383=CARTESIAN_POINT('Origin',(28.6,-16.9,2.35));
#8384=CARTESIAN_POINT('Origin',(12.5,-42.4,2.95072608322598E-14));
#8385=CARTESIAN_POINT('',(12.5,-40.9000000000001,-2.99999999999997));
#8386=CARTESIAN_POINT('Origin',(12.5,-40.9000000000001,2.80269634660929E-14));
#8387=CARTESIAN_POINT('',(12.5,-43.9,-2.99999999999997));
#8388=CARTESIAN_POINT('',(12.5,-42.4,-2.99999999999997));
#8389=CARTESIAN_POINT('Origin',(12.5,-43.9,3.09875581984267E-14));
#8390=CARTESIAN_POINT('Origin',(12.5,-43.9,3.09875581984267E-14));
#8391=CARTESIAN_POINT('',(12.5,-43.9,-1.69999999999997));
#8392=CARTESIAN_POINT('Origin',(12.5,-43.9,3.09875581984266E-14));
#8393=CARTESIAN_POINT('Origin',(12.5,-44.2,3.128361767166E-14));
#8394=CARTESIAN_POINT('',(12.5,-46.7,-1.69999999999997));
#8395=CARTESIAN_POINT('',(12.5,-44.2,-1.69999999999997));
#8396=CARTESIAN_POINT('Origin',(12.5,-46.7,3.37507799486048E-14));
#8397=CARTESIAN_POINT('Origin',(12.5,-46.8,3.38494664396826E-14));
#8398=CARTESIAN_POINT('',(12.5,-46.9,-1.89999999999997));
#8399=CARTESIAN_POINT('Origin',(12.5,-46.9,3.39481529307604E-14));
#8400=CARTESIAN_POINT('',(12.5,-46.8,-1.79999999999997));
#8401=CARTESIAN_POINT('Origin',(31.2,-35.075,8.29999999999998));
#8402=CARTESIAN_POINT('',(31.2,-46.7,9.3));
#8403=CARTESIAN_POINT('',(32.2,-46.7,8.3));
#8404=CARTESIAN_POINT('Origin',(31.2,-46.7,8.3));
#8405=CARTESIAN_POINT('',(32.2,-35.075,8.29999999999998));
#8406=CARTESIAN_POINT('',(31.2,-35.075,9.29999999999998));
#8407=CARTESIAN_POINT('Origin',(31.2,-46.8,8.3));
#8408=CARTESIAN_POINT('',(31.2,-46.9,9.1));
#8409=CARTESIAN_POINT('',(31.2,-46.9,9.1));
#8410=CARTESIAN_POINT('',(32.,-46.9,8.3));
#8411=CARTESIAN_POINT('Origin',(31.2,-46.9,8.3));
#8412=CARTESIAN_POINT('',(32.,-46.9,8.3));
#8413=CARTESIAN_POINT('Origin',(32.1,-46.8,7.05000000000001));
#8414=CARTESIAN_POINT('',(32.,-46.9,-7.7));
#8415=CARTESIAN_POINT('',(32.,-46.9,-7.7));
#8416=CARTESIAN_POINT('',(32.2,-46.7,7.05000000000001));
#8417=CARTESIAN_POINT('',(32.,-46.9,7.05000000000001));
#8418=CARTESIAN_POINT('Origin',(31.2,-46.8,-7.7));
#8419=CARTESIAN_POINT('',(31.2,-46.9,-8.5));
#8420=CARTESIAN_POINT('',(31.2,-46.9,-8.5));
#8421=CARTESIAN_POINT('Origin',(31.2,-46.9,-7.7));
#8422=CARTESIAN_POINT('Origin',(18.2,-30.9,4.79999999999999));
#8423=CARTESIAN_POINT('',(23.8262321684848,-39.1671344241102,-6.64185499258046));
#8424=CARTESIAN_POINT('',(23.0412291827593,-39.65,-6.36307242235807));
#8425=CARTESIAN_POINT('Origin',(18.2,-30.9,-11.4148872777673));
#8426=CARTESIAN_POINT('Origin',(18.2,-30.9,-4.6026285013));
#8427=CARTESIAN_POINT('',(18.2,-40.9,4.79999999999998));
#8428=CARTESIAN_POINT('Ctrl Pts',(23.0412291827593,-39.65,-6.36307242235807));
#8429=CARTESIAN_POINT('Ctrl Pts',(22.6746986971333,-39.8527952095295,-6.24598855354584));
#8430=CARTESIAN_POINT('Ctrl Pts',(22.3052732767219,-40.0262619718613,-6.10728084696841));
#8431=CARTESIAN_POINT('Ctrl Pts',(21.3785010113702,-40.4018729518667,-5.73166986696305));
#8432=CARTESIAN_POINT('Ctrl Pts',(20.7382099497064,-40.594835006969,-5.44051488775279));
#8433=CARTESIAN_POINT('Ctrl Pts',(19.4469332321403,-40.8437161384929,-4.82200856914605));
#8434=CARTESIAN_POINT('Ctrl Pts',(18.7954923283589,-40.9,-4.49575507707645));
#8435=CARTESIAN_POINT('Ctrl Pts',(18.2,-40.9,-4.19800891289699));
#8436=CARTESIAN_POINT('Ctrl Pts',(23.3875891382738,-39.4492057486333,-6.71143258596282));
#8437=CARTESIAN_POINT('Ctrl Pts',(24.6796054616789,-38.6652206577563,-6.51804959687982));
#8438=CARTESIAN_POINT('Ctrl Pts',(25.7900166574794,-37.583979798133,-6.25134351817275));
#8439=CARTESIAN_POINT('Ctrl Pts',(26.6081107639082,-36.3132867448392,-5.93790589836028));
#8440=CARTESIAN_POINT('Ctrl Pts',(23.4358595609597,-39.4199156452263,-7.24092597419062));
#8441=CARTESIAN_POINT('Ctrl Pts',(24.7352876296344,-38.6212085182009,-7.05221122416356));
#8442=CARTESIAN_POINT('Ctrl Pts',(25.8483392012745,-37.520573630609,-6.79173377795004));
#8443=CARTESIAN_POINT('Ctrl Pts',(26.6594432121987,-36.2335553484892,-6.48656590275398));
#8444=CARTESIAN_POINT('Ctrl Pts',(23.7233606253672,-39.7045121525887,-8.16139979803386));
#8445=CARTESIAN_POINT('Ctrl Pts',(25.0930736524422,-38.8571662032995,-7.98026528000103));
#8446=CARTESIAN_POINT('Ctrl Pts',(26.2612708980702,-37.6909855490131,-7.73095428044473));
#8447=CARTESIAN_POINT('Ctrl Pts',(27.1109968652321,-36.3284708161004,-7.43911891316171));
#8448=CARTESIAN_POINT('Ctrl Pts',(24.2147901626621,-40.4238021692561,-8.60211489034706));
#8449=CARTESIAN_POINT('Ctrl Pts',(25.7111111157358,-39.5106008013518,-8.41445176490447));
#8450=CARTESIAN_POINT('Ctrl Pts',(26.994269079774,-38.2519885297488,-8.15558854292925));
#8451=CARTESIAN_POINT('Ctrl Pts',(27.936509420225,-36.7750603575134,-7.85209574015554));
#8452=CARTESIAN_POINT('Ctrl Pts',(24.4251069659285,-40.7563552527281,-8.67047302417187));
#8453=CARTESIAN_POINT('Ctrl Pts',(25.9755265540147,-39.8155731436757,-8.47709003508887));
#8454=CARTESIAN_POINT('Ctrl Pts',(27.3080199889752,-38.5180841121277,-8.2103839563818));
#8455=CARTESIAN_POINT('Ctrl Pts',(28.2897329166899,-36.9932524481751,-7.89694633656934));
#8456=CARTESIAN_POINT('',(28.2897329166972,-36.9932524481799,-7.89694633657031));
#8457=CARTESIAN_POINT('Ctrl Pts',(28.2897329166868,-36.9932524481799,-7.89694633657031));
#8458=CARTESIAN_POINT('Ctrl Pts',(28.0924082263416,-36.9932524481799,-7.89694633657031));
#8459=CARTESIAN_POINT('Ctrl Pts',(27.8934567275981,-37.0204686534569,-7.88123305310692));
#8460=CARTESIAN_POINT('Ctrl Pts',(27.4847855821641,-37.1112256720735,-7.82883446397775));
#8461=CARTESIAN_POINT('Ctrl Pts',(27.2696500813333,-37.1809161870244,-7.78859862643128));
#8462=CARTESIAN_POINT('Ctrl Pts',(26.625329639659,-37.4304237028516,-7.64454539500363));
#8463=CARTESIAN_POINT('Ctrl Pts',(26.1729224831987,-37.6681578299474,-7.50728953272933));
#8464=CARTESIAN_POINT('Ctrl Pts',(25.1554307137899,-38.2703165418335,-7.15963303832697));
#8465=CARTESIAN_POINT('Ctrl Pts',(24.5444801756188,-38.6783278031724,-6.92406762676057));
#8466=CARTESIAN_POINT('Ctrl Pts',(23.8262321684848,-39.1671344241102,-6.64185499258046));
#8467=CARTESIAN_POINT('Origin',(18.2,-30.4973083543682,-6.56166893950905));
#8468=CARTESIAN_POINT('Origin',(32.2,-22.8999999999997,-5.00000000000001));
#8469=CARTESIAN_POINT('',(31.2,-36.9932524481799,-7.89694633657031));
#8470=CARTESIAN_POINT('',(16.1,-36.9932524481799,-7.89694633657031));
#8471=CARTESIAN_POINT('',(31.2,-25.8673961325474,-5.60996476057926));
#8472=CARTESIAN_POINT('',(32.2,-40.9,-8.69999999999999));
#8473=CARTESIAN_POINT('Origin',(31.2,-26.0687419553634,-4.63044454147473));
#8474=CARTESIAN_POINT('',(32.2,-38.297250884907,-7.14408248810308));
#8475=CARTESIAN_POINT('Origin',(31.2,-38.297250884907,-7.14408248810308));
#8476=CARTESIAN_POINT('',(32.2,-26.0687419553634,-4.63044454147473));
#8477=CARTESIAN_POINT('Origin',(32.2,-29.25,4.8));
#8478=CARTESIAN_POINT('',(32.2,-36.4848888922026,-2.59103988868064));
#8479=CARTESIAN_POINT('',(32.2,-34.9487127446064,-4.42178333143592));
#8480=CARTESIAN_POINT('',(32.2,-39.65,-6.36307242235807));
#8481=CARTESIAN_POINT('',(32.2,-38.1668760755119,-7.21935441940286));
#8482=CARTESIAN_POINT('Origin',(32.2,-38.4,-4.19800891289699));
#8483=CARTESIAN_POINT('Origin',(0.,-38.4,-4.19800891289699));
#8484=CARTESIAN_POINT('',(0.,-36.4848888922026,-2.59103988868064));
#8485=CARTESIAN_POINT('',(0.,-39.65,-6.36307242235807));
#8486=CARTESIAN_POINT('Origin',(0.,-32.7624417146371,-7.02727968578654));
#8487=CARTESIAN_POINT('Origin',(0.,-39.65,-6.36307242235807));
#8488=CARTESIAN_POINT('Origin',(-32.2,-22.8999999999997,5.60000000000001));
#8489=CARTESIAN_POINT('',(-31.2,-40.9,9.29999999999999));
#8490=CARTESIAN_POINT('',(-31.2,-22.8999999999997,5.60000000000001));
#8491=CARTESIAN_POINT('',(-31.2,-25.8673961325474,6.20996476057926));
#8492=CARTESIAN_POINT('',(-24.8332495807108,-40.9,9.29999999999999));
#8493=CARTESIAN_POINT('',(-32.2,-40.9,9.29999999999999));
#8494=CARTESIAN_POINT('',(-24.4251069659285,-40.7563552527281,9.27047302417188));
#8495=CARTESIAN_POINT('Ctrl Pts',(-24.4251069659285,-40.7563552527281,9.27047302417187));
#8496=CARTESIAN_POINT('Ctrl Pts',(-24.4338997770633,-40.7702685502444,9.27333297977245));
#8497=CARTESIAN_POINT('Ctrl Pts',(-24.444784585552,-40.7834908114025,9.27605088901049));
#8498=CARTESIAN_POINT('Ctrl Pts',(-24.4752663086084,-40.8137983607586,9.28228077415591));
#8499=CARTESIAN_POINT('Ctrl Pts',(-24.5029808405298,-40.8324838386222,9.28612167793898));
#8500=CARTESIAN_POINT('Ctrl Pts',(-24.6161881683549,-40.88876581358,9.2976907505692));
#8501=CARTESIAN_POINT('Ctrl Pts',(-24.7343328554999,-40.9000000000002,9.30000000000002));
#8502=CARTESIAN_POINT('Ctrl Pts',(-24.8332495807106,-40.9000000000002,9.30000000000002));
#8503=CARTESIAN_POINT('',(-30.2,-30.4973083543682,7.16166893950906));
#8504=CARTESIAN_POINT('Origin',(-18.2,-30.4973083543682,7.16166893950906));
#8505=CARTESIAN_POINT('',(-30.2,-22.8999999999997,5.60000000000001));
#8506=CARTESIAN_POINT('',(-30.2,-23.9844561580146,5.82291598803641));
#8507=CARTESIAN_POINT('',(-32.2,-22.8999999999997,5.60000000000001));
#8508=CARTESIAN_POINT('Origin',(-28.2,-26.25,0.299999999999985));
#8509=CARTESIAN_POINT('',(-28.2,-30.9,5.60000000000002));
#8510=CARTESIAN_POINT('',(-28.2,-18.3696938456699,5.6));
#8511=CARTESIAN_POINT('',(-28.2,-21.575,5.6));
#8512=CARTESIAN_POINT('',(-28.2,-30.9,-5.00000000000002));
#8513=CARTESIAN_POINT('',(-28.2,-30.9,4.79999999999999));
#8514=CARTESIAN_POINT('',(-28.2,-18.3696938456699,-5.));
#8515=CARTESIAN_POINT('',(-28.2,-21.575,-5.00000000000001));
#8516=CARTESIAN_POINT('',(-28.2,-19.2244004395739,-4.68469282870158));
#8517=CARTESIAN_POINT('Origin',(-28.2,-16.9,0.299999999999998));
#8518=CARTESIAN_POINT('',(-28.2,-20.0546703999308,-4.20533624358946));
#8519=CARTESIAN_POINT('Origin',(-28.2,-16.9,0.299999999999998));
#8520=CARTESIAN_POINT('',(-28.2,-20.789087296526,-3.58908729652601));
#8521=CARTESIAN_POINT('Origin',(-28.2,-16.9,0.299999999999998));
#8522=CARTESIAN_POINT('',(-28.2,-21.4053362435895,-2.85467039993075));
#8523=CARTESIAN_POINT('Origin',(-28.2,-16.9,0.299999999999998));
#8524=CARTESIAN_POINT('',(-28.2,-21.8846928287016,-2.02440043957385));
#8525=CARTESIAN_POINT('Origin',(-28.2,-16.9,0.299999999999998));
#8526=CARTESIAN_POINT('',(-28.2,-22.2125920445899,-1.12350474806386));
#8527=CARTESIAN_POINT('Origin',(-28.2,-16.9,0.299999999999998));
#8528=CARTESIAN_POINT('',(-28.2,-22.3790708395046,-0.179356585112116));
#8529=CARTESIAN_POINT('Origin',(-28.2,-16.9,0.299999999999998));
#8530=CARTESIAN_POINT('',(-28.2,-22.3790708395046,0.779356585112115));
#8531=CARTESIAN_POINT('Origin',(-28.2,-16.9,0.3));
#8532=CARTESIAN_POINT('',(-28.2,-22.2125920445899,1.72350474806386));
#8533=CARTESIAN_POINT('Origin',(-28.2,-16.9,0.3));
#8534=CARTESIAN_POINT('',(-28.2,-21.8846928287016,2.62440043957385));
#8535=CARTESIAN_POINT('Origin',(-28.2,-16.9,0.3));
#8536=CARTESIAN_POINT('',(-28.2,-21.4053362435895,3.45467039993075));
#8537=CARTESIAN_POINT('Origin',(-28.2,-16.9,0.3));
#8538=CARTESIAN_POINT('',(-28.2,-20.789087296526,4.18908729652601));
#8539=CARTESIAN_POINT('Origin',(-28.2,-16.9,0.3));
#8540=CARTESIAN_POINT('',(-28.2,-20.0546703999308,4.80533624358945));
#8541=CARTESIAN_POINT('Origin',(-28.2,-16.9,0.3));
#8542=CARTESIAN_POINT('',(-28.2,-19.2244004395739,5.28469282870158));
#8543=CARTESIAN_POINT('Origin',(-28.2,-16.9,0.3));
#8544=CARTESIAN_POINT('Origin',(-28.2,-16.9,0.3));
#8545=CARTESIAN_POINT('Origin',(-32.2,-16.9,0.3));
#8546=CARTESIAN_POINT('',(-31.2,-16.9,5.6));
#8547=CARTESIAN_POINT('',(-31.2,-16.9,-5.));
#8548=CARTESIAN_POINT('Origin',(-31.2,-16.9,0.3));
#8549=CARTESIAN_POINT('',(-28.6619254365626,-16.9,5.6));
#8550=CARTESIAN_POINT('',(-32.2,-16.9,5.6));
#8551=CARTESIAN_POINT('',(-28.2,-16.4380745634374,5.57983189988625));
#8552=CARTESIAN_POINT('Origin',(-28.2,-16.9,0.3));
#8553=CARTESIAN_POINT('',(-28.6619254365626,-15.9796646583653,5.51948109096471));
#8554=CARTESIAN_POINT('Origin',(-28.2,-16.9,0.3));
#8555=CARTESIAN_POINT('',(-28.2,-15.5282590609567,5.41940687933206));
#8556=CARTESIAN_POINT('Origin',(-28.2,-16.9,0.3));
#8557=CARTESIAN_POINT('',(-28.6619254365626,-15.087293240374,5.28037089016532));
#8558=CARTESIAN_POINT('Origin',(-28.2,-16.9,0.3));
#8559=CARTESIAN_POINT('',(-28.2,-14.6601232127743,5.10343127129424));
#8560=CARTESIAN_POINT('Origin',(-28.2,-16.9,0.3));
#8561=CARTESIAN_POINT('',(-28.6619254365626,-14.25,4.88993464005752));
#8562=CARTESIAN_POINT('Origin',(-28.2,-16.9,0.3));
#8563=CARTESIAN_POINT('',(-28.2,-13.8600448873395,4.64150583473166));
#8564=CARTESIAN_POINT('Origin',(-28.2,-16.9,0.3));
#8565=CARTESIAN_POINT('',(-28.6619254365626,-13.4932256686613,4.36003554853058));
#8566=CARTESIAN_POINT('Origin',(-28.2,-16.9,0.3));
#8567=CARTESIAN_POINT('',(-28.2,-13.1523340597113,4.0476659402887));
#8568=CARTESIAN_POINT('Origin',(-28.2,-16.9,0.3));
#8569=CARTESIAN_POINT('',(-28.6619254365626,-12.8399644514694,3.70677433133866));
#8570=CARTESIAN_POINT('Origin',(-28.2,-16.9,0.3));
#8571=CARTESIAN_POINT('',(-28.2,-12.5584941652684,3.33995511266055));
#8572=CARTESIAN_POINT('Origin',(-28.2,-16.9,0.3));
#8573=CARTESIAN_POINT('',(-28.6619254365626,-12.3100653599425,2.95));
#8574=CARTESIAN_POINT('Origin',(-28.2,-16.9,0.3));
#8575=CARTESIAN_POINT('',(-28.2,-12.0965687287058,2.53987678722571));
#8576=CARTESIAN_POINT('Origin',(-28.2,-16.9,0.3));
#8577=CARTESIAN_POINT('',(-28.6619254365626,-11.9196291098347,2.11270675962604));
#8578=CARTESIAN_POINT('Origin',(-28.2,-16.9,0.3));
#8579=CARTESIAN_POINT('',(-28.2,-11.7805931206679,1.67174093904336));
#8580=CARTESIAN_POINT('Origin',(-28.2,-16.9,0.3));
#8581=CARTESIAN_POINT('',(-28.6619254365626,-11.6805189090353,1.22033534163473));
#8582=CARTESIAN_POINT('Origin',(-28.2,-16.9,0.3));
#8583=CARTESIAN_POINT('',(-28.2,-11.6201681001138,0.761925436562589));
#8584=CARTESIAN_POINT('Origin',(-28.2,-16.9,0.3));
#8585=CARTESIAN_POINT('',(-28.6619254365626,-11.6,0.299999999999993));
#8586=CARTESIAN_POINT('Origin',(-28.2,-16.9,0.3));
#8587=CARTESIAN_POINT('',(-28.2,-11.6201681001138,-0.161925436562591));
#8588=CARTESIAN_POINT('Origin',(-28.2,-16.9,0.299999999999999));
#8589=CARTESIAN_POINT('',(-28.6619254365626,-11.6805189090353,-0.620335341634736));
#8590=CARTESIAN_POINT('Origin',(-28.2,-16.9,0.299999999999999));
#8591=CARTESIAN_POINT('',(-28.2,-11.7805931206679,-1.07174093904336));
#8592=CARTESIAN_POINT('Origin',(-28.2,-16.9,0.299999999999999));
#8593=CARTESIAN_POINT('',(-28.6619254365626,-11.9196291098347,-1.51270675962604));
#8594=CARTESIAN_POINT('Origin',(-28.2,-16.9,0.299999999999999));
#8595=CARTESIAN_POINT('',(-28.2,-12.0965687287058,-1.93987678722571));
#8596=CARTESIAN_POINT('Origin',(-28.2,-16.9,0.299999999999999));
#8597=CARTESIAN_POINT('',(-28.6619254365626,-12.3100653599425,-2.35));
#8598=CARTESIAN_POINT('Origin',(-28.2,-16.9,0.299999999999999));
#8599=CARTESIAN_POINT('',(-28.2,-12.5584941652684,-2.73995511266055));
#8600=CARTESIAN_POINT('Origin',(-28.2,-16.9,0.299999999999999));
#8601=CARTESIAN_POINT('',(-28.6619254365626,-12.8399644514694,-3.10677433133866));
#8602=CARTESIAN_POINT('Origin',(-28.2,-16.9,0.299999999999999));
#8603=CARTESIAN_POINT('',(-28.2,-13.1523340597113,-3.4476659402887));
#8604=CARTESIAN_POINT('Origin',(-28.2,-16.9,0.299999999999999));
#8605=CARTESIAN_POINT('',(-28.6619254365626,-13.4932256686613,-3.76003554853058));
#8606=CARTESIAN_POINT('Origin',(-28.2,-16.9,0.299999999999999));
#8607=CARTESIAN_POINT('',(-28.2,-13.8600448873395,-4.04150583473166));
#8608=CARTESIAN_POINT('Origin',(-28.2,-16.9,0.299999999999999));
#8609=CARTESIAN_POINT('',(-28.6619254365626,-14.25,-4.28993464005753));
#8610=CARTESIAN_POINT('Origin',(-28.2,-16.9,0.299999999999999));
#8611=CARTESIAN_POINT('',(-28.2,-14.6601232127743,-4.50343127129425));
#8612=CARTESIAN_POINT('Origin',(-28.2,-16.9,0.299999999999999));
#8613=CARTESIAN_POINT('',(-28.6619254365626,-15.087293240374,-4.68037089016532));
#8614=CARTESIAN_POINT('Origin',(-28.2,-16.9,0.299999999999999));
#8615=CARTESIAN_POINT('',(-28.2,-15.5282590609567,-4.81940687933207));
#8616=CARTESIAN_POINT('Origin',(-28.2,-16.9,0.299999999999999));
#8617=CARTESIAN_POINT('',(-28.6619254365626,-15.9796646583653,-4.91948109096471));
#8618=CARTESIAN_POINT('Origin',(-28.2,-16.9,0.299999999999999));
#8619=CARTESIAN_POINT('',(-28.2,-16.4380745634374,-4.97983189988625));
#8620=CARTESIAN_POINT('Origin',(-28.2,-16.9,0.299999999999999));
#8621=CARTESIAN_POINT('',(-28.6619254365626,-16.9,-5.));
#8622=CARTESIAN_POINT('Origin',(-28.2,-16.9,0.299999999999999));
#8623=CARTESIAN_POINT('',(-32.2,-16.9,-5.));
#8624=CARTESIAN_POINT('Origin',(-28.412132034356,-16.7496284755181,4.45269652209561));
#8625=CARTESIAN_POINT('',(-28.5926506320009,-16.8999999999638,4.8051607562268));
#8626=CARTESIAN_POINT('',(-28.5608020341109,-16.9,4.43973907784268));
#8627=CARTESIAN_POINT('',(-28.2,-16.638532771757,3.28858409427524));
#8628=CARTESIAN_POINT('Ctrl Pts',(-28.5926506320009,-16.8999999999638,4.80516075622657));
#8629=CARTESIAN_POINT('Ctrl Pts',(-28.3573115893074,-16.7426884105898,3.90302775922667));
#8630=CARTESIAN_POINT('Ctrl Pts',(-28.1999999999607,-16.6385327715832,3.28858409431479));
#8631=CARTESIAN_POINT('',(-28.2,-16.7546637111326,1.96120138324392));
#8632=CARTESIAN_POINT('Origin',(-28.5,-16.9,0.3));
#8633=CARTESIAN_POINT('',(-28.2,-17.161467228243,3.28858409427524));
#8634=CARTESIAN_POINT('Ctrl Pts',(-28.592650632001,-16.8999999999639,4.80516075622653));
#8635=CARTESIAN_POINT('Ctrl Pts',(-28.3573115893046,-17.05731158934,3.90302775921778));
#8636=CARTESIAN_POINT('Ctrl Pts',(-28.1999999999565,-17.1614672283479,3.28858409430416));
#8637=CARTESIAN_POINT('Origin',(-28.2,-16.9,0.3));
#8638=CARTESIAN_POINT('Origin',(-28.412132034356,-17.050371524482,4.45269652209561));
#8639=CARTESIAN_POINT('',(-28.2,-17.3636899166874,5.6));
#8640=CARTESIAN_POINT('',(-29.4432689414434,-16.1156718898651,5.6));
#8641=CARTESIAN_POINT('',(-28.2,-17.1163600435354,2.77300661383682));
#8642=CARTESIAN_POINT('Origin',(-28.412132034356,-17.4730211403236,4.41571947206588));
#8643=CARTESIAN_POINT('',(-28.6690513809926,-17.8345329977549,5.6));
#8644=CARTESIAN_POINT('',(-29.1604292465846,-18.3277878469659,5.6));
#8645=CARTESIAN_POINT('',(-28.5926506314744,-17.6823129550791,4.73671723930274));
#8646=CARTESIAN_POINT('',(-28.5608020341109,-17.618858146884,4.37684713930708));
#8647=CARTESIAN_POINT('Ctrl Pts',(-28.5926506314734,-17.6823129550791,4.73671723930278));
#8648=CARTESIAN_POINT('Ctrl Pts',(-28.3573115891214,-17.3707375317349,3.87560654168109));
#8649=CARTESIAN_POINT('Ctrl Pts',(-28.1999999999369,-17.1614672284479,3.28858409421911));
#8650=CARTESIAN_POINT('Origin',(-28.5,-16.9,0.3));
#8651=CARTESIAN_POINT('',(-28.2,-17.6764571353076,3.19777747886721));
#8652=CARTESIAN_POINT('Ctrl Pts',(-28.5926506314744,-17.6823129550791,4.73671723930251));
#8653=CARTESIAN_POINT('Ctrl Pts',(-28.3573115891237,-17.6805808769937,3.82097280012268));
#8654=CARTESIAN_POINT('Ctrl Pts',(-28.1999999999397,-17.6764571351255,3.19777747888363));
#8655=CARTESIAN_POINT('Origin',(-28.2,-16.9,0.3));
#8656=CARTESIAN_POINT('Origin',(-28.412132034356,-17.7691952266078,4.3634959896673));
#8657=CARTESIAN_POINT('',(-28.2,-18.3201307198849,5.6));
#8658=CARTESIAN_POINT('',(-29.7090114113088,-16.75788714979,5.6));
#8659=CARTESIAN_POINT('',(-28.2,-17.7502151372416,3.47304608954982));
#8660=CARTESIAN_POINT('Origin',(-28.412132034356,-18.1790028477431,4.25368836853197));
#8661=CARTESIAN_POINT('',(-28.2478743032273,-18.3696938456699,5.60000000000001));
#8662=CARTESIAN_POINT('',(-28.8264606259897,-18.9686904839369,5.6));
#8663=CARTESIAN_POINT('',(-28.6793565851121,-18.7811107882912,5.4683094143225));
#8664=CARTESIAN_POINT('Origin',(-28.2,-16.9,0.3));
#8665=CARTESIAN_POINT('',(-28.5926506317037,-18.4408557271201,4.53346631702501));
#8666=CARTESIAN_POINT('',(-28.5608020341109,-18.3158741527346,4.19008226342783));
#8667=CARTESIAN_POINT('Ctrl Pts',(-28.5926506317037,-18.44085572712,4.53346631702481));
#8668=CARTESIAN_POINT('Ctrl Pts',(-28.3573115892038,-17.9844835308639,3.73954232977407));
#8669=CARTESIAN_POINT('Ctrl Pts',(-28.1999999999491,-17.67645713532,3.19777747887494));
#8670=CARTESIAN_POINT('Origin',(-28.5,-16.9,0.3));
#8671=CARTESIAN_POINT('',(-28.2,-18.1678547852221,3.01892336110995));
#8672=CARTESIAN_POINT('Ctrl Pts',(-28.5926506318122,-18.4408557271104,4.53346631699817));
#8673=CARTESIAN_POINT('Ctrl Pts',(-28.357311589304,-18.2801326100101,3.6319348651302));
#8674=CARTESIAN_POINT('Ctrl Pts',(-28.2000000000445,-18.1678547851362,3.01892336111427));
#8675=CARTESIAN_POINT('Origin',(-28.2,-16.9,0.3));
#8676=CARTESIAN_POINT('Origin',(-28.412132034356,-18.4616088716072,4.15082818782114));
#8677=CARTESIAN_POINT('Origin',(-28.2,-16.9,0.3));
#8678=CARTESIAN_POINT('',(-28.2,-18.6119168554697,3.97121754389166));
#8679=CARTESIAN_POINT('Origin',(-28.412132034356,-18.8461227008407,3.97152644458306));
#8680=CARTESIAN_POINT('',(-28.6793565851121,-19.65,5.06313972081442));
#8681=CARTESIAN_POINT('',(-28.5926506318133,-19.1525803775913,4.20158366198169));
#8682=CARTESIAN_POINT('',(-28.5608020341109,-18.9698695389214,3.88511920645093));
#8683=CARTESIAN_POINT('Ctrl Pts',(-28.5926506318137,-19.152580377591,4.20158366198142));
#8684=CARTESIAN_POINT('Ctrl Pts',(-28.3573115893038,-18.5652780468493,3.49896936423884));
#8685=CARTESIAN_POINT('Ctrl Pts',(-28.2000000000436,-18.1678547853002,3.01892336103098));
#8686=CARTESIAN_POINT('Origin',(-28.2,-16.9,0.3));
#8687=CARTESIAN_POINT('Origin',(-28.5,-16.9,0.3));
#8688=CARTESIAN_POINT('',(-28.2,-18.6207293090532,2.75745613286697));
#8689=CARTESIAN_POINT('Ctrl Pts',(-28.5926506318132,-19.1525803775912,4.20158366198147));
#8690=CARTESIAN_POINT('Ctrl Pts',(-28.3573115893092,-18.8377497120596,3.34165777500307));
#8691=CARTESIAN_POINT('Ctrl Pts',(-28.2000000000516,-18.6207293090705,2.75745613284662));
#8692=CARTESIAN_POINT('Origin',(-28.2,-16.9,0.3));
#8693=CARTESIAN_POINT('Origin',(-28.412132034356,-19.106573821255,3.82115492010111));
#8694=CARTESIAN_POINT('Origin',(-28.2,-16.9,0.3));
#8695=CARTESIAN_POINT('',(-28.2,-19.6281990204047,4.19627199298673));
#8696=CARTESIAN_POINT('Origin',(-28.412132034356,-19.4541106004587,3.57780704749753));
#8697=CARTESIAN_POINT('',(-28.6793565851121,-20.435331853276,4.51324443715438));
#8698=CARTESIAN_POINT('',(-28.5926506315288,-19.7958615125284,3.7511533613266));
#8699=CARTESIAN_POINT('',(-28.5608020341109,-19.5609729865725,3.47122411654387));
#8700=CARTESIAN_POINT('Ctrl Pts',(-28.5926506315288,-19.7958615125283,3.75115336132646));
#8701=CARTESIAN_POINT('Ctrl Pts',(-28.3573115891442,-19.0954739318076,3.16119733330327));
#8702=CARTESIAN_POINT('Ctrl Pts',(-28.1999999999441,-18.6207293091219,2.75745613280795));
#8703=CARTESIAN_POINT('Origin',(-28.2,-16.9,0.3));
#8704=CARTESIAN_POINT('Origin',(-28.5,-16.9,0.3));
#8705=CARTESIAN_POINT('',(-28.2,-19.0213203435597,2.42132034355964));
#8706=CARTESIAN_POINT('Ctrl Pts',(-28.592650631529,-19.7958615125283,3.75115336132636));
#8707=CARTESIAN_POINT('Ctrl Pts',(-28.3573115891383,-19.3364892692392,2.95896145253248));
#8708=CARTESIAN_POINT('Ctrl Pts',(-28.1999999999355,-19.0213203433672,2.42132034369136));
#8709=CARTESIAN_POINT('Origin',(-28.2,-16.9,0.3));
#8710=CARTESIAN_POINT('Origin',(-28.412132034356,-19.6844931419242,3.38449314192417));
#8711=CARTESIAN_POINT('Origin',(-28.2,-16.9,0.3));
#8712=CARTESIAN_POINT('',(-28.2,-20.7047465709621,4.10474657096209));
#8713=CARTESIAN_POINT('Origin',(-28.412132034356,-19.9844931419242,3.08449314192417));
#8714=CARTESIAN_POINT('',(-28.6793565851121,-21.1132444371544,3.83533185327597));
#8715=CARTESIAN_POINT('',(-28.5926506316295,-20.3511533616249,3.19586151277643));
#8716=CARTESIAN_POINT('',(-28.5608020341109,-20.0712241165439,2.96097298657245));
#8717=CARTESIAN_POINT('Ctrl Pts',(-28.5926506316305,-20.3511533616245,3.19586151277614));
#8718=CARTESIAN_POINT('Ctrl Pts',(-28.3573115891739,-19.5589614526088,2.73648926935846));
#8719=CARTESIAN_POINT('Ctrl Pts',(-28.1999999999398,-19.0213203436583,2.42132034342141));
#8720=CARTESIAN_POINT('Origin',(-28.2,-16.9,0.3));
#8721=CARTESIAN_POINT('Origin',(-28.5,-16.9,0.3));
#8722=CARTESIAN_POINT('',(-28.2,-19.357456132867,2.02072930905314));
#8723=CARTESIAN_POINT('Ctrl Pts',(-28.5926506316294,-20.3511533616248,3.19586151277625));
#8724=CARTESIAN_POINT('Ctrl Pts',(-28.3573115891791,-19.7611973334366,2.49547393185982));
#8725=CARTESIAN_POINT('Ctrl Pts',(-28.1999999999478,-19.3574561328583,2.02072930907779));
#8726=CARTESIAN_POINT('Origin',(-28.2,-16.9,0.3));
#8727=CARTESIAN_POINT('Origin',(-28.412132034356,-20.1778070474976,2.85411060045871));
#8728=CARTESIAN_POINT('Origin',(-28.2,-16.9,0.3));
#8729=CARTESIAN_POINT('',(-28.2,-21.7367125769234,3.6867026065155));
#8730=CARTESIAN_POINT('Origin',(-28.412132034356,-20.4211549201011,2.50657382125498));
#8731=CARTESIAN_POINT('',(-28.6793565851121,-21.6631397208144,3.05000000000001));
#8732=CARTESIAN_POINT('',(-28.5926506316224,-20.8015836617732,2.55258037738579));
#8733=CARTESIAN_POINT('',(-28.5608020341109,-20.4851192064509,2.36986953892134));
#8734=CARTESIAN_POINT('Ctrl Pts',(-28.5926506316228,-20.8015836617729,2.55258037738565));
#8735=CARTESIAN_POINT('Ctrl Pts',(-28.3573115891736,-19.9416577749853,2.2377497119208));
#8736=CARTESIAN_POINT('Ctrl Pts',(-28.1999999999429,-19.3574561329168,2.02072930896042));
#8737=CARTESIAN_POINT('Origin',(-28.2,-16.9,0.3));
#8738=CARTESIAN_POINT('Origin',(-28.5,-16.9,0.3));
#8739=CARTESIAN_POINT('',(-28.2,-19.61892336111,1.5678547852221));
#8740=CARTESIAN_POINT('Ctrl Pts',(-28.5926506316223,-20.801583661773,2.55258037738565));
#8741=CARTESIAN_POINT('Ctrl Pts',(-28.3573115891734,-20.098969364197,1.9652780467889));
#8742=CARTESIAN_POINT('Ctrl Pts',(-28.1999999999429,-19.6189233610597,1.56785478530542));
#8743=CARTESIAN_POINT('Origin',(-28.2,-16.9,0.3));
#8744=CARTESIAN_POINT('Origin',(-28.412132034356,-20.5715264445831,2.24612270084064));
#8745=CARTESIAN_POINT('Origin',(-28.2,-16.9,0.3));
#8746=CARTESIAN_POINT('',(-28.2,-22.6206046957434,2.96756177890257));
#8747=CARTESIAN_POINT('Origin',(-28.412132034356,-20.7508281878211,1.86160887160717));
#8748=CARTESIAN_POINT('',(-28.6793565851121,-22.0683094143225,2.18111078829118));
#8749=CARTESIAN_POINT('',(-28.5926506318581,-21.1334663175885,1.84085572730605));
#8750=CARTESIAN_POINT('',(-28.5608020341109,-20.7900822634278,1.71587415273462));
#8751=CARTESIAN_POINT('Ctrl Pts',(-28.5926506318581,-21.1334663175882,1.84085572730601));
#8752=CARTESIAN_POINT('Ctrl Pts',(-28.3573115892534,-20.2319348653384,1.68013261013413));
#8753=CARTESIAN_POINT('Ctrl Pts',(-28.1999999999488,-19.618923361124,1.56785478521733));
#8754=CARTESIAN_POINT('Origin',(-28.2,-16.9,0.3));
#8755=CARTESIAN_POINT('Origin',(-28.5,-16.9,0.3));
#8756=CARTESIAN_POINT('',(-28.2,-19.7977774788672,1.07645713530756));
#8757=CARTESIAN_POINT('Ctrl Pts',(-28.5926506319668,-21.1334663175616,1.84085572729623));
#8758=CARTESIAN_POINT('Ctrl Pts',(-28.3573115893621,-20.3395423299701,1.38448353084024));
#8759=CARTESIAN_POINT('Ctrl Pts',(-28.2000000000568,-19.7977774789112,1.07645713520116));
#8760=CARTESIAN_POINT('Origin',(-28.2,-16.9,0.3));
#8761=CARTESIAN_POINT('Origin',(-28.412132034356,-20.853688368532,1.57900284774313));
#8762=CARTESIAN_POINT('Origin',(-28.2,-16.9,0.3));
#8763=CARTESIAN_POINT('',(-28.2,-23.266130470896,2.00579951858774));
#8764=CARTESIAN_POINT('Origin',(-28.412132034356,-20.9634959896673,1.1691952266078));
#8765=CARTESIAN_POINT('',(-28.6793565851121,-22.3164426415672,1.25506497716812));
#8766=CARTESIAN_POINT('',(-28.5926506316816,-21.336717240102,1.08231295513047));
#8767=CARTESIAN_POINT('',(-28.5608020341109,-20.9768471393071,1.01885814688396));
#8768=CARTESIAN_POINT('Ctrl Pts',(-28.5926506316808,-21.3367172401019,1.0823129551305));
#8769=CARTESIAN_POINT('Ctrl Pts',(-28.3573115891914,-20.4209728003849,1.08058087704492));
#8770=CARTESIAN_POINT('Ctrl Pts',(-28.1999999999416,-19.7977774788829,1.07645713517434));
#8771=CARTESIAN_POINT('Origin',(-28.2,-16.9,0.3));
#8772=CARTESIAN_POINT('Origin',(-28.5,-16.9,0.3));
#8773=CARTESIAN_POINT('',(-28.2,-19.8885840942753,0.561467228242973));
#8774=CARTESIAN_POINT('Ctrl Pts',(-28.5926506316815,-21.3367172401017,1.0823129551304));
#8775=CARTESIAN_POINT('Ctrl Pts',(-28.357311589198,-20.4756065419958,0.770737531611893));
#8776=CARTESIAN_POINT('Ctrl Pts',(-28.199999999951,-19.8885840942892,0.561467228240627));
#8777=CARTESIAN_POINT('Origin',(-28.2,-16.9,0.3));
#8778=CARTESIAN_POINT('Origin',(-28.412132034356,-21.0157194720659,0.873021140323607));
#8779=CARTESIAN_POINT('Origin',(-28.2,-16.9,0.3));
#8780=CARTESIAN_POINT('',(-28.2,-23.6065921212064,0.886750781497859));
#8781=CARTESIAN_POINT('Origin',(-28.412132034356,-21.0526965220956,0.450371524481963));
#8782=CARTESIAN_POINT('',(-28.5926506318163,-21.405160755518,0.299999999887117));
#8783=CARTESIAN_POINT('',(-28.6793565851121,-22.4,0.3));
#8784=CARTESIAN_POINT('',(-29.6929590523293,-34.029784053953,0.3));
#8785=CARTESIAN_POINT('Ctrl Pts',(-28.5926506319248,-21.4051607554895,0.299999999887148));
#8786=CARTESIAN_POINT('Ctrl Pts',(-28.3573115893405,-20.5030277589277,0.457311589189833));
#8787=CARTESIAN_POINT('Ctrl Pts',(-28.2000000000451,-19.8885840942506,0.561467228165494));
#8788=CARTESIAN_POINT('Origin',(-28.2,-16.9,0.3));
#8789=CARTESIAN_POINT('Origin',(-28.5,-16.9,0.3));
#8790=CARTESIAN_POINT('',(-28.2,-19.8885840942753,0.0385327717570257));
#8791=CARTESIAN_POINT('Origin',(-28.2,-16.9,0.3));
#8792=CARTESIAN_POINT('Ctrl Pts',(-28.5926506319248,-21.4051607554895,0.300000000112851));
#8793=CARTESIAN_POINT('Ctrl Pts',(-28.3573115893405,-20.5030277589277,0.142688410810166));
#8794=CARTESIAN_POINT('Ctrl Pts',(-28.2000000000451,-19.8885840942506,0.0385327718345049));
#8795=CARTESIAN_POINT('Origin',(-28.412132034356,-12.7473034779044,0.450371524481958));
#8796=CARTESIAN_POINT('',(-28.5926506318648,-12.3948392442984,0.299999999964729));
#8797=CARTESIAN_POINT('',(-28.4668401494854,-13.8383526423728,0.299999999999999));
#8798=CARTESIAN_POINT('',(-28.2,-13.9114159057248,0.561467228242976));
#8799=CARTESIAN_POINT('',(-28.2,-19.4723841241257,0.0749455509049339));
#8800=CARTESIAN_POINT('Ctrl Pts',(-28.5926506318647,-12.3948392442986,0.299999999964769));
#8801=CARTESIAN_POINT('Ctrl Pts',(-28.3573115892575,-13.2969722409654,0.457311589281282));
#8802=CARTESIAN_POINT('Ctrl Pts',(-28.1999999999518,-13.9114159057093,0.561467228261477));
#8803=CARTESIAN_POINT('Origin',(-28.412132034356,-12.7842805279341,0.873021140323604));
#8804=CARTESIAN_POINT('',(-28.5926506318437,-12.4632827593162,1.08231295541471));
#8805=CARTESIAN_POINT('',(-28.5608020341109,-12.8231528606929,1.01885814688396));
#8806=CARTESIAN_POINT('Ctrl Pts',(-28.5926506318436,-12.4632827593164,1.08231295541464));
#8807=CARTESIAN_POINT('Ctrl Pts',(-28.3573115892471,-13.3243934578297,0.770737531746995));
#8808=CARTESIAN_POINT('Ctrl Pts',(-28.1999999999465,-13.9114159057325,0.561467228304835));
#8809=CARTESIAN_POINT('Origin',(-28.5,-16.9,0.3));
#8810=CARTESIAN_POINT('',(-28.2,-14.0022225211328,1.07645713530756));
#8811=CARTESIAN_POINT('Ctrl Pts',(-28.5926506318437,-12.4632827593164,1.08231295541471));
#8812=CARTESIAN_POINT('Ctrl Pts',(-28.3573115892559,-13.379027199422,1.08058087732678));
#8813=CARTESIAN_POINT('Ctrl Pts',(-28.1999999999592,-14.0022225211235,1.07645713545132));
#8814=CARTESIAN_POINT('Origin',(-28.2,-16.9,0.3));
#8815=CARTESIAN_POINT('Origin',(-28.412132034356,-12.8365040103327,1.1691952266078));
#8816=CARTESIAN_POINT('',(-28.2,-19.2575382917963,-0.331700481412281));
#8817=CARTESIAN_POINT('Origin',(-28.412132034356,-12.946311631468,1.57900284774312));
#8818=CARTESIAN_POINT('',(-28.5926506318013,-12.6665336826353,1.84085572727947));
#8819=CARTESIAN_POINT('',(-28.5608020341109,-13.0099177365722,1.71587415273462));
#8820=CARTESIAN_POINT('Ctrl Pts',(-28.5926506318012,-12.6665336826355,1.84085572727935));
#8821=CARTESIAN_POINT('Ctrl Pts',(-28.3573115892367,-13.4604576701038,1.38448353089791));
#8822=CARTESIAN_POINT('Ctrl Pts',(-28.1999999999511,-14.0022225211105,1.07645713529331));
#8823=CARTESIAN_POINT('Origin',(-28.5,-16.9,0.3));
#8824=CARTESIAN_POINT('',(-28.2,-14.1810766388901,1.5678547852221));
#8825=CARTESIAN_POINT('Ctrl Pts',(-28.5926506318014,-12.6665336826356,1.84085572727941));
#8826=CARTESIAN_POINT('Ctrl Pts',(-28.357311589236,-13.5680651347363,1.68013261013366));
#8827=CARTESIAN_POINT('Ctrl Pts',(-28.1999999999501,-14.1810766388787,1.5678547852299));
#8828=CARTESIAN_POINT('Origin',(-28.2,-16.9,0.3));
#8829=CARTESIAN_POINT('Origin',(-28.412132034356,-13.0491718121789,1.86160887160717));
#8830=CARTESIAN_POINT('',(-28.2,-18.8594273795413,-0.613695992678671));
#8831=CARTESIAN_POINT('Origin',(-28.412132034356,-13.2284735554169,2.24612270084064));
#8832=CARTESIAN_POINT('',(-28.5926506315543,-12.9984163384388,2.55258037722635));
#8833=CARTESIAN_POINT('',(-28.5608020341109,-13.3148807935491,2.36986953892134));
#8834=CARTESIAN_POINT('Ctrl Pts',(-28.5926506315542,-12.998416338439,2.5525803772262));
#8835=CARTESIAN_POINT('Ctrl Pts',(-28.3573115891514,-13.7010306358786,1.96527804674382));
#8836=CARTESIAN_POINT('Ctrl Pts',(-28.1999999999426,-14.1810766389488,1.56785478531572));
#8837=CARTESIAN_POINT('Origin',(-28.5,-16.9,0.3));
#8838=CARTESIAN_POINT('',(-28.2,-14.442543867133,2.02072930905314));
#8839=CARTESIAN_POINT('Ctrl Pts',(-28.5926506315543,-12.9984163384391,2.55258037722626));
#8840=CARTESIAN_POINT('Ctrl Pts',(-28.3573115891485,-13.8583422250671,2.2377497118201));
#8841=CARTESIAN_POINT('Ctrl Pts',(-28.1999999999384,-14.442543867056,2.02072930889035));
#8842=CARTESIAN_POINT('Origin',(-28.2,-16.9,0.3));
#8843=CARTESIAN_POINT('Origin',(-28.412132034356,-13.3788450798989,2.50657382125498));
#8844=CARTESIAN_POINT('',(-28.2,-18.3372315931241,-0.706360395658657));
#8845=CARTESIAN_POINT('Origin',(-28.412132034356,-13.6221929525025,2.85411060045871));
#8846=CARTESIAN_POINT('',(-28.5926506315668,-13.4488466384926,3.19586151254214));
#8847=CARTESIAN_POINT('',(-28.5608020341109,-13.7287758834561,2.96097298657245));
#8848=CARTESIAN_POINT('Ctrl Pts',(-28.5926506316764,-13.4488466385147,3.19586151252356));
#8849=CARTESIAN_POINT('Ctrl Pts',(-28.3573115892662,-14.0388026665934,2.49547393173273));
#8850=CARTESIAN_POINT('Ctrl Pts',(-28.2000000000531,-14.4425438671102,2.02072930901607));
#8851=CARTESIAN_POINT('Origin',(-28.5,-16.9,0.3));
#8852=CARTESIAN_POINT('',(-28.2,-14.7786796564404,2.42132034355964));
#8853=CARTESIAN_POINT('Ctrl Pts',(-28.5926506315667,-13.4488466384928,3.19586151254202));
#8854=CARTESIAN_POINT('Ctrl Pts',(-28.3573115891467,-14.2410385473829,2.73648926919829));
#8855=CARTESIAN_POINT('Ctrl Pts',(-28.19999999993,-14.7786796562685,2.42132034330136));
#8856=CARTESIAN_POINT('Origin',(-28.2,-16.9,0.3));
#8857=CARTESIAN_POINT('Origin',(-28.412132034356,-13.8155068580758,3.08449314192418));
#8858=CARTESIAN_POINT('',(-28.2,-17.7702534290379,-0.570253429037933));
#8859=CARTESIAN_POINT('Origin',(-28.412132034356,-14.1155068580758,3.38449314192417));
#8860=CARTESIAN_POINT('',(-28.5926506317922,-14.0041384867185,3.75115336200742));
#8861=CARTESIAN_POINT('',(-28.5608020341109,-14.2390270134276,3.47122411654386));
#8862=CARTESIAN_POINT('Ctrl Pts',(-28.5926506319001,-14.0041384867367,3.75115336198565));
#8863=CARTESIAN_POINT('Ctrl Pts',(-28.3573115893394,-14.463510730351,2.95896145262609));
#8864=CARTESIAN_POINT('Ctrl Pts',(-28.2000000000549,-14.7786796563827,2.42132034350979));
#8865=CARTESIAN_POINT('Origin',(-28.5,-16.9,0.3));
#8866=CARTESIAN_POINT('',(-28.2,-15.1792706909469,2.75745613286698));
#8867=CARTESIAN_POINT('Ctrl Pts',(-28.5926506317922,-14.0041384867187,3.75115336200727));
#8868=CARTESIAN_POINT('Ctrl Pts',(-28.3573115892311,-14.7045260679617,3.16119733354568));
#8869=CARTESIAN_POINT('Ctrl Pts',(-28.1999999999473,-15.1792706909013,2.75745613283394));
#8870=CARTESIAN_POINT('Origin',(-28.2,-16.9,0.3));
#8871=CARTESIAN_POINT('Origin',(-28.412132034356,-14.3458893995413,3.57780704749753));
#8872=CARTESIAN_POINT('',(-28.2,-17.2478568095478,-0.196791009187418));
#8873=CARTESIAN_POINT('Origin',(-28.412132034356,-14.693426178745,3.8211549201011));
#8874=CARTESIAN_POINT('',(-28.5926506318264,-14.6474196222144,4.20158366244641));
#8875=CARTESIAN_POINT('',(-28.5608020341109,-14.8301304610787,3.88511920645092));
#8876=CARTESIAN_POINT('Ctrl Pts',(-28.5926506318264,-14.6474196222145,4.2015836624462));
#8877=CARTESIAN_POINT('Ctrl Pts',(-28.3573115892447,-14.9622502878568,3.34165777517414));
#8878=CARTESIAN_POINT('Ctrl Pts',(-28.199999999951,-15.1792706909082,2.75745613286582));
#8879=CARTESIAN_POINT('Origin',(-28.5,-16.9,0.3));
#8880=CARTESIAN_POINT('',(-28.2,-15.6321452147779,3.01892336110995));
#8881=CARTESIAN_POINT('Ctrl Pts',(-28.5926506319371,-14.647419622229,4.20158366242121));
#8882=CARTESIAN_POINT('Ctrl Pts',(-28.35731158935,-15.2347219531645,3.49896936444582));
#8883=CARTESIAN_POINT('Ctrl Pts',(-28.200000000053,-15.6321452148098,3.01892336111895));
#8884=CARTESIAN_POINT('Origin',(-28.2,-16.9,0.3));
#8885=CARTESIAN_POINT('Origin',(-28.412132034356,-14.9538772991594,3.97152644458306));
#8886=CARTESIAN_POINT('',(-28.2,-16.8580510692458,0.38995977231042));
#8887=CARTESIAN_POINT('Origin',(-28.412132034356,-15.3383911283928,4.15082818782113));
#8888=CARTESIAN_POINT('',(-28.5926506318138,-15.3591442726142,4.53346631737657));
#8889=CARTESIAN_POINT('',(-28.5608020341109,-15.4841258472654,4.19008226342782));
#8890=CARTESIAN_POINT('Ctrl Pts',(-28.5926506319223,-15.359144272624,4.53346631734972));
#8891=CARTESIAN_POINT('Ctrl Pts',(-28.3573115893479,-15.5198673897713,3.631934865224));
#8892=CARTESIAN_POINT('Ctrl Pts',(-28.2000000000568,-15.6321452146721,3.01892336107597));
#8893=CARTESIAN_POINT('Origin',(-28.5,-16.9,0.3));
#8894=CARTESIAN_POINT('',(-28.2,-16.1235428646924,3.1977774788672));
#8895=CARTESIAN_POINT('Ctrl Pts',(-28.5926506318138,-15.3591442726144,4.53346631737637));
#8896=CARTESIAN_POINT('Ctrl Pts',(-28.3573115892371,-15.8155164690183,3.73954232987077));
#8897=CARTESIAN_POINT('Ctrl Pts',(-28.199999999946,-16.1235428646328,3.19777747884896));
#8898=CARTESIAN_POINT('Origin',(-28.2,-16.9,0.3));
#8899=CARTESIAN_POINT('Origin',(-28.412132034356,-15.6209971522569,4.25368836853197));
#8900=CARTESIAN_POINT('',(-28.2,-16.6761161000662,1.13554608954981));
#8901=CARTESIAN_POINT('Origin',(-28.412132034356,-16.0308047733922,4.3634959896673));
#8902=CARTESIAN_POINT('',(-28.5926506315782,-16.1176870448455,4.7367172396976));
#8903=CARTESIAN_POINT('',(-28.5608020341109,-16.1811418531161,4.37684713930708));
#8904=CARTESIAN_POINT('Ctrl Pts',(-28.5926506315782,-16.1176870448455,4.73671723969737));
#8905=CARTESIAN_POINT('Ctrl Pts',(-28.3573115891595,-16.1194191229315,3.82097280025265));
#8906=CARTESIAN_POINT('Ctrl Pts',(-28.1999999999432,-16.1235428648015,3.19777747888226));
#8907=CARTESIAN_POINT('Origin',(-28.5,-16.9,0.3));
#8908=CARTESIAN_POINT('Ctrl Pts',(-28.5926506315774,-16.1176870448456,4.73671723969757));
#8909=CARTESIAN_POINT('Ctrl Pts',(-28.357311589157,-16.4292624682803,3.87560654182556));
#8910=CARTESIAN_POINT('Ctrl Pts',(-28.19999999994,-16.6385327716109,3.28858409423922));
#8911=CARTESIAN_POINT('Origin',(-28.2,-16.9,0.3));
#8912=CARTESIAN_POINT('Origin',(-28.412132034356,-16.3269788596764,4.41571947206588));
#8913=CARTESIAN_POINT('Origin',(-28.5,-16.9,0.3));
#8914=CARTESIAN_POINT('',(-28.5,-18.3696938456699,5.6));
#8915=CARTESIAN_POINT('Origin',(-28.5,-16.9,0.3));
#8916=CARTESIAN_POINT('Origin',(-28.5,-16.9,0.3));
#8917=CARTESIAN_POINT('Origin',(-28.5,-16.9,0.3));
#8918=CARTESIAN_POINT('Origin',(-28.5,-16.9,0.3));
#8919=CARTESIAN_POINT('Origin',(-28.5,-16.9,0.3));
#8920=CARTESIAN_POINT('Origin',(-28.5,-16.9,0.3));
#8921=CARTESIAN_POINT('Origin',(-28.5,-16.9,0.3));
#8922=CARTESIAN_POINT('Origin',(-28.2,-16.9,0.299999999999998));
#8923=CARTESIAN_POINT('Origin',(-28.5,-16.9,0.3));
#8924=CARTESIAN_POINT('',(-28.2,-13.9114159057248,0.038532771757023));
#8925=CARTESIAN_POINT('Origin',(-28.2,-16.9,0.3));
#8926=CARTESIAN_POINT('Ctrl Pts',(-28.5926506318647,-12.3948392442986,0.30000000003523));
#8927=CARTESIAN_POINT('Ctrl Pts',(-28.3573115892575,-13.2969722409654,0.142688410718716));
#8928=CARTESIAN_POINT('Ctrl Pts',(-28.1999999999518,-13.9114159057093,0.0385327717385214));
#8929=CARTESIAN_POINT('Origin',(-32.2,-16.9,5.6));
#8930=CARTESIAN_POINT('',(-31.2,-23.075,5.60000000000001));
#8931=CARTESIAN_POINT('',(-28.241576155144,-30.8183180808228,5.60000000000002));
#8932=CARTESIAN_POINT('Origin',(-30.2,-32.8331586423245,5.60000000000002));
#8933=CARTESIAN_POINT('',(-28.0693865079939,-32.5109655352704,5.60000000000002));
#8934=CARTESIAN_POINT('Ctrl Pts',(-28.241576155144,-30.8183180808228,5.60000000000002));
#8935=CARTESIAN_POINT('Ctrl Pts',(-28.2179716400832,-31.384265179116,5.60000000000002));
#8936=CARTESIAN_POINT('Ctrl Pts',(-28.1611882295152,-31.9485533346634,5.60000000000002));
#8937=CARTESIAN_POINT('Ctrl Pts',(-28.0693865079939,-32.5109655352704,5.60000000000002));
#8938=CARTESIAN_POINT('Origin',(-18.2,-30.9,5.59999999999998));
#8939=CARTESIAN_POINT('Origin',(-18.2,-30.9,4.79999999999999));
#8940=CARTESIAN_POINT('',(-26.4951200149095,-36.4848888922026,-2.59103988868064));
#8941=CARTESIAN_POINT('',(-27.6644343422694,-34.1286967310159,-5.39904036161723));
#8942=CARTESIAN_POINT('Origin',(-18.2,-30.9,-9.24685129020261));
#8943=CARTESIAN_POINT('',(-28.0693865079939,-32.5109655352704,-5.00000000000002));
#8944=CARTESIAN_POINT('Origin',(-18.2,-30.9,-4.6026285013));
#8945=CARTESIAN_POINT('Origin',(-18.2,-30.9,-4.99999999999998));
#8946=CARTESIAN_POINT('',(-23.4632134265435,-39.4028574271625,7.30000000000003));
#8947=CARTESIAN_POINT('Origin',(-18.2,-30.9,5.2026285013));
#8948=CARTESIAN_POINT('',(-18.2,-40.9,7.3));
#8949=CARTESIAN_POINT('Origin',(-18.2,-30.9,7.30000000000001));
#8950=CARTESIAN_POINT('',(-18.2,-40.9,-4.19800891289699));
#8951=CARTESIAN_POINT('',(-18.2,-40.9,4.79999999999998));
#8952=CARTESIAN_POINT('Ctrl Pts',(-18.2,-40.9,-4.19800891289699));
#8953=CARTESIAN_POINT('Ctrl Pts',(-19.3153405587534,-40.9,-3.64033863352029));
#8954=CARTESIAN_POINT('Ctrl Pts',(-20.5157272982241,-40.7039780416028,-3.03566595346561));
#8955=CARTESIAN_POINT('Ctrl Pts',(-22.2284581919358,-40.0728845407839,-2.31288977763471));
#8956=CARTESIAN_POINT('Ctrl Pts',(-22.7850022432832,-39.8082909441118,-2.10287597397908));
#8957=CARTESIAN_POINT('Ctrl Pts',(-23.8442756087549,-39.1778044421534,-1.79636667818764));
#8958=CARTESIAN_POINT('Ctrl Pts',(-24.3467575325174,-38.812402733182,-1.698008912897));
#8959=CARTESIAN_POINT('Ctrl Pts',(-25.1344475528087,-38.1177254318826,-1.698008912897));
#8960=CARTESIAN_POINT('Ctrl Pts',(-25.4620000863468,-37.788458744481,-1.74845843848315));
#8961=CARTESIAN_POINT('Ctrl Pts',(-26.0302700883507,-37.1349318606166,-2.01308669033933));
#8962=CARTESIAN_POINT('Ctrl Pts',(-26.2715852428748,-36.811807639642,-2.22878360417975));
#8963=CARTESIAN_POINT('Ctrl Pts',(-26.4654762717084,-36.5287323890195,-2.53986268227607));
#8964=CARTESIAN_POINT('Ctrl Pts',(-26.480450420665,-36.5066773372687,-2.56507343099603));
#8965=CARTESIAN_POINT('Ctrl Pts',(-26.4951200149095,-36.4848888922026,-2.59103988868064));
#8966=CARTESIAN_POINT('Origin',(-30.2,-24.3871478036465,3.86387554982735));
#8967=CARTESIAN_POINT('Origin',(-30.2,-30.9,5.2026285013));
#8968=CARTESIAN_POINT('Ctrl Pts',(-23.3875891382738,-39.4492057486333,7.31143258596282));
#8969=CARTESIAN_POINT('Ctrl Pts',(-24.6399228572418,-38.6892997422711,7.12398910439349));
#8970=CARTESIAN_POINT('Ctrl Pts',(-27.1683282823157,-36.2644699803732,6.52586442979201));
#8971=CARTESIAN_POINT('Ctrl Pts',(-28.2,-32.8531385032163,5.68440266542668));
#8972=CARTESIAN_POINT('Ctrl Pts',(-28.2,-30.9,5.2026285013));
#8973=CARTESIAN_POINT('Ctrl Pts',(-23.4358595609597,-39.4199156452263,7.84092597419063));
#8974=CARTESIAN_POINT('Ctrl Pts',(-24.6953773830612,-38.645739770948,7.65800735277364));
#8975=CARTESIAN_POINT('Ctrl Pts',(-27.2277251113297,-36.1776603380912,7.07424931523829));
#8976=CARTESIAN_POINT('Ctrl Pts',(-28.2242642846553,-32.7344667617436,6.25554485064119));
#8977=CARTESIAN_POINT('Ctrl Pts',(-28.2,-30.7795149413735,5.78877202975361));
#8978=CARTESIAN_POINT('Ctrl Pts',(-23.7233614120273,-39.7045137012857,8.76139857076433));
#8979=CARTESIAN_POINT('Ctrl Pts',(-25.0510054812563,-38.88319288304,8.58582736435442));
#8980=CARTESIAN_POINT('Ctrl Pts',(-27.7128899765336,-36.2669731701599,8.02642177338885));
#8981=CARTESIAN_POINT('Ctrl Pts',(-28.7393766473627,-32.6304250325294,7.24659579909734));
#8982=CARTESIAN_POINT('Ctrl Pts',(-28.7019478736218,-30.5708918753327,6.80369505373594));
#8983=CARTESIAN_POINT('Ctrl Pts',(-24.2147901626621,-40.4238021692561,9.20211489034706));
#8984=CARTESIAN_POINT('Ctrl Pts',(-25.6651535597699,-39.5386485961029,9.02021559423036));
#8985=CARTESIAN_POINT('Ctrl Pts',(-28.5877103251785,-36.7156347317646,8.4398727112889));
#8986=CARTESIAN_POINT('Ctrl Pts',(-29.762316802248,-32.7572208818446,7.62600310797696));
#8987=CARTESIAN_POINT('Ctrl Pts',(-29.7512010494872,-30.4973083543682,7.16166893950906));
#8988=CARTESIAN_POINT('Ctrl Pts',(-24.4251069659285,-40.7563552527281,9.27047302417187));
#8989=CARTESIAN_POINT('Ctrl Pts',(-25.9279074286902,-39.8444680450935,9.08302954260254));
#8990=CARTESIAN_POINT('Ctrl Pts',(-28.9619939387788,-36.934672330816,8.48490486800106));
#8991=CARTESIAN_POINT('Ctrl Pts',(-30.2,-32.8410745582277,7.64344310363573));
#8992=CARTESIAN_POINT('Ctrl Pts',(-30.2,-30.4973083543682,7.16166893950906));
#8993=CARTESIAN_POINT('Ctrl Pts',(-23.4632113971139,-39.4028525762705,7.29999880344665));
#8994=CARTESIAN_POINT('Ctrl Pts',(-23.4633162835858,-39.4027876037265,7.30229031971072));
#8995=CARTESIAN_POINT('Ctrl Pts',(-23.4634233470825,-39.4027261655442,7.30458176931886));
#8996=CARTESIAN_POINT('Ctrl Pts',(-23.4635325843616,-39.4026682573379,7.30687314336612));
#8997=CARTESIAN_POINT('Ctrl Pts',(-23.4670377918523,-39.4008100979275,7.38039878899417));
#8998=CARTESIAN_POINT('Ctrl Pts',(-23.4727723816901,-39.4025860951099,7.45369157318001));
#8999=CARTESIAN_POINT('Ctrl Pts',(-23.4806146224633,-39.4078299689223,7.52646030259748));
#9000=CARTESIAN_POINT('Ctrl Pts',(-23.4886292032004,-39.4131890813572,7.60082818722693));
#9001=CARTESIAN_POINT('Ctrl Pts',(-23.4988452428408,-39.4221703002339,7.67464961535371));
#9002=CARTESIAN_POINT('Ctrl Pts',(-23.5111634901982,-39.4346410949091,7.74761035756863));
#9003=CARTESIAN_POINT('Ctrl Pts',(-23.520595797006,-39.4441902099821,7.80347772940525));
#9004=CARTESIAN_POINT('Ctrl Pts',(-23.5312613372033,-39.4557862996105,7.8588405038798));
#9005=CARTESIAN_POINT('Ctrl Pts',(-23.5431263751792,-39.4693862485587,7.91355127767155));
#9006=CARTESIAN_POINT('Ctrl Pts',(-23.5586032179447,-39.4871261219514,7.98491641323012));
#9007=CARTESIAN_POINT('Ctrl Pts',(-23.5760544451051,-39.5081976161788,8.05486705089068));
#9008=CARTESIAN_POINT('Ctrl Pts',(-23.5953709797826,-39.532459396216,8.12309539365344));
#9009=CARTESIAN_POINT('Ctrl Pts',(-23.6146318484725,-39.5566512591604,8.19112711739812));
#9010=CARTESIAN_POINT('Ctrl Pts',(-23.6357475932736,-39.5840153566915,8.25744733524497));
#9011=CARTESIAN_POINT('Ctrl Pts',(-23.6586364204739,-39.6144512483946,8.32173226722634));
#9012=CARTESIAN_POINT('Ctrl Pts',(-23.6758039505656,-39.6372793768132,8.36994852114692));
#9013=CARTESIAN_POINT('Ctrl Pts',(-23.6939695084984,-39.6618364078545,8.41701950878459));
#9014=CARTESIAN_POINT('Ctrl Pts',(-23.7131068398393,-39.6880931485209,8.46279719005939));
#9015=CARTESIAN_POINT('Ctrl Pts',(-23.738697866761,-39.7232044681349,8.52401251068312));
#9016=CARTESIAN_POINT('Ctrl Pts',(-23.7659012334108,-39.7611816770995,8.58261634020812));
#9017=CARTESIAN_POINT('Ctrl Pts',(-23.7946158962702,-39.8019060693657,8.63830184176727));
#9018=CARTESIAN_POINT('Ctrl Pts',(-23.8116216192408,-39.8260243303537,8.67128054040736));
#9019=CARTESIAN_POINT('Ctrl Pts',(-23.8291578919502,-39.8511068913819,8.70323527436173));
#9020=CARTESIAN_POINT('Ctrl Pts',(-23.8472074284377,-39.8771352510972,8.73409749709627));
#9021=CARTESIAN_POINT('Ctrl Pts',(-23.877622094184,-39.920994763014,8.78610238870722));
#9022=CARTESIAN_POINT('Ctrl Pts',(-23.9094933786699,-39.967538384376,8.83500755703233));
#9023=CARTESIAN_POINT('Ctrl Pts',(-23.942642502531,-40.0164786151675,8.88066406371199));
#9024=CARTESIAN_POINT('Ctrl Pts',(-23.9716628984219,-40.0593233334325,8.92063404615824));
#9025=CARTESIAN_POINT('Ctrl Pts',(-24.0016631608143,-40.10400565508,8.95811383353137));
#9026=CARTESIAN_POINT('Ctrl Pts',(-24.0325306976385,-40.1503473490158,8.99297512162599));
#9027=CARTESIAN_POINT('Ctrl Pts',(-24.067695961006,-40.2031412561366,9.03269019134985));
#9028=CARTESIAN_POINT('Ctrl Pts',(-24.1037921825823,-40.2577999880004,9.06879043808137));
#9029=CARTESIAN_POINT('Ctrl Pts',(-24.1406257732152,-40.3140213495168,9.10116084638192));
#9030=CARTESIAN_POINT('Ctrl Pts',(-24.1775959068443,-40.3704511249569,9.13365125255558));
#9031=CARTESIAN_POINT('Ctrl Pts',(-24.2153094318535,-40.428455874223,9.16238456600051));
#9032=CARTESIAN_POINT('Ctrl Pts',(-24.2535819271538,-40.4877565715474,9.18720066590956));
#9033=CARTESIAN_POINT('Ctrl Pts',(-24.291167621184,-40.545993115779,9.21157144003562));
#9034=CARTESIAN_POINT('Ctrl Pts',(-24.3292929249241,-40.605480258356,9.23216460585416));
#9035=CARTESIAN_POINT('Ctrl Pts',(-24.367786136229,-40.6659681800598,9.24878119133143));
#9036=CARTESIAN_POINT('Ctrl Pts',(-24.3868102313989,-40.6958624897345,9.25699343169284));
#9037=CARTESIAN_POINT('Ctrl Pts',(-24.4059241870299,-40.726001398208,9.26423362074274));
#9038=CARTESIAN_POINT('Ctrl Pts',(-24.4251069659285,-40.7563552527281,9.27047302417187));
#9039=CARTESIAN_POINT('Origin',(-18.2,-30.9,7.30000000000001));
#9040=CARTESIAN_POINT('',(-18.2,-42.9,9.3));
#9041=CARTESIAN_POINT('Origin',(-18.2,-30.9,9.29999999999998));
#9042=CARTESIAN_POINT('Origin',(-18.2,-42.9,7.3));
#9043=CARTESIAN_POINT('Origin',(-30.2,-42.9,7.3));
#9044=CARTESIAN_POINT('',(-30.2,-40.9,7.3));
#9045=CARTESIAN_POINT('',(30.2,-42.9,9.3));
#9046=CARTESIAN_POINT('Origin',(-31.2,-23.075,4.60000000000001));
#9047=CARTESIAN_POINT('',(-32.2,-16.9,4.6));
#9048=CARTESIAN_POINT('Origin',(-31.2,-16.9,4.6));
#9049=CARTESIAN_POINT('',(-32.2,-23.0017144562971,4.60000000000001));
#9050=CARTESIAN_POINT('',(-32.2,-23.075,4.60000000000001));
#9051=CARTESIAN_POINT('Origin',(-31.2,-23.0017144562971,4.60000000000001));
#9052=CARTESIAN_POINT('Origin',(-31.2,-16.9,0.3));
#9053=CARTESIAN_POINT('',(-32.2,-16.9,-4.));
#9054=CARTESIAN_POINT('Origin',(-32.2,-16.9,0.3));
#9055=CARTESIAN_POINT('Origin',(-31.2,-16.9,-4.));
#9056=CARTESIAN_POINT('Origin',(-31.2,-26.0687419553634,5.23044454147473));
#9057=CARTESIAN_POINT('',(-32.2,-41.0017144562974,8.29999999999999));
#9058=CARTESIAN_POINT('',(-32.2,-26.0687419553634,5.23044454147473));
#9059=CARTESIAN_POINT('Origin',(-31.2,-41.0017144562974,8.29999999999999));
#9060=CARTESIAN_POINT('Origin',(-32.2,-22.8999999999997,-5.00000000000001));
#9061=CARTESIAN_POINT('',(-29.984276424976,-32.7624417146371,-7.02727968578654));
#9062=CARTESIAN_POINT('',(-31.2,-32.7624417146371,-7.02727968578654));
#9063=CARTESIAN_POINT('',(-16.1,-32.7624417146371,-7.02727968578654));
#9064=CARTESIAN_POINT('',(-31.2,-22.8999999999997,-5.00000000000001));
#9065=CARTESIAN_POINT('',(-31.2,-25.8673961325474,-5.60996476057926));
#9066=CARTESIAN_POINT('',(-30.2,-22.8999999999997,-5.00000000000001));
#9067=CARTESIAN_POINT('',(-32.2,-22.8999999999997,-5.00000000000001));
#9068=CARTESIAN_POINT('',(-30.2,-30.4973083543682,-6.56166893950905));
#9069=CARTESIAN_POINT('',(-30.2,-23.9844561580146,-5.22291598803641));
#9070=CARTESIAN_POINT('Origin',(-18.2,-30.4973083543682,-6.56166893950905));
#9071=CARTESIAN_POINT('Origin',(-28.412132034356,-16.7496284755181,-3.85269652209561));
#9072=CARTESIAN_POINT('',(-28.5926506320009,-16.8999999999638,-4.2051607562268));
#9073=CARTESIAN_POINT('',(-28.5608020341109,-16.9,-3.83973907784268));
#9074=CARTESIAN_POINT('',(-28.2,-16.638532771757,-2.68858409427524));
#9075=CARTESIAN_POINT('',(-28.2,-16.7546637111326,-1.36120138324392));
#9076=CARTESIAN_POINT('Ctrl Pts',(-28.5926506320009,-16.8999999999638,-4.20516075622658));
#9077=CARTESIAN_POINT('Ctrl Pts',(-28.3573115893074,-16.7426884105898,-3.30302775922667));
#9078=CARTESIAN_POINT('Ctrl Pts',(-28.1999999999607,-16.6385327715832,-2.68858409431479));
#9079=CARTESIAN_POINT('Origin',(-28.5,-16.9,0.299999999999999));
#9080=CARTESIAN_POINT('',(-28.2,-17.161467228243,-2.68858409427524));
#9081=CARTESIAN_POINT('Origin',(-28.2,-16.9,0.299999999999999));
#9082=CARTESIAN_POINT('Ctrl Pts',(-28.592650632001,-16.8999999999639,-4.20516075622653));
#9083=CARTESIAN_POINT('Ctrl Pts',(-28.3573115893046,-17.05731158934,-3.30302775921778));
#9084=CARTESIAN_POINT('Ctrl Pts',(-28.1999999999565,-17.1614672283479,-2.68858409430416));
#9085=CARTESIAN_POINT('Origin',(-28.412132034356,-17.050371524482,-3.85269652209561));
#9086=CARTESIAN_POINT('',(-28.2,-17.3636899166874,-5.));
#9087=CARTESIAN_POINT('',(-29.4432689414434,-16.1156718898651,-5.));
#9088=CARTESIAN_POINT('',(-28.2,-17.1163600435354,-2.17300661383682));
#9089=CARTESIAN_POINT('Origin',(-28.412132034356,-17.4730211403236,-3.81571947206588));
#9090=CARTESIAN_POINT('',(-28.6690513809926,-17.8345329977549,-5.));
#9091=CARTESIAN_POINT('',(-29.1604292465846,-18.3277878469659,-5.));
#9092=CARTESIAN_POINT('',(-28.5926506314744,-17.6823129550791,-4.13671723930274));
#9093=CARTESIAN_POINT('Ctrl Pts',(-28.5926506314734,-17.6823129550791,-4.13671723930278));
#9094=CARTESIAN_POINT('Ctrl Pts',(-28.3573115891214,-17.3707375317349,-3.27560654168109));
#9095=CARTESIAN_POINT('Ctrl Pts',(-28.1999999999369,-17.1614672284479,-2.68858409421911));
#9096=CARTESIAN_POINT('',(-28.5608020341109,-17.618858146884,-3.77684713930708));
#9097=CARTESIAN_POINT('Origin',(-28.5,-16.9,0.299999999999998));
#9098=CARTESIAN_POINT('',(-28.2,-17.6764571353076,-2.59777747886721));
#9099=CARTESIAN_POINT('Origin',(-28.2,-16.9,0.299999999999998));
#9100=CARTESIAN_POINT('Ctrl Pts',(-28.5926506314744,-17.6823129550791,-4.13671723930251));
#9101=CARTESIAN_POINT('Ctrl Pts',(-28.3573115891237,-17.6805808769937,-3.22097280012268));
#9102=CARTESIAN_POINT('Ctrl Pts',(-28.1999999999397,-17.6764571351255,-2.59777747888363));
#9103=CARTESIAN_POINT('Origin',(-28.412132034356,-17.7691952266078,-3.7634959896673));
#9104=CARTESIAN_POINT('',(-28.2,-18.3201307198849,-5.));
#9105=CARTESIAN_POINT('',(-29.7090114113088,-16.75788714979,-5.));
#9106=CARTESIAN_POINT('',(-28.2,-17.7502151372416,-2.87304608954982));
#9107=CARTESIAN_POINT('Origin',(-28.412132034356,-18.1790028477431,-3.65368836853197));
#9108=CARTESIAN_POINT('',(-28.2478743032273,-18.3696938456699,-5.00000000000001));
#9109=CARTESIAN_POINT('',(-28.8264606259897,-18.9686904839369,-5.));
#9110=CARTESIAN_POINT('',(-28.5926506317037,-18.4408557271201,-3.93346631702501));
#9111=CARTESIAN_POINT('Ctrl Pts',(-28.5926506317037,-18.44085572712,-3.93346631702481));
#9112=CARTESIAN_POINT('Ctrl Pts',(-28.3573115892038,-17.9844835308639,-3.13954232977408));
#9113=CARTESIAN_POINT('Ctrl Pts',(-28.1999999999491,-17.67645713532,-2.59777747887495));
#9114=CARTESIAN_POINT('',(-28.6793565851121,-18.7811107882912,-4.8683094143225));
#9115=CARTESIAN_POINT('',(-28.5608020341109,-18.3158741527346,-3.59008226342783));
#9116=CARTESIAN_POINT('Origin',(-28.2,-16.9,0.299999999999998));
#9117=CARTESIAN_POINT('Origin',(-28.5,-16.9,0.299999999999998));
#9118=CARTESIAN_POINT('',(-28.2,-18.1678547852221,-2.41892336110995));
#9119=CARTESIAN_POINT('Origin',(-28.2,-16.9,0.299999999999998));
#9120=CARTESIAN_POINT('Ctrl Pts',(-28.5926506318122,-18.4408557271104,-3.93346631699817));
#9121=CARTESIAN_POINT('Ctrl Pts',(-28.357311589304,-18.2801326100101,-3.0319348651302));
#9122=CARTESIAN_POINT('Ctrl Pts',(-28.2000000000445,-18.1678547851362,-2.41892336111427));
#9123=CARTESIAN_POINT('Origin',(-28.412132034356,-18.4616088716072,-3.55082818782114));
#9124=CARTESIAN_POINT('',(-28.2,-18.6119168554697,-3.37121754389166));
#9125=CARTESIAN_POINT('Origin',(-28.2,-16.9,0.299999999999998));
#9126=CARTESIAN_POINT('Origin',(-28.412132034356,-18.8461227008407,-3.37152644458306));
#9127=CARTESIAN_POINT('',(-28.6793565851121,-19.65,-4.46313972081442));
#9128=CARTESIAN_POINT('',(-28.5926506318133,-19.1525803775913,-3.60158366198169));
#9129=CARTESIAN_POINT('',(-28.5608020341109,-18.9698695389214,-3.28511920645093));
#9130=CARTESIAN_POINT('Origin',(-28.2,-16.9,0.299999999999998));
#9131=CARTESIAN_POINT('Ctrl Pts',(-28.5926506318137,-19.152580377591,-3.60158366198142));
#9132=CARTESIAN_POINT('Ctrl Pts',(-28.3573115893038,-18.5652780468493,-2.89896936423884));
#9133=CARTESIAN_POINT('Ctrl Pts',(-28.2000000000436,-18.1678547853002,-2.41892336103098));
#9134=CARTESIAN_POINT('Origin',(-28.5,-16.9,0.299999999999998));
#9135=CARTESIAN_POINT('',(-28.2,-18.6207293090532,-2.15745613286698));
#9136=CARTESIAN_POINT('Origin',(-28.2,-16.9,0.299999999999998));
#9137=CARTESIAN_POINT('Ctrl Pts',(-28.5926506318132,-19.1525803775912,-3.60158366198147));
#9138=CARTESIAN_POINT('Ctrl Pts',(-28.3573115893092,-18.8377497120596,-2.74165777500307));
#9139=CARTESIAN_POINT('Ctrl Pts',(-28.2000000000516,-18.6207293090705,-2.15745613284663));
#9140=CARTESIAN_POINT('Origin',(-28.412132034356,-19.106573821255,-3.22115492010111));
#9141=CARTESIAN_POINT('',(-28.2,-19.6281990204047,-3.59627199298673));
#9142=CARTESIAN_POINT('Origin',(-28.2,-16.9,0.299999999999998));
#9143=CARTESIAN_POINT('Origin',(-28.412132034356,-19.4541106004587,-2.97780704749753));
#9144=CARTESIAN_POINT('',(-28.6793565851121,-20.435331853276,-3.91324443715438));
#9145=CARTESIAN_POINT('',(-28.5926506315288,-19.7958615125284,-3.1511533613266));
#9146=CARTESIAN_POINT('',(-28.5608020341109,-19.5609729865725,-2.87122411654387));
#9147=CARTESIAN_POINT('Origin',(-28.2,-16.9,0.299999999999998));
#9148=CARTESIAN_POINT('Ctrl Pts',(-28.5926506315288,-19.7958615125283,-3.15115336132646));
#9149=CARTESIAN_POINT('Ctrl Pts',(-28.3573115891442,-19.0954739318076,-2.56119733330327));
#9150=CARTESIAN_POINT('Ctrl Pts',(-28.1999999999441,-18.6207293091219,-2.15745613280795));
#9151=CARTESIAN_POINT('Origin',(-28.5,-16.9,0.299999999999998));
#9152=CARTESIAN_POINT('',(-28.2,-19.0213203435597,-1.82132034355964));
#9153=CARTESIAN_POINT('Origin',(-28.2,-16.9,0.299999999999998));
#9154=CARTESIAN_POINT('Ctrl Pts',(-28.592650631529,-19.7958615125283,-3.15115336132636));
#9155=CARTESIAN_POINT('Ctrl Pts',(-28.3573115891383,-19.3364892692392,-2.35896145253248));
#9156=CARTESIAN_POINT('Ctrl Pts',(-28.1999999999355,-19.0213203433672,-1.82132034369136));
#9157=CARTESIAN_POINT('Origin',(-28.412132034356,-19.6844931419242,-2.78449314192417));
#9158=CARTESIAN_POINT('',(-28.2,-20.7047465709621,-3.50474657096209));
#9159=CARTESIAN_POINT('Origin',(-28.2,-16.9,0.299999999999998));
#9160=CARTESIAN_POINT('Origin',(-28.412132034356,-19.9844931419242,-2.48449314192418));
#9161=CARTESIAN_POINT('',(-28.6793565851121,-21.1132444371544,-3.23533185327597));
#9162=CARTESIAN_POINT('',(-28.5926506316295,-20.3511533616249,-2.59586151277643));
#9163=CARTESIAN_POINT('',(-28.5608020341109,-20.0712241165439,-2.36097298657245));
#9164=CARTESIAN_POINT('Origin',(-28.2,-16.9,0.299999999999998));
#9165=CARTESIAN_POINT('Ctrl Pts',(-28.5926506316305,-20.3511533616245,-2.59586151277614));
#9166=CARTESIAN_POINT('Ctrl Pts',(-28.3573115891739,-19.5589614526088,-2.13648926935846));
#9167=CARTESIAN_POINT('Ctrl Pts',(-28.1999999999398,-19.0213203436583,-1.82132034342141));
#9168=CARTESIAN_POINT('Origin',(-28.5,-16.9,0.299999999999998));
#9169=CARTESIAN_POINT('',(-28.2,-19.357456132867,-1.42072930905314));
#9170=CARTESIAN_POINT('Origin',(-28.2,-16.9,0.299999999999998));
#9171=CARTESIAN_POINT('Ctrl Pts',(-28.5926506316294,-20.3511533616248,-2.59586151277625));
#9172=CARTESIAN_POINT('Ctrl Pts',(-28.3573115891791,-19.7611973334366,-1.89547393185982));
#9173=CARTESIAN_POINT('Ctrl Pts',(-28.1999999999478,-19.3574561328583,-1.42072930907779));
#9174=CARTESIAN_POINT('Origin',(-28.412132034356,-20.1778070474976,-2.25411060045871));
#9175=CARTESIAN_POINT('',(-28.2,-21.7367125769234,-3.0867026065155));
#9176=CARTESIAN_POINT('Origin',(-28.2,-16.9,0.299999999999998));
#9177=CARTESIAN_POINT('Origin',(-28.412132034356,-20.4211549201011,-1.90657382125498));
#9178=CARTESIAN_POINT('',(-28.6793565851121,-21.6631397208144,-2.45000000000001));
#9179=CARTESIAN_POINT('',(-28.5926506316224,-20.8015836617732,-1.95258037738579));
#9180=CARTESIAN_POINT('',(-28.5608020341109,-20.4851192064509,-1.76986953892135));
#9181=CARTESIAN_POINT('Origin',(-28.2,-16.9,0.299999999999998));
#9182=CARTESIAN_POINT('Ctrl Pts',(-28.5926506316228,-20.8015836617729,-1.95258037738565));
#9183=CARTESIAN_POINT('Ctrl Pts',(-28.3573115891736,-19.9416577749853,-1.6377497119208));
#9184=CARTESIAN_POINT('Ctrl Pts',(-28.1999999999429,-19.3574561329168,-1.42072930896042));
#9185=CARTESIAN_POINT('Origin',(-28.5,-16.9,0.299999999999998));
#9186=CARTESIAN_POINT('',(-28.2,-19.61892336111,-0.967854785222101));
#9187=CARTESIAN_POINT('Origin',(-28.2,-16.9,0.299999999999998));
#9188=CARTESIAN_POINT('Ctrl Pts',(-28.5926506316223,-20.801583661773,-1.95258037738565));
#9189=CARTESIAN_POINT('Ctrl Pts',(-28.3573115891734,-20.098969364197,-1.3652780467889));
#9190=CARTESIAN_POINT('Ctrl Pts',(-28.1999999999429,-19.6189233610597,-0.967854785305417));
#9191=CARTESIAN_POINT('Origin',(-28.412132034356,-20.5715264445831,-1.64612270084064));
#9192=CARTESIAN_POINT('',(-28.2,-22.6206046957434,-2.36756177890257));
#9193=CARTESIAN_POINT('Origin',(-28.2,-16.9,0.299999999999998));
#9194=CARTESIAN_POINT('Origin',(-28.412132034356,-20.7508281878211,-1.26160887160717));
#9195=CARTESIAN_POINT('',(-28.6793565851121,-22.0683094143225,-1.58111078829118));
#9196=CARTESIAN_POINT('',(-28.5926506318581,-21.1334663175885,-1.24085572730605));
#9197=CARTESIAN_POINT('',(-28.5608020341109,-20.7900822634278,-1.11587415273462));
#9198=CARTESIAN_POINT('Origin',(-28.2,-16.9,0.299999999999998));
#9199=CARTESIAN_POINT('Ctrl Pts',(-28.5926506318581,-21.1334663175882,-1.24085572730601));
#9200=CARTESIAN_POINT('Ctrl Pts',(-28.3573115892534,-20.2319348653384,-1.08013261013413));
#9201=CARTESIAN_POINT('Ctrl Pts',(-28.1999999999488,-19.618923361124,-0.967854785217332));
#9202=CARTESIAN_POINT('Origin',(-28.5,-16.9,0.299999999999998));
#9203=CARTESIAN_POINT('',(-28.2,-19.7977774788672,-0.476457135307564));
#9204=CARTESIAN_POINT('Origin',(-28.2,-16.9,0.299999999999998));
#9205=CARTESIAN_POINT('Ctrl Pts',(-28.5926506319668,-21.1334663175616,-1.24085572729623));
#9206=CARTESIAN_POINT('Ctrl Pts',(-28.3573115893621,-20.3395423299701,-0.78448353084024));
#9207=CARTESIAN_POINT('Ctrl Pts',(-28.2000000000568,-19.7977774789112,-0.476457135201163));
#9208=CARTESIAN_POINT('Origin',(-28.412132034356,-20.853688368532,-0.979002847743128));
#9209=CARTESIAN_POINT('',(-28.2,-23.266130470896,-1.40579951858774));
#9210=CARTESIAN_POINT('Origin',(-28.2,-16.9,0.299999999999998));
#9211=CARTESIAN_POINT('Origin',(-28.412132034356,-20.9634959896673,-0.569195226607803));
#9212=CARTESIAN_POINT('',(-28.6793565851121,-22.3164426415672,-0.65506497716812));
#9213=CARTESIAN_POINT('',(-28.5926506316816,-21.336717240102,-0.482312955130474));
#9214=CARTESIAN_POINT('',(-28.5608020341109,-20.9768471393071,-0.418858146883962));
#9215=CARTESIAN_POINT('Origin',(-28.2,-16.9,0.299999999999998));
#9216=CARTESIAN_POINT('Ctrl Pts',(-28.5926506316808,-21.3367172401019,-0.482312955130502));
#9217=CARTESIAN_POINT('Ctrl Pts',(-28.3573115891914,-20.4209728003849,-0.480580877044922));
#9218=CARTESIAN_POINT('Ctrl Pts',(-28.1999999999416,-19.7977774788829,-0.476457135174339));
#9219=CARTESIAN_POINT('Origin',(-28.5,-16.9,0.299999999999998));
#9220=CARTESIAN_POINT('Origin',(-28.2,-16.9,0.299999999999998));
#9221=CARTESIAN_POINT('Ctrl Pts',(-28.5926506316815,-21.3367172401017,-0.482312955130398));
#9222=CARTESIAN_POINT('Ctrl Pts',(-28.357311589198,-20.4756065419958,-0.170737531611894));
#9223=CARTESIAN_POINT('Ctrl Pts',(-28.199999999951,-19.8885840942892,0.0385327717593724));
#9224=CARTESIAN_POINT('Origin',(-28.412132034356,-21.0157194720659,-0.273021140323607));
#9225=CARTESIAN_POINT('',(-28.2,-23.6065921212064,-0.28675078149786));
#9226=CARTESIAN_POINT('Origin',(-28.2,-16.9,0.299999999999998));
#9227=CARTESIAN_POINT('Origin',(-28.412132034356,-21.0526965220956,0.149628475518036));
#9228=CARTESIAN_POINT('Origin',(-28.412132034356,-12.7473034779044,0.14962847551804));
#9229=CARTESIAN_POINT('',(-28.2,-19.4723841241257,0.525054449095065));
#9230=CARTESIAN_POINT('Origin',(-28.412132034356,-12.7842805279341,-0.273021140323606));
#9231=CARTESIAN_POINT('',(-28.5926506318437,-12.4632827593162,-0.482312955414709));
#9232=CARTESIAN_POINT('',(-28.5608020341109,-12.8231528606929,-0.418858146883961));
#9233=CARTESIAN_POINT('Ctrl Pts',(-28.5926506318436,-12.4632827593164,-0.482312955414638));
#9234=CARTESIAN_POINT('Ctrl Pts',(-28.3573115892471,-13.3243934578297,-0.170737531746997));
#9235=CARTESIAN_POINT('Ctrl Pts',(-28.1999999999465,-13.9114159057325,0.0385327716951635));
#9236=CARTESIAN_POINT('Origin',(-28.5,-16.9,0.299999999999998));
#9237=CARTESIAN_POINT('',(-28.2,-14.0022225211328,-0.476457135307564));
#9238=CARTESIAN_POINT('Origin',(-28.2,-16.9,0.299999999999998));
#9239=CARTESIAN_POINT('Ctrl Pts',(-28.5926506318437,-12.4632827593164,-0.482312955414709));
#9240=CARTESIAN_POINT('Ctrl Pts',(-28.3573115892559,-13.379027199422,-0.480580877326784));
#9241=CARTESIAN_POINT('Ctrl Pts',(-28.1999999999592,-14.0022225211235,-0.476457135451323));
#9242=CARTESIAN_POINT('Origin',(-28.412132034356,-12.8365040103327,-0.569195226607801));
#9243=CARTESIAN_POINT('',(-28.2,-19.2575382917963,0.93170048141228));
#9244=CARTESIAN_POINT('Origin',(-28.412132034356,-12.946311631468,-0.979002847743125));
#9245=CARTESIAN_POINT('',(-28.5926506318013,-12.6665336826353,-1.24085572727947));
#9246=CARTESIAN_POINT('',(-28.5608020341109,-13.0099177365722,-1.11587415273462));
#9247=CARTESIAN_POINT('Ctrl Pts',(-28.5926506318012,-12.6665336826355,-1.24085572727935));
#9248=CARTESIAN_POINT('Ctrl Pts',(-28.3573115892367,-13.4604576701038,-0.78448353089791));
#9249=CARTESIAN_POINT('Ctrl Pts',(-28.1999999999511,-14.0022225211105,-0.476457135293311));
#9250=CARTESIAN_POINT('Origin',(-28.5,-16.9,0.299999999999998));
#9251=CARTESIAN_POINT('',(-28.2,-14.1810766388901,-0.967854785222102));
#9252=CARTESIAN_POINT('Origin',(-28.2,-16.9,0.299999999999998));
#9253=CARTESIAN_POINT('Ctrl Pts',(-28.5926506318014,-12.6665336826356,-1.24085572727942));
#9254=CARTESIAN_POINT('Ctrl Pts',(-28.357311589236,-13.5680651347363,-1.08013261013366));
#9255=CARTESIAN_POINT('Ctrl Pts',(-28.1999999999501,-14.1810766388787,-0.967854785229904));
#9256=CARTESIAN_POINT('Origin',(-28.412132034356,-13.0491718121789,-1.26160887160718));
#9257=CARTESIAN_POINT('',(-28.2,-18.8594273795413,1.21369599267867));
#9258=CARTESIAN_POINT('Origin',(-28.412132034356,-13.2284735554169,-1.64612270084064));
#9259=CARTESIAN_POINT('',(-28.5926506315543,-12.9984163384388,-1.95258037722635));
#9260=CARTESIAN_POINT('',(-28.5608020341109,-13.3148807935491,-1.76986953892134));
#9261=CARTESIAN_POINT('Ctrl Pts',(-28.5926506315542,-12.998416338439,-1.9525803772262));
#9262=CARTESIAN_POINT('Ctrl Pts',(-28.3573115891514,-13.7010306358786,-1.36527804674383));
#9263=CARTESIAN_POINT('Ctrl Pts',(-28.1999999999426,-14.1810766389488,-0.96785478531572));
#9264=CARTESIAN_POINT('Origin',(-28.5,-16.9,0.299999999999998));
#9265=CARTESIAN_POINT('',(-28.2,-14.442543867133,-1.42072930905314));
#9266=CARTESIAN_POINT('Origin',(-28.2,-16.9,0.299999999999998));
#9267=CARTESIAN_POINT('Ctrl Pts',(-28.5926506315543,-12.9984163384391,-1.95258037722626));
#9268=CARTESIAN_POINT('Ctrl Pts',(-28.3573115891485,-13.8583422250671,-1.6377497118201));
#9269=CARTESIAN_POINT('Ctrl Pts',(-28.1999999999384,-14.442543867056,-1.42072930889036));
#9270=CARTESIAN_POINT('Origin',(-28.412132034356,-13.3788450798989,-1.90657382125498));
#9271=CARTESIAN_POINT('',(-28.2,-18.3372315931241,1.30636039565866));
#9272=CARTESIAN_POINT('Origin',(-28.412132034356,-13.6221929525025,-2.25411060045871));
#9273=CARTESIAN_POINT('',(-28.5926506315668,-13.4488466384926,-2.59586151254214));
#9274=CARTESIAN_POINT('',(-28.5608020341109,-13.7287758834561,-2.36097298657245));
#9275=CARTESIAN_POINT('Ctrl Pts',(-28.5926506316764,-13.4488466385147,-2.59586151252356));
#9276=CARTESIAN_POINT('Ctrl Pts',(-28.3573115892662,-14.0388026665934,-1.89547393173273));
#9277=CARTESIAN_POINT('Ctrl Pts',(-28.2000000000531,-14.4425438671102,-1.42072930901607));
#9278=CARTESIAN_POINT('Origin',(-28.5,-16.9,0.299999999999998));
#9279=CARTESIAN_POINT('',(-28.2,-14.7786796564404,-1.82132034355964));
#9280=CARTESIAN_POINT('Origin',(-28.2,-16.9,0.299999999999998));
#9281=CARTESIAN_POINT('Ctrl Pts',(-28.5926506315667,-13.4488466384928,-2.59586151254202));
#9282=CARTESIAN_POINT('Ctrl Pts',(-28.3573115891467,-14.2410385473829,-2.13648926919829));
#9283=CARTESIAN_POINT('Ctrl Pts',(-28.19999999993,-14.7786796562685,-1.82132034330136));
#9284=CARTESIAN_POINT('Origin',(-28.412132034356,-13.8155068580758,-2.48449314192418));
#9285=CARTESIAN_POINT('',(-28.2,-17.7702534290379,1.17025342903793));
#9286=CARTESIAN_POINT('Origin',(-28.412132034356,-14.1155068580758,-2.78449314192417));
#9287=CARTESIAN_POINT('',(-28.5926506317922,-14.0041384867185,-3.15115336200742));
#9288=CARTESIAN_POINT('',(-28.5608020341109,-14.2390270134276,-2.87122411654387));
#9289=CARTESIAN_POINT('Ctrl Pts',(-28.5926506319001,-14.0041384867367,-3.15115336198565));
#9290=CARTESIAN_POINT('Ctrl Pts',(-28.3573115893394,-14.463510730351,-2.35896145262609));
#9291=CARTESIAN_POINT('Ctrl Pts',(-28.2000000000549,-14.7786796563827,-1.82132034350979));
#9292=CARTESIAN_POINT('Origin',(-28.5,-16.9,0.299999999999998));
#9293=CARTESIAN_POINT('',(-28.2,-15.1792706909469,-2.15745613286698));
#9294=CARTESIAN_POINT('Origin',(-28.2,-16.9,0.299999999999998));
#9295=CARTESIAN_POINT('Ctrl Pts',(-28.5926506317922,-14.0041384867187,-3.15115336200728));
#9296=CARTESIAN_POINT('Ctrl Pts',(-28.3573115892311,-14.7045260679617,-2.56119733354568));
#9297=CARTESIAN_POINT('Ctrl Pts',(-28.1999999999473,-15.1792706909013,-2.15745613283394));
#9298=CARTESIAN_POINT('Origin',(-28.412132034356,-14.3458893995413,-2.97780704749753));
#9299=CARTESIAN_POINT('',(-28.2,-17.2478568095478,0.796791009187416));
#9300=CARTESIAN_POINT('Origin',(-28.412132034356,-14.693426178745,-3.22115492010111));
#9301=CARTESIAN_POINT('',(-28.5926506318264,-14.6474196222144,-3.60158366244641));
#9302=CARTESIAN_POINT('',(-28.5608020341109,-14.8301304610787,-3.28511920645092));
#9303=CARTESIAN_POINT('Ctrl Pts',(-28.5926506318264,-14.6474196222145,-3.6015836624462));
#9304=CARTESIAN_POINT('Ctrl Pts',(-28.3573115892447,-14.9622502878568,-2.74165777517414));
#9305=CARTESIAN_POINT('Ctrl Pts',(-28.199999999951,-15.1792706909082,-2.15745613286582));
#9306=CARTESIAN_POINT('Origin',(-28.5,-16.9,0.299999999999998));
#9307=CARTESIAN_POINT('',(-28.2,-15.6321452147779,-2.41892336110995));
#9308=CARTESIAN_POINT('Origin',(-28.2,-16.9,0.299999999999998));
#9309=CARTESIAN_POINT('Ctrl Pts',(-28.5926506319371,-14.647419622229,-3.60158366242121));
#9310=CARTESIAN_POINT('Ctrl Pts',(-28.35731158935,-15.2347219531645,-2.89896936444583));
#9311=CARTESIAN_POINT('Ctrl Pts',(-28.200000000053,-15.6321452148098,-2.41892336111896));
#9312=CARTESIAN_POINT('Origin',(-28.412132034356,-14.9538772991594,-3.37152644458306));
#9313=CARTESIAN_POINT('',(-28.2,-16.8580510692458,0.210040227689579));
#9314=CARTESIAN_POINT('Origin',(-28.412132034356,-15.3383911283928,-3.55082818782113));
#9315=CARTESIAN_POINT('',(-28.5926506318138,-15.3591442726142,-3.93346631737657));
#9316=CARTESIAN_POINT('',(-28.5608020341109,-15.4841258472654,-3.59008226342782));
#9317=CARTESIAN_POINT('Ctrl Pts',(-28.5926506319223,-15.359144272624,-3.93346631734973));
#9318=CARTESIAN_POINT('Ctrl Pts',(-28.3573115893479,-15.5198673897713,-3.031934865224));
#9319=CARTESIAN_POINT('Ctrl Pts',(-28.2000000000568,-15.6321452146721,-2.41892336107598));
#9320=CARTESIAN_POINT('Origin',(-28.5,-16.9,0.299999999999998));
#9321=CARTESIAN_POINT('',(-28.2,-16.1235428646924,-2.59777747886721));
#9322=CARTESIAN_POINT('Origin',(-28.2,-16.9,0.299999999999998));
#9323=CARTESIAN_POINT('Ctrl Pts',(-28.5926506318138,-15.3591442726144,-3.93346631737637));
#9324=CARTESIAN_POINT('Ctrl Pts',(-28.3573115892371,-15.8155164690183,-3.13954232987077));
#9325=CARTESIAN_POINT('Ctrl Pts',(-28.199999999946,-16.1235428646328,-2.59777747884896));
#9326=CARTESIAN_POINT('Origin',(-28.412132034356,-15.6209971522569,-3.65368836853197));
#9327=CARTESIAN_POINT('',(-28.2,-16.6761161000662,-0.535546089549807));
#9328=CARTESIAN_POINT('Origin',(-28.412132034356,-16.0308047733922,-3.7634959896673));
#9329=CARTESIAN_POINT('',(-28.5926506315782,-16.1176870448455,-4.1367172396976));
#9330=CARTESIAN_POINT('',(-28.5608020341109,-16.1811418531161,-3.77684713930708));
#9331=CARTESIAN_POINT('Ctrl Pts',(-28.5926506315782,-16.1176870448455,-4.13671723969737));
#9332=CARTESIAN_POINT('Ctrl Pts',(-28.3573115891595,-16.1194191229315,-3.22097280025265));
#9333=CARTESIAN_POINT('Ctrl Pts',(-28.1999999999432,-16.1235428648015,-2.59777747888226));
#9334=CARTESIAN_POINT('Origin',(-28.5,-16.9,0.299999999999998));
#9335=CARTESIAN_POINT('Origin',(-28.2,-16.9,0.299999999999998));
#9336=CARTESIAN_POINT('Ctrl Pts',(-28.5926506315774,-16.1176870448456,-4.13671723969757));
#9337=CARTESIAN_POINT('Ctrl Pts',(-28.357311589157,-16.4292624682803,-3.27560654182556));
#9338=CARTESIAN_POINT('Ctrl Pts',(-28.19999999994,-16.6385327716109,-2.68858409423922));
#9339=CARTESIAN_POINT('Origin',(-28.412132034356,-16.3269788596764,-3.81571947206588));
#9340=CARTESIAN_POINT('Origin',(-28.5,-16.9,0.299999999999998));
#9341=CARTESIAN_POINT('',(-28.5,-18.3696938456699,-5.));
#9342=CARTESIAN_POINT('Origin',(-28.5,-16.9,0.299999999999998));
#9343=CARTESIAN_POINT('Origin',(-28.5,-16.9,0.299999999999998));
#9344=CARTESIAN_POINT('Origin',(-28.5,-16.9,0.299999999999998));
#9345=CARTESIAN_POINT('Origin',(-28.5,-16.9,0.299999999999998));
#9346=CARTESIAN_POINT('Origin',(-28.5,-16.9,0.299999999999998));
#9347=CARTESIAN_POINT('Origin',(-28.5,-16.9,0.299999999999998));
#9348=CARTESIAN_POINT('Origin',(-32.2,-16.9,-5.));
#9349=CARTESIAN_POINT('',(-31.2,-23.075,-5.00000000000001));
#9350=CARTESIAN_POINT('',(-28.241576155144,-30.8183180808228,-5.00000000000002));
#9351=CARTESIAN_POINT('Ctrl Pts',(-28.241576155144,-30.8183180808228,-5.00000000000002));
#9352=CARTESIAN_POINT('Ctrl Pts',(-28.2179716400832,-31.384265179116,-5.00000000000002));
#9353=CARTESIAN_POINT('Ctrl Pts',(-28.1611882295152,-31.9485533346634,-5.00000000000002));
#9354=CARTESIAN_POINT('Ctrl Pts',(-28.0693865079939,-32.5109655352704,-5.00000000000002));
#9355=CARTESIAN_POINT('Origin',(-30.2,-32.8331586423245,-5.00000000000002));
#9356=CARTESIAN_POINT('Origin',(-30.2,-24.3871478036465,-3.26387554982736));
#9357=CARTESIAN_POINT('Origin',(-30.2,-30.9,-4.6026285013));
#9358=CARTESIAN_POINT('Ctrl Pts',(-27.6644343422694,-34.1286967310159,-5.39904036161723));
#9359=CARTESIAN_POINT('Ctrl Pts',(-28.0182564388204,-33.0915209661067,-5.14320367293963));
#9360=CARTESIAN_POINT('Ctrl Pts',(-28.2,-31.9958666174872,-4.87294226694683));
#9361=CARTESIAN_POINT('Ctrl Pts',(-28.2,-30.9,-4.6026285013));
#9362=CARTESIAN_POINT('Ctrl Pts',(-27.6998019288468,-34.0250220198573,-5.96209986071082));
#9363=CARTESIAN_POINT('Ctrl Pts',(-28.0435231391309,-32.9792164791511,-5.71346556617527));
#9364=CARTESIAN_POINT('Ctrl Pts',(-28.2136142006863,-31.8763989745393,-5.45066884430039));
#9365=CARTESIAN_POINT('Ctrl Pts',(-28.2,-30.7795149413735,-5.18877202975361));
#9366=CARTESIAN_POINT('Ctrl Pts',(-28.1955306184299,-33.9933940442357,-6.93867691923744));
#9367=CARTESIAN_POINT('Ctrl Pts',(-28.55221881536,-32.8881854982303,-6.70159467281842));
#9368=CARTESIAN_POINT('Ctrl Pts',(-28.7229336745778,-31.7264519167222,-6.45220974621602));
#9369=CARTESIAN_POINT('Ctrl Pts',(-28.7019331446058,-30.5708894049684,-6.20370707172443));
#9370=CARTESIAN_POINT('Ctrl Pts',(-29.1492867804972,-34.2381906430936,-7.33062807663592));
#9371=CARTESIAN_POINT('Ctrl Pts',(-29.5535897154653,-33.0347145779941,-7.08333730027196));
#9372=CARTESIAN_POINT('Ctrl Pts',(-29.7574378741459,-31.7652996889429,-6.8221974753731));
#9373=CARTESIAN_POINT('Ctrl Pts',(-29.7512010494872,-30.4973083543682,-6.56166893950905));
#9374=CARTESIAN_POINT('Ctrl Pts',(-29.5573212107232,-34.3717444315872,-7.35808079982628));
#9375=CARTESIAN_POINT('Ctrl Pts',(-29.9819077265845,-33.1271335136962,-7.10224411114868));
#9376=CARTESIAN_POINT('Ctrl Pts',(-30.2,-31.8123482953528,-6.83198270515588));
#9377=CARTESIAN_POINT('Ctrl Pts',(-30.2,-30.4973083543682,-6.56166893950905));
#9378=CARTESIAN_POINT('Ctrl Pts',(-27.6644343422694,-34.1286967310159,-5.39904036161723));
#9379=CARTESIAN_POINT('Ctrl Pts',(-27.7288142668275,-33.9399767552165,-5.62394807077043));
#9380=CARTESIAN_POINT('Ctrl Pts',(-27.8408647702653,-33.7565939073889,-5.8424952384892));
#9381=CARTESIAN_POINT('Ctrl Pts',(-28.1420935391889,-33.4206012993941,-6.24291563615207));
#9382=CARTESIAN_POINT('Ctrl Pts',(-28.3336209069693,-33.265969042047,-6.42719918475289));
#9383=CARTESIAN_POINT('Ctrl Pts',(-28.77111887311,-33.0149564108673,-6.72634438974789));
#9384=CARTESIAN_POINT('Ctrl Pts',(-29.0133010596672,-32.9156242247327,-6.8447238790575));
#9385=CARTESIAN_POINT('Ctrl Pts',(-29.5037755563583,-32.7933604513967,-6.99043217017474));
#9386=CARTESIAN_POINT('Ctrl Pts',(-29.7422862572641,-32.7624417146371,-7.02727968578654));
#9387=CARTESIAN_POINT('Ctrl Pts',(-29.984276424974,-32.7624417146371,-7.02727968578654));
#9388=CARTESIAN_POINT('Origin',(-18.2,-30.9,-6.70000000000001));
#9389=CARTESIAN_POINT('',(-24.8332495807108,-40.9,-8.69999999999999));
#9390=CARTESIAN_POINT('',(-18.2,-42.9,-8.69999999999999));
#9391=CARTESIAN_POINT('Origin',(-18.2,-30.9,-8.69999999999998));
#9392=CARTESIAN_POINT('',(-24.4251069659285,-40.7563552527281,-8.67047302417187));
#9393=CARTESIAN_POINT('Ctrl Pts',(-24.4251069659285,-40.7563552527281,-8.67047302417187));
#9394=CARTESIAN_POINT('Ctrl Pts',(-24.4338997770633,-40.7702685502444,-8.67333297977245));
#9395=CARTESIAN_POINT('Ctrl Pts',(-24.444784585552,-40.7834908114025,-8.67605088901049));
#9396=CARTESIAN_POINT('Ctrl Pts',(-24.4752663086084,-40.8137983607586,-8.68228077415591));
#9397=CARTESIAN_POINT('Ctrl Pts',(-24.5029808405298,-40.8324838386222,-8.68612167793898));
#9398=CARTESIAN_POINT('Ctrl Pts',(-24.6161881683549,-40.88876581358,-8.69769075056919));
#9399=CARTESIAN_POINT('Ctrl Pts',(-24.7343328554999,-40.9000000000002,-8.70000000000002));
#9400=CARTESIAN_POINT('Ctrl Pts',(-24.8332495807106,-40.9000000000002,-8.70000000000002));
#9401=CARTESIAN_POINT('',(-23.4632134265435,-39.4028574271625,-6.70000000000003));
#9402=CARTESIAN_POINT('Ctrl Pts',(-23.4632091319563,-39.4028526136943,-6.69999881267786));
#9403=CARTESIAN_POINT('Ctrl Pts',(-23.463314029847,-39.4027876404211,-6.70229032806214));
#9404=CARTESIAN_POINT('Ctrl Pts',(-23.4634211046555,-39.4027262015071,-6.7045817768177));
#9405=CARTESIAN_POINT('Ctrl Pts',(-23.463530353141,-39.4026682925665,-6.7068731500392));
#9406=CARTESIAN_POINT('Ctrl Pts',(-23.4670360274752,-39.4008100527393,-6.78040101867957));
#9407=CARTESIAN_POINT('Ctrl Pts',(-23.4727711124828,-39.4025861886414,-6.85369603901408));
#9408=CARTESIAN_POINT('Ctrl Pts',(-23.4806139113529,-39.4078304028243,-6.92646697966959));
#9409=CARTESIAN_POINT('Ctrl Pts',(-23.4886290315161,-39.413189842424,-7.00083683708962));
#9410=CARTESIAN_POINT('Ctrl Pts',(-23.4988456591954,-39.4221715711994,-7.07466021637643));
#9411=CARTESIAN_POINT('Ctrl Pts',(-23.5111645685133,-39.4346430500037,-7.14762285348881));
#9412=CARTESIAN_POINT('Ctrl Pts',(-23.5205964318946,-39.4441917268556,-7.20348604782081));
#9413=CARTESIAN_POINT('Ctrl Pts',(-23.5312613233732,-39.4557870683771,-7.25884471341227));
#9414=CARTESIAN_POINT('Ctrl Pts',(-23.5431255243195,-39.4693859706038,-7.31355147632876));
#9415=CARTESIAN_POINT('Ctrl Pts',(-23.5586026762831,-39.4871260845192,-7.38491784031159));
#9416=CARTESIAN_POINT('Ctrl Pts',(-23.5760542592142,-39.5081979256849,-7.45486966217347));
#9417=CARTESIAN_POINT('Ctrl Pts',(-23.595371203316,-39.5324601568257,-7.52309912424346));
#9418=CARTESIAN_POINT('Ctrl Pts',(-23.6146322736496,-39.5566522100815,-7.59113123433414));
#9419=CARTESIAN_POINT('Ctrl Pts',(-23.6357482334458,-39.584016533572,-7.65745181080432));
#9420=CARTESIAN_POINT('Ctrl Pts',(-23.6586372938792,-39.6144526913159,-7.72173706336083));
#9421=CARTESIAN_POINT('Ctrl Pts',(-23.6758043881258,-39.6372802071074,-7.76995184231692));
#9422=CARTESIAN_POINT('Ctrl Pts',(-23.6939694493714,-39.6618365251548,-7.81702141501825));
#9423=CARTESIAN_POINT('Ctrl Pts',(-23.7131062269606,-39.6880924577381,-7.86279775280696));
#9424=CARTESIAN_POINT('Ctrl Pts',(-23.7386972709653,-39.7232037361648,-7.92401308904965));
#9425=CARTESIAN_POINT('Ctrl Pts',(-23.7659006553705,-39.7611809140223,-7.98261692512401));
#9426=CARTESIAN_POINT('Ctrl Pts',(-23.7946153391944,-39.8019052910519,-8.03830242071189));
#9427=CARTESIAN_POINT('Ctrl Pts',(-23.8116210832095,-39.8260235552538,-8.07128113254894));
#9428=CARTESIAN_POINT('Ctrl Pts',(-23.829157378617,-39.8511061260371,-8.1032358742698));
#9429=CARTESIAN_POINT('Ctrl Pts',(-23.8472069399893,-39.8771345031969,-8.13409809848731));
#9430=CARTESIAN_POINT('Ctrl Pts',(-23.8776215966207,-39.9209939708956,-8.18610290531308));
#9431=CARTESIAN_POINT('Ctrl Pts',(-23.9094928732139,-39.9675375608906,-8.23500798144248));
#9432=CARTESIAN_POINT('Ctrl Pts',(-23.9426419876426,-40.0164777665623,-8.28066439561632));
#9433=CARTESIAN_POINT('Ctrl Pts',(-23.9716624598085,-40.0593225876373,-8.32063441350563));
#9434=CARTESIAN_POINT('Ctrl Pts',(-24.0016628030541,-40.1040050275737,-8.35811422156819));
#9435=CARTESIAN_POINT('Ctrl Pts',(-24.032530422971,-40.15034684906,-8.39297551921777));
#9436=CARTESIAN_POINT('Ctrl Pts',(-24.067695720049,-40.2031408099838,-8.43269053098973));
#9437=CARTESIAN_POINT('Ctrl Pts',(-24.1037919742319,-40.2577995999318,-8.46879071745848));
#9438=CARTESIAN_POINT('Ctrl Pts',(-24.1406255939037,-40.3140210158429,-8.50116106951624));
#9439=CARTESIAN_POINT('Ctrl Pts',(-24.1775957916212,-40.3704508992132,-8.53365144994645));
#9440=CARTESIAN_POINT('Ctrl Pts',(-24.2153093785544,-40.428455755678,-8.56238473458959));
#9441=CARTESIAN_POINT('Ctrl Pts',(-24.2535819302203,-40.4877565507288,-8.58720080857682));
#9442=CARTESIAN_POINT('Ctrl Pts',(-24.2911676991166,-40.5459932211657,-8.61157156989789));
#9443=CARTESIAN_POINT('Ctrl Pts',(-24.3292930729329,-40.6054804821293,-8.6321647217623));
#9444=CARTESIAN_POINT('Ctrl Pts',(-24.3677863454396,-40.6659685056772,-8.64878129743823));
#9445=CARTESIAN_POINT('Ctrl Pts',(-24.3868103740439,-40.6958627135545,-8.65699349116403));
#9446=CARTESIAN_POINT('Ctrl Pts',(-24.4059242600166,-40.7260015136984,-8.66423364448242));
#9447=CARTESIAN_POINT('Ctrl Pts',(-24.4251069659285,-40.7563552527281,-8.67047302417187));
#9448=CARTESIAN_POINT('',(-18.2,-40.9,-6.7));
#9449=CARTESIAN_POINT('Origin',(-18.2,-30.9,-6.70000000000001));
#9450=CARTESIAN_POINT('Origin',(-18.2,-42.9,-6.69999999999999));
#9451=CARTESIAN_POINT('Origin',(-31.2,-23.075,-4.00000000000001));
#9452=CARTESIAN_POINT('',(-32.2,-23.0017144562971,-4.00000000000001));
#9453=CARTESIAN_POINT('Origin',(-31.2,-23.0017144562971,-4.00000000000001));
#9454=CARTESIAN_POINT('',(-32.2,-23.075,-4.00000000000001));
#9455=CARTESIAN_POINT('Origin',(-31.2,-26.0687419553634,-4.63044454147473));
#9456=CARTESIAN_POINT('',(-32.2,-33.4930659812313,-6.15655559123643));
#9457=CARTESIAN_POINT('Origin',(-31.2,-33.4930659812313,-6.15655559123643));
#9458=CARTESIAN_POINT('',(-32.2,-26.0687419553634,-4.63044454147473));
#9459=CARTESIAN_POINT('Origin',(-31.2,-35.075,-7.69999999999998));
#9460=CARTESIAN_POINT('',(-32.2,-46.7,-7.7));
#9461=CARTESIAN_POINT('',(-31.2,-46.7,-8.7));
#9462=CARTESIAN_POINT('Origin',(-31.2,-46.7,-7.7));
#9463=CARTESIAN_POINT('',(-32.2,-41.0017144562974,-7.69999999999999));
#9464=CARTESIAN_POINT('',(-32.2,-35.075,-7.69999999999998));
#9465=CARTESIAN_POINT('',(-31.2,-40.9,-8.69999999999999));
#9466=CARTESIAN_POINT('Origin',(-31.2,-41.0017144562974,-7.69999999999999));
#9467=CARTESIAN_POINT('',(-31.2,-35.075,-8.69999999999998));
#9468=CARTESIAN_POINT('Origin',(-31.8,-16.9,0.3));
#9469=CARTESIAN_POINT('',(-32.2,-16.9,2.35));
#9470=CARTESIAN_POINT('Origin',(-32.2,-16.9,0.3));
#9471=CARTESIAN_POINT('',(-31.8,-16.9,1.95));
#9472=CARTESIAN_POINT('Origin',(-31.8,-16.9,2.35));
#9473=CARTESIAN_POINT('',(-31.8,-18.55,0.3));
#9474=CARTESIAN_POINT('Origin',(-31.8,-16.9,0.3));
#9475=CARTESIAN_POINT('Origin',(-31.8,-16.9,0.3));
#9476=CARTESIAN_POINT('Origin',(-28.2,-26.25,0.299999999999985));
#9477=CARTESIAN_POINT('',(-28.2,-16.9,2.35));
#9478=CARTESIAN_POINT('Origin',(-28.2,-16.9,0.3));
#9479=CARTESIAN_POINT('Origin',(-32.2,-16.9,0.3));
#9480=CARTESIAN_POINT('',(-28.6,-16.9,1.95));
#9481=CARTESIAN_POINT('',(-28.6,-18.55,0.3));
#9482=CARTESIAN_POINT('Origin',(-28.6,-16.9,0.3));
#9483=CARTESIAN_POINT('Origin',(-28.6,-16.9,0.3));
#9484=CARTESIAN_POINT('',(-32.2,-18.55,0.3));
#9485=CARTESIAN_POINT('Origin',(-28.6,-16.9,0.3));
#9486=CARTESIAN_POINT('Origin',(-28.6,-16.9,2.35));
#9487=CARTESIAN_POINT('Origin',(0.,-43.9,3.09875581984267E-14));
#9488=CARTESIAN_POINT('',(3.67394039744206E-16,-43.9,-2.99999999999997));
#9489=CARTESIAN_POINT('Origin',(0.,-43.9,3.09875581984267E-14));
#9490=CARTESIAN_POINT('',(2.0818995585505E-16,-43.9,-1.69999999999997));
#9491=CARTESIAN_POINT('Origin',(0.,-43.9,3.09875581984266E-14));
#9492=CARTESIAN_POINT('Origin',(-12.5,-42.4,2.95072608322598E-14));
#9493=CARTESIAN_POINT('',(-12.5,-40.9000000000001,-2.99999999999997));
#9494=CARTESIAN_POINT('Origin',(-12.5,-40.9000000000001,2.80269634660929E-14));
#9495=CARTESIAN_POINT('',(-12.5,-43.9,-2.99999999999997));
#9496=CARTESIAN_POINT('',(-12.5,-42.4,-2.99999999999997));
#9497=CARTESIAN_POINT('Origin',(-12.5,-43.9,3.09875581984267E-14));
#9498=CARTESIAN_POINT('Origin',(-12.5,-43.9,3.09875581984267E-14));
#9499=CARTESIAN_POINT('',(-12.5,-43.9,-1.69999999999997));
#9500=CARTESIAN_POINT('Origin',(-12.5,-43.9,3.09875581984266E-14));
#9501=CARTESIAN_POINT('Origin',(-12.5,-44.2,3.128361767166E-14));
#9502=CARTESIAN_POINT('',(-12.5,-46.7,-1.69999999999997));
#9503=CARTESIAN_POINT('',(-12.5,-44.2,-1.69999999999997));
#9504=CARTESIAN_POINT('Origin',(-12.5,-46.7,3.37507799486048E-14));
#9505=CARTESIAN_POINT('Origin',(-12.5,-46.8,3.38494664396826E-14));
#9506=CARTESIAN_POINT('',(-12.5,-46.9,-1.89999999999997));
#9507=CARTESIAN_POINT('Origin',(-12.5,-46.9,3.39481529307604E-14));
#9508=CARTESIAN_POINT('',(-12.5,-46.8,-1.79999999999997));
#9509=CARTESIAN_POINT('Origin',(0.,-44.2,3.128361767166E-14));
#9510=CARTESIAN_POINT('',(2.0818995585505E-16,-46.7,-1.69999999999997));
#9511=CARTESIAN_POINT('',(2.0818995585505E-16,-44.2,-1.69999999999997));
#9512=CARTESIAN_POINT('Origin',(0.,-46.7,3.37507799486048E-14));
#9513=CARTESIAN_POINT('Origin',(0.,-46.8,3.38494664396826E-14));
#9514=CARTESIAN_POINT('',(2.32682891837997E-16,-46.9,-1.89999999999997));
#9515=CARTESIAN_POINT('Origin',(0.,-46.9,3.39481529307604E-14));
#9516=CARTESIAN_POINT('',(2.20436423846524E-16,-46.8,-1.79999999999997));
#9517=CARTESIAN_POINT('Origin',(-32.2,-46.9,9.3));
#9518=CARTESIAN_POINT('',(-31.2,-46.9,9.1));
#9519=CARTESIAN_POINT('',(-32.2,-46.9,9.1));
#9520=CARTESIAN_POINT('',(-32.,-46.9,8.3));
#9521=CARTESIAN_POINT('Origin',(-31.2,-46.9,8.3));
#9522=CARTESIAN_POINT('',(-32.,-46.9,-7.7));
#9523=CARTESIAN_POINT('',(-32.,-46.9,7.05000000000001));
#9524=CARTESIAN_POINT('',(-31.2,-46.9,-8.5));
#9525=CARTESIAN_POINT('Origin',(-31.2,-46.9,-7.7));
#9526=CARTESIAN_POINT('',(32.2,-46.9,-8.5));
#9527=CARTESIAN_POINT('Origin',(-32.2,-40.9,9.29999999999999));
#9528=CARTESIAN_POINT('',(-31.2,-46.7,9.3));
#9529=CARTESIAN_POINT('',(-31.2,-35.075,9.29999999999998));
#9530=CARTESIAN_POINT('',(32.2,-46.7,9.3));
#9531=CARTESIAN_POINT('Origin',(-31.2,-35.075,8.29999999999998));
#9532=CARTESIAN_POINT('',(-32.2,-46.7,8.3));
#9533=CARTESIAN_POINT('Origin',(-31.2,-46.7,8.3));
#9534=CARTESIAN_POINT('',(-32.2,-35.075,8.29999999999998));
#9535=CARTESIAN_POINT('Origin',(-31.2,-46.8,8.3));
#9536=CARTESIAN_POINT('',(-31.2,-46.9,9.1));
#9537=CARTESIAN_POINT('',(-32.,-46.9,8.3));
#9538=CARTESIAN_POINT('Origin',(-32.1,-46.8,7.05000000000001));
#9539=CARTESIAN_POINT('',(-32.,-46.9,-7.7));
#9540=CARTESIAN_POINT('',(-32.2,-46.7,7.05000000000001));
#9541=CARTESIAN_POINT('Origin',(-31.2,-46.8,-7.7));
#9542=CARTESIAN_POINT('',(-31.2,-46.9,-8.5));
#9543=CARTESIAN_POINT('Origin',(-18.2,-30.9,4.79999999999999));
#9544=CARTESIAN_POINT('',(-23.8262321684848,-39.1671344241102,-6.64185499258046));
#9545=CARTESIAN_POINT('',(-23.0412291827593,-39.65,-6.36307242235807));
#9546=CARTESIAN_POINT('Origin',(-18.2,-30.9,-11.4148872777673));
#9547=CARTESIAN_POINT('Ctrl Pts',(-23.0412291827593,-39.65,-6.36307242235807));
#9548=CARTESIAN_POINT('Ctrl Pts',(-22.6746986971333,-39.8527952095295,-6.24598855354584));
#9549=CARTESIAN_POINT('Ctrl Pts',(-22.3052732767219,-40.0262619718613,-6.10728084696841));
#9550=CARTESIAN_POINT('Ctrl Pts',(-21.3785010113702,-40.4018729518667,-5.73166986696305));
#9551=CARTESIAN_POINT('Ctrl Pts',(-20.7382099497064,-40.594835006969,-5.44051488775279));
#9552=CARTESIAN_POINT('Ctrl Pts',(-19.4469332321403,-40.8437161384929,-4.82200856914605));
#9553=CARTESIAN_POINT('Ctrl Pts',(-18.7954923283589,-40.9,-4.49575507707645));
#9554=CARTESIAN_POINT('Ctrl Pts',(-18.2,-40.9,-4.19800891289699));
#9555=CARTESIAN_POINT('',(-18.2,-40.9,4.79999999999998));
#9556=CARTESIAN_POINT('Origin',(-18.2,-30.9,-4.6026285013));
#9557=CARTESIAN_POINT('Ctrl Pts',(-23.3875891382738,-39.4492057486333,-6.71143258596282));
#9558=CARTESIAN_POINT('Ctrl Pts',(-24.6796054616789,-38.6652206577563,-6.51804959687982));
#9559=CARTESIAN_POINT('Ctrl Pts',(-25.7900166574794,-37.583979798133,-6.25134351817275));
#9560=CARTESIAN_POINT('Ctrl Pts',(-26.6081107639082,-36.3132867448392,-5.93790589836028));
#9561=CARTESIAN_POINT('Ctrl Pts',(-23.4358595609597,-39.4199156452263,-7.24092597419062));
#9562=CARTESIAN_POINT('Ctrl Pts',(-24.7352876296344,-38.6212085182009,-7.05221122416356));
#9563=CARTESIAN_POINT('Ctrl Pts',(-25.8483392012745,-37.520573630609,-6.79173377795004));
#9564=CARTESIAN_POINT('Ctrl Pts',(-26.6594432121987,-36.2335553484892,-6.48656590275398));
#9565=CARTESIAN_POINT('Ctrl Pts',(-23.7233606253672,-39.7045121525887,-8.16139979803386));
#9566=CARTESIAN_POINT('Ctrl Pts',(-25.0930736524422,-38.8571662032995,-7.98026528000103));
#9567=CARTESIAN_POINT('Ctrl Pts',(-26.2612708980702,-37.6909855490131,-7.73095428044473));
#9568=CARTESIAN_POINT('Ctrl Pts',(-27.1109968652321,-36.3284708161004,-7.43911891316171));
#9569=CARTESIAN_POINT('Ctrl Pts',(-24.2147901626621,-40.4238021692561,-8.60211489034706));
#9570=CARTESIAN_POINT('Ctrl Pts',(-25.7111111157358,-39.5106008013518,-8.41445176490447));
#9571=CARTESIAN_POINT('Ctrl Pts',(-26.994269079774,-38.2519885297488,-8.15558854292925));
#9572=CARTESIAN_POINT('Ctrl Pts',(-27.936509420225,-36.7750603575134,-7.85209574015554));
#9573=CARTESIAN_POINT('Ctrl Pts',(-24.4251069659285,-40.7563552527281,-8.67047302417187));
#9574=CARTESIAN_POINT('Ctrl Pts',(-25.9755265540147,-39.8155731436757,-8.47709003508887));
#9575=CARTESIAN_POINT('Ctrl Pts',(-27.3080199889752,-38.5180841121277,-8.2103839563818));
#9576=CARTESIAN_POINT('Ctrl Pts',(-28.2897329166899,-36.9932524481751,-7.89694633656934));
#9577=CARTESIAN_POINT('',(-28.2897329166972,-36.9932524481799,-7.89694633657031));
#9578=CARTESIAN_POINT('Ctrl Pts',(-28.2897329166868,-36.9932524481799,-7.89694633657031));
#9579=CARTESIAN_POINT('Ctrl Pts',(-28.0924082263416,-36.9932524481799,-7.89694633657031));
#9580=CARTESIAN_POINT('Ctrl Pts',(-27.8934567275981,-37.0204686534569,-7.88123305310692));
#9581=CARTESIAN_POINT('Ctrl Pts',(-27.4847855821641,-37.1112256720735,-7.82883446397775));
#9582=CARTESIAN_POINT('Ctrl Pts',(-27.2696500813333,-37.1809161870244,-7.78859862643128));
#9583=CARTESIAN_POINT('Ctrl Pts',(-26.625329639659,-37.4304237028516,-7.64454539500363));
#9584=CARTESIAN_POINT('Ctrl Pts',(-26.1729224831987,-37.6681578299474,-7.50728953272933));
#9585=CARTESIAN_POINT('Ctrl Pts',(-25.1554307137899,-38.2703165418335,-7.15963303832697));
#9586=CARTESIAN_POINT('Ctrl Pts',(-24.5444801756188,-38.6783278031724,-6.92406762676057));
#9587=CARTESIAN_POINT('Ctrl Pts',(-23.8262321684848,-39.1671344241102,-6.64185499258046));
#9588=CARTESIAN_POINT('Origin',(-18.2,-30.4973083543682,-6.56166893950905));
#9589=CARTESIAN_POINT('Origin',(-32.2,-22.8999999999997,-5.00000000000001));
#9590=CARTESIAN_POINT('',(-31.2,-36.9932524481799,-7.89694633657031));
#9591=CARTESIAN_POINT('',(-16.1,-36.9932524481799,-7.89694633657031));
#9592=CARTESIAN_POINT('',(-32.2,-40.9,-8.69999999999999));
#9593=CARTESIAN_POINT('',(-31.2,-25.8673961325474,-5.60996476057926));
#9594=CARTESIAN_POINT('Origin',(-31.2,-26.0687419553634,-4.63044454147473));
#9595=CARTESIAN_POINT('',(-32.2,-38.297250884907,-7.14408248810308));
#9596=CARTESIAN_POINT('Origin',(-31.2,-38.297250884907,-7.14408248810308));
#9597=CARTESIAN_POINT('',(-32.2,-26.0687419553634,-4.63044454147473));
#9598=CARTESIAN_POINT('Origin',(-32.2,-29.25,4.8));
#9599=CARTESIAN_POINT('',(-32.2,-36.4848888922026,-2.59103988868064));
#9600=CARTESIAN_POINT('',(-32.2,-34.9487127446064,-4.42178333143592));
#9601=CARTESIAN_POINT('',(-32.2,-39.65,-6.36307242235807));
#9602=CARTESIAN_POINT('Origin',(-32.2,-38.4,-4.19800891289699));
#9603=CARTESIAN_POINT('',(-32.2,-38.1668760755119,-7.21935441940286));
#9604=CARTESIAN_POINT('Origin',(0.,-38.4,-4.19800891289699));
#9605=CARTESIAN_POINT('',(0.,-39.65,-6.36307242235807));
#9606=CARTESIAN_POINT('',(0.,-36.4848888922026,-2.59103988868064));
#9607=CARTESIAN_POINT('Origin',(0.,-32.7624417146371,-7.02727968578654));
#9608=CARTESIAN_POINT('Origin',(0.,-39.65,-6.36307242235807));
#9609=CARTESIAN_POINT('Origin',(-32.2,-46.8,9.2));
#9610=CARTESIAN_POINT('Origin',(-28.2,-40.9,9.29999999999999));
#9611=CARTESIAN_POINT('',(-30.2,-40.9,-6.7));
#9612=CARTESIAN_POINT('',(3.67394039744206E-16,-40.9000000000001,-2.99999999999997));
#9613=CARTESIAN_POINT('Origin',(0.,-40.9000000000001,2.80269634660929E-14));
#9614=CARTESIAN_POINT('Origin',(0.,-42.4,2.95072608322598E-14));
#9615=CARTESIAN_POINT('',(3.67394039744206E-16,-42.4,-2.99999999999997));
#9616=CARTESIAN_POINT('Origin',(-32.2,-46.8,-8.6));
#9617=CARTESIAN_POINT('',(32.2,-46.7,-8.7));
#9618=CARTESIAN_POINT('Origin',(-32.2,-40.9,-8.69999999999999));
#9619=CARTESIAN_POINT('',(30.2,-42.9,-8.69999999999999));
#9620=CARTESIAN_POINT('Origin',(-30.2,-42.9,-6.69999999999999));
#9621=UNCERTAINTY_MEASURE_WITH_UNIT(LENGTH_MEASURE(0.01),#9625,
'DISTANCE_ACCURACY_VALUE',
'Maximum model space distance between geometric entities at asserted c
onnectivities');
#9622=UNCERTAINTY_MEASURE_WITH_UNIT(LENGTH_MEASURE(0.01),#9625,
'DISTANCE_ACCURACY_VALUE',
'Maximum model space distance between geometric entities at asserted c
onnectivities');
#9623=(
GEOMETRIC_REPRESENTATION_CONTEXT(3)
GLOBAL_UNCERTAINTY_ASSIGNED_CONTEXT((#9621))
GLOBAL_UNIT_ASSIGNED_CONTEXT((#9625,#9627,#9628))
REPRESENTATION_CONTEXT('','3D')
);
#9624=(
GEOMETRIC_REPRESENTATION_CONTEXT(3)
GLOBAL_UNCERTAINTY_ASSIGNED_CONTEXT((#9622))
GLOBAL_UNIT_ASSIGNED_CONTEXT((#9625,#9627,#9628))
REPRESENTATION_CONTEXT('','3D')
);
#9625=(
LENGTH_UNIT()
NAMED_UNIT(*)
SI_UNIT(.MILLI.,.METRE.)
);
#9626=(
LENGTH_UNIT()
NAMED_UNIT(*)
SI_UNIT($,.METRE.)
);
#9627=(
NAMED_UNIT(*)
PLANE_ANGLE_UNIT()
SI_UNIT($,.RADIAN.)
);
#9628=(
NAMED_UNIT(*)
SI_UNIT($,.STERADIAN.)
SOLID_ANGLE_UNIT()
);
#9629=SHAPE_DEFINITION_REPRESENTATION(#9630,#9631);
#9630=PRODUCT_DEFINITION_SHAPE('',$,#9633);
#9631=SHAPE_REPRESENTATION('',(#5128),#9623);
#9632=PRODUCT_DEFINITION_CONTEXT('part definition',#9637,'design');
#9633=PRODUCT_DEFINITION('Extrusion Mount','Extrusion Mount',#9634,#9632);
#9634=PRODUCT_DEFINITION_FORMATION('',$,#9639);
#9635=PRODUCT_RELATED_PRODUCT_CATEGORY('Extrusion Mount',
'Extrusion Mount',(#9639));
#9636=APPLICATION_PROTOCOL_DEFINITION('international standard',
'automotive_design',2009,#9637);
#9637=APPLICATION_CONTEXT(
'Core Data for Automotive Mechanical Design Process');
#9638=PRODUCT_CONTEXT('part definition',#9637,'mechanical');
#9639=PRODUCT('Extrusion Mount','Extrusion Mount',$,(#9638));
#9640=PRESENTATION_STYLE_ASSIGNMENT((#9642));
#9641=PRESENTATION_STYLE_ASSIGNMENT((#9643));
#9642=SURFACE_STYLE_USAGE(.BOTH.,#9644);
#9643=SURFACE_STYLE_USAGE(.BOTH.,#9645);
#9644=SURFACE_SIDE_STYLE('',(#9646));
#9645=SURFACE_SIDE_STYLE('',(#9647));
#9646=SURFACE_STYLE_FILL_AREA(#9648);
#9647=SURFACE_STYLE_FILL_AREA(#9649);
#9648=FILL_AREA_STYLE('Steel - Satin',(#9650));
#9649=FILL_AREA_STYLE('Plastic - Matte (Black)',(#9651));
#9650=FILL_AREA_STYLE_COLOUR('Steel - Satin',#9652);
#9651=FILL_AREA_STYLE_COLOUR('Plastic - Matte (Black)',#9653);
#9652=COLOUR_RGB('Steel - Satin',0.627450980392157,0.627450980392157,0.627450980392157);
#9653=COLOUR_RGB('Plastic - Matte (Black)',0.0901960784313725,0.0901960784313725,
0.0901960784313725);
ENDSEC;
END-ISO-10303-21;
